row,kmeans_cluster,income,loan_amount,property_value,combined_loan_to_value_ratio,debt_to_income_ratio,derived_race,loan_purpose,occupancy_type,action_taken,tract_minority_population_percent,clarans_cluster
81485,0,95.0,25000,165000.0,49.952,36%-<43%,White,Home_Improvement,Principal_Residence,Originated,9.63,1
65936,0,38.0,145000,155000.0,97.0,43%-<50%,White,Home_Purchase,Principal_Residence,Preapproval_Approved_NotAccepted,0.0,1
94859,0,35.0,55000,375000.0,78.353,Exempt,White,Home_Purchase,Principal_Residence,Originated,5.89,1
12254,6,55.0,245000,655000.0,48.193,50%-60%,White,Refinance,Principal_Residence,Denied,20.35,0
83717,3,63.0,205000,345000.0,57.988,36%-<43%,White,Refinance,Principal_Residence,Originated,14.85,6
80145,4,160.0,65000,375000.0,78.353,Unknown,White,Home_Purchase,Principal_Residence,Incomplete,13.1,2
6956,1,900.0,1505000,375000.0,78.353,Unknown,White,CashOut_Refinance,Principal_Residence,Withdrawn,6.42,6
87263,0,185.0,325000,405000.0,80.0,<20%,White,Home_Purchase,Principal_Residence,Originated,46.01,5
61213,6,55.0,105000,595000.0,16.77,>60%,White,Refinance,Principal_Residence,Denied,59.19,0
15643,3,123.0,185000,375000.0,78.353,Unknown,White,Refinance,Principal_Residence,Incomplete,12.85,6
49126,6,90.0,355000,355000.0,100.0,50%-60%,White,Home_Purchase,Principal_Residence,Originated,26.27,0
78455,6,99.0,495000,505000.0,96.5,50%-60%,Black or African American,Home_Purchase,Principal_Residence,Preapproval_Denied,0.0,0
85632,0,122.0,405000,395000.0,100.0,36%-<43%,White,Home_Purchase,Principal_Residence,Originated,30.37,1
49922,5,84.0,85000,315000.0,74.89,36%-<43%,White,Other,Principal_Residence,Originated,16.31,4
52724,0,81.0,335000,375000.0,90.0,43%-<50%,Race Not Available,Home_Purchase,Principal_Residence,Originated,38.7,5
83927,0,95.0,1195000,1545000.0,78.353,Unknown,Race Not Available,Home_Purchase,Principal_Residence,Purchased,9.41,1
16353,2,172.0,315000,415000.0,75.0,36%-<43%,White,Home_Purchase,Investment,Originated,62.37,3
33284,0,110.0,395000,405000.0,78.353,Unknown,Race Not Available,Home_Purchase,Principal_Residence,Purchased,49.34,5
72345,2,95.0,355000,1005000.0,78.353,Unknown,Race Not Available,Home_Purchase,Investment,Purchased,36.27,3
2424,0,38.0,155000,245000.0,60.24,43%-<50%,White,Home_Purchase,Principal_Residence,Originated,27.83,1
52076,3,95.0,315000,395000.0,78.353,Unknown,Race Not Available,CashOut_Refinance,Principal_Residence,Purchased,22.42,6
5727,4,85.0,25000,155000.0,52.881,36%-<43%,White,Other,Principal_Residence,Denied,31.18,2
77515,3,183.0,285000,725000.0,39.449,20%-<30%,White,CashOut_Refinance,Principal_Residence,Denied,35.88,6
59219,0,81.0,245000,305000.0,80.0,36%-<43%,White,Home_Purchase,Principal_Residence,Originated,5.47,1
24398,0,189.0,245000,275000.0,90.0,43%-<50%,White,Home_Purchase,Principal_Residence,Originated,31.98,1
25227,4,89.0,85000,135000.0,65.0,30%-<36%,White,Home_Purchase,Principal_Residence,Originated,74.27,2
2396,3,48.0,105000,325000.0,33.34,30%-<36%,White,Refinance,Principal_Residence,Originated,47.04,6
76529,0,95.0,45000,65000.0,78.353,Unknown,Race Not Available,NotApplicable,Principal_Residence,Purchased,31.29,1
43981,5,61.0,25000,555000.0,39.647,36%-<43%,White,Home_Improvement,Principal_Residence,Originated,26.44,4
23028,0,69.0,355000,375000.0,94.932,43%-<50%,Race Not Available,Home_Purchase,Principal_Residence,Originated,50.81,5
76001,3,47.0,235000,375000.0,78.353,Unknown,White,CashOut_Refinance,Principal_Residence,Withdrawn,97.1,6
95266,0,37.0,305000,555000.0,55.018,20%-<30%,White,Home_Purchase,Principal_Residence,Originated,22.62,1
80152,0,147.0,235000,275000.0,85.0,20%-<30%,Race Not Available,Home_Purchase,Principal_Residence,Originated,18.64,1
29138,2,94.0,135000,165000.0,80.0,43%-<50%,White,Home_Purchase,Investment,Originated,43.69,3
4896,3,64.0,75000,85000.0,93.529,<20%,White,Refinance,Principal_Residence,Originated,13.9,6
91279,2,248.0,205000,335000.0,79.074,30%-<36%,White,Home_Purchase,Investment,Originated,34.61,3
50978,1,825.0,335000,375000.0,78.353,Exempt,White,Home_Purchase,Principal_Residence,Withdrawn,17.58,4
26359,2,266.0,65000,95000.0,75.0,20%-<30%,White,Home_Purchase,Investment,Originated,39.18,3
2092,3,41.0,15000,155000.0,10.0,<20%,White,Home_Improvement,Principal_Residence,Denied,5.02,1
49856,0,117.0,455000,375000.0,78.353,Exempt,White,Home_Purchase,Principal_Residence,Originated,23.43,1
60807,0,95.0,125000,175000.0,78.353,Unknown,Race Not Available,Home_Purchase,Principal_Residence,Purchased,10.6,1
49808,5,50.0,65000,275000.0,83.784,36%-<43%,White,Other,Principal_Residence,Originated,51.84,4
7891,6,76.0,175000,175000.0,103.964,50%-60%,Race Not Available,Home_Purchase,Principal_Residence,Preapproval_Approved_NotAccepted,0.0,0
19483,3,71.0,325000,475000.0,69.149,43%-<50%,White,CashOut_Refinance,Principal_Residence,Originated,33.75,6
89393,1,201.0,305000,455000.0,66.37,36%-<43%,White,Other,Second_Residence,Originated,6.86,1
57851,0,148.0,405000,425000.0,95.0,36%-<43%,Race Not Available,Home_Purchase,Principal_Residence,Originated,32.27,1
92057,0,95.0,285000,365000.0,78.353,Unknown,Race Not Available,Home_Purchase,Principal_Residence,Purchased,19.85,1
25252,5,120.0,35000,755000.0,80.496,43%-<50%,White,Other,Principal_Residence,Originated,45.17,4
89104,0,155.0,405000,505000.0,80.0,<20%,Race Not Available,Home_Purchase,Principal_Residence,Originated,14.86,1
35583,6,120.0,755000,755000.0,100.0,50%-60%,Race Not Available,Home_Purchase,Principal_Residence,Originated,31.55,0
99328,5,0.0,115000,1625000.0,40.91,<20%,White,Home_Improvement,Principal_Residence,Denied,54.84,4
23182,3,52.0,35000,155000.0,19.48,20%-<30%,White,Other,Principal_Residence,Originated,20.93,1
8994,0,221.0,135000,165000.0,80.0,30%-<36%,Race Not Available,Home_Purchase,Second_Residence,Originated,13.4,1
83554,0,308.0,715000,835000.0,78.353,Unknown,Race Not Available,Home_Purchase,Principal_Residence,Purchased,48.05,1
45843,6,67.0,35000,235000.0,90.0,50%-60%,White,Home_Improvement,Principal_Residence,Denied,4.61,0
96505,0,51.0,165000,375000.0,78.353,Unknown,White,Home_Purchase,Principal_Residence,Withdrawn,42.88,5
63169,0,50.0,85000,175000.0,50.588,20%-<30%,Asian,Home_Purchase,Principal_Residence,Originated,44.26,5
30950,0,40.0,195000,375000.0,78.353,Unknown,White,Home_Purchase,Principal_Residence,Withdrawn,76.14,5
88907,0,49.0,195000,335000.0,60.0,30%-<36%,White,Home_Purchase,Principal_Residence,Originated,26.41,1
84083,0,162.0,305000,375000.0,78.353,Unknown,White,Other,Principal_Residence,Withdrawn,25.61,1
95763,0,148.0,245000,315000.0,78.353,Unknown,Race Not Available,Home_Purchase,Principal_Residence,Purchased,30.32,1
73209,6,122.0,395000,395000.0,96.484,50%-60%,White,Home_Purchase,Principal_Residence,Originated,28.59,0
78311,3,17.0,115000,245000.0,78.353,Unknown,White,CashOut_Refinance,Principal_Residence,Originated,16.94,6
15074,1,352.0,1505000,3055000.0,49.47,36%-<43%,White,CashOut_Refinance,Principal_Residence,Originated,21.52,6
77427,2,130.0,225000,415000.0,53.735,43%-<50%,Asian,CashOut_Refinance,Investment,Originated,44.14,3
86830,1,492.0,125000,1305000.0,89.9,<20%,White,Other,Principal_Residence,Originated,83.93,4
21859,0,254.0,235000,335000.0,70.0,30%-<36%,Joint,Home_Purchase,Principal_Residence,Denied,30.46,1
18039,0,196.0,345000,425000.0,80.0,43%-<50%,White,Home_Purchase,Principal_Residence,Preapproval_Approved_NotAccepted,0.0,1
64405,0,21.0,65000,65000.0,97.0,36%-<43%,White,Home_Purchase,Principal_Residence,Originated,74.91,5
86843,1,385.0,2005000,2815000.0,71.17,43%-<50%,Asian,Home_Purchase,Principal_Residence,Originated,82.06,5
12011,5,100.0,145000,235000.0,61.01,36%-<43%,White,Home_Improvement,Principal_Residence,Originated,12.77,4
10942,5,48.0,65000,325000.0,80.0,30%-<36%,White,Home_Improvement,Principal_Residence,Originated,49.73,4
68733,0,66.0,235000,235000.0,78.353,43%-<50%,White,Home_Purchase,Principal_Residence,Originated,66.0,5
58832,3,44.0,225000,345000.0,64.71,36%-<43%,Race Not Available,CashOut_Refinance,Principal_Residence,Denied,62.35,6
85418,0,38.0,175000,175000.0,96.5,43%-<50%,White,Home_Purchase,Principal_Residence,Originated,97.18,5
91609,5,69.0,45000,375000.0,78.353,Unknown,White,CashOut_Refinance,Principal_Residence,Withdrawn,12.98,4
16315,6,130.0,535000,535000.0,102.3,50%-60%,White,Home_Purchase,Principal_Residence,Originated,36.64,0
17143,0,51.0,205000,375000.0,78.353,Unknown,White,Home_Purchase,Principal_Residence,Withdrawn,0.0,1
95671,2,81.0,235000,335000.0,70.0,36%-<43%,Asian,CashOut_Refinance,Investment,Originated,86.11,3
63914,6,65.0,85000,395000.0,39.74,50%-60%,White,Other,Principal_Residence,Denied,21.95,0
39638,0,45.0,185000,255000.0,75.0,43%-<50%,White,Home_Purchase,Principal_Residence,Originated,11.52,1
86899,0,93.0,425000,525000.0,80.0,36%-<43%,Race Not Available,Home_Purchase,Principal_Residence,Originated,80.64,5
4048,0,102.0,145000,155000.0,96.5,20%-<30%,White,Home_Purchase,Principal_Residence,Originated,37.48,1
43748,6,70.0,555000,795000.0,69.118,>60%,White,Home_Purchase,Principal_Residence,Denied,46.68,0
63097,5,137.0,55000,565000.0,67.92,36%-<43%,White,Other,Principal_Residence,Originated,14.08,4
20727,5,250.0,305000,375000.0,78.353,Unknown,White,Other,Principal_Residence,Incomplete,13.86,4
49810,3,49.0,125000,375000.0,78.353,Unknown,White,CashOut_Refinance,Principal_Residence,Withdrawn,66.33,6
66595,0,207.0,615000,375000.0,78.353,Unknown,White,Home_Purchase,Principal_Residence,Withdrawn,8.76,1
94698,0,77.0,145000,275000.0,52.536,43%-<50%,Race Not Available,Home_Purchase,Principal_Residence,Originated,4.31,1
79766,0,25.0,155000,375000.0,78.353,Unknown,Race Not Available,Home_Purchase,Principal_Residence,Withdrawn,15.57,1
78994,0,95.0,1015000,1455000.0,78.353,Unknown,Race Not Available,Home_Purchase,Principal_Residence,Purchased,43.88,1
31891,6,62.0,15000,175000.0,97.955,50%-60%,White,Other,Principal_Residence,Denied,8.03,0
25800,3,152.0,415000,885000.0,47.0,30%-<36%,Joint,Refinance,Second_Residence,Originated,51.45,6
75701,0,326.0,245000,875000.0,29.0,36%-<43%,White,Home_Purchase,Principal_Residence,Originated,21.41,1
70381,0,95.0,1005000,2355000.0,42.55,Unknown,Race Not Available,Home_Purchase,Principal_Residence,Originated,27.92,1
27008,3,114.0,105000,525000.0,19.194,<20%,White,Refinance,Principal_Residence,Originated,5.93,6
51697,1,363.0,205000,815000.0,77.95,<20%,Race Not Available,Refinance,Principal_Residence,Originated,22.15,4
15877,4,79.0,255000,375000.0,78.353,Unknown,White,Home_Purchase,Principal_Residence,Withdrawn,8.08,2
76055,1,295.0,635000,1055000.0,60.0,20%-<30%,White,Home_Purchase,Principal_Residence,Originated,20.87,1
47804,5,95.0,45000,375000.0,78.353,Unknown,White,Refinance,Principal_Residence,Denied,49.05,4
10540,0,170.0,565000,625000.0,89.998,43%-<50%,White,Home_Purchase,Principal_Residence,Originated,4.33,1
5673,3,103.0,295000,375000.0,78.353,Unknown,White,CashOut_Refinance,Principal_Residence,Incomplete,23.34,6
54612,0,37.0,125000,145000.0,78.353,Unknown,Race Not Available,Home_Purchase,Principal_Residence,Purchased,97.13,5
89265,3,78.0,245000,315000.0,79.677,36%-<43%,White,Refinance,Principal_Residence,Originated,95.83,6
16431,0,40.0,125000,195000.0,65.21,30%-<36%,Black or African American,Home_Purchase,Principal_Residence,Denied,6.22,1
10631,2,180.0,155000,355000.0,58.018,50%-60%,White,CashOut_Refinance,Investment,Denied,9.39,3
23830,3,90.0,225000,375000.0,78.353,Unknown,White,CashOut_Refinance,Principal_Residence,Incomplete,16.08,6
12088,3,73.0,165000,235000.0,70.756,20%-<30%,Black or African American,Refinance,Principal_Residence,Originated,97.82,6
84863,6,104.0,525000,655000.0,80.0,50%-60%,Asian,Home_Purchase,Principal_Residence,Originated,11.47,0
50971,6,59.0,75000,625000.0,76.631,>60%,Race Not Available,Home_Improvement,Principal_Residence,Denied,28.72,0
71373,0,182.0,505000,635000.0,80.0,30%-<36%,Black or African American,Home_Purchase,Principal_Residence,Originated,14.89,1
31132,3,73.0,245000,355000.0,69.8,36%-<43%,Race Not Available,CashOut_Refinance,Principal_Residence,Originated,27.99,6
27791,0,90.0,155000,375000.0,78.353,Unknown,White,Home_Improvement,Principal_Residence,Denied,12.22,1
82265,0,33.0,105000,115000.0,90.909,36%-<43%,Race Not Available,Home_Purchase,Principal_Residence,Originated,7.97,1
37328,3,51.0,135000,145000.0,89.668,20%-<30%,White,CashOut_Refinance,Principal_Residence,Originated,49.66,6
49276,0,31.0,95000,105000.0,90.0,43%-<50%,Black or African American,Home_Purchase,Principal_Residence,Denied,70.84,5
4435,0,39.0,175000,175000.0,96.5,43%-<50%,White,Home_Purchase,Principal_Residence,Originated,28.37,1
61540,3,43.0,105000,265000.0,40.385,30%-<36%,White,Refinance,Principal_Residence,Originated,9.76,6
87893,4,114.0,45000,45000.0,78.353,20%-<30%,Race Not Available,Home_Purchase,Principal_Residence,Denied,79.21,2
90939,5,196.0,215000,435000.0,84.98,20%-<30%,Race Not Available,CashOut_Refinance,Principal_Residence,Originated,38.25,4
42120,2,95.0,145000,185000.0,78.353,Unknown,Race Not Available,Home_Purchase,Investment,Purchased,19.55,3
13136,0,143.0,515000,575000.0,90.0,36%-<43%,White,Home_Purchase,Principal_Residence,Originated,14.91,1
34526,0,48.0,175000,185000.0,97.0,36%-<43%,White,Home_Purchase,Principal_Residence,Originated,8.87,1
75201,0,95.0,495000,625000.0,78.353,Unknown,Race Not Available,Home_Purchase,Principal_Residence,Purchased,40.54,1
54531,5,84.0,245000,375000.0,78.353,Unknown,White,Home_Improvement,Principal_Residence,Incomplete,14.56,4
77941,2,277.0,375000,485000.0,77.292,20%-<30%,Race Not Available,Refinance,Investment,Originated,46.51,3
9584,3,49.0,205000,295000.0,71.81,43%-<50%,White,CashOut_Refinance,Principal_Residence,Originated,47.45,6
48263,0,40.0,115000,115000.0,100.0,43%-<50%,Black or African American,Home_Purchase,Principal_Residence,Originated,98.03,5
35025,0,120.0,425000,375000.0,78.353,Unknown,Race Not Available,Home_Purchase,Principal_Residence,Withdrawn,22.89,1
51878,5,74.0,55000,365000.0,100.6,43%-<50%,Asian,CashOut_Refinance,Principal_Residence,Denied,15.19,4
34949,3,84.0,135000,375000.0,78.353,Unknown,White,Refinance,Principal_Residence,Withdrawn,16.82,6
75161,3,98.0,385000,435000.0,88.463,30%-<36%,White,CashOut_Refinance,Principal_Residence,Originated,39.53,6
63928,3,48.0,75000,175000.0,43.027,20%-<30%,American Indian or Alaska Native,Refinance,Principal_Residence,Denied,65.94,6
34662,3,190.0,255000,395000.0,65.0,<20%,White,CashOut_Refinance,Principal_Residence,Originated,12.19,6
12682,0,95.0,705000,375000.0,78.353,Exempt,Race Not Available,Home_Purchase,Principal_Residence,Purchased,45.52,5
91029,3,160.0,335000,615000.0,54.15,36%-<43%,Asian,Refinance,Principal_Residence,Originated,50.52,6
54522,0,93.0,245000,275000.0,100.0,30%-<36%,White,Home_Purchase,Principal_Residence,Originated,5.61,1
26219,0,40.0,95000,115000.0,80.0,36%-<43%,White,Home_Purchase,Principal_Residence,Originated,26.03,1
6789,0,95.0,325000,345000.0,78.353,Unknown,Race Not Available,Home_Purchase,Principal_Residence,Purchased,47.48,5
24732,3,95.0,525000,805000.0,78.353,Unknown,Race Not Available,Refinance,Principal_Residence,Purchased,52.31,6
53146,0,46.0,115000,115000.0,101.01,36%-<43%,White,Home_Purchase,Principal_Residence,Originated,22.66,1
2196,5,46.0,25000,375000.0,78.353,Exempt,Race Not Available,Other,Principal_Residence,Originated,26.2,4
89350,3,48.0,95000,375000.0,78.353,Unknown,White,Refinance,Principal_Residence,Withdrawn,34.71,6
87109,0,192.0,295000,375000.0,80.0,<20%,White,Home_Purchase,Principal_Residence,Originated,50.25,5
11944,0,138.0,535000,375000.0,78.353,Unknown,Asian,Home_Purchase,Principal_Residence,Incomplete,83.34,5
73746,3,44.0,205000,375000.0,78.353,Unknown,Race Not Available,CashOut_Refinance,Principal_Residence,Withdrawn,6.38,6
61077,3,75.0,225000,375000.0,78.353,Unknown,Race Not Available,CashOut_Refinance,Principal_Residence,Incomplete,42.47,6
48468,0,95.0,175000,175000.0,78.353,Unknown,Race Not Available,Home_Purchase,Principal_Residence,Purchased,18.15,1
37371,0,50.0,235000,375000.0,78.353,Unknown,White,Home_Purchase,Principal_Residence,Withdrawn,12.93,1
45848,0,48.0,85000,125000.0,67.0,20%-<30%,Asian,Home_Purchase,Principal_Residence,Originated,81.73,5
45810,3,56.0,65000,75000.0,77.922,<20%,American Indian or Alaska Native,CashOut_Refinance,Principal_Residence,Approved_NotAccepted,3.99,6
38815,3,120.0,415000,375000.0,78.353,Unknown,White,CashOut_Refinance,Principal_Residence,Withdrawn,26.2,6
48962,0,172.0,355000,375000.0,78.353,Unknown,White,Home_Purchase,Principal_Residence,Withdrawn,18.27,1
288,0,78.0,175000,375000.0,78.353,Unknown,White,Home_Purchase,Principal_Residence,Withdrawn,41.96,5
49517,0,130.0,325000,335000.0,96.5,36%-<43%,Asian,Home_Purchase,Principal_Residence,Originated,16.02,1
5284,6,120.0,85000,405000.0,78.47,50%-60%,Black or African American,Home_Improvement,Principal_Residence,Denied,43.14,0
96366,2,95.0,205000,275000.0,78.353,Unknown,Race Not Available,Home_Purchase,Investment,Purchased,12.09,3
60670,0,139.0,515000,655000.0,78.353,Unknown,White,Home_Purchase,Principal_Residence,Purchased,6.76,1
14861,0,111.0,515000,375000.0,78.353,Unknown,Black or African American,Home_Purchase,Principal_Residence,Withdrawn,78.04,5
24206,5,105.0,155000,375000.0,78.353,Unknown,White,Home_Purchase,Principal_Residence,Withdrawn,76.6,4
38479,3,72.0,135000,175000.0,80.0,36%-<43%,White,CashOut_Refinance,Principal_Residence,Originated,30.99,6
64601,0,105.0,375000,385000.0,97.0,43%-<50%,Race Not Available,Home_Purchase,Principal_Residence,Originated,42.28,5
80800,0,45.0,325000,345000.0,78.353,Unknown,Race Not Available,Home_Purchase,Principal_Residence,Purchased,75.42,5
9346,3,107.0,285000,355000.0,78.353,Unknown,Race Not Available,CashOut_Refinance,Principal_Residence,Purchased,78.34,6
33168,0,132.0,415000,525000.0,80.0,20%-<30%,White,Home_Purchase,Principal_Residence,Originated,9.57,1
70983,3,195.0,305000,925000.0,32.432,20%-<30%,Race Not Available,CashOut_Refinance,Principal_Residence,Originated,22.76,6
55532,6,129.0,285000,275000.0,78.353,50%-60%,White,Home_Purchase,Principal_Residence,Originated,52.77,0
84211,0,37.0,65000,75000.0,90.0,36%-<43%,White,Home_Purchase,Principal_Residence,Originated,60.06,5
60387,1,19989.0,1655000,375000.0,78.353,Unknown,White,Refinance,Second_Residence,Withdrawn,20.59,6
60343,3,52.0,205000,335000.0,63.0,36%-<43%,White,CashOut_Refinance,Principal_Residence,Originated,40.59,6
72571,0,95.0,455000,495000.0,78.353,Unknown,Race Not Available,Home_Purchase,Principal_Residence,Purchased,23.01,1
27752,3,123.0,525000,705000.0,95.0,43%-<50%,White,Refinance,Principal_Residence,Denied,32.43,6
83322,3,96.0,205000,275000.0,73.741,30%-<36%,Race Not Available,CashOut_Refinance,Principal_Residence,Originated,12.59,6
32112,3,83.0,45000,515000.0,9.24,<20%,White,Other,Principal_Residence,Originated,16.67,1
82819,1,750.0,985000,1965000.0,50.45,36%-<43%,Race Not Available,Refinance,Principal_Residence,Originated,10.63,6
18993,6,48.0,85000,255000.0,76.8,>60%,White,Other,Principal_Residence,Denied,92.3,0
437,0,213.0,155000,585000.0,78.353,Unknown,Race Not Available,Home_Purchase,Principal_Residence,Purchased,13.14,1
37687,3,62.0,315000,465000.0,68.261,36%-<43%,Race Not Available,CashOut_Refinance,Principal_Residence,Originated,39.23,6
28291,0,95.0,55000,85000.0,78.353,Unknown,Race Not Available,NotApplicable,Principal_Residence,Purchased,94.26,5
78900,3,57.0,285000,465000.0,60.086,36%-<43%,White,CashOut_Refinance,Principal_Residence,Originated,41.67,6
1573,0,60.0,235000,255000.0,95.0,43%-<50%,White,Home_Purchase,Principal_Residence,Originated,67.19,5
81555,0,74.0,185000,265000.0,70.0,20%-<30%,White,Home_Purchase,Principal_Residence,Originated,12.31,1
93107,6,67.0,205000,345000.0,58.824,50%-60%,Black or African American,CashOut_Refinance,Principal_Residence,Denied,95.18,0
55792,3,56.0,365000,1215000.0,78.353,Unknown,White,Refinance,Principal_Residence,Originated,49.82,6
55267,1,720.0,45000,375000.0,78.353,Unknown,White,Home_Improvement,Principal_Residence,Withdrawn,6.9,4
79124,3,95.0,545000,745000.0,78.353,Unknown,Race Not Available,CashOut_Refinance,Principal_Residence,Purchased,9.37,6
47877,0,156.0,445000,565000.0,78.353,Unknown,White,Home_Purchase,Principal_Residence,Purchased,16.12,1
85859,3,128.0,605000,905000.0,66.67,36%-<43%,White,CashOut_Refinance,Principal_Residence,Originated,98.13,6
51269,0,64.0,165000,175000.0,78.353,30%-<36%,White,Home_Purchase,Principal_Residence,Originated,8.67,1
18428,5,116.0,35000,225000.0,42.065,20%-<30%,White,CashOut_Refinance,Principal_Residence,Originated,9.31,4
58878,1,326.0,725000,915000.0,80.0,20%-<30%,White,Home_Purchase,Principal_Residence,Originated,13.9,1
66534,3,176.0,105000,655000.0,15.385,<20%,White,Other,Principal_Residence,Originated,9.44,1
66189,3,46.0,155000,375000.0,78.353,Unknown,White,Refinance,Principal_Residence,Withdrawn,91.87,6
6419,6,70.0,25000,225000.0,80.24,50%-60%,Black or African American,CashOut_Refinance,Principal_Residence,Denied,94.47,0
24371,0,69.0,105000,135000.0,78.353,20%-<30%,White,Home_Purchase,Principal_Residence,Originated,3.4,1
64544,2,321.0,245000,375000.0,78.353,Exempt,Race Not Available,Home_Purchase,Investment,Originated,12.53,3
82868,3,86.0,105000,135000.0,80.0,43%-<50%,White,CashOut_Refinance,Principal_Residence,Denied,14.53,6
7586,0,95.0,85000,95000.0,78.353,Unknown,Race Not Available,Home_Purchase,Principal_Residence,Purchased,16.27,1
37075,4,30.0,95000,105000.0,94.116,50%-60%,White,Home_Purchase,Principal_Residence,Denied,11.32,2
71434,5,250.0,75000,375000.0,78.353,Unknown,White,Home_Improvement,Principal_Residence,Incomplete,16.85,4
26249,1,384.0,465000,375000.0,78.353,Unknown,White,Refinance,Principal_Residence,Withdrawn,11.85,6
68007,0,95.0,375000,395000.0,78.353,Unknown,Race Not Available,Home_Purchase,Principal_Residence,Purchased,68.84,5
8828,3,68.0,305000,385000.0,80.0,43%-<50%,White,CashOut_Refinance,Principal_Residence,Originated,27.72,6
50319,0,236.0,835000,1045000.0,80.0,36%-<43%,White,Home_Purchase,Principal_Residence,Originated,63.41,5
60896,0,105.0,415000,515000.0,80.0,43%-<50%,Asian,Home_Purchase,Principal_Residence,Originated,96.25,5
94490,3,140.0,55000,505000.0,10.0,<20%,White,Other,Principal_Residence,Denied,32.81,1
11602,3,64.0,35000,375000.0,78.353,Unknown,White,CashOut_Refinance,Principal_Residence,Withdrawn,31.27,6
9921,3,91.0,245000,375000.0,78.353,Unknown,White,CashOut_Refinance,Principal_Residence,Withdrawn,70.06,6
81451,2,301.0,825000,1305000.0,63.231,36%-<43%,Race Not Available,CashOut_Refinance,Investment,Originated,64.39,3
58680,3,42.0,255000,365000.0,69.0,43%-<50%,Black or African American,CashOut_Refinance,Principal_Residence,Originated,66.04,6
64396,0,298.0,485000,615000.0,80.0,<20%,White,Home_Purchase,Principal_Residence,Originated,68.07,5
8810,1,383.0,1525000,375000.0,78.353,Unknown,White,Home_Purchase,Principal_Residence,Withdrawn,42.04,1
45016,3,95.0,295000,305000.0,95.69,Unknown,Black or African American,Refinance,Principal_Residence,Approved_NotAccepted,53.39,6
18462,0,239.0,545000,785000.0,70.0,36%-<43%,Asian,Home_Purchase,Principal_Residence,Originated,96.14,5
29708,3,60.0,225000,375000.0,78.353,Unknown,Race Not Available,CashOut_Refinance,Principal_Residence,Incomplete,32.15,6
25007,0,44.0,125000,375000.0,78.353,Unknown,Race Not Available,Home_Purchase,Principal_Residence,Withdrawn,11.9,1
93513,1,452.0,825000,375000.0,78.353,Exempt,White,Refinance,Principal_Residence,Originated,40.46,6
83397,3,150.0,295000,495000.0,60.0,36%-<43%,Race Not Available,CashOut_Refinance,Principal_Residence,Originated,30.87,6
2431,1,372.0,1295000,1855000.0,69.865,30%-<36%,Race Not Available,Refinance,Principal_Residence,Denied,44.07,6
52092,3,49.0,245000,305000.0,80.0,43%-<50%,White,CashOut_Refinance,Principal_Residence,Originated,5.22,6
27440,3,89.0,505000,375000.0,78.353,Unknown,Race Not Available,CashOut_Refinance,Principal_Residence,Withdrawn,22.95,6
86847,0,230.0,725000,805000.0,90.0,36%-<43%,White,Home_Purchase,Principal_Residence,Originated,55.29,5
96973,0,65.0,415000,735000.0,55.71,43%-<50%,White,Home_Purchase,Principal_Residence,Originated,9.82,1
7417,4,69.0,75000,375000.0,78.353,30%-<36%,White,Home_Purchase,Principal_Residence,Approved_NotAccepted,35.85,2
49878,3,95.0,845000,1775000.0,47.549,Unknown,Asian,Refinance,Principal_Residence,Originated,79.03,6
55401,3,300.0,285000,395000.0,71.429,<20%,American Indian or Alaska Native,Refinance,Principal_Residence,Denied,23.66,6
93093,2,120.0,405000,375000.0,78.353,Unknown,White,Home_Purchase,Investment,Originated,19.56,3
25629,3,139.0,275000,515000.0,53.0,20%-<30%,White,Refinance,Principal_Residence,Originated,4.01,6
7639,0,67.0,195000,315000.0,60.99,43%-<50%,White,Home_Purchase,Principal_Residence,Approved_NotAccepted,12.38,1
57462,0,56.0,105000,375000.0,78.353,Unknown,White,Home_Purchase,Principal_Residence,Withdrawn,42.23,5
35357,3,170.0,425000,635000.0,65.728,30%-<36%,Race Not Available,CashOut_Refinance,Principal_Residence,Originated,33.45,6
77666,0,194.0,255000,455000.0,78.353,Unknown,Asian,Home_Purchase,Principal_Residence,Purchased,20.2,1
57864,5,62.0,55000,225000.0,78.22,43%-<50%,White,Home_Improvement,Principal_Residence,Approved_NotAccepted,6.77,4
92045,5,127.0,25000,375000.0,78.353,Unknown,Race Not Available,Other,Principal_Residence,Withdrawn,74.7,4
66616,0,45.0,205000,265000.0,76.04,43%-<50%,Race Not Available,Home_Purchase,Principal_Residence,Originated,81.66,5
86333,0,69.0,315000,375000.0,85.0,43%-<50%,Black or African American,Home_Purchase,Principal_Residence,Originated,49.87,5
25328,5,42.0,35000,125000.0,55.094,36%-<43%,Black or African American,Home_Improvement,Principal_Residence,Originated,42.19,4
41282,0,79.0,125000,175000.0,70.94,36%-<43%,White,Home_Purchase,Principal_Residence,Originated,7.39,1
60169,0,117.0,105000,135000.0,80.0,20%-<30%,White,Home_Purchase,Principal_Residence,Originated,70.23,5
56015,1,464.0,1485000,1855000.0,80.0,36%-<43%,Race Not Available,Home_Purchase,Principal_Residence,Originated,33.77,1
21949,3,106.0,165000,335000.0,48.485,36%-<43%,Race Not Available,CashOut_Refinance,Principal_Residence,Originated,80.75,6
13020,0,179.0,135000,155000.0,90.0,43%-<50%,White,Home_Purchase,Second_Residence,Denied,35.12,1
76242,2,95.0,115000,155000.0,78.353,Unknown,Race Not Available,Home_Purchase,Investment,Purchased,71.82,3
13490,5,138.0,65000,655000.0,64.43,30%-<36%,Joint,Home_Improvement,Principal_Residence,Originated,64.63,4
48585,0,216.0,695000,995000.0,70.0,20%-<30%,Asian,Home_Purchase,Principal_Residence,Approved_NotAccepted,45.04,5
51243,0,48.0,185000,195000.0,97.0,43%-<50%,Race Not Available,Home_Purchase,Principal_Residence,Originated,51.91,5
82493,5,139.0,85000,625000.0,100.723,Unknown,White,Home_Improvement,Principal_Residence,Denied,7.21,4
37721,0,180.0,285000,305000.0,95.0,20%-<30%,White,Home_Purchase,Principal_Residence,Originated,38.19,1
55638,3,95.0,205000,255000.0,81.429,Unknown,White,Refinance,Principal_Residence,Originated,32.88,6
41368,0,56.0,265000,375000.0,78.353,Unknown,Black or African American,Home_Purchase,Principal_Residence,Incomplete,49.96,5
69342,0,166.0,275000,335000.0,80.0,20%-<30%,White,Home_Purchase,Principal_Residence,Originated,47.45,5
50772,3,40.0,155000,245000.0,61.066,43%-<50%,White,CashOut_Refinance,Principal_Residence,Originated,7.32,6
19891,0,95.0,475000,535000.0,78.353,Unknown,Race Not Available,Home_Purchase,Second_Residence,Purchased,21.93,1
72718,0,120.0,415000,565000.0,73.214,30%-<36%,White,Home_Purchase,Principal_Residence,Originated,61.31,5
24906,0,134.0,455000,535000.0,85.0,36%-<43%,Joint,Home_Purchase,Principal_Residence,Originated,43.56,5
63685,3,170.0,175000,375000.0,78.353,Unknown,Race Not Available,CashOut_Refinance,Principal_Residence,Withdrawn,40.44,6
72515,5,150.0,35000,255000.0,42.606,<20%,Race Not Available,Home_Improvement,Principal_Residence,Denied,23.39,4
74451,5,122.0,35000,635000.0,70.0,36%-<43%,White,Other,Principal_Residence,Originated,17.55,4
73010,0,190.0,505000,635000.0,80.0,20%-<30%,White,Home_Purchase,Principal_Residence,Originated,41.24,5
22620,3,117.0,355000,395000.0,90.0,30%-<36%,White,CashOut_Refinance,Principal_Residence,Originated,42.62,6
47839,4,42.0,145000,375000.0,78.353,Unknown,Black or African American,Home_Purchase,Principal_Residence,Incomplete,16.1,2
61494,5,326.0,205000,375000.0,78.353,Unknown,Asian,Home_Purchase,Principal_Residence,Withdrawn,57.54,4
24750,0,91.0,155000,195000.0,80.0,30%-<36%,White,Other,Principal_Residence,Originated,6.79,1
7014,3,127.0,255000,365000.0,70.0,20%-<30%,Race Not Available,CashOut_Refinance,Principal_Residence,Originated,15.19,6
22765,0,72.0,195000,375000.0,78.353,Unknown,White,Home_Purchase,Principal_Residence,Withdrawn,11.33,1
31209,3,30.0,135000,175000.0,80.0,43%-<50%,White,CashOut_Refinance,Principal_Residence,Originated,33.89,6
51952,3,44.0,185000,375000.0,78.353,Unknown,White,CashOut_Refinance,Principal_Residence,Withdrawn,38.85,6
89230,5,101.0,75000,485000.0,82.42,43%-<50%,White,Home_Improvement,Principal_Residence,Denied,21.64,4
33837,4,53.0,55000,75000.0,78.353,50%-60%,White,Home_Purchase,Principal_Residence,Denied,0.0,2
13893,5,155.0,95000,585000.0,84.76,20%-<30%,White,Home_Improvement,Principal_Residence,Originated,12.76,4
84213,6,0.0,105000,115000.0,97.0,>60%,White,Home_Purchase,Principal_Residence,Denied,43.44,0
74702,5,38.0,5000,165000.0,101.25,43%-<50%,Race Not Available,Home_Purchase,Principal_Residence,Originated,98.7,4
5802,3,113.0,245000,355000.0,70.0,36%-<43%,Race Not Available,CashOut_Refinance,Principal_Residence,Originated,44.24,6
71667,5,40.0,55000,375000.0,78.353,Unknown,White,Home_Improvement,Principal_Residence,Incomplete,74.27,4
7540,2,73.0,65000,85000.0,75.0,36%-<43%,Race Not Available,Home_Purchase,Investment,Denied,77.9,3
46215,0,118.0,285000,305000.0,95.0,43%-<50%,Asian,Home_Purchase,Principal_Residence,Originated,90.99,5
971,3,46.0,215000,375000.0,78.353,Unknown,Race Not Available,CashOut_Refinance,Principal_Residence,Withdrawn,26.88,6
17955,5,100.0,85000,605000.0,48.556,36%-<43%,White,Refinance,Principal_Residence,Originated,32.77,4
1607,2,95.0,135000,195000.0,78.353,Unknown,Race Not Available,Home_Purchase,Investment,Purchased,80.97,3
60871,0,54.0,175000,375000.0,78.353,Unknown,Black or African American,Home_Purchase,Principal_Residence,Withdrawn,59.1,5
31210,0,95.0,205000,375000.0,78.353,Unknown,Race Not Available,Home_Purchase,Principal_Residence,Withdrawn,28.44,1
92330,5,156.0,255000,775000.0,32.26,30%-<36%,Race Not Available,CashOut_Refinance,Principal_Residence,Denied,79.45,4
37095,5,57.0,25000,215000.0,82.273,36%-<43%,White,Refinance,Principal_Residence,Originated,67.55,4
18104,0,159.0,395000,445000.0,92.941,20%-<30%,White,Home_Purchase,Principal_Residence,Originated,49.48,5
77345,5,140.0,155000,375000.0,78.353,Unknown,White,Home_Improvement,Principal_Residence,Incomplete,44.66,4
6115,3,96.0,565000,375000.0,78.353,Unknown,Asian,CashOut_Refinance,Principal_Residence,Denied,73.09,6
2838,3,68.0,245000,245000.0,98.776,43%-<50%,Race Not Available,CashOut_Refinance,Principal_Residence,Denied,37.67,6
65116,3,40.0,195000,375000.0,78.353,Unknown,Asian,Refinance,Principal_Residence,Incomplete,41.63,6
55320,5,292.0,205000,645000.0,40.951,<20%,White,Refinance,Principal_Residence,Originated,18.6,4
37297,0,126.0,385000,535000.0,78.353,Unknown,Race Not Available,Home_Purchase,Principal_Residence,Purchased,8.56,1
76245,1,1744.0,2075000,2875000.0,72.383,20%-<30%,Race Not Available,Home_Purchase,Second_Residence,Originated,14.92,4
54693,3,43.0,155000,205000.0,75.0,36%-<43%,White,Refinance,Principal_Residence,Originated,29.79,6
94901,5,179.0,35000,1055000.0,19.379,30%-<36%,White,Home_Improvement,Principal_Residence,Originated,46.61,4
58210,2,95.0,105000,145000.0,75.0,Unknown,Race Not Available,Refinance,Investment,Originated,17.88,3
8391,4,366.0,295000,345000.0,85.0,30%-<36%,White,Refinance,Second_Residence,Originated,48.76,2
27924,0,89.0,405000,655000.0,62.0,43%-<50%,White,Home_Purchase,Principal_Residence,Originated,78.54,5
58372,4,16.0,95000,95000.0,78.353,>60%,White,Home_Purchase,Principal_Residence,Denied,18.69,2
11274,0,150.0,395000,415000.0,95.0,20%-<30%,Asian,Home_Purchase,Principal_Residence,Originated,38.6,1
32015,0,124.0,315000,375000.0,78.353,Unknown,White,Home_Purchase,Principal_Residence,Withdrawn,5.59,1
12103,1,328.0,755000,2125000.0,35.3,30%-<36%,White,CashOut_Refinance,Principal_Residence,Originated,48.92,6
46441,6,95.0,205000,705000.0,65.44,>60%,White,Refinance,Principal_Residence,Denied,17.34,0
44606,1,548.0,105000,315000.0,48.562,<20%,White,Other,Principal_Residence,Denied,68.53,4
38109,6,67.0,365000,405000.0,90.0,>60%,White,CashOut_Refinance,Principal_Residence,Denied,26.93,0
30003,3,250.0,835000,375000.0,78.353,Unknown,Race Not Available,CashOut_Refinance,Principal_Residence,Withdrawn,18.95,6
26530,3,80.0,205000,375000.0,78.353,Unknown,American Indian or Alaska Native,CashOut_Refinance,Principal_Residence,Incomplete,24.55,6
74069,5,165.0,115000,475000.0,79.969,20%-<30%,Race Not Available,Home_Improvement,Principal_Residence,Originated,41.87,4
52149,6,52.0,25000,165000.0,59.5,50%-60%,White,Other,Principal_Residence,Originated,25.51,0
78524,6,0.0,285000,285000.0,98.189,50%-60%,White,Home_Purchase,Principal_Residence,Originated,23.95,0
2081,5,155.0,105000,375000.0,78.353,Unknown,Black or African American,Home_Improvement,Principal_Residence,Incomplete,18.42,4
98284,5,95.0,45000,195000.0,85.0,30%-<36%,Joint,Home_Improvement,Principal_Residence,Denied,13.24,4
6716,1,430.0,1365000,1705000.0,80.0,20%-<30%,White,Home_Purchase,Principal_Residence,Originated,69.25,5
81026,0,58.0,65000,375000.0,78.353,Unknown,Black or African American,Other,Principal_Residence,Withdrawn,99.14,5
43497,2,285.0,465000,805000.0,57.625,43%-<50%,Black or African American,Refinance,Investment,Originated,45.63,3
82184,0,150.0,645000,805000.0,80.0,43%-<50%,Asian,Home_Purchase,Principal_Residence,Originated,64.31,5
74091,3,48.0,115000,145000.0,79.433,<20%,White,CashOut_Refinance,Principal_Residence,Denied,45.68,6
9316,3,133.0,635000,975000.0,64.433,43%-<50%,White,Refinance,Principal_Residence,Originated,12.53,6
19415,3,54.0,25000,65000.0,32.195,20%-<30%,White,Refinance,Principal_Residence,Originated,31.35,6
49677,0,150.0,315000,365000.0,85.0,36%-<43%,Race Not Available,Home_Purchase,Principal_Residence,Originated,13.42,1
4424,0,53.0,135000,335000.0,78.353,30%-<36%,White,Home_Purchase,Principal_Residence,Approved_NotAccepted,11.84,1
99230,0,69.0,105000,135000.0,75.0,43%-<50%,White,Home_Purchase,Second_Residence,Originated,33.35,1
74251,6,30.0,105000,155000.0,71.225,>60%,Race Not Available,CashOut_Refinance,Principal_Residence,Denied,10.59,0
11773,0,131.0,375000,375000.0,96.5,43%-<50%,Race Not Available,Home_Purchase,Principal_Residence,Originated,74.34,5
45234,5,65.0,25000,265000.0,9.328,20%-<30%,White,Other,Principal_Residence,Denied,56.06,4
80772,4,54.0,25000,25000.0,78.353,20%-<30%,White,Home_Purchase,Principal_Residence,Denied,29.48,2
60956,0,95.0,315000,325000.0,97.0,43%-<50%,Black or African American,Home_Purchase,Principal_Residence,Originated,36.2,1
48022,3,45.0,75000,375000.0,78.353,Unknown,Joint,CashOut_Refinance,Principal_Residence,Withdrawn,61.49,6
96461,0,36.0,145000,165000.0,85.0,43%-<50%,White,Home_Purchase,Principal_Residence,Originated,46.3,1
71931,0,110.0,295000,335000.0,90.0,43%-<50%,Race Not Available,Home_Purchase,Principal_Residence,Originated,14.53,1
93352,0,161.0,645000,805000.0,80.0,43%-<50%,White,Home_Purchase,Principal_Residence,Originated,16.62,1
3741,0,28.0,75000,185000.0,41.48,36%-<43%,Race Not Available,Home_Improvement,Principal_Residence,Originated,9.98,1
59740,0,95.0,425000,715000.0,59.0,43%-<50%,Race Not Available,Other,Principal_Residence,Denied,80.28,5
45736,2,0.0,265000,375000.0,78.353,Unknown,Asian,Home_Purchase,Investment,Withdrawn,53.55,3
69168,3,54.0,155000,375000.0,78.353,Unknown,Race Not Available,Refinance,Principal_Residence,Withdrawn,69.09,6
72583,3,201.0,285000,375000.0,78.353,Unknown,White,CashOut_Refinance,Principal_Residence,Withdrawn,21.16,6
58229,4,95.0,325000,435000.0,75.0,Unknown,Race Not Available,Home_Purchase,Investment,Originated,42.82,2
96172,3,93.0,345000,515000.0,67.05,30%-<36%,White,CashOut_Refinance,Principal_Residence,Originated,41.34,6
43512,3,279.0,615000,775000.0,79.98,20%-<30%,White,CashOut_Refinance,Principal_Residence,Originated,85.1,6
85767,3,176.0,655000,905000.0,72.22,30%-<36%,White,CashOut_Refinance,Principal_Residence,Denied,0.0,6
53204,1,1710.0,105000,955000.0,47.895,<20%,White,Other,Principal_Residence,Denied,23.18,4
52052,6,194.0,405000,415000.0,96.5,50%-60%,Black or African American,Home_Purchase,Principal_Residence,Denied,96.29,0
58202,0,221.0,255000,375000.0,78.353,Unknown,White,Home_Purchase,Principal_Residence,Withdrawn,90.02,5
96589,0,53.0,235000,535000.0,43.241,30%-<36%,Race Not Available,Home_Purchase,Principal_Residence,Originated,29.62,1
63483,0,162.0,395000,425000.0,92.921,<20%,Race Not Available,Home_Purchase,Principal_Residence,Originated,26.29,1
83060,3,95.0,345000,395000.0,88.0,36%-<43%,White,Refinance,Principal_Residence,Originated,10.08,6
95864,3,128.0,315000,995000.0,43.216,20%-<30%,Asian,Refinance,Principal_Residence,Originated,92.77,6
89085,0,130.0,305000,375000.0,78.353,36%-<43%,Black or African American,Home_Improvement,Principal_Residence,Denied,75.43,5
23508,6,161.0,205000,1155000.0,69.499,50%-60%,Race Not Available,Other,Principal_Residence,Originated,24.61,0
49824,0,107.0,455000,505000.0,90.0,36%-<43%,White,Home_Purchase,Principal_Residence,Originated,43.36,1
40205,0,85.0,175000,185000.0,95.0,36%-<43%,Joint,Home_Purchase,Principal_Residence,Denied,39.81,5
6377,3,30.0,105000,115000.0,90.0,36%-<43%,American Indian or Alaska Native,CashOut_Refinance,Principal_Residence,Denied,48.37,6
74897,6,77.0,595000,595000.0,100.0,50%-60%,White,Home_Purchase,Principal_Residence,Originated,73.91,0
52439,4,79.0,185000,375000.0,78.353,Unknown,White,Home_Purchase,Principal_Residence,Incomplete,16.67,2
20884,2,95.0,45000,375000.0,78.353,Exempt,Race Not Available,Home_Purchase,Investment,Originated,92.41,3
31278,0,75.0,275000,315000.0,85.0,36%-<43%,Race Not Available,Home_Purchase,Principal_Residence,Denied,32.31,1
83505,5,221.0,135000,515000.0,79.805,43%-<50%,White,Refinance,Principal_Residence,Denied,18.19,4
49617,0,94.0,335000,345000.0,95.0,36%-<43%,White,Home_Purchase,Principal_Residence,Originated,50.64,5
46651,2,107.0,315000,425000.0,75.0,43%-<50%,White,Home_Purchase,Investment,Preapproval_Approved_NotAccepted,0.0,3
86579,3,95.0,435000,545000.0,80.0,30%-<36%,White,CashOut_Refinance,Principal_Residence,Originated,45.63,6
62341,5,49.0,125000,175000.0,76.52,36%-<43%,White,Home_Improvement,Principal_Residence,Approved_NotAccepted,15.91,4
46600,3,80.0,425000,755000.0,56.667,36%-<43%,White,CashOut_Refinance,Principal_Residence,Originated,8.23,6
78777,4,30.0,95000,375000.0,78.353,Unknown,Race Not Available,Home_Purchase,Principal_Residence,Incomplete,28.0,2
31303,2,95.0,1725000,3265000.0,52.69,Unknown,Race Not Available,Refinance,Investment,Originated,48.98,3
4180,0,95.0,315000,395000.0,78.353,Unknown,Race Not Available,Home_Purchase,Principal_Residence,Purchased,30.25,1
0,2,95.0,515000,685000.0,75.0,Unknown,White,Home_Purchase,Investment,Originated,30.98,3
59522,4,80.0,75000,115000.0,78.353,36%-<43%,White,Home_Purchase,Principal_Residence,Originated,74.25,2
23880,0,187.0,175000,375000.0,78.353,Unknown,Race Not Available,Home_Purchase,Second_Residence,Incomplete,10.47,1
82939,3,181.0,375000,595000.0,62.104,20%-<30%,White,Refinance,Principal_Residence,Originated,27.21,6
84365,1,411.0,205000,845000.0,72.596,<20%,White,Other,Principal_Residence,Originated,25.17,4
59439,0,85.0,175000,215000.0,80.0,<20%,White,Home_Purchase,Principal_Residence,Originated,49.11,5
38452,3,110.0,325000,605000.0,54.583,20%-<30%,White,CashOut_Refinance,Principal_Residence,Originated,22.36,6
51832,1,357.0,995000,1255000.0,78.353,Unknown,Race Not Available,Home_Purchase,Principal_Residence,Purchased,44.83,1
9616,3,53.0,135000,395000.0,35.0,43%-<50%,White,Home_Purchase,Principal_Residence,Originated,10.95,1
47542,3,95.0,135000,375000.0,78.353,Exempt,White,Refinance,Principal_Residence,Originated,9.09,6
35458,3,95.0,335000,915000.0,78.353,Unknown,Race Not Available,Refinance,Principal_Residence,Purchased,80.17,6
38209,3,72.0,365000,375000.0,78.353,Unknown,Race Not Available,CashOut_Refinance,Principal_Residence,Withdrawn,82.33,6
53576,1,705.0,585000,955000.0,61.895,30%-<36%,American Indian or Alaska Native,CashOut_Refinance,Principal_Residence,Denied,21.24,6
1984,0,59.0,265000,445000.0,59.091,43%-<50%,White,Home_Purchase,Principal_Residence,Originated,8.82,1
37661,5,114.0,15000,215000.0,80.0,<20%,White,Other,Principal_Residence,Originated,16.12,4
86832,0,67.0,225000,235000.0,78.353,Unknown,White,Home_Purchase,Principal_Residence,Purchased,22.96,1
26168,4,101.0,125000,375000.0,78.353,43%-<50%,Race Not Available,Home_Purchase,Principal_Residence,Denied,97.52,2
30135,0,152.0,265000,285000.0,95.0,43%-<50%,White,Home_Purchase,Principal_Residence,Originated,18.99,1
77708,6,115.0,215000,215000.0,100.0,50%-60%,Race Not Available,Home_Purchase,Principal_Residence,Originated,24.66,0
35206,0,180.0,465000,375000.0,78.353,Unknown,White,Home_Purchase,Principal_Residence,Incomplete,23.05,1
31678,3,105.0,245000,515000.0,46.422,30%-<36%,White,CashOut_Refinance,Principal_Residence,Originated,35.04,6
67223,5,317.0,95000,905000.0,69.652,30%-<36%,White,Home_Improvement,Principal_Residence,Originated,30.61,4
89193,4,74.0,105000,155000.0,66.667,30%-<36%,White,Refinance,Principal_Residence,Originated,12.23,2
28642,3,103.0,85000,355000.0,25.14,20%-<30%,White,CashOut_Refinance,Principal_Residence,Originated,16.84,6
11938,0,57.0,105000,285000.0,34.84,30%-<36%,White,Home_Improvement,Principal_Residence,Originated,6.96,1
41802,3,96.0,325000,455000.0,72.149,36%-<43%,White,CashOut_Refinance,Principal_Residence,Originated,63.12,6
33221,5,110.0,105000,515000.0,74.364,36%-<43%,Race Not Available,Other,Principal_Residence,Originated,37.52,4
45127,0,70.0,365000,375000.0,95.0,43%-<50%,White,Home_Purchase,Principal_Residence,Originated,39.06,1
81241,0,170.0,1065000,375000.0,78.353,Unknown,White,Home_Purchase,Principal_Residence,Withdrawn,33.12,1
3318,3,87.0,165000,195000.0,80.0,20%-<30%,White,CashOut_Refinance,Principal_Residence,Denied,7.29,6
3721,0,151.0,345000,375000.0,78.353,Unknown,Joint,Home_Purchase,Principal_Residence,Withdrawn,32.93,1
19056,3,72.0,165000,375000.0,78.353,Unknown,White,CashOut_Refinance,Principal_Residence,Withdrawn,21.42,6
83722,3,162.0,145000,375000.0,78.353,Unknown,Asian,CashOut_Refinance,Principal_Residence,Incomplete,70.04,6
29396,3,209.0,325000,955000.0,33.98,<20%,Race Not Available,Refinance,Principal_Residence,Originated,55.58,6
34075,3,127.0,175000,335000.0,51.94,20%-<30%,White,CashOut_Refinance,Principal_Residence,Originated,11.71,6
23594,6,30.0,25000,175000.0,63.107,50%-60%,White,Refinance,Principal_Residence,Originated,13.93,0
62444,0,130.0,165000,175000.0,95.0,36%-<43%,White,Home_Purchase,Principal_Residence,Originated,10.85,1
88697,3,57.0,125000,185000.0,69.02,36%-<43%,White,Refinance,Principal_Residence,Originated,13.67,6
62976,3,101.0,155000,375000.0,78.353,Unknown,Black or African American,Refinance,Principal_Residence,Withdrawn,24.48,6
38192,3,52.0,95000,175000.0,55.882,<20%,White,CashOut_Refinance,Principal_Residence,Denied,14.83,6
14319,0,224.0,505000,1005000.0,50.0,20%-<30%,White,Home_Purchase,Principal_Residence,Originated,19.07,1
21723,0,95.0,365000,385000.0,78.353,Unknown,Race Not Available,Home_Purchase,Principal_Residence,Purchased,37.58,1
89417,0,35.0,115000,145000.0,105.0,36%-<43%,White,Home_Purchase,Principal_Residence,Originated,41.48,5
59746,0,95.0,485000,545000.0,78.353,Unknown,Race Not Available,Home_Purchase,Principal_Residence,Purchased,22.23,1
71534,5,206.0,115000,525000.0,88.14,36%-<43%,White,Other,Principal_Residence,Originated,37.49,4
31416,0,95.0,335000,355000.0,95.0,30%-<36%,White,Home_Purchase,Principal_Residence,Originated,15.46,1
40447,3,87.0,55000,155000.0,32.258,30%-<36%,White,Home_Improvement,Principal_Residence,Originated,10.73,1
11289,5,83.0,75000,555000.0,91.713,43%-<50%,Race Not Available,Other,Principal_Residence,Denied,98.4,4
23904,0,105.0,325000,375000.0,78.353,Unknown,White,Home_Purchase,Principal_Residence,Withdrawn,14.69,1
29010,0,134.0,495000,495000.0,100.0,43%-<50%,Race Not Available,Home_Purchase,Principal_Residence,Denied,32.35,1
22153,3,135.0,485000,765000.0,78.353,Unknown,Race Not Available,CashOut_Refinance,Principal_Residence,Purchased,97.54,6
91465,6,240.0,725000,855000.0,85.0,50%-60%,Race Not Available,Home_Purchase,Second_Residence,Denied,62.44,0
24784,6,133.0,565000,565000.0,100.0,50%-60%,Black or African American,Home_Purchase,Principal_Residence,Originated,68.28,0
10404,3,127.0,315000,375000.0,78.353,Unknown,White,CashOut_Refinance,Second_Residence,Withdrawn,53.5,6
93261,3,92.0,455000,375000.0,78.353,Unknown,Black or African American,Refinance,Principal_Residence,Withdrawn,86.44,6
64379,0,49.0,125000,135000.0,96.5,43%-<50%,White,Home_Purchase,Principal_Residence,Originated,29.44,1
68221,0,121.0,35000,375000.0,78.353,Unknown,White,Home_Purchase,Principal_Residence,Withdrawn,6.12,1
22292,0,95.0,645000,855000.0,78.353,Unknown,Race Not Available,Home_Purchase,Principal_Residence,Purchased,7.17,1
13160,6,74.0,105000,755000.0,49.72,>60%,Black or African American,Home_Improvement,Principal_Residence,Denied,88.44,0
9812,0,51.0,255000,265000.0,78.353,Unknown,White,Home_Purchase,Principal_Residence,Purchased,54.51,5
10788,5,200.0,85000,365000.0,85.0,36%-<43%,White,Other,Principal_Residence,Originated,15.18,4
96092,3,65.0,165000,215000.0,80.0,30%-<36%,White,CashOut_Refinance,Principal_Residence,Originated,19.32,6
19867,3,43.0,175000,245000.0,73.0,36%-<43%,White,CashOut_Refinance,Principal_Residence,Originated,21.24,6
16157,3,95.0,415000,615000.0,78.353,Unknown,Race Not Available,Refinance,Principal_Residence,Purchased,8.02,6
1090,0,60.0,185000,235000.0,83.0,20%-<30%,Asian,Home_Purchase,Principal_Residence,Originated,96.16,5
80835,3,120.0,185000,305000.0,59.984,<20%,White,Refinance,Principal_Residence,Originated,66.56,6
25017,3,75.0,135000,215000.0,64.0,36%-<43%,Race Not Available,Refinance,Principal_Residence,Originated,12.47,6
2660,3,62.0,85000,125000.0,70.0,36%-<43%,White,Refinance,Principal_Residence,Originated,4.04,6
63979,3,72.0,155000,375000.0,78.353,Unknown,Race Not Available,CashOut_Refinance,Principal_Residence,Incomplete,16.48,6
1462,0,73.0,75000,85000.0,90.0,20%-<30%,White,Home_Purchase,Principal_Residence,Originated,5.02,1
50829,5,166.0,125000,375000.0,78.353,Unknown,White,Refinance,Principal_Residence,Incomplete,8.92,4
99901,1,517.0,2255000,375000.0,78.353,Unknown,White,Refinance,Principal_Residence,Withdrawn,17.23,6
73200,4,82.0,35000,55000.0,78.353,30%-<36%,White,CashOut_Refinance,Principal_Residence,Denied,20.47,2
33315,0,308.0,615000,845000.0,73.136,43%-<50%,White,Home_Purchase,Principal_Residence,Originated,8.5,1
75694,4,42.0,75000,85000.0,78.353,43%-<50%,Joint,Home_Purchase,Principal_Residence,Denied,11.22,2
78204,6,107.0,105000,1105000.0,55.546,50%-60%,White,Home_Improvement,Principal_Residence,Denied,45.81,0
63358,3,103.0,135000,1145000.0,11.936,20%-<30%,Race Not Available,Home_Purchase,Principal_Residence,Originated,52.29,1
95140,5,257.0,75000,375000.0,78.353,20%-<30%,Asian,Other,Principal_Residence,Denied,36.77,4
4144,3,95.0,215000,315000.0,78.353,Unknown,Race Not Available,CashOut_Refinance,Principal_Residence,Purchased,35.22,6
97046,0,228.0,415000,525000.0,80.0,30%-<36%,White,Home_Purchase,Principal_Residence,Originated,55.37,5
56655,3,95.0,125000,155000.0,78.353,Unknown,Race Not Available,CashOut_Refinance,Principal_Residence,Purchased,10.39,6
10716,4,61.0,205000,215000.0,96.5,36%-<43%,White,Home_Purchase,Principal_Residence,Originated,34.13,2
41906,2,60.0,85000,375000.0,78.353,Unknown,Race Not Available,Refinance,Investment,Incomplete,7.73,3
19969,0,220.0,325000,315000.0,100.0,20%-<30%,Black or African American,Home_Purchase,Principal_Residence,Originated,47.45,5
38796,0,58.0,335000,335000.0,96.5,43%-<50%,Race Not Available,Home_Purchase,Principal_Residence,Originated,46.72,1
77429,0,63.0,205000,375000.0,78.353,Unknown,White,Home_Purchase,Principal_Residence,Withdrawn,0.0,1
77182,2,132.0,385000,505000.0,74.999,43%-<50%,Asian,Home_Purchase,Investment,Originated,17.97,3
3699,3,100.0,235000,345000.0,68.116,36%-<43%,Race Not Available,CashOut_Refinance,Principal_Residence,Originated,39.26,6
9525,0,150.0,695000,865000.0,80.0,43%-<50%,White,Home_Purchase,Principal_Residence,Originated,35.0,1
74507,0,156.0,535000,375000.0,78.353,Unknown,Race Not Available,Home_Purchase,Principal_Residence,Withdrawn,39.49,1
14562,0,175.0,465000,465000.0,100.0,30%-<36%,Joint,Home_Purchase,Principal_Residence,Originated,48.44,1
46525,2,95.0,385000,495000.0,79.58,Unknown,Asian,Home_Purchase,Investment,Originated,71.44,3
98489,3,90.0,215000,375000.0,78.353,Unknown,White,CashOut_Refinance,Principal_Residence,Withdrawn,43.85,6
79593,3,92.0,105000,125000.0,80.0,<20%,Race Not Available,CashOut_Refinance,Principal_Residence,Denied,60.24,6
91199,0,79.0,355000,435000.0,80.0,36%-<43%,Asian,Home_Purchase,Principal_Residence,Originated,42.65,1
64301,0,88.0,205000,255000.0,80.0,20%-<30%,White,Home_Purchase,Principal_Residence,Originated,13.5,1
54637,0,106.0,285000,375000.0,78.353,Unknown,Race Not Available,Home_Purchase,Principal_Residence,Withdrawn,74.21,5
90858,0,72.0,425000,495000.0,85.0,43%-<50%,White,Home_Purchase,Principal_Residence,Originated,31.57,1
47779,3,70.0,245000,375000.0,78.353,Unknown,Race Not Available,CashOut_Refinance,Principal_Residence,Withdrawn,95.75,6
47718,1,433.0,1535000,375000.0,78.353,Unknown,Asian,Home_Purchase,Principal_Residence,Withdrawn,79.6,5
43582,3,47.0,195000,375000.0,78.353,Unknown,Free Form Text Only,Refinance,Principal_Residence,Withdrawn,64.53,6
11818,5,6.0,175000,365000.0,80.0,36%-<43%,Race Not Available,Home_Improvement,Principal_Residence,Denied,85.13,4
83532,0,108.0,315000,325000.0,97.0,36%-<43%,White,Home_Purchase,Principal_Residence,Originated,20.94,1
3451,6,240.0,305000,2005000.0,63.584,50%-60%,White,Refinance,Principal_Residence,Denied,17.51,0
80285,2,95.0,95000,125000.0,75.2,Unknown,Race Not Available,Refinance,Investment,Originated,78.91,3
61196,6,40.0,85000,105000.0,85.0,50%-60%,Race Not Available,Other,Principal_Residence,Denied,31.45,0
5698,5,226.0,105000,435000.0,75.002,43%-<50%,Joint,Refinance,Principal_Residence,Originated,35.51,4
69498,0,115.0,225000,235000.0,95.0,30%-<36%,Race Not Available,Home_Purchase,Principal_Residence,Originated,36.35,1
90575,3,80.0,185000,375000.0,78.353,43%-<50%,White,Refinance,Principal_Residence,Denied,78.82,6
1236,5,137.0,55000,555000.0,69.12,30%-<36%,Race Not Available,CashOut_Refinance,Principal_Residence,Originated,33.74,4
33260,6,90.0,15000,265000.0,95.0,50%-60%,Race Not Available,Home_Improvement,Principal_Residence,Denied,0.0,0
29712,3,58.0,65000,315000.0,22.0,36%-<43%,White,CashOut_Refinance,Principal_Residence,Originated,7.94,6
19613,3,167.0,505000,605000.0,83.33,43%-<50%,White,Refinance,Principal_Residence,Denied,53.22,6
5713,4,56.0,115000,125000.0,78.353,20%-<30%,White,Home_Purchase,Principal_Residence,Originated,7.06,2
37734,0,248.0,495000,505000.0,96.555,36%-<43%,Black or African American,Home_Purchase,Principal_Residence,Denied,44.38,5
64332,1,290.0,685000,855000.0,80.0,20%-<30%,Race Not Available,Home_Purchase,Principal_Residence,Originated,11.28,1
22294,0,92.0,465000,455000.0,100.0,43%-<50%,White,Home_Purchase,Principal_Residence,Originated,57.83,5
80581,1,467.0,355000,855000.0,41.176,<20%,White,Home_Purchase,Principal_Residence,Originated,9.64,1
2499,0,12.0,55000,135000.0,36.792,43%-<50%,White,Home_Purchase,Principal_Residence,Originated,39.31,5
76464,0,66.0,245000,255000.0,95.0,43%-<50%,Black or African American,Home_Purchase,Principal_Residence,Originated,68.15,5
36774,1,502.0,195000,375000.0,78.353,Unknown,White,Home_Purchase,Principal_Residence,Withdrawn,70.46,5
8132,0,59.0,135000,135000.0,96.5,43%-<50%,White,Home_Purchase,Principal_Residence,Originated,42.75,5
59332,2,101.0,385000,735000.0,52.055,36%-<43%,White,CashOut_Refinance,Investment,Originated,42.08,3
6379,3,36.0,265000,375000.0,78.353,Unknown,White,Refinance,Principal_Residence,Withdrawn,16.15,6
32946,0,190.0,215000,255000.0,84.19,20%-<30%,White,Home_Purchase,Principal_Residence,Originated,21.37,1
32894,0,95.0,15000,45000.0,78.353,Unknown,Race Not Available,NotApplicable,Principal_Residence,Purchased,61.72,5
37990,2,279.0,425000,735000.0,78.353,Unknown,White,Home_Purchase,Investment,Purchased,87.8,3
96273,0,138.0,545000,695000.0,79.606,30%-<36%,Race Not Available,Home_Purchase,Principal_Residence,Originated,21.61,1
11192,5,149.0,45000,525000.0,71.262,20%-<30%,White,Home_Improvement,Principal_Residence,Originated,35.48,4
60881,6,26.0,145000,175000.0,82.1,>60%,White,Refinance,Principal_Residence,Denied,6.31,0
61911,0,95.0,275000,275000.0,78.353,Unknown,Race Not Available,Home_Purchase,Principal_Residence,Purchased,11.28,1
47039,5,57.0,25000,195000.0,85.0,43%-<50%,Race Not Available,Other,Principal_Residence,Originated,78.18,4
90136,0,168.0,405000,505000.0,80.0,30%-<36%,White,Home_Purchase,Principal_Residence,Originated,22.45,1
42755,0,84.0,145000,155000.0,96.5,43%-<50%,White,Home_Purchase,Principal_Residence,Originated,72.3,5
59301,0,67.0,195000,195000.0,100.0,30%-<36%,White,Home_Purchase,Principal_Residence,Originated,13.85,1
91159,3,78.0,275000,375000.0,78.353,Unknown,White,CashOut_Refinance,Principal_Residence,Incomplete,38.37,6
65219,2,148.0,45000,65000.0,75.0,20%-<30%,Race Not Available,Home_Purchase,Investment,Originated,29.98,3
67531,3,92.0,305000,855000.0,35.295,30%-<36%,Race Not Available,CashOut_Refinance,Principal_Residence,Originated,30.85,6
2099,4,72.0,185000,185000.0,96.467,30%-<36%,White,Home_Purchase,Principal_Residence,Denied,27.11,2
72662,3,66.0,395000,505000.0,78.6,43%-<50%,White,CashOut_Refinance,Principal_Residence,Originated,36.79,6
50203,0,64.0,255000,255000.0,100.0,36%-<43%,White,Home_Purchase,Principal_Residence,Approved_NotAccepted,18.31,1
52772,5,244.0,175000,1835000.0,75.53,43%-<50%,White,Home_Improvement,Principal_Residence,Originated,21.95,4
16716,0,160.0,545000,565000.0,95.0,36%-<43%,White,Home_Purchase,Principal_Residence,Originated,18.13,1
74393,5,129.0,55000,295000.0,86.8,43%-<50%,Joint,Home_Improvement,Principal_Residence,Originated,48.0,4
81471,1,624.0,865000,1095000.0,78.868,36%-<43%,Race Not Available,Home_Purchase,Principal_Residence,Originated,39.71,4
42164,5,82.0,15000,455000.0,74.994,20%-<30%,White,Home_Improvement,Principal_Residence,Originated,16.42,4
60198,0,95.0,85000,95000.0,78.353,Unknown,Race Not Available,NotApplicable,Principal_Residence,Purchased,24.06,1
95405,5,265.0,105000,1365000.0,63.77,36%-<43%,White,Other,Principal_Residence,Originated,12.82,4
71230,3,95.0,75000,115000.0,78.353,Unknown,Race Not Available,CashOut_Refinance,Principal_Residence,Purchased,8.59,6
90430,3,51.0,95000,125000.0,80.0,30%-<36%,Black or African American,CashOut_Refinance,Principal_Residence,Originated,70.5,6
8723,3,89.0,205000,375000.0,78.353,Unknown,Race Not Available,CashOut_Refinance,Principal_Residence,Withdrawn,29.54,6
27429,3,95.0,215000,495000.0,44.614,Unknown,White,Refinance,Principal_Residence,Originated,83.16,6
24094,0,110.0,465000,525000.0,90.0,36%-<43%,White,Home_Purchase,Principal_Residence,Originated,8.74,1
28275,6,58.0,195000,275000.0,69.853,50%-60%,White,CashOut_Refinance,Principal_Residence,Denied,9.48,0
70656,1,983.0,905000,1205000.0,75.0,20%-<30%,Race Not Available,Home_Purchase,Second_Residence,Originated,22.36,4
9518,5,63.0,55000,275000.0,89.99,43%-<50%,White,Home_Purchase,Principal_Residence,Originated,87.69,4
62623,2,-150.0,105000,375000.0,78.353,Unknown,White,Home_Purchase,Investment,Withdrawn,10.34,3
4604,0,108.0,335000,345000.0,96.5,30%-<36%,White,Home_Purchase,Principal_Residence,Originated,8.73,1
94366,0,47.0,225000,235000.0,102.937,43%-<50%,White,Home_Purchase,Principal_Residence,Originated,34.61,1
70723,1,385.0,595000,1185000.0,75.0,50%-60%,White,Refinance,Principal_Residence,Originated,22.81,0
49734,2,147.0,195000,265000.0,75.0,36%-<43%,White,Home_Purchase,Investment,Originated,39.67,3
78995,0,131.0,515000,645000.0,80.0,36%-<43%,Race Not Available,Home_Purchase,Principal_Residence,Originated,36.14,1
60673,6,130.0,115000,515000.0,77.07,50%-60%,White,Other,Principal_Residence,Denied,9.68,0
86360,3,65.0,305000,375000.0,78.353,Unknown,White,CashOut_Refinance,Principal_Residence,Withdrawn,43.84,6
62995,5,340.0,155000,935000.0,88.99,20%-<30%,White,Other,Principal_Residence,Originated,26.05,4
91817,5,76.0,65000,445000.0,54.72,36%-<43%,White,Other,Principal_Residence,Denied,32.53,4
24810,5,42.0,65000,255000.0,78.675,43%-<50%,White,CashOut_Refinance,Principal_Residence,Originated,15.06,4
97695,1,434.0,485000,605000.0,80.0,30%-<36%,White,Home_Purchase,Second_Residence,Originated,31.5,1
23657,3,99.0,365000,375000.0,78.353,Unknown,White,Refinance,Principal_Residence,Incomplete,6.95,6
63335,5,161.0,105000,855000.0,65.123,43%-<50%,American Indian or Alaska Native,CashOut_Refinance,Principal_Residence,Originated,50.03,4
13079,2,95.0,655000,1605000.0,40.63,Unknown,Race Not Available,CashOut_Refinance,Investment,Originated,74.59,3
562,0,37.0,165000,185000.0,89.362,36%-<43%,White,Home_Purchase,Principal_Residence,Originated,21.35,1
18144,6,35.0,185000,425000.0,44.762,>60%,White,Refinance,Principal_Residence,Denied,43.75,0
75652,0,170.0,425000,525000.0,80.0,20%-<30%,Joint,Home_Purchase,Principal_Residence,Originated,19.09,1
26251,0,203.0,365000,435000.0,81.646,20%-<30%,White,Home_Purchase,Principal_Residence,Originated,50.06,5
35708,0,95.0,1175000,375000.0,78.353,Unknown,Asian,Home_Purchase,Principal_Residence,Withdrawn,63.79,5
13675,6,120.0,495000,615000.0,80.0,50%-60%,White,CashOut_Refinance,Principal_Residence,Originated,50.26,0
73120,3,146.0,215000,425000.0,51.779,20%-<30%,Race Not Available,Refinance,Principal_Residence,Denied,20.58,6
802,2,337.0,655000,875000.0,75.0,20%-<30%,White,Home_Purchase,Investment,Denied,20.23,3
49242,0,154.0,275000,285000.0,96.5,30%-<36%,Black or African American,Home_Purchase,Principal_Residence,Originated,44.87,5
27065,0,129.0,575000,375000.0,78.353,Exempt,White,Home_Purchase,Principal_Residence,Originated,15.63,1
43760,0,42.0,85000,375000.0,78.353,Unknown,Race Not Available,Home_Purchase,Principal_Residence,Withdrawn,4.65,1
85490,3,84.0,455000,765000.0,60.0,36%-<43%,White,CashOut_Refinance,Principal_Residence,Originated,71.41,6
39409,3,155.0,425000,375000.0,78.353,Unknown,Black or African American,CashOut_Refinance,Principal_Residence,Withdrawn,51.81,6
79079,3,95.0,145000,275000.0,51.744,<20%,Race Not Available,CashOut_Refinance,Principal_Residence,Originated,32.39,6
6119,6,68.0,65000,595000.0,69.4,>60%,White,Home_Improvement,Principal_Residence,Denied,21.06,0
61166,6,84.0,105000,445000.0,60.77,50%-60%,White,Other,Second_Residence,Denied,20.96,0
83154,0,86.0,255000,355000.0,71.12,36%-<43%,White,Home_Improvement,Principal_Residence,Originated,36.29,1
25577,5,114.0,125000,565000.0,79.83,36%-<43%,White,Home_Improvement,Principal_Residence,Originated,6.6,4
51323,4,119.0,85000,85000.0,78.353,30%-<36%,White,Home_Purchase,Principal_Residence,Denied,0.0,2
28790,3,21.0,55000,225000.0,22.65,36%-<43%,White,Refinance,Principal_Residence,Originated,12.99,6
2030,3,13.0,85000,375000.0,78.353,Exempt,White,CashOut_Refinance,Principal_Residence,Denied,12.45,6
11510,3,230.0,355000,755000.0,59.904,30%-<36%,White,Refinance,Principal_Residence,Denied,23.77,6
26259,0,163.0,405000,545000.0,78.353,Unknown,White,Home_Purchase,Principal_Residence,Purchased,9.93,1
77006,0,89.0,235000,245000.0,97.0,43%-<50%,Joint,Home_Purchase,Principal_Residence,Originated,29.71,1
72833,3,61.0,95000,375000.0,78.353,Unknown,White,Refinance,Principal_Residence,Incomplete,30.28,6
72058,3,26.0,95000,275000.0,34.545,43%-<50%,Black or African American,Refinance,Principal_Residence,Originated,49.17,6
21561,3,130.0,355000,595000.0,59.496,<20%,Joint,CashOut_Refinance,Principal_Residence,Originated,31.05,6
68369,1,424.0,115000,1225000.0,61.94,20%-<30%,White,Home_Improvement,Principal_Residence,Originated,32.17,4
93935,5,83.0,105000,345000.0,80.68,43%-<50%,White,Refinance,Principal_Residence,Originated,10.77,4
34681,0,70.0,325000,375000.0,78.353,Unknown,Race Not Available,Home_Purchase,Principal_Residence,Withdrawn,30.12,1
1785,5,53.0,5000,225000.0,89.545,<20%,Asian,Home_Purchase,Principal_Residence,Originated,52.49,4
57021,1,400.0,1805000,2575000.0,70.0,30%-<36%,White,Home_Purchase,Principal_Residence,Originated,27.33,1
36259,3,181.0,165000,455000.0,36.67,20%-<30%,White,CashOut_Refinance,Second_Residence,Originated,16.31,6
22692,5,110.0,15000,545000.0,43.1167,20%-<30%,Race Not Available,Other,Principal_Residence,Approved_NotAccepted,32.66,4
79923,1,624.0,1425000,1775000.0,80.0,30%-<36%,White,Home_Purchase,Principal_Residence,Originated,20.2,1
27478,4,55.0,225000,375000.0,78.353,Unknown,White,Home_Purchase,Principal_Residence,Withdrawn,32.02,2
8602,0,89.0,455000,475000.0,95.0,43%-<50%,Asian,Home_Purchase,Principal_Residence,Denied,26.24,1
16377,5,148.0,195000,935000.0,69.591,36%-<43%,White,Refinance,Principal_Residence,Originated,8.09,4
10002,3,75.0,255000,355000.0,72.0,43%-<50%,White,CashOut_Refinance,Principal_Residence,Denied,22.43,6
14090,0,255.0,345000,435000.0,80.0,20%-<30%,White,Home_Purchase,Principal_Residence,Originated,31.47,1
60785,0,54.0,115000,125000.0,90.0,43%-<50%,White,Home_Purchase,Principal_Residence,Originated,15.19,1
50936,0,100.0,295000,295000.0,78.353,Unknown,White,Home_Purchase,Principal_Residence,Purchased,27.61,1
41451,0,83.0,485000,375000.0,78.353,Unknown,White,Home_Purchase,Principal_Residence,Withdrawn,36.79,1
52095,3,127.0,155000,375000.0,78.353,Exempt,White,CashOut_Refinance,Principal_Residence,Originated,10.11,6
19542,2,95.0,35000,145000.0,25.0,Unknown,Race Not Available,Home_Purchase,Investment,Originated,57.53,3
25531,0,82.0,385000,825000.0,48.07,30%-<36%,White,Home_Purchase,Principal_Residence,Originated,42.4,5
83625,5,90.0,65000,375000.0,78.353,Unknown,White,Refinance,Principal_Residence,Incomplete,9.39,4
45047,0,146.0,535000,775000.0,68.831,36%-<43%,White,Home_Purchase,Principal_Residence,Originated,45.01,5
24454,5,43.0,65000,305000.0,73.29,36%-<43%,Black or African American,Other,Principal_Residence,Originated,96.53,4
87536,0,216.0,535000,565000.0,78.353,Unknown,Race Not Available,Home_Purchase,Principal_Residence,Purchased,42.7,1
65362,3,62.0,215000,265000.0,80.0,36%-<43%,Black or African American,CashOut_Refinance,Principal_Residence,Originated,31.33,6
28970,5,81.0,105000,315000.0,65.835,43%-<50%,White,Other,Principal_Residence,Originated,30.54,4
75692,4,60.0,85000,375000.0,78.353,Unknown,White,Home_Purchase,Principal_Residence,Denied,21.1,2
59727,2,68.0,115000,145000.0,75.0,20%-<30%,White,CashOut_Refinance,Investment,Originated,32.59,3
62074,0,190.0,995000,1105000.0,90.0,43%-<50%,Race Not Available,Home_Purchase,Principal_Residence,Originated,12.62,1
31750,0,95.0,145000,195000.0,78.353,Unknown,Race Not Available,NotApplicable,Principal_Residence,Purchased,87.25,5
71507,3,62.0,205000,525000.0,38.39,43%-<50%,Asian,CashOut_Refinance,Principal_Residence,Originated,82.95,6
40719,5,368.0,505000,1205000.0,67.532,36%-<43%,White,Home_Improvement,Principal_Residence,Originated,27.36,4
95429,5,80.0,65000,205000.0,70.0,43%-<50%,White,Other,Principal_Residence,Denied,21.08,4
20151,3,162.0,115000,275000.0,79.96,30%-<36%,White,CashOut_Refinance,Principal_Residence,Originated,29.57,6
29142,0,52.0,245000,255000.0,97.0,43%-<50%,Asian,Home_Purchase,Principal_Residence,Preapproval_Approved_NotAccepted,0.0,1
31619,2,132.0,245000,325000.0,75.0,43%-<50%,White,CashOut_Refinance,Investment,Originated,45.1,3
82907,0,31.0,165000,165000.0,102.56,43%-<50%,Black or African American,Home_Purchase,Principal_Residence,Originated,92.14,5
33048,0,61.0,205000,215000.0,96.2,36%-<43%,White,Home_Purchase,Principal_Residence,Originated,20.68,1
27431,0,54.0,155000,165000.0,96.5,36%-<43%,White,Home_Purchase,Principal_Residence,Originated,14.58,1
38903,3,153.0,275000,755000.0,36.667,43%-<50%,White,Refinance,Principal_Residence,Originated,22.91,6
38674,0,217.0,715000,375000.0,78.353,Unknown,Race Not Available,Home_Purchase,Principal_Residence,Withdrawn,26.24,1
1840,0,79.0,215000,215000.0,96.5,20%-<30%,White,Home_Purchase,Principal_Residence,Originated,5.16,1
60645,0,310.0,885000,375000.0,78.353,Unknown,Race Not Available,Home_Purchase,Principal_Residence,Withdrawn,32.8,1
43314,5,241.0,165000,905000.0,61.97,20%-<30%,White,Refinance,Principal_Residence,Originated,39.15,4
13294,3,95.0,65000,375000.0,78.353,Unknown,White,Refinance,Principal_Residence,Denied,11.79,6
74178,1,644.0,2245000,3205000.0,70.0,30%-<36%,White,Home_Purchase,Principal_Residence,Originated,28.54,4
79692,0,95.0,205000,215000.0,78.353,Unknown,Race Not Available,Home_Purchase,Principal_Residence,Purchased,51.23,5
44784,0,207.0,245000,255000.0,95.0,<20%,Black or African American,Home_Purchase,Principal_Residence,Originated,97.03,5
87924,0,61.0,225000,235000.0,98.19,36%-<43%,Black or African American,Home_Purchase,Principal_Residence,Originated,56.41,5
66216,0,79.0,225000,375000.0,80.0,36%-<43%,White,Home_Purchase,Principal_Residence,Approved_NotAccepted,55.16,5
26733,4,86.0,35000,375000.0,78.353,Unknown,White,Home_Purchase,Principal_Residence,Incomplete,0.0,2
91625,3,209.0,995000,1655000.0,60.303,30%-<36%,White,Refinance,Principal_Residence,Originated,35.59,6
48762,5,100.0,15000,325000.0,40.4,30%-<36%,Race Not Available,Home_Improvement,Principal_Residence,Originated,10.99,4
3946,0,120.0,375000,375000.0,101.327,43%-<50%,White,Home_Purchase,Principal_Residence,Originated,10.32,1
92653,0,66.0,285000,375000.0,78.353,Unknown,White,Home_Purchase,Principal_Residence,Incomplete,12.32,1
44819,0,198.0,715000,895000.0,78.353,Unknown,Race Not Available,Home_Purchase,Principal_Residence,Purchased,81.23,5
25269,0,95.0,345000,345000.0,78.353,Unknown,Race Not Available,Home_Purchase,Principal_Residence,Purchased,34.84,1
88769,3,48.0,125000,235000.0,55.0,20%-<30%,White,CashOut_Refinance,Principal_Residence,Originated,7.14,6
45621,6,59.0,235000,235000.0,96.5,50%-60%,White,Home_Purchase,Principal_Residence,Originated,54.56,0
40047,0,61.0,225000,215000.0,101.01,30%-<36%,White,Home_Purchase,Principal_Residence,Originated,11.01,1
18720,3,45.0,235000,375000.0,78.353,Unknown,Race Not Available,Refinance,Principal_Residence,Incomplete,44.91,6
15053,6,54.0,285000,285000.0,98.189,>60%,Race Not Available,Home_Purchase,Principal_Residence,Denied,30.37,0
89804,6,200.0,55000,755000.0,91.483,>60%,White,Other,Principal_Residence,Denied,23.37,0
15327,5,114.0,205000,375000.0,78.353,Unknown,White,Other,Principal_Residence,Withdrawn,12.23,4
61450,5,108.0,65000,505000.0,76.531,36%-<43%,White,Home_Improvement,Principal_Residence,Originated,28.5,4
62577,3,111.0,235000,305000.0,76.5,43%-<50%,Black or African American,CashOut_Refinance,Principal_Residence,Originated,37.94,6
17523,2,95.0,135000,245000.0,54.0,Unknown,Race Not Available,Home_Purchase,Investment,Originated,14.36,3
52071,5,74.0,75000,205000.0,67.0,30%-<36%,Race Not Available,Home_Improvement,Principal_Residence,Originated,84.78,4
87337,0,56.0,165000,375000.0,78.353,36%-<43%,White,Other,Principal_Residence,Originated,40.66,1
14175,6,102.0,35000,375000.0,89.914,50%-60%,White,Other,Principal_Residence,Denied,31.37,0
13960,3,0.0,445000,745000.0,60.0,Unknown,White,Refinance,Principal_Residence,Denied,23.37,6
22715,3,64.0,265000,375000.0,70.0,43%-<50%,White,CashOut_Refinance,Principal_Residence,Originated,11.36,6
27372,5,36.0,25000,55000.0,83.92,20%-<30%,Black or African American,Other,Principal_Residence,Originated,28.39,4
3769,5,113.0,125000,455000.0,49.1,43%-<50%,White,Refinance,Principal_Residence,Originated,12.65,4
9756,1,787.0,2005000,2955000.0,89.83,20%-<30%,White,Home_Purchase,Principal_Residence,Originated,34.46,4
28359,0,67.0,285000,365000.0,80.0,43%-<50%,White,Home_Purchase,Principal_Residence,Originated,65.64,5
15512,3,70.0,135000,375000.0,78.353,Unknown,Black or African American,CashOut_Refinance,Principal_Residence,Incomplete,97.33,6
18473,3,62.0,75000,355000.0,19.72,43%-<50%,Race Not Available,CashOut_Refinance,Principal_Residence,Originated,30.13,6
42480,6,71.0,255000,485000.0,102.825,50%-60%,White,Home_Purchase,Principal_Residence,Denied,49.42,0
89574,0,100.0,465000,575000.0,80.0,43%-<50%,White,Home_Purchase,Principal_Residence,Originated,58.55,5
45081,2,95.0,65000,375000.0,78.353,Exempt,Race Not Available,Home_Purchase,Investment,Originated,30.99,3
52050,3,220.0,525000,705000.0,78.353,Unknown,White,CashOut_Refinance,Principal_Residence,Purchased,10.48,6
88038,0,0.0,265000,415000.0,63.855,43%-<50%,White,Home_Purchase,Principal_Residence,Originated,47.15,5
55506,4,34.0,225000,265000.0,81.413,43%-<50%,White,Home_Purchase,Principal_Residence,Originated,9.92,2
2044,6,50.0,225000,225000.0,96.5,>60%,Black or African American,Home_Purchase,Principal_Residence,Denied,28.06,0
71244,3,44.0,155000,445000.0,33.708,36%-<43%,White,Home_Purchase,Principal_Residence,Originated,40.0,1
33231,0,60.0,105000,375000.0,78.353,Unknown,White,Other,Principal_Residence,Incomplete,46.32,1
89757,0,64.0,255000,375000.0,78.353,Unknown,Race Not Available,Home_Purchase,Principal_Residence,Withdrawn,61.21,5
75778,0,92.0,395000,475000.0,82.316,36%-<43%,White,Home_Purchase,Principal_Residence,Originated,67.47,5
96175,2,95.0,135000,175000.0,78.353,Unknown,Race Not Available,Home_Purchase,Investment,Originated,31.77,3
15434,0,87.0,315000,335000.0,95.0,43%-<50%,Asian,Home_Purchase,Principal_Residence,Originated,61.78,5
58031,5,0.0,95000,805000.0,64.83,30%-<36%,Asian,Home_Improvement,Second_Residence,Denied,58.9,4
337,0,121.0,355000,365000.0,97.0,20%-<30%,White,Home_Purchase,Principal_Residence,Originated,13.1,1
85670,0,71.0,185000,375000.0,78.353,Unknown,Black or African American,Home_Purchase,Principal_Residence,Withdrawn,76.55,5
51979,3,87.0,315000,425000.0,74.0,30%-<36%,White,Refinance,Principal_Residence,Originated,24.39,6
96721,0,44.0,205000,375000.0,78.353,Unknown,Asian,Other,Principal_Residence,Withdrawn,43.99,1
40925,6,42.0,75000,695000.0,43.95,>60%,White,Home_Improvement,Principal_Residence,Denied,31.17,0
53207,3,104.0,145000,1005000.0,13.879,<20%,White,Home_Purchase,Principal_Residence,Originated,74.31,5
67919,2,0.0,255000,375000.0,78.353,Unknown,Asian,Home_Purchase,Investment,Withdrawn,30.69,3
32414,4,57.0,155000,165000.0,78.353,>60%,White,Home_Purchase,Principal_Residence,Denied,0.0,2
55929,4,191.0,35000,375000.0,78.353,Exempt,White,Refinance,Investment,Originated,8.46,2
80399,5,136.0,65000,125000.0,48.0,30%-<36%,White,Other,Principal_Residence,Denied,98.27,4
85749,6,75.0,115000,205000.0,59.0,50%-60%,Race Not Available,CashOut_Refinance,Principal_Residence,Denied,7.85,0
94622,1,603.0,205000,2115000.0,46.055,20%-<30%,Race Not Available,Home_Improvement,Principal_Residence,Originated,43.07,4
16822,0,95.0,645000,815000.0,78.353,Unknown,Race Not Available,Home_Purchase,Principal_Residence,Purchased,45.33,5
78926,3,21.0,135000,305000.0,78.353,Unknown,White,Refinance,Principal_Residence,Originated,15.53,6
7099,3,190.0,255000,325000.0,80.0,30%-<36%,White,CashOut_Refinance,Principal_Residence,Originated,21.6,6
80380,3,87.0,295000,375000.0,78.353,Unknown,White,CashOut_Refinance,Principal_Residence,Incomplete,18.33,6
46967,0,242.0,905000,1135000.0,80.0,36%-<43%,Asian,Home_Purchase,Principal_Residence,Originated,90.39,5
8418,6,128.0,455000,625000.0,72.0,50%-60%,Joint,CashOut_Refinance,Principal_Residence,Denied,70.79,0
72381,0,85.0,355000,375000.0,78.353,Unknown,Black or African American,Home_Purchase,Principal_Residence,Withdrawn,42.93,1
15221,3,68.0,425000,375000.0,78.353,Unknown,White,CashOut_Refinance,Principal_Residence,Incomplete,23.75,6
31096,0,79.0,385000,435000.0,78.353,43%-<50%,White,Home_Purchase,Principal_Residence,Originated,60.64,5
43470,5,177.0,315000,725000.0,79.945,36%-<43%,Asian,CashOut_Refinance,Principal_Residence,Originated,91.84,4
71782,0,79.0,335000,415000.0,80.0,43%-<50%,Black or African American,Home_Purchase,Principal_Residence,Denied,24.87,1
21220,5,244.0,245000,755000.0,80.0,30%-<36%,White,Home_Purchase,Principal_Residence,Originated,59.91,4
84256,3,95.0,155000,365000.0,78.353,Unknown,Race Not Available,Refinance,Principal_Residence,Purchased,72.36,6
75861,3,95.0,285000,405000.0,78.353,Unknown,Race Not Available,CashOut_Refinance,Principal_Residence,Purchased,53.32,6
46352,0,95.0,495000,595000.0,78.353,Unknown,Race Not Available,Home_Purchase,Principal_Residence,Purchased,24.93,1
38151,6,111.0,95000,685000.0,80.362,50%-60%,Black or African American,Other,Principal_Residence,Originated,14.51,0
48334,0,97.0,445000,595000.0,75.0,43%-<50%,Asian,Home_Purchase,Principal_Residence,Originated,64.79,5
10597,4,95.0,185000,185000.0,78.353,Unknown,Race Not Available,Home_Purchase,Principal_Residence,Purchased,9.43,2
59893,0,92.0,365000,525000.0,70.0,43%-<50%,Asian,Home_Purchase,Principal_Residence,Originated,27.51,1
86753,4,112.0,45000,115000.0,36.364,20%-<30%,White,Other,Principal_Residence,Denied,54.98,2
10403,6,82.0,185000,235000.0,80.0,50%-60%,White,CashOut_Refinance,Principal_Residence,Denied,4.74,0
14429,0,144.0,685000,885000.0,77.488,36%-<43%,White,Home_Purchase,Principal_Residence,Originated,26.46,1
76753,0,142.0,275000,335000.0,80.0,20%-<30%,White,Home_Purchase,Principal_Residence,Originated,21.73,1
85484,0,182.0,175000,215000.0,85.0,20%-<30%,Black or African American,Home_Purchase,Principal_Residence,Denied,93.64,5
42403,3,178.0,305000,375000.0,78.353,Unknown,Black or African American,CashOut_Refinance,Principal_Residence,Withdrawn,42.77,6
2592,0,86.0,345000,385000.0,90.0,43%-<50%,Race Not Available,Home_Purchase,Principal_Residence,Originated,38.19,1
79269,6,51.0,105000,385000.0,85.0,>60%,Race Not Available,Home_Improvement,Principal_Residence,Denied,10.98,0
87515,3,170.0,225000,375000.0,78.353,Unknown,White,Refinance,Principal_Residence,Incomplete,40.53,6
49526,2,95.0,225000,715000.0,78.353,Unknown,Race Not Available,Refinance,Investment,Purchased,76.54,3
64960,2,35.0,95000,135000.0,70.0,<20%,White,Home_Purchase,Investment,Originated,23.95,3
6567,0,56.0,55000,375000.0,78.353,Unknown,Joint,Home_Improvement,Principal_Residence,Withdrawn,61.87,5
21733,0,42.0,195000,195000.0,101.41,36%-<43%,White,Home_Purchase,Principal_Residence,Approved_NotAccepted,78.82,5
97436,0,95.0,275000,285000.0,78.353,Unknown,White,Home_Purchase,Principal_Residence,Purchased,12.58,1
93051,0,107.0,315000,375000.0,78.353,Unknown,Asian,Home_Purchase,Principal_Residence,Withdrawn,56.16,5
22645,6,205.0,95000,715000.0,82.02,50%-60%,White,Other,Principal_Residence,Denied,38.71,0
4200,5,30.0,15000,375000.0,78.353,Unknown,White,Home_Improvement,Principal_Residence,Withdrawn,36.51,4
66319,0,78.0,305000,375000.0,78.353,Unknown,White,Home_Purchase,Principal_Residence,Withdrawn,21.1,1
17485,5,101.0,15000,455000.0,58.8,20%-<30%,White,Home_Improvement,Principal_Residence,Denied,57.32,4
39734,0,150.0,415000,375000.0,78.353,Unknown,White,Home_Purchase,Principal_Residence,Withdrawn,11.22,1
38639,0,114.0,575000,375000.0,78.353,Exempt,White,Home_Purchase,Principal_Residence,Denied,15.77,1
24413,0,0.0,105000,105000.0,96.5,43%-<50%,Black or African American,Home_Purchase,Principal_Residence,Originated,38.29,5
25215,0,103.0,335000,345000.0,96.5,43%-<50%,White,Home_Purchase,Principal_Residence,Originated,64.25,5
29354,3,53.0,105000,485000.0,20.7,36%-<43%,White,Refinance,Principal_Residence,Originated,15.38,6
60020,5,178.0,255000,2105000.0,35.255,43%-<50%,Asian,Other,Principal_Residence,Originated,88.85,4
93025,0,95.0,355000,355000.0,78.353,Unknown,Race Not Available,Home_Purchase,Principal_Residence,Purchased,28.0,1
70069,2,46.0,275000,375000.0,78.353,Unknown,White,Home_Purchase,Investment,Withdrawn,15.97,3
91037,3,103.0,205000,285000.0,73.571,20%-<30%,White,Refinance,Principal_Residence,Originated,27.56,6
25998,0,145.0,445000,485000.0,92.0,30%-<36%,Race Not Available,Home_Purchase,Principal_Residence,Originated,81.94,5
34931,6,116.0,555000,555000.0,100.0,50%-60%,Joint,Home_Purchase,Principal_Residence,Originated,47.18,0
81004,3,50.0,245000,375000.0,78.353,Unknown,Race Not Available,CashOut_Refinance,Principal_Residence,Withdrawn,20.82,6
15775,3,169.0,395000,375000.0,78.353,Unknown,White,CashOut_Refinance,Principal_Residence,Withdrawn,9.33,6
87385,3,72.0,175000,265000.0,67.939,20%-<30%,White,Refinance,Principal_Residence,Originated,5.96,6
64686,1,493.0,135000,695000.0,79.98,<20%,White,Home_Improvement,Principal_Residence,Originated,13.67,4
86308,0,207.0,445000,375000.0,78.353,Unknown,Asian,NotApplicable,Principal_Residence,Withdrawn,39.63,1
28101,3,58.0,135000,375000.0,78.353,Unknown,Race Not Available,CashOut_Refinance,Principal_Residence,Withdrawn,7.98,6
51924,0,173.0,365000,405000.0,96.543,20%-<30%,White,Home_Purchase,Principal_Residence,Originated,15.04,1
65298,5,84.0,55000,535000.0,61.499,36%-<43%,White,Other,Principal_Residence,Originated,52.59,4
32266,3,106.0,265000,395000.0,67.308,43%-<50%,Race Not Available,CashOut_Refinance,Principal_Residence,Originated,12.23,6
23893,5,72.0,95000,475000.0,57.092,43%-<50%,White,Refinance,Principal_Residence,Originated,6.44,4
68867,4,76.0,235000,255000.0,92.0,30%-<36%,White,Home_Purchase,Principal_Residence,Originated,21.94,2
77988,3,1.0,205000,375000.0,78.353,Unknown,White,CashOut_Refinance,Principal_Residence,Incomplete,21.38,6
15853,5,64.0,105000,335000.0,79.987,30%-<36%,White,Other,Principal_Residence,Originated,4.08,4
74112,5,140.0,35000,355000.0,96.7,43%-<50%,Black or African American,Other,Principal_Residence,Denied,82.52,4
2935,1,574.0,805000,3825000.0,20.92,36%-<43%,Joint,Home_Improvement,Principal_Residence,Originated,38.27,4
51314,5,181.0,45000,455000.0,97.96,30%-<36%,Race Not Available,Other,Principal_Residence,Denied,17.15,4
82078,0,53.0,165000,205000.0,80.0,30%-<36%,Race Not Available,Other,Principal_Residence,Originated,67.46,5
14922,3,77.0,425000,375000.0,78.353,Unknown,Asian,Refinance,Principal_Residence,Withdrawn,96.94,6
1954,5,207.0,105000,485000.0,89.826,36%-<43%,White,Home_Improvement,Principal_Residence,Denied,52.19,4
43027,0,120.0,355000,395000.0,90.0,20%-<30%,White,Home_Purchase,Principal_Residence,Originated,47.12,5
6533,1,366.0,1275000,375000.0,78.353,Unknown,Asian,Home_Purchase,Principal_Residence,Withdrawn,36.19,1
48280,5,100.0,35000,645000.0,72.259,43%-<50%,Race Not Available,Home_Improvement,Principal_Residence,Originated,20.92,4
644,0,104.0,545000,605000.0,90.0,43%-<50%,Race Not Available,Home_Purchase,Principal_Residence,Originated,97.82,5
95092,0,182.0,665000,705000.0,93.83,43%-<50%,Race Not Available,Home_Purchase,Principal_Residence,Originated,12.86,1
23281,2,95.0,65000,75000.0,80.0,Unknown,Race Not Available,Home_Purchase,Investment,Originated,50.17,3
6457,5,151.0,55000,615000.0,77.128,36%-<43%,Black or African American,Home_Improvement,Principal_Residence,Originated,36.23,4
15155,0,52.0,245000,255000.0,97.0,36%-<43%,White,Home_Purchase,Principal_Residence,Originated,20.94,1
20533,4,48.0,145000,165000.0,78.353,50%-60%,Black or African American,Home_Purchase,Second_Residence,Denied,7.48,2
36639,0,95.0,135000,155000.0,78.353,Unknown,Race Not Available,Home_Purchase,Principal_Residence,Purchased,13.37,1
27913,3,88.0,405000,375000.0,78.353,Unknown,Black or African American,CashOut_Refinance,Principal_Residence,Withdrawn,77.39,6
18040,0,92.0,415000,425000.0,96.5,43%-<50%,White,Home_Purchase,Principal_Residence,Originated,43.59,1
43066,0,85.0,565000,605000.0,93.34,43%-<50%,Race Not Available,Home_Purchase,Principal_Residence,Originated,98.01,5
15597,3,92.0,375000,375000.0,78.353,Unknown,Race Not Available,CashOut_Refinance,Principal_Residence,Incomplete,36.28,6
41684,6,94.0,465000,475000.0,96.5,50%-60%,Race Not Available,Home_Purchase,Principal_Residence,Originated,56.69,0
43199,0,95.0,175000,175000.0,78.353,Unknown,Black or African American,Home_Purchase,Principal_Residence,Purchased,39.04,1
23350,3,57.0,125000,185000.0,70.0,43%-<50%,White,CashOut_Refinance,Principal_Residence,Originated,25.38,6
14305,5,140.0,55000,325000.0,66.69,<20%,White,Home_Improvement,Principal_Residence,Originated,9.94,4
55827,3,160.0,665000,825000.0,80.15,30%-<36%,Asian,Refinance,Principal_Residence,Denied,73.09,6
79764,3,54.0,155000,255000.0,59.0,36%-<43%,Black or African American,CashOut_Refinance,Principal_Residence,Originated,62.62,6
43297,6,55.0,315000,505000.0,62.0,50%-60%,Race Not Available,CashOut_Refinance,Principal_Residence,Denied,21.3,0
3788,3,100.0,265000,425000.0,78.353,Unknown,Race Not Available,Refinance,Principal_Residence,Purchased,83.84,6
62447,4,35.0,95000,95000.0,96.499,36%-<43%,White,Home_Purchase,Principal_Residence,Originated,7.99,2
61034,6,47.0,245000,755000.0,78.845,>60%,White,Other,Principal_Residence,Denied,32.4,0
30783,2,95.0,305000,375000.0,78.353,Unknown,Race Not Available,Other,Investment,Withdrawn,0.0,3
7986,0,69.0,165000,275000.0,62.121,20%-<30%,White,Home_Purchase,Principal_Residence,Originated,8.15,1
38418,0,109.0,75000,175000.0,78.353,Unknown,Race Not Available,Home_Purchase,Principal_Residence,Purchased,8.96,1
49605,0,95.0,435000,425000.0,78.353,Unknown,Race Not Available,Home_Purchase,Principal_Residence,Purchased,48.84,5
60604,5,82.0,45000,375000.0,78.353,Unknown,Black or African American,Other,Principal_Residence,Withdrawn,70.59,4
21264,0,53.0,235000,375000.0,78.353,Unknown,White,Home_Purchase,Principal_Residence,Preapproval_Approved_NotAccepted,0.0,1
44171,0,252.0,605000,815000.0,73.62,36%-<43%,White,Home_Purchase,Second_Residence,Originated,12.38,1
62473,0,110.0,325000,345000.0,95.0,43%-<50%,White,Home_Purchase,Principal_Residence,Originated,48.99,5
22157,3,83.0,315000,375000.0,78.353,Unknown,Joint,CashOut_Refinance,Principal_Residence,Withdrawn,18.4,6
30575,2,171.0,205000,375000.0,78.353,Unknown,Race Not Available,Home_Purchase,Investment,Incomplete,52.28,3
30695,2,95.0,75000,375000.0,78.353,Unknown,Race Not Available,Refinance,Investment,Originated,42.22,3
47975,0,202.0,565000,595000.0,94.999,36%-<43%,White,Home_Purchase,Principal_Residence,Originated,7.49,1
19049,4,48.0,105000,115000.0,90.0,Unknown,Race Not Available,Home_Purchase,Principal_Residence,Denied,0.0,2
8982,0,132.0,215000,285000.0,76.786,43%-<50%,White,Home_Purchase,Second_Residence,Denied,11.76,1
85272,3,75.0,325000,375000.0,78.353,Unknown,Race Not Available,CashOut_Refinance,Principal_Residence,Incomplete,98.39,6
35340,0,82.0,225000,325000.0,69.231,20%-<30%,White,Home_Purchase,Principal_Residence,Approved_NotAccepted,8.9,1
84209,2,445.0,255000,375000.0,78.353,Unknown,White,Refinance,Investment,Withdrawn,19.07,3
19748,6,45.0,65000,955000.0,58.42,>60%,Black or African American,Other,Principal_Residence,Denied,79.82,0
52757,0,60.0,235000,295000.0,80.0,30%-<36%,White,Home_Purchase,Principal_Residence,Originated,80.32,5
1837,1,354.0,1105000,1905000.0,57.895,43%-<50%,White,CashOut_Refinance,Principal_Residence,Originated,17.82,6
77360,0,46.0,185000,255000.0,75.0,43%-<50%,White,Home_Purchase,Principal_Residence,Originated,28.64,1
27713,2,99.0,295000,455000.0,65.444,30%-<36%,White,CashOut_Refinance,Investment,Denied,71.37,3
67358,3,78.0,165000,225000.0,80.0,36%-<43%,White,CashOut_Refinance,Principal_Residence,Approved_NotAccepted,22.91,6
81833,6,53.0,175000,185000.0,96.5,50%-60%,White,Home_Purchase,Principal_Residence,Originated,31.51,0
14382,3,167.0,355000,605000.0,58.537,20%-<30%,Black or African American,Refinance,Principal_Residence,Denied,21.77,6
50530,2,265.0,415000,2645000.0,15.7197,Unknown,Joint,CashOut_Refinance,Investment,Originated,0.0,3
21611,1,507.0,1045000,1315000.0,80.0,>60%,White,Home_Purchase,Second_Residence,Originated,31.21,0
6682,5,96.0,15000,365000.0,100.427,36%-<43%,White,Home_Purchase,Principal_Residence,Originated,41.51,4
20271,3,56.0,255000,335000.0,74.627,43%-<50%,Race Not Available,Refinance,Principal_Residence,Denied,39.64,6
47525,0,125.0,555000,605000.0,90.0,43%-<50%,Black or African American,Home_Purchase,Principal_Residence,Originated,18.59,1
84,4,44.0,175000,175000.0,98.189,43%-<50%,White,Home_Purchase,Principal_Residence,Denied,23.66,2
38892,3,78.0,125000,375000.0,78.353,Unknown,Race Not Available,Refinance,Principal_Residence,Incomplete,8.8,6
96212,4,69.0,135000,135000.0,78.353,43%-<50%,White,Home_Purchase,Principal_Residence,Approved_NotAccepted,6.74,2
85994,4,75.0,125000,375000.0,78.353,>60%,Black or African American,Home_Purchase,Principal_Residence,Denied,29.48,2
43274,0,267.0,945000,1005000.0,94.0,30%-<36%,White,Home_Purchase,Principal_Residence,Preapproval_Approved_NotAccepted,0.0,1
11448,3,42.0,75000,275000.0,25.92,43%-<50%,Black or African American,Home_Purchase,Principal_Residence,Originated,82.73,5
38949,2,95.0,315000,435000.0,78.353,Unknown,White,Home_Purchase,Investment,Purchased,19.97,3
68739,6,121.0,515000,585000.0,88.417,50%-60%,Race Not Available,CashOut_Refinance,Principal_Residence,Denied,40.03,0
93782,3,169.0,545000,375000.0,78.353,Unknown,White,CashOut_Refinance,Principal_Residence,Withdrawn,10.85,6
71025,0,95.0,285000,285000.0,78.353,Unknown,Race Not Available,Home_Purchase,Principal_Residence,Purchased,26.04,1
31212,0,126.0,125000,155000.0,80.0,20%-<30%,White,Other,Principal_Residence,Originated,8.45,1
16316,6,118.0,205000,855000.0,72.704,>60%,White,Home_Improvement,Principal_Residence,Denied,48.95,0
65011,5,84.0,15000,305000.0,102.12,43%-<50%,Black or African American,Home_Purchase,Principal_Residence,Originated,75.49,4
82714,1,606.0,2135000,3805000.0,90.0,43%-<50%,White,Home_Purchase,Principal_Residence,Originated,36.87,1
13888,0,145.0,525000,545000.0,95.0,30%-<36%,White,Home_Purchase,Principal_Residence,Originated,11.63,1
97319,3,95.0,805000,1405000.0,78.353,Unknown,Race Not Available,CashOut_Refinance,Principal_Residence,Purchased,45.29,6
78363,6,32.0,145000,155000.0,96.5,>60%,Black or African American,Home_Purchase,Principal_Residence,Denied,98.27,0
80317,3,25.0,125000,375000.0,78.353,Unknown,Race Not Available,CashOut_Refinance,Principal_Residence,Withdrawn,38.74,6
72054,2,95.0,75000,115000.0,65.0,Unknown,White,Home_Purchase,Investment,Originated,67.31,3
38626,0,106.0,145000,375000.0,78.353,Exempt,White,Home_Purchase,Principal_Residence,Originated,8.73,1
27476,6,57.0,15000,205000.0,106.319,50%-60%,White,Home_Purchase,Principal_Residence,Denied,97.12,0
23923,3,120.0,185000,395000.0,46.835,43%-<50%,White,Refinance,Principal_Residence,Originated,22.31,6
9422,0,155.0,635000,935000.0,67.88,36%-<43%,Asian,Home_Purchase,Principal_Residence,Denied,48.67,1
72820,6,118.0,665000,675000.0,96.5,50%-60%,White,Home_Purchase,Principal_Residence,Originated,53.75,0
20672,5,51.0,25000,205000.0,54.2,20%-<30%,White,Home_Improvement,Principal_Residence,Denied,6.98,4
26897,2,183.0,155000,255000.0,78.353,Unknown,White,Other,Investment,Purchased,57.37,3
49455,0,95.0,245000,445000.0,78.353,Unknown,White,Home_Purchase,Principal_Residence,Purchased,36.21,1
38830,4,64.0,75000,375000.0,78.353,Unknown,American Indian or Alaska Native,Home_Purchase,Principal_Residence,Incomplete,87.01,2
14577,0,145.0,515000,375000.0,78.353,Unknown,Black or African American,Home_Purchase,Principal_Residence,Withdrawn,41.6,1
86364,0,270.0,415000,525000.0,80.0,36%-<43%,Asian,Home_Purchase,Second_Residence,Originated,23.05,1
89881,5,74.0,75000,345000.0,79.909,36%-<43%,White,Home_Purchase,Principal_Residence,Originated,38.78,4
46763,3,72.0,275000,375000.0,78.353,Unknown,Race Not Available,CashOut_Refinance,Principal_Residence,Incomplete,43.93,6
19651,4,90.0,115000,125000.0,78.353,43%-<50%,White,Home_Purchase,Principal_Residence,Denied,52.35,2
69813,5,66.0,35000,565000.0,29.492,30%-<36%,White,Home_Improvement,Principal_Residence,Originated,48.46,4
74322,3,26.0,95000,385000.0,24.0,30%-<36%,White,CashOut_Refinance,Principal_Residence,Originated,31.66,6
36323,4,44.0,135000,145000.0,78.353,>60%,Black or African American,Home_Purchase,Principal_Residence,Denied,0.0,2
73187,0,206.0,395000,375000.0,78.353,Unknown,White,Home_Purchase,Principal_Residence,Withdrawn,7.24,1
20034,3,55.0,325000,375000.0,78.353,Unknown,White,CashOut_Refinance,Principal_Residence,Incomplete,76.58,6
45140,2,76.0,125000,375000.0,78.353,Unknown,White,CashOut_Refinance,Investment,Withdrawn,94.49,3
82262,0,243.0,425000,455000.0,95.0,20%-<30%,White,Home_Purchase,Principal_Residence,Denied,34.71,1
44964,0,136.0,225000,275000.0,80.0,43%-<50%,White,Home_Purchase,Principal_Residence,Originated,59.2,5
90190,0,110.0,415000,905000.0,45.778,36%-<43%,White,Home_Purchase,Principal_Residence,Originated,39.67,1
7963,3,69.0,275000,345000.0,80.0,36%-<43%,Black or African American,CashOut_Refinance,Principal_Residence,Originated,51.19,6
9521,5,360.0,85000,445000.0,80.0,20%-<30%,White,Home_Improvement,Principal_Residence,Originated,90.44,4
90925,1,660.0,475000,375000.0,78.353,Unknown,Asian,Refinance,Principal_Residence,Incomplete,8.95,6
40041,3,90.0,115000,145000.0,78.353,Unknown,White,CashOut_Refinance,Principal_Residence,Purchased,78.3,6
88058,0,166.0,255000,705000.0,35.72,30%-<36%,White,Other,Principal_Residence,Originated,10.73,1
47415,1,644.0,2255000,2815000.0,80.0,30%-<36%,White,Home_Purchase,Principal_Residence,Originated,84.57,5
33333,5,270.0,105000,645000.0,87.12,36%-<43%,White,Home_Improvement,Principal_Residence,Originated,18.86,4
9399,2,155.0,145000,375000.0,78.353,Unknown,White,Refinance,Investment,Withdrawn,28.01,3
13041,0,112.0,415000,465000.0,90.0,30%-<36%,White,Home_Purchase,Principal_Residence,Originated,12.97,1
39700,4,88.0,125000,375000.0,78.353,Unknown,White,Home_Purchase,Principal_Residence,Incomplete,0.0,2
57710,0,95.0,445000,455000.0,78.353,Unknown,Race Not Available,Home_Purchase,Principal_Residence,Purchased,16.46,1
42629,0,147.0,365000,465000.0,78.353,Unknown,Asian,Home_Purchase,Principal_Residence,Purchased,37.22,1
30945,5,298.0,155000,695000.0,75.24,43%-<50%,White,Home_Improvement,Principal_Residence,Denied,7.53,4
6624,0,126.0,485000,575000.0,83.65,43%-<50%,White,Home_Purchase,Principal_Residence,Approved_NotAccepted,26.15,1
42705,0,55.0,135000,375000.0,78.353,Unknown,White,Home_Purchase,Principal_Residence,Withdrawn,58.51,5
6946,2,95.0,47995000,375000.0,78.353,Unknown,Race Not Available,Refinance,Investment,Withdrawn,56.43,3
26492,0,144.0,445000,375000.0,78.353,Unknown,Race Not Available,Home_Purchase,Principal_Residence,Withdrawn,52.01,5
73173,0,36.0,165000,205000.0,80.0,43%-<50%,White,Home_Purchase,Principal_Residence,Originated,25.68,1
3251,0,55.0,45000,65000.0,70.228,20%-<30%,Black or African American,Other,Principal_Residence,Originated,99.05,5
59971,0,43.0,145000,145000.0,101.01,36%-<43%,White,Home_Purchase,Principal_Residence,Originated,12.43,1
19689,6,76.0,105000,765000.0,73.68,>60%,White,Home_Improvement,Principal_Residence,Denied,26.63,0
44059,0,59.0,255000,375000.0,78.353,Unknown,White,Home_Purchase,Principal_Residence,Withdrawn,95.39,5
10245,0,57.0,285000,375000.0,95.0,43%-<50%,Race Not Available,Home_Purchase,Principal_Residence,Preapproval_Approved_NotAccepted,0.0,1
83591,4,40.0,115000,125000.0,95.0,20%-<30%,White,Home_Purchase,Principal_Residence,Originated,11.02,2
52858,2,95.0,385000,375000.0,78.353,Unknown,Race Not Available,Home_Purchase,Investment,Denied,46.71,3
66946,5,65.0,75000,375000.0,78.353,Unknown,White,Other,Principal_Residence,Withdrawn,14.54,4
7336,6,288.0,1285000,1605000.0,80.0,50%-60%,White,Home_Purchase,Principal_Residence,Originated,22.29,0
12433,5,82.0,95000,375000.0,78.353,Unknown,White,Home_Improvement,Principal_Residence,Incomplete,29.88,4
18268,1,436.0,865000,1155000.0,75.0,30%-<36%,White,Home_Purchase,Second_Residence,Originated,26.83,1
42333,0,169.0,245000,315000.0,80.0,43%-<50%,White,Home_Purchase,Second_Residence,Originated,9.68,1
33909,0,110.0,365000,465000.0,78.353,Unknown,Asian,Home_Purchase,Principal_Residence,Purchased,67.68,5
77449,2,79.0,85000,145000.0,78.353,>60%,White,Home_Purchase,Investment,Originated,93.56,3
50893,0,175.0,355000,915000.0,78.353,Unknown,White,Home_Purchase,Principal_Residence,Purchased,58.67,5
29833,3,261.0,685000,865000.0,78.73,30%-<36%,White,Refinance,Principal_Residence,Originated,41.34,6
51920,2,60.0,145000,305000.0,46.35,30%-<36%,Black or African American,CashOut_Refinance,Investment,Denied,86.37,3
23815,1,327.0,1205000,3205000.0,37.5,36%-<43%,White,Other,Principal_Residence,Originated,21.67,1
91532,5,87.0,55000,555000.0,67.0,43%-<50%,White,CashOut_Refinance,Principal_Residence,Originated,34.15,4
8038,0,69.0,295000,305000.0,96.5,36%-<43%,Black or African American,Home_Purchase,Principal_Residence,Originated,27.1,1
37048,0,53.0,115000,125000.0,90.0,30%-<36%,White,Home_Purchase,Principal_Residence,Originated,10.95,1
48649,1,849.0,975000,1305000.0,75.0,43%-<50%,White,Home_Purchase,Investment,Originated,32.64,3
28644,0,172.0,515000,375000.0,78.353,Unknown,White,Home_Purchase,Principal_Residence,Withdrawn,18.06,1
62273,3,30.0,85000,95000.0,90.0,20%-<30%,Race Not Available,CashOut_Refinance,Principal_Residence,Denied,6.36,6
48096,4,61.0,75000,75000.0,78.353,36%-<43%,White,Home_Purchase,Principal_Residence,Originated,36.73,2
89739,3,54.0,195000,285000.0,68.0,43%-<50%,White,CashOut_Refinance,Principal_Residence,Denied,70.77,6
14097,3,72.0,305000,535000.0,78.353,Unknown,Race Not Available,CashOut_Refinance,Principal_Residence,Purchased,8.67,6
8958,0,58.0,155000,165000.0,96.5,43%-<50%,White,Home_Purchase,Principal_Residence,Originated,12.6,1
34459,5,101.0,85000,375000.0,78.353,Unknown,White,Other,Principal_Residence,Incomplete,44.55,4
29510,0,137.0,415000,465000.0,88.34,20%-<30%,White,Home_Improvement,Principal_Residence,Originated,65.18,5
23867,3,36.0,95000,375000.0,78.353,Unknown,White,CashOut_Refinance,Principal_Residence,Withdrawn,7.92,6
79827,2,72.0,35000,355000.0,60.126,>60%,White,Home_Improvement,Investment,Denied,30.51,3
60666,3,111.0,255000,375000.0,78.353,Unknown,White,CashOut_Refinance,Principal_Residence,Incomplete,18.21,6
89080,0,168.0,305000,315000.0,97.0,20%-<30%,White,Home_Purchase,Principal_Residence,Originated,7.27,1
53598,0,137.0,395000,425000.0,95.0,20%-<30%,White,Home_Purchase,Principal_Residence,Originated,10.01,1
45935,3,74.0,105000,285000.0,35.714,20%-<30%,Black or African American,Home_Improvement,Principal_Residence,Denied,73.49,5
29017,5,325.0,105000,955000.0,66.089,20%-<30%,White,Home_Improvement,Principal_Residence,Originated,37.63,4
14718,5,100.0,135000,375000.0,78.353,Unknown,White,Home_Improvement,Principal_Residence,Withdrawn,27.78,4
50761,0,80.0,215000,235000.0,93.913,36%-<43%,Black or African American,Home_Purchase,Principal_Residence,Originated,75.63,5
40224,5,129.0,55000,275000.0,68.476,20%-<30%,White,CashOut_Refinance,Principal_Residence,Originated,18.41,4
78765,0,70.0,345000,345000.0,100.0,43%-<50%,White,Home_Purchase,Principal_Residence,Denied,10.97,1
68454,5,110.0,65000,475000.0,85.468,36%-<43%,Race Not Available,Home_Improvement,Principal_Residence,Originated,26.96,4
87866,0,120.0,475000,595000.0,80.0,20%-<30%,Asian,Home_Purchase,Principal_Residence,Denied,42.7,5
18408,0,95.0,315000,555000.0,78.353,Unknown,Race Not Available,Home_Purchase,Principal_Residence,Purchased,29.69,1
10894,5,350.0,185000,615000.0,89.994,20%-<30%,White,Refinance,Principal_Residence,Originated,26.11,4
65167,3,65.0,145000,205000.0,70.0,20%-<30%,White,CashOut_Refinance,Principal_Residence,Originated,29.87,6
15773,0,35.0,225000,335000.0,66.67,43%-<50%,Race Not Available,Home_Purchase,Principal_Residence,Originated,46.05,5
46583,0,185.0,705000,945000.0,74.469,30%-<36%,White,Home_Purchase,Principal_Residence,Originated,97.08,5
16155,0,222.0,1445000,375000.0,78.353,Unknown,White,Home_Purchase,Principal_Residence,Withdrawn,28.55,1
88732,0,115.0,345000,475000.0,73.0,20%-<30%,White,Home_Purchase,Principal_Residence,Originated,17.41,1
40097,2,319.0,255000,1575000.0,52.508,>60%,Asian,CashOut_Refinance,Investment,Approved_NotAccepted,21.7,3
89701,0,77.0,205000,375000.0,53.981,30%-<36%,White,Home_Purchase,Principal_Residence,Originated,10.26,1
45194,0,165.0,645000,735000.0,88.66,30%-<36%,Asian,Home_Purchase,Principal_Residence,Originated,51.18,1
24562,4,122.0,205000,225000.0,78.353,43%-<50%,White,Home_Purchase,Principal_Residence,Originated,21.83,2
21982,0,95.0,395000,415000.0,78.353,Unknown,Race Not Available,Home_Purchase,Principal_Residence,Purchased,19.25,1
48671,3,190.0,185000,375000.0,48.649,<20%,White,Refinance,Principal_Residence,Originated,5.19,6
79181,3,300.0,735000,1005000.0,93.1,20%-<30%,White,Refinance,Principal_Residence,Originated,45.12,6
70140,0,160.0,355000,395000.0,78.353,Unknown,Race Not Available,Home_Purchase,Principal_Residence,Purchased,15.39,1
10782,5,29.0,15000,375000.0,78.353,Unknown,White,Other,Principal_Residence,Denied,90.67,4
77956,6,71.0,305000,345000.0,90.0,50%-60%,White,Refinance,Principal_Residence,Approved_NotAccepted,34.1,0
54051,3,116.0,735000,1055000.0,70.0,30%-<36%,White,CashOut_Refinance,Principal_Residence,Originated,24.3,6
4475,0,141.0,265000,375000.0,78.353,Unknown,White,Home_Purchase,Principal_Residence,Preapproval_Approved_NotAccepted,0.0,1
32503,2,42.0,95000,125000.0,73.469,43%-<50%,White,Refinance,Investment,Originated,8.23,3
97457,5,0.0,155000,275000.0,80.0,43%-<50%,White,Home_Purchase,Principal_Residence,Originated,22.65,4
26614,5,110.0,205000,765000.0,76.209,43%-<50%,White,Other,Principal_Residence,Originated,38.77,4
49232,0,218.0,945000,1185000.0,78.353,Unknown,Race Not Available,Home_Purchase,Principal_Residence,Purchased,34.87,1
49310,3,52.0,165000,265000.0,61.538,43%-<50%,White,CashOut_Refinance,Principal_Residence,Originated,51.34,6
53243,3,52.0,295000,375000.0,78.353,Unknown,Race Not Available,CashOut_Refinance,Principal_Residence,Withdrawn,82.4,6
12002,5,185.0,455000,375000.0,78.353,Unknown,Race Not Available,Refinance,Principal_Residence,Withdrawn,53.42,4
15255,0,91.0,385000,375000.0,78.353,Unknown,White,Home_Purchase,Principal_Residence,Withdrawn,33.22,1
44210,2,158.0,105000,135000.0,80.0,20%-<30%,Race Not Available,Home_Purchase,Investment,Originated,93.08,3
26248,3,90.0,305000,385000.0,80.0,36%-<43%,Race Not Available,Refinance,Principal_Residence,Approved_NotAccepted,92.22,6
20431,0,92.0,355000,375000.0,95.0,43%-<50%,White,Home_Purchase,Principal_Residence,Originated,39.49,5
48462,6,72.0,265000,715000.0,77.315,>60%,Asian,Other,Principal_Residence,Denied,35.0,0
75138,5,88.0,75000,455000.0,64.979,30%-<36%,White,Home_Improvement,Principal_Residence,Originated,29.32,4
85931,0,75.0,205000,225000.0,92.44,43%-<50%,White,Home_Purchase,Principal_Residence,Originated,7.28,1
68850,0,77.0,425000,455000.0,95.0,43%-<50%,White,Home_Purchase,Principal_Residence,Originated,75.0,5
58929,3,48.0,195000,375000.0,78.353,Unknown,White,CashOut_Refinance,Principal_Residence,Incomplete,30.65,6
12789,0,212.0,665000,705000.0,95.0,20%-<30%,White,Home_Purchase,Principal_Residence,Originated,68.9,5
21405,0,167.0,285000,425000.0,78.353,Unknown,White,Home_Purchase,Principal_Residence,Purchased,13.64,1
18215,3,135.0,265000,375000.0,78.353,Unknown,White,CashOut_Refinance,Principal_Residence,Incomplete,23.08,6
47290,3,137.0,955000,375000.0,78.353,Exempt,White,CashOut_Refinance,Principal_Residence,Denied,20.07,6
97714,0,85.0,375000,395000.0,95.671,43%-<50%,Black or African American,Home_Purchase,Principal_Residence,Originated,95.12,5
24481,4,70.0,95000,375000.0,78.353,Unknown,White,Home_Purchase,Principal_Residence,Incomplete,13.38,2
8423,0,54.0,165000,165000.0,102.5,43%-<50%,Race Not Available,Home_Purchase,Principal_Residence,Originated,94.09,5
77441,4,120.0,205000,235000.0,78.353,20%-<30%,White,Home_Purchase,Principal_Residence,Denied,16.47,2
47465,0,74.0,185000,235000.0,80.0,30%-<36%,White,Home_Purchase,Principal_Residence,Originated,63.8,5
28861,3,39.0,105000,375000.0,78.353,Unknown,Race Not Available,CashOut_Refinance,Principal_Residence,Denied,21.41,6
63074,0,217.0,645000,805000.0,80.0,20%-<30%,White,Home_Purchase,Principal_Residence,Originated,35.05,1
11491,0,155.0,295000,415000.0,71.951,<20%,White,Home_Purchase,Principal_Residence,Originated,55.41,5
99743,3,9.0,285000,705000.0,78.353,Unknown,White,Refinance,Principal_Residence,Denied,22.66,6
75465,6,49.0,235000,395000.0,60.732,>60%,Race Not Available,Refinance,Principal_Residence,Originated,38.4,0
73841,5,317.0,205000,725000.0,79.724,30%-<36%,Race Not Available,Other,Principal_Residence,Denied,51.77,4
78129,4,54.0,35000,375000.0,78.353,20%-<30%,White,Home_Purchase,Principal_Residence,Approved_NotAccepted,57.68,2
56169,0,64.0,305000,505000.0,60.0,43%-<50%,White,Home_Purchase,Principal_Residence,Originated,17.23,1
63065,0,219.0,425000,505000.0,85.0,<20%,White,Home_Purchase,Principal_Residence,Originated,26.4,1
28881,5,66.0,45000,375000.0,78.353,Unknown,White,Home_Improvement,Principal_Residence,Incomplete,82.19,4
88840,2,77.0,155000,375000.0,78.353,Exempt,White,Refinance,Investment,Originated,10.99,3
61740,0,110.0,395000,405000.0,96.5,30%-<36%,Black or African American,Home_Purchase,Principal_Residence,Originated,54.51,5
14972,0,148.0,325000,345000.0,95.0,20%-<30%,White,Home_Purchase,Principal_Residence,Originated,74.21,5
52727,6,14.0,55000,195000.0,28.95,>60%,Race Not Available,Home_Purchase,Principal_Residence,Denied,37.54,0
96686,3,38.0,95000,205000.0,49.11,36%-<43%,White,Refinance,Principal_Residence,Originated,19.39,6
12386,0,259.0,695000,865000.0,78.353,Unknown,Race Not Available,Home_Purchase,Principal_Residence,Purchased,24.32,1
4553,6,96.0,325000,335000.0,93.528,50%-60%,White,Home_Purchase,Principal_Residence,Originated,4.15,0
4499,0,173.0,355000,355000.0,100.0,20%-<30%,White,Home_Purchase,Principal_Residence,Originated,17.09,1
26102,3,32.0,205000,395000.0,50.633,43%-<50%,White,CashOut_Refinance,Principal_Residence,Originated,20.58,6
24887,0,52.0,95000,95000.0,78.353,<20%,White,Home_Purchase,Principal_Residence,Originated,12.57,1
87611,6,42.0,85000,285000.0,71.429,>60%,White,Home_Improvement,Principal_Residence,Denied,0.0,0
50392,3,58.0,185000,265000.0,69.231,43%-<50%,Race Not Available,CashOut_Refinance,Principal_Residence,Originated,90.73,6
68735,3,40.0,115000,385000.0,28.57,36%-<43%,White,CashOut_Refinance,Principal_Residence,Denied,34.75,6
6604,3,95.0,525000,665000.0,78.353,Unknown,Race Not Available,Refinance,Principal_Residence,Purchased,21.94,6
59465,5,176.0,65000,315000.0,67.0,<20%,White,Refinance,Principal_Residence,Originated,12.92,4
43579,0,130.0,425000,605000.0,70.0,36%-<43%,White,Other,Principal_Residence,Denied,24.47,1
92044,4,55.0,235000,235000.0,100.0,43%-<50%,Black or African American,Home_Purchase,Principal_Residence,Originated,34.08,2
22355,3,64.0,55000,145000.0,33.784,<20%,Race Not Available,Refinance,Principal_Residence,Originated,6.64,6
68060,0,178.0,195000,375000.0,78.353,Unknown,Race Not Available,Home_Purchase,Principal_Residence,Withdrawn,54.96,5
24904,3,54.0,305000,375000.0,78.353,Unknown,Race Not Available,Refinance,Principal_Residence,Incomplete,32.76,6
50114,3,131.0,355000,355000.0,100.0,30%-<36%,White,CashOut_Refinance,Principal_Residence,Originated,45.67,6
97271,3,118.0,475000,375000.0,78.353,Unknown,Race Not Available,CashOut_Refinance,Principal_Residence,Withdrawn,41.9,6
52830,5,167.0,205000,875000.0,80.0,36%-<43%,Asian,Home_Improvement,Principal_Residence,Originated,85.48,4
95080,6,30.0,105000,505000.0,20.0,50%-60%,White,Home_Purchase,Principal_Residence,Originated,43.76,0
71785,5,192.0,135000,805000.0,79.99,20%-<30%,Asian,Other,Principal_Residence,Originated,14.58,4
16285,0,66.0,345000,365000.0,97.0,43%-<50%,Black or African American,Home_Purchase,Principal_Residence,Originated,91.53,5
92308,0,149.0,525000,655000.0,80.0,30%-<36%,Race Not Available,Home_Purchase,Principal_Residence,Originated,13.27,1
45753,0,51.0,285000,375000.0,78.353,Unknown,White,Home_Purchase,Principal_Residence,Withdrawn,23.84,1
92595,0,60.0,275000,345000.0,80.0,36%-<43%,White,Home_Purchase,Principal_Residence,Originated,30.16,1
30547,3,29.0,305000,375000.0,78.353,Unknown,White,CashOut_Refinance,Principal_Residence,Withdrawn,96.63,6
20470,0,234.0,455000,375000.0,78.353,Unknown,Race Not Available,Home_Purchase,Principal_Residence,Incomplete,80.89,5
68605,3,27.0,105000,355000.0,28.011,36%-<43%,Race Not Available,CashOut_Refinance,Principal_Residence,Originated,20.53,6
26400,1,2987.0,6655000,9505000.0,70.0,30%-<36%,Race Not Available,Other,Principal_Residence,Originated,40.13,4
68538,1,346.0,225000,375000.0,78.353,Unknown,White,Refinance,Principal_Residence,Withdrawn,12.68,6
43902,0,146.0,445000,535000.0,83.096,36%-<43%,Asian,Home_Purchase,Principal_Residence,Denied,22.3,1
99216,0,97.0,375000,395000.0,95.0,43%-<50%,White,Home_Purchase,Principal_Residence,Originated,11.15,1
69938,3,151.0,515000,795000.0,66.0,20%-<30%,White,CashOut_Refinance,Principal_Residence,Originated,15.92,6
87119,0,72.0,225000,235000.0,95.0,36%-<43%,Race Not Available,Home_Purchase,Principal_Residence,Originated,40.63,1
5174,3,142.0,305000,565000.0,55.0,36%-<43%,White,CashOut_Refinance,Principal_Residence,Originated,11.28,6
37205,5,219.0,15000,145000.0,100.14,30%-<36%,White,Home_Improvement,Principal_Residence,Denied,78.06,4
92455,2,285.0,125000,515000.0,24.272,30%-<36%,White,CashOut_Refinance,Investment,Originated,18.26,3
15344,3,73.0,155000,375000.0,78.353,Unknown,White,Refinance,Principal_Residence,Incomplete,11.49,6
63693,2,95.0,1295000,2155000.0,78.353,Unknown,Race Not Available,Home_Purchase,Investment,Purchased,37.39,3
64827,0,95.0,45000,45000.0,78.353,Unknown,Race Not Available,Home_Purchase,Principal_Residence,Purchased,57.07,5
98873,0,50.0,205000,255000.0,80.0,36%-<43%,Race Not Available,Home_Purchase,Principal_Residence,Originated,17.13,1
40500,5,278.0,255000,1105000.0,67.529,30%-<36%,White,Refinance,Principal_Residence,Originated,23.09,4
87904,0,57.0,315000,325000.0,97.0,43%-<50%,Race Not Available,Home_Purchase,Principal_Residence,Originated,98.91,5
25506,3,141.0,455000,485000.0,94.182,20%-<30%,White,CashOut_Refinance,Principal_Residence,Originated,19.78,6
56886,3,117.0,65000,185000.0,33.333,<20%,White,Refinance,Principal_Residence,Originated,30.67,6
22672,6,78.0,135000,505000.0,71.25,50%-60%,White,Other,Principal_Residence,Originated,52.22,0
97566,2,98.0,215000,275000.0,80.0,20%-<30%,Asian,Home_Purchase,Investment,Originated,64.08,3
94442,2,242.0,145000,195000.0,75.0,30%-<36%,White,Home_Purchase,Investment,Originated,25.88,3
16430,0,81.0,225000,225000.0,100.0,30%-<36%,White,Home_Purchase,Principal_Residence,Originated,31.49,1
48251,0,290.0,465000,665000.0,69.88,20%-<30%,White,Home_Purchase,Principal_Residence,Originated,27.0,1
64786,3,165.0,225000,365000.0,59.946,20%-<30%,White,CashOut_Refinance,Second_Residence,Originated,34.21,6
36545,1,398.0,315000,1295000.0,69.991,20%-<30%,Asian,Home_Improvement,Principal_Residence,Originated,64.25,4
34896,3,129.0,225000,375000.0,78.353,Exempt,Race Not Available,CashOut_Refinance,Principal_Residence,Purchased,44.65,6
67011,5,102.0,105000,345000.0,89.0,30%-<36%,White,CashOut_Refinance,Principal_Residence,Originated,67.34,4
38931,3,45.0,35000,125000.0,28.0,<20%,White,Other,Principal_Residence,Denied,8.19,1
71995,6,60.0,285000,295000.0,96.5,50%-60%,White,Home_Purchase,Principal_Residence,Originated,42.08,0
43318,0,95.0,185000,195000.0,78.353,Unknown,Race Not Available,Home_Purchase,Principal_Residence,Purchased,17.17,1
94776,5,102.0,35000,555000.0,101.954,20%-<30%,Race Not Available,Other,Principal_Residence,Denied,49.49,4
93208,0,39.0,195000,195000.0,78.353,36%-<43%,White,Home_Purchase,Principal_Residence,Originated,7.19,1
85181,0,269.0,335000,355000.0,95.0,30%-<36%,White,Home_Purchase,Principal_Residence,Originated,25.12,1
75683,2,95.0,265000,405000.0,107.74,Unknown,Race Not Available,Refinance,Investment,Originated,15.82,3
37613,1,538.0,1005000,1975000.0,50.63,30%-<36%,Race Not Available,Refinance,Principal_Residence,Originated,12.2,6
26314,6,95.0,55000,155000.0,89.893,50%-60%,White,Other,Principal_Residence,Originated,12.34,0
61675,0,136.0,215000,215000.0,96.5,43%-<50%,Joint,Home_Purchase,Principal_Residence,Originated,8.82,1
6648,3,86.0,175000,315000.0,53.712,36%-<43%,White,Refinance,Principal_Residence,Originated,12.03,6
53850,0,288.0,375000,505000.0,75.0,20%-<30%,White,Home_Purchase,Principal_Residence,Originated,20.61,1
34004,3,153.0,235000,355000.0,68.04,20%-<30%,White,CashOut_Refinance,Principal_Residence,Originated,45.19,6
40762,3,50.0,155000,255000.0,60.0,36%-<43%,Race Not Available,CashOut_Refinance,Principal_Residence,Denied,12.08,6
90796,3,76.0,325000,375000.0,78.353,Unknown,White,Refinance,Principal_Residence,Incomplete,48.11,6
6669,0,95.0,255000,325000.0,78.353,Unknown,Asian,Home_Purchase,Principal_Residence,Purchased,10.12,1
56062,5,76.0,55000,325000.0,40.603,36%-<43%,White,Other,Principal_Residence,Originated,6.97,4
83019,1,323.0,585000,725000.0,78.353,Unknown,White,CashOut_Refinance,Principal_Residence,Purchased,14.23,6
95521,2,95.0,1115000,1315000.0,72.08,Unknown,Race Not Available,Home_Purchase,Investment,Originated,59.99,3
86637,3,92.0,135000,215000.0,62.79,43%-<50%,Race Not Available,CashOut_Refinance,Principal_Residence,Originated,43.68,6
1864,3,110.0,355000,375000.0,78.353,Unknown,Race Not Available,CashOut_Refinance,Principal_Residence,Withdrawn,31.42,6
93252,3,2.0,215000,375000.0,78.353,Unknown,Black or African American,Refinance,Principal_Residence,Incomplete,16.75,6
92584,0,100.0,525000,825000.0,63.182,36%-<43%,Asian,Home_Purchase,Principal_Residence,Originated,9.69,1
96183,3,180.0,405000,375000.0,78.353,Unknown,Race Not Available,Refinance,Principal_Residence,Withdrawn,17.3,6
90100,4,138.0,305000,295000.0,100.0,43%-<50%,White,Home_Purchase,Principal_Residence,Originated,5.03,2
42332,3,93.0,335000,375000.0,78.353,Unknown,Black or African American,Refinance,Principal_Residence,Incomplete,23.35,6
87142,0,146.0,745000,765000.0,96.5,43%-<50%,White,Home_Purchase,Principal_Residence,Originated,21.75,1
53335,5,70.0,65000,375000.0,74.99,43%-<50%,White,Refinance,Principal_Residence,Originated,34.47,4
92210,0,135.0,465000,485000.0,95.0,43%-<50%,Asian,Home_Purchase,Principal_Residence,Denied,8.36,1
74119,1,455.0,145000,835000.0,94.166,20%-<30%,White,Other,Principal_Residence,Originated,6.57,4
8761,5,72.0,35000,375000.0,78.353,Unknown,Black or African American,Home_Improvement,Principal_Residence,Incomplete,53.94,4
96301,3,113.0,165000,515000.0,33.137,<20%,White,CashOut_Refinance,Principal_Residence,Originated,75.4,6
48363,5,66.0,105000,335000.0,65.99,43%-<50%,Race Not Available,Home_Improvement,Principal_Residence,Originated,51.89,4
71735,4,47.0,135000,135000.0,78.353,43%-<50%,White,Home_Purchase,Principal_Residence,Originated,7.8,2
23437,0,263.0,285000,375000.0,78.353,Exempt,White,Home_Purchase,Principal_Residence,Originated,91.64,5
66806,0,63.0,165000,175000.0,102.882,43%-<50%,Race Not Available,Home_Purchase,Principal_Residence,Originated,41.0,5
44868,2,144.0,465000,625000.0,75.0,30%-<36%,White,Home_Purchase,Investment,Originated,28.74,3
98045,0,109.0,505000,375000.0,78.353,Unknown,Black or African American,Home_Purchase,Principal_Residence,Withdrawn,92.77,5
99903,0,95.0,125000,235000.0,78.353,Unknown,Race Not Available,Home_Purchase,Principal_Residence,Purchased,17.21,1
7715,1,345.0,355000,375000.0,78.353,Unknown,White,Home_Purchase,Principal_Residence,Withdrawn,21.56,1
79331,5,74.0,45000,165000.0,88.84,36%-<43%,White,Refinance,Principal_Residence,Originated,39.65,4
52893,3,95.0,245000,295000.0,78.353,Unknown,Race Not Available,CashOut_Refinance,Principal_Residence,Purchased,31.3,6
66968,5,95.0,55000,325000.0,93.424,43%-<50%,White,Other,Principal_Residence,Originated,21.68,4
16945,3,95.0,625000,755000.0,82.667,36%-<43%,Race Not Available,CashOut_Refinance,Principal_Residence,Originated,96.97,6
24093,2,71.0,145000,215000.0,66.39,36%-<43%,White,CashOut_Refinance,Investment,Originated,93.68,3
12367,3,96.0,85000,365000.0,23.077,20%-<30%,White,Home_Purchase,Second_Residence,Originated,30.6,1
48229,5,238.0,35000,455000.0,97.077,<20%,White,Other,Principal_Residence,Denied,25.53,4
9716,0,63.0,265000,355000.0,75.0,43%-<50%,White,Home_Purchase,Principal_Residence,Originated,40.3,5
41545,0,95.0,585000,645000.0,78.353,Unknown,Race Not Available,Home_Purchase,Principal_Residence,Purchased,44.51,1
83656,0,99.0,375000,535000.0,78.353,Unknown,White,Home_Purchase,Principal_Residence,Purchased,30.36,1
87843,3,59.0,105000,165000.0,60.651,30%-<36%,White,Refinance,Principal_Residence,Originated,17.31,6
84411,0,75.0,275000,375000.0,78.353,Unknown,White,Home_Purchase,Principal_Residence,Withdrawn,16.17,1
7501,5,67.0,55000,305000.0,53.205,43%-<50%,Race Not Available,Home_Improvement,Principal_Residence,Originated,25.66,4
30473,0,57.0,135000,375000.0,56.52,30%-<36%,White,Home_Purchase,Principal_Residence,Denied,11.4,1
63865,1,465.0,555000,375000.0,78.353,Unknown,White,Refinance,Principal_Residence,Incomplete,28.42,6
15543,3,69.0,95000,235000.0,43.0,20%-<30%,White,CashOut_Refinance,Principal_Residence,Originated,13.95,6
91935,0,84.0,295000,315000.0,95.0,30%-<36%,White,Home_Purchase,Principal_Residence,Originated,29.21,1
21214,0,110.0,335000,395000.0,95.0,30%-<36%,White,Home_Purchase,Principal_Residence,Originated,23.72,1
33686,5,133.0,55000,465000.0,70.0,30%-<36%,White,CashOut_Refinance,Principal_Residence,Denied,19.72,4
50553,3,143.0,325000,395000.0,80.0,36%-<43%,White,CashOut_Refinance,Principal_Residence,Originated,62.06,6
45793,5,139.0,205000,375000.0,82.545,30%-<36%,White,Refinance,Principal_Residence,Originated,31.9,4
54183,3,197.0,155000,375000.0,78.353,Exempt,Race Not Available,Refinance,Principal_Residence,Originated,65.48,6
43589,0,175.0,405000,405000.0,100.0,36%-<43%,2 or more minority races,Home_Purchase,Principal_Residence,Originated,25.6,1
66566,3,61.0,95000,375000.0,78.353,Unknown,Race Not Available,CashOut_Refinance,Principal_Residence,Withdrawn,84.15,6
69922,3,18.0,65000,85000.0,70.0,30%-<36%,Race Not Available,Refinance,Principal_Residence,Denied,11.33,6
28306,4,67.0,135000,135000.0,96.5,43%-<50%,Race Not Available,Home_Purchase,Principal_Residence,Originated,20.54,2
18289,3,64.0,95000,175000.0,59.0,36%-<43%,Race Not Available,CashOut_Refinance,Principal_Residence,Originated,90.35,6
53068,0,95.0,395000,375000.0,78.353,Unknown,Race Not Available,Home_Purchase,Principal_Residence,Withdrawn,94.0,5
77597,0,204.0,225000,275000.0,81.0,<20%,Asian,Home_Purchase,Second_Residence,Originated,53.29,5
11438,0,172.0,405000,425000.0,95.0,20%-<30%,Joint,Home_Purchase,Principal_Residence,Originated,18.54,1
59930,0,37.0,245000,255000.0,96.5,43%-<50%,Race Not Available,Home_Purchase,Principal_Residence,Originated,81.8,5
66298,5,95.0,15000,315000.0,78.353,Unknown,Race Not Available,Home_Purchase,Principal_Residence,Purchased,78.42,4
42926,2,67.0,125000,165000.0,78.353,Unknown,White,Home_Purchase,Investment,Purchased,12.51,3
51852,5,52.0,15000,165000.0,100.749,36%-<43%,White,Home_Purchase,Principal_Residence,Originated,32.11,4
58421,5,210.0,105000,645000.0,47.942,36%-<43%,Race Not Available,Home_Improvement,Principal_Residence,Originated,7.45,4
40374,3,120.0,565000,375000.0,78.353,Unknown,Race Not Available,Refinance,Principal_Residence,Incomplete,82.11,6
21618,0,179.0,355000,405000.0,87.5,30%-<36%,White,Home_Purchase,Principal_Residence,Originated,36.95,1
96492,0,141.0,265000,265000.0,96.5,36%-<43%,White,Home_Purchase,Principal_Residence,Originated,31.73,1
49463,5,71.0,45000,215000.0,84.96,20%-<30%,White,Other,Principal_Residence,Originated,28.03,4
54485,3,50.0,75000,235000.0,32.609,30%-<36%,White,CashOut_Refinance,Principal_Residence,Originated,55.74,6
96424,0,95.0,115000,125000.0,78.353,Unknown,Race Not Available,Home_Purchase,Principal_Residence,Purchased,38.9,5
12693,0,187.0,655000,375000.0,78.353,Unknown,Race Not Available,Home_Purchase,Principal_Residence,Withdrawn,24.97,1
12748,0,70.0,375000,465000.0,80.0,43%-<50%,Race Not Available,Home_Purchase,Principal_Residence,Originated,62.24,5
3137,0,95.0,175000,175000.0,78.353,Unknown,Race Not Available,Home_Purchase,Principal_Residence,Purchased,39.06,5
54793,5,146.0,65000,365000.0,72.96,36%-<43%,White,Home_Improvement,Principal_Residence,Originated,23.24,4
44351,0,95.0,285000,295000.0,78.353,Unknown,Race Not Available,Home_Purchase,Principal_Residence,Purchased,56.13,5
30527,0,87.0,435000,375000.0,78.353,Unknown,Black or African American,Home_Purchase,Principal_Residence,Withdrawn,95.51,5
16119,3,80.0,75000,165000.0,47.531,<20%,White,Refinance,Principal_Residence,Originated,14.96,6
72650,5,49.0,45000,175000.0,89.302,43%-<50%,White,Other,Principal_Residence,Originated,60.05,4
8055,2,95.0,105000,165000.0,78.353,Unknown,Race Not Available,Home_Purchase,Investment,Purchased,68.05,3
64971,0,236.0,255000,405000.0,62.5,<20%,White,Home_Improvement,Principal_Residence,Denied,41.09,5
30483,0,185.0,305000,355000.0,83.799,30%-<36%,White,Home_Purchase,Principal_Residence,Originated,10.88,1
21792,0,124.0,485000,375000.0,78.353,Unknown,White,Home_Purchase,Principal_Residence,Denied,71.23,5
18758,3,42.0,575000,375000.0,78.353,Unknown,White,Refinance,Principal_Residence,Withdrawn,17.06,6
42057,6,90.0,385000,375000.0,100.0,>60%,Joint,Home_Purchase,Principal_Residence,Originated,53.96,0
84994,6,36.0,535000,675000.0,80.0,>60%,Race Not Available,Refinance,Principal_Residence,Denied,26.46,0
30750,5,150.0,75000,495000.0,59.72,36%-<43%,White,Home_Improvement,Principal_Residence,Originated,45.01,4
98356,0,99.0,15000,375000.0,100.0,43%-<50%,White,Home_Purchase,Principal_Residence,Denied,86.19,5
65160,0,160.0,475000,565000.0,85.0,20%-<30%,White,Home_Purchase,Principal_Residence,Originated,18.36,1
26398,6,64.0,75000,505000.0,34.877,>60%,White,Refinance,Principal_Residence,Originated,9.0,0
87406,4,95.0,65000,435000.0,14.81,Unknown,Race Not Available,Home_Improvement,Investment,Originated,11.24,2
92581,0,53.0,175000,185000.0,93.92,30%-<36%,Race Not Available,Home_Purchase,Principal_Residence,Originated,83.01,5
44469,0,215.0,475000,375000.0,78.353,Unknown,Race Not Available,Home_Purchase,Principal_Residence,Withdrawn,30.76,1
72664,3,68.0,215000,375000.0,58.109,43%-<50%,Black or African American,CashOut_Refinance,Principal_Residence,Denied,59.35,6
26214,3,248.0,445000,555000.0,79.09,36%-<43%,Race Not Available,CashOut_Refinance,Principal_Residence,Originated,38.58,6
8211,0,255.0,875000,975000.0,90.0,30%-<36%,Race Not Available,Home_Purchase,Principal_Residence,Originated,56.98,5
17684,6,272.0,1475000,1885000.0,77.901,50%-60%,White,Home_Purchase,Principal_Residence,Denied,12.93,0
86143,6,66.0,145000,345000.0,84.78,>60%,White,Home_Improvement,Principal_Residence,Denied,9.58,0
13940,1,986.0,615000,685000.0,90.0,<20%,Race Not Available,Home_Purchase,Principal_Residence,Originated,62.46,4
80258,0,88.0,235000,375000.0,78.353,Unknown,Asian,Home_Purchase,Principal_Residence,Withdrawn,25.86,1
92549,2,146.0,195000,265000.0,75.0,43%-<50%,White,Refinance,Investment,Originated,55.85,3
54429,0,35.0,175000,195000.0,88.2,43%-<50%,Race Not Available,Home_Purchase,Principal_Residence,Originated,61.51,5
92980,4,76.0,155000,375000.0,78.353,Unknown,Race Not Available,CashOut_Refinance,Principal_Residence,Withdrawn,21.14,2
19822,5,271.0,105000,855000.0,65.588,20%-<30%,White,Other,Principal_Residence,Originated,12.51,4
18223,0,127.0,535000,665000.0,80.0,36%-<43%,Asian,Home_Purchase,Principal_Residence,Originated,45.94,5
67186,1,787.0,875000,1305000.0,67.038,20%-<30%,White,Refinance,Second_Residence,Originated,14.14,6
58910,3,56.0,195000,245000.0,80.0,43%-<50%,White,CashOut_Refinance,Principal_Residence,Originated,16.79,6
52662,0,68.0,175000,375000.0,78.353,Unknown,White,Home_Purchase,Principal_Residence,Withdrawn,19.15,1
56383,1,306.0,545000,375000.0,78.353,Unknown,White,Home_Purchase,Principal_Residence,Withdrawn,26.52,1
98648,0,95.0,365000,385000.0,78.353,Unknown,Race Not Available,Home_Purchase,Principal_Residence,Purchased,60.71,5
32130,0,76.0,135000,175000.0,77.647,36%-<43%,White,Home_Purchase,Principal_Residence,Originated,16.75,1
58332,4,187.0,155000,375000.0,78.353,<20%,White,Home_Purchase,Principal_Residence,Originated,5.68,2
30222,0,145.0,555000,585000.0,95.0,20%-<30%,White,Home_Purchase,Principal_Residence,Originated,30.54,1
80521,0,95.0,85000,115000.0,78.353,Unknown,Race Not Available,NotApplicable,Principal_Residence,Purchased,27.22,1
61718,5,300.0,55000,335000.0,78.353,Unknown,White,Home_Improvement,Principal_Residence,Denied,91.22,4
51119,4,53.0,95000,135000.0,78.353,50%-60%,White,Home_Purchase,Principal_Residence,Denied,18.73,2
84722,0,200.0,675000,755000.0,89.5,30%-<36%,Asian,Home_Purchase,Principal_Residence,Approved_NotAccepted,77.8,5
60845,5,96.0,125000,305000.0,64.248,30%-<36%,Black or African American,Home_Purchase,Principal_Residence,Denied,97.33,4
32491,0,137.0,205000,1545000.0,78.353,Unknown,Asian,Home_Improvement,Principal_Residence,Purchased,68.27,5
51040,2,95.0,255000,655000.0,38.11,Unknown,Race Not Available,Refinance,Investment,Originated,29.94,3
36942,3,75.0,245000,425000.0,57.224,43%-<50%,White,Refinance,Principal_Residence,Originated,52.99,6
24281,0,53.0,195000,375000.0,78.353,Unknown,Black or African American,Home_Purchase,Principal_Residence,Withdrawn,41.4,1
325,0,123.0,345000,425000.0,80.0,36%-<43%,White,Home_Purchase,Principal_Residence,Originated,19.72,1
9879,0,222.0,545000,575000.0,78.353,Unknown,Joint,Home_Purchase,Principal_Residence,Purchased,86.12,5
53498,5,155.0,105000,1105000.0,64.489,36%-<43%,White,Home_Improvement,Principal_Residence,Originated,46.78,4
25354,5,46.0,25000,375000.0,78.353,Exempt,White,Home_Improvement,Principal_Residence,Originated,8.29,4
23447,0,94.0,365000,385000.0,97.0,36%-<43%,White,Home_Purchase,Principal_Residence,Approved_NotAccepted,83.74,5
69088,3,176.0,785000,1005000.0,78.89,43%-<50%,Asian,Refinance,Principal_Residence,Originated,51.23,6
24623,0,68.0,365000,395000.0,90.0,36%-<43%,White,Home_Purchase,Principal_Residence,Originated,89.88,5
65848,0,76.0,245000,245000.0,100.0,43%-<50%,White,Home_Purchase,Principal_Residence,Originated,69.79,5
35611,0,182.0,645000,835000.0,78.353,Unknown,Race Not Available,Home_Purchase,Principal_Residence,Purchased,50.31,5
2484,0,63.0,255000,435000.0,58.0,43%-<50%,Black or African American,Other,Principal_Residence,Originated,72.5,5
95150,0,130.0,445000,375000.0,78.353,Unknown,Race Not Available,Home_Purchase,Principal_Residence,Withdrawn,34.45,1
2331,2,69.0,95000,375000.0,78.353,Unknown,Race Not Available,CashOut_Refinance,Investment,Withdrawn,68.24,3
1321,4,166.0,105000,115000.0,95.0,<20%,Race Not Available,Home_Purchase,Principal_Residence,Originated,79.55,2
41330,3,211.0,555000,375000.0,78.353,Unknown,Race Not Available,CashOut_Refinance,Principal_Residence,Withdrawn,39.51,6
53963,2,95.0,195000,295000.0,78.353,Unknown,Race Not Available,CashOut_Refinance,Investment,Purchased,55.41,3
36302,0,150.0,95000,105000.0,96.5,<20%,Race Not Available,Home_Purchase,Principal_Residence,Denied,33.8,1
38571,4,39.0,175000,175000.0,78.353,>60%,Black or African American,Home_Purchase,Principal_Residence,Denied,32.67,2
44584,0,111.0,205000,205000.0,96.5,20%-<30%,White,Home_Purchase,Principal_Residence,Originated,40.23,1
43580,0,58.0,185000,375000.0,78.353,Unknown,White,Home_Purchase,Principal_Residence,Incomplete,84.48,5
88052,0,95.0,385000,405000.0,78.353,Unknown,Race Not Available,Home_Purchase,Principal_Residence,Purchased,28.45,1
13133,0,165.0,545000,575000.0,94.93,30%-<36%,Asian,Home_Purchase,Principal_Residence,Approved_NotAccepted,36.98,1
70673,0,140.0,505000,525000.0,97.0,36%-<43%,Asian,Home_Purchase,Principal_Residence,Originated,80.54,5
38136,0,82.0,315000,315000.0,78.353,30%-<36%,White,Home_Purchase,Principal_Residence,Originated,36.07,1
6819,0,47.0,215000,235000.0,95.0,43%-<50%,White,Home_Purchase,Principal_Residence,Originated,95.08,5
2094,3,16.0,385000,545000.0,78.353,Unknown,Black or African American,Refinance,Principal_Residence,Originated,20.15,6
58161,0,72.0,475000,625000.0,77.0,43%-<50%,Race Not Available,Home_Purchase,Principal_Residence,Originated,69.89,5
76348,1,287.0,725000,1125000.0,64.44,20%-<30%,White,Home_Purchase,Principal_Residence,Originated,24.78,1
63465,2,95.0,115000,175000.0,78.353,Unknown,Race Not Available,Refinance,Investment,Purchased,29.55,3
28714,3,128.0,515000,655000.0,79.0,36%-<43%,White,CashOut_Refinance,Principal_Residence,Originated,12.91,6
43927,0,95.0,235000,235000.0,78.353,Unknown,Race Not Available,Home_Purchase,Principal_Residence,Purchased,24.45,1
15216,3,12.0,195000,365000.0,78.353,Unknown,Race Not Available,Refinance,Principal_Residence,Originated,75.63,6
98557,0,58.0,215000,315000.0,67.75,36%-<43%,White,Home_Purchase,Principal_Residence,Originated,20.37,1
41251,3,279.0,585000,1255000.0,46.96,20%-<30%,White,Refinance,Principal_Residence,Originated,13.71,6
49162,0,191.0,805000,1305000.0,61.53,36%-<43%,Race Not Available,Home_Purchase,Principal_Residence,Denied,19.4,1
90672,3,80.0,155000,375000.0,78.353,Unknown,White,Refinance,Principal_Residence,Originated,13.44,6
72966,6,42.0,55000,325000.0,61.0,50%-60%,White,Home_Improvement,Principal_Residence,Denied,22.43,0
74124,0,95.0,165000,205000.0,78.353,Unknown,Race Not Available,Home_Purchase,Principal_Residence,Purchased,27.92,1
36494,0,118.0,235000,255000.0,95.0,30%-<36%,White,Home_Purchase,Principal_Residence,Originated,65.02,5
79429,3,105.0,555000,695000.0,79.275,43%-<50%,White,CashOut_Refinance,Principal_Residence,Denied,49.78,6
1662,4,72.0,185000,195000.0,78.353,43%-<50%,Black or African American,Home_Purchase,Principal_Residence,Approved_NotAccepted,83.13,2
78916,3,100.0,195000,375000.0,78.353,Unknown,White,CashOut_Refinance,Principal_Residence,Incomplete,9.57,6
19328,3,27.0,135000,375000.0,78.353,Unknown,American Indian or Alaska Native,CashOut_Refinance,Principal_Residence,Withdrawn,23.19,6
41364,5,104.0,105000,465000.0,84.854,43%-<50%,White,Home_Improvement,Principal_Residence,Originated,25.53,4
5201,4,54.0,65000,375000.0,78.353,Unknown,Race Not Available,Home_Purchase,Principal_Residence,Incomplete,82.35,2
717,5,82.0,65000,375000.0,78.353,Unknown,White,Refinance,Principal_Residence,Withdrawn,21.36,4
37766,0,21.0,545000,785000.0,78.353,Unknown,White,Home_Improvement,Principal_Residence,Originated,68.75,5
60416,0,95.0,215000,235000.0,95.0,20%-<30%,White,Home_Purchase,Principal_Residence,Originated,7.65,1
4150,0,106.0,185000,225000.0,80.0,36%-<43%,White,Home_Purchase,Principal_Residence,Originated,36.68,1
34811,1,397.0,1365000,1705000.0,80.0,30%-<36%,Asian,CashOut_Refinance,Principal_Residence,Originated,58.46,6
837,3,68.0,185000,375000.0,78.353,Unknown,White,CashOut_Refinance,Principal_Residence,Incomplete,14.04,6
50565,3,107.0,385000,915000.0,42.308,43%-<50%,White,CashOut_Refinance,Principal_Residence,Originated,27.37,6
13659,0,63.0,205000,175000.0,115.44,30%-<36%,White,Home_Purchase,Principal_Residence,Denied,99.61,5
45429,1,444.0,155000,1165000.0,68.676,<20%,Race Not Available,Other,Principal_Residence,Originated,8.41,4
91112,3,100.0,375000,375000.0,78.353,Unknown,Race Not Available,Refinance,Principal_Residence,Incomplete,7.93,6
94441,4,51.0,185000,205000.0,90.0,36%-<43%,Race Not Available,Home_Purchase,Principal_Residence,Originated,46.61,2
58345,5,132.0,55000,605000.0,59.667,36%-<43%,White,Home_Improvement,Principal_Residence,Originated,24.29,4
56639,4,82.0,335000,375000.0,78.353,Unknown,White,Home_Purchase,Principal_Residence,Withdrawn,14.05,2
13458,1,570.0,505000,1755000.0,28.572,30%-<36%,White,Home_Purchase,Principal_Residence,Originated,46.12,4
21490,0,58.0,125000,375000.0,78.353,Unknown,Asian,Home_Purchase,Principal_Residence,Withdrawn,25.68,1
46644,0,63.0,225000,235000.0,78.353,Unknown,White,Home_Purchase,Principal_Residence,Purchased,14.93,1
94632,3,59.0,325000,405000.0,80.0,36%-<43%,White,CashOut_Refinance,Principal_Residence,Denied,73.47,6
89503,0,103.0,415000,515000.0,80.0,36%-<43%,Joint,Home_Purchase,Principal_Residence,Originated,91.38,5
20341,2,95.0,14005000,22355000.0,62.64,Unknown,Race Not Available,Home_Purchase,Investment,Originated,42.8,3
23497,6,16.0,115000,155000.0,72.785,50%-60%,White,Home_Improvement,Principal_Residence,Denied,10.84,0
7579,0,151.0,455000,455000.0,100.0,43%-<50%,White,Home_Purchase,Principal_Residence,Originated,46.14,1
12396,4,79.0,175000,175000.0,78.353,50%-60%,Joint,Home_Purchase,Principal_Residence,Originated,66.03,2
28070,2,117.0,155000,605000.0,76.13,>60%,Race Not Available,Other,Investment,Denied,21.06,3
20857,3,31.0,55000,375000.0,78.353,Unknown,White,CashOut_Refinance,Principal_Residence,Withdrawn,60.18,6
25527,3,138.0,295000,375000.0,78.353,Unknown,White,Refinance,Principal_Residence,Withdrawn,56.7,6
40695,3,95.0,155000,375000.0,78.353,Unknown,Black or African American,Refinance,Principal_Residence,Incomplete,85.43,6
50017,6,26.0,25000,305000.0,8.33,>60%,White,Home_Improvement,Principal_Residence,Denied,95.84,0
3687,3,176.0,305000,375000.0,78.353,Unknown,Race Not Available,CashOut_Refinance,Principal_Residence,Incomplete,48.52,6
62876,3,156.0,85000,145000.0,60.34,<20%,Race Not Available,Refinance,Principal_Residence,Denied,0.0,6
22546,3,60.0,135000,375000.0,78.353,Unknown,Race Not Available,Refinance,Principal_Residence,Withdrawn,22.66,6
73340,3,123.0,235000,475000.0,50.0,30%-<36%,White,Refinance,Principal_Residence,Originated,10.47,6
22922,0,95.0,405000,605000.0,78.353,Unknown,Race Not Available,Home_Purchase,Principal_Residence,Purchased,4.78,1
59036,6,110.0,65000,395000.0,107.516,50%-60%,White,Other,Principal_Residence,Denied,27.93,0
78759,0,219.0,285000,405000.0,70.0,30%-<36%,White,Home_Purchase,Second_Residence,Originated,26.74,1
11796,3,155.0,235000,375000.0,78.353,Unknown,White,Refinance,Principal_Residence,Withdrawn,65.42,6
46432,3,95.0,455000,505000.0,90.0,36%-<43%,White,Refinance,Principal_Residence,Originated,25.69,6
12314,0,69.0,565000,595000.0,95.0,36%-<43%,White,Home_Purchase,Principal_Residence,Originated,21.43,1
86966,5,134.0,55000,465000.0,79.645,43%-<50%,White,Other,Principal_Residence,Originated,21.59,4
2581,3,95.0,785000,1455000.0,53.608,Unknown,White,CashOut_Refinance,Principal_Residence,Originated,36.09,6
52520,3,53.0,325000,375000.0,78.353,Unknown,Race Not Available,CashOut_Refinance,Principal_Residence,Withdrawn,19.23,6
53539,2,128.0,305000,375000.0,78.353,Unknown,Race Not Available,CashOut_Refinance,Investment,Incomplete,27.41,3
95427,3,38.0,105000,375000.0,78.353,Unknown,Black or African American,CashOut_Refinance,Principal_Residence,Withdrawn,97.66,6
14362,0,80.0,375000,465000.0,80.0,43%-<50%,White,Home_Purchase,Principal_Residence,Originated,47.08,1
24962,5,28.0,35000,255000.0,69.965,43%-<50%,White,Home_Improvement,Principal_Residence,Originated,17.33,4
45301,0,95.0,265000,275000.0,78.353,Unknown,Race Not Available,Home_Purchase,Principal_Residence,Purchased,27.57,1
50446,3,65.0,35000,185000.0,20.0,<20%,White,Other,Principal_Residence,Denied,7.94,1
60964,5,77.0,105000,375000.0,78.353,20%-<30%,Native Hawaiian or Other Pacific Islander,Other,Principal_Residence,Denied,60.24,4
35676,6,22.0,25000,175000.0,85.16,>60%,White,Home_Improvement,Principal_Residence,Denied,29.17,0
20256,3,100.0,165000,225000.0,76.364,36%-<43%,White,CashOut_Refinance,Principal_Residence,Originated,41.01,6
14503,0,62.0,305000,325000.0,104.22,43%-<50%,American Indian or Alaska Native,Home_Purchase,Principal_Residence,Originated,75.88,5
35757,0,55.0,345000,425000.0,80.0,43%-<50%,White,Home_Purchase,Principal_Residence,Originated,54.24,5
88767,3,190.0,365000,375000.0,78.353,Unknown,White,CashOut_Refinance,Principal_Residence,Withdrawn,19.11,6
47855,2,95.0,145000,195000.0,78.353,Unknown,Race Not Available,Home_Purchase,Investment,Purchased,43.28,3
4958,0,34.0,115000,125000.0,96.5,36%-<43%,White,Home_Purchase,Principal_Residence,Originated,18.49,1
56407,6,57.0,25000,465000.0,79.987,>60%,White,Home_Improvement,Principal_Residence,Denied,29.24,0
65649,0,60.0,195000,215000.0,95.0,36%-<43%,White,Home_Purchase,Principal_Residence,Originated,95.9,5
32735,0,104.0,405000,455000.0,89.0,36%-<43%,White,Home_Purchase,Principal_Residence,Originated,21.72,1
34129,5,84.0,15000,655000.0,66.7,43%-<50%,White,Home_Improvement,Principal_Residence,Originated,14.51,4
94602,3,134.0,375000,815000.0,46.296,20%-<30%,White,Refinance,Principal_Residence,Originated,20.56,6
17769,0,219.0,745000,935000.0,80.0,36%-<43%,Asian,Home_Purchase,Principal_Residence,Originated,52.48,5
27469,3,65.0,255000,535000.0,78.353,Unknown,Black or African American,Refinance,Principal_Residence,Originated,59.55,6
33874,4,75.0,65000,65000.0,103.333,20%-<30%,White,Home_Purchase,Principal_Residence,Denied,19.61,2
54888,6,50.0,175000,185000.0,96.5,50%-60%,Black or African American,Home_Purchase,Principal_Residence,Originated,90.37,0
98157,3,54.0,55000,655000.0,12.5,20%-<30%,White,Refinance,Principal_Residence,Originated,11.4,6
21552,3,40.0,185000,375000.0,78.353,Unknown,White,CashOut_Refinance,Principal_Residence,Incomplete,18.41,6
72736,2,111.0,315000,375000.0,78.353,Unknown,White,CashOut_Refinance,Investment,Withdrawn,83.42,3
7425,0,32.0,145000,145000.0,100.395,43%-<50%,White,Home_Purchase,Principal_Residence,Originated,36.09,1
91314,0,95.0,195000,225000.0,78.353,Unknown,Race Not Available,Home_Purchase,Principal_Residence,Purchased,19.12,1
61436,2,134.0,125000,175000.0,75.0,30%-<36%,White,Home_Purchase,Investment,Originated,37.51,3
92258,4,63.0,205000,255000.0,80.0,43%-<50%,Race Not Available,CashOut_Refinance,Principal_Residence,Originated,7.41,2
84832,3,84.0,205000,335000.0,61.821,20%-<30%,White,Refinance,Principal_Residence,Originated,6.38,6
96630,4,53.0,115000,115000.0,78.353,50%-60%,White,Home_Purchase,Principal_Residence,Denied,30.99,2
48725,3,95.0,235000,575000.0,78.353,Unknown,Race Not Available,Refinance,Principal_Residence,Purchased,35.08,6
16853,3,72.0,105000,595000.0,16.82,20%-<30%,White,CashOut_Refinance,Principal_Residence,Originated,14.92,6
29547,1,374.0,515000,685000.0,75.0,<20%,Race Not Available,CashOut_Refinance,Principal_Residence,Originated,15.76,6
58550,0,67.0,255000,325000.0,80.0,30%-<36%,White,Home_Purchase,Principal_Residence,Originated,13.11,1
75662,0,32.0,45000,375000.0,78.353,Exempt,Race Not Available,Home_Purchase,Principal_Residence,Denied,9.26,1
68108,4,95.0,225000,375000.0,78.353,Unknown,Race Not Available,Home_Purchase,Principal_Residence,Purchased,29.94,2
61704,3,61.0,165000,285000.0,57.895,20%-<30%,White,CashOut_Refinance,Principal_Residence,Originated,74.61,6
25810,0,95.0,545000,585000.0,78.353,Unknown,Race Not Available,Home_Purchase,Principal_Residence,Purchased,46.04,5
81825,0,138.0,355000,375000.0,95.0,30%-<36%,White,Home_Purchase,Principal_Residence,Originated,10.14,1
45995,0,212.0,835000,815000.0,100.0,43%-<50%,Race Not Available,Home_Purchase,Principal_Residence,Originated,53.17,5
10627,0,87.0,165000,375000.0,78.353,Unknown,Black or African American,Home_Purchase,Principal_Residence,Withdrawn,42.02,5
57004,1,379.0,495000,625000.0,78.353,Unknown,Race Not Available,Home_Purchase,Second_Residence,Purchased,5.4,1
50504,0,95.0,255000,255000.0,78.353,Unknown,Race Not Available,Home_Purchase,Principal_Residence,Purchased,81.66,5
40258,3,70.0,145000,275000.0,52.0,20%-<30%,White,CashOut_Refinance,Principal_Residence,Approved_NotAccepted,18.04,6
96224,3,49.0,755000,375000.0,78.353,Unknown,Race Not Available,Refinance,Principal_Residence,Incomplete,0.0,6
42558,3,126.0,475000,375000.0,78.353,Unknown,White,Refinance,Second_Residence,Withdrawn,46.83,6
14306,5,160.0,95000,405000.0,89.3,30%-<36%,Race Not Available,Other,Principal_Residence,Originated,29.19,4
13506,3,84.0,295000,565000.0,52.0,30%-<36%,White,Refinance,Principal_Residence,Originated,10.29,6
32257,1,390.0,635000,1255000.0,50.28,20%-<30%,Race Not Available,Refinance,Second_Residence,Originated,7.04,6
36249,3,85.0,335000,375000.0,78.353,Unknown,White,CashOut_Refinance,Principal_Residence,Withdrawn,16.08,6
31538,5,150.0,105000,375000.0,78.353,Unknown,White,Other,Principal_Residence,Withdrawn,56.72,4
77018,0,57.0,245000,255000.0,95.0,43%-<50%,Black or African American,Home_Purchase,Principal_Residence,Originated,62.83,5
42055,6,128.0,605000,1255000.0,48.0,50%-60%,White,Home_Purchase,Principal_Residence,Denied,18.22,0
70459,0,157.0,375000,375000.0,78.353,Unknown,White,Home_Purchase,Principal_Residence,Withdrawn,28.77,1
33015,6,221.0,755000,1965000.0,63.53,50%-60%,White,Refinance,Principal_Residence,Originated,57.71,0
76790,2,103.0,195000,505000.0,79.703,43%-<50%,Race Not Available,Home_Improvement,Investment,Originated,90.31,3
57558,5,98.0,65000,215000.0,84.186,36%-<43%,White,Other,Principal_Residence,Originated,57.74,4
77252,0,55.0,235000,335000.0,70.0,36%-<43%,Asian,Home_Purchase,Principal_Residence,Originated,31.01,1
61288,0,97.0,215000,205000.0,100.529,30%-<36%,White,Home_Purchase,Principal_Residence,Originated,39.71,1
70702,3,27.0,175000,185000.0,94.444,36%-<43%,American Indian or Alaska Native,Refinance,Principal_Residence,Denied,94.15,6
1425,1,445.0,455000,375000.0,78.353,Unknown,Race Not Available,Home_Improvement,Principal_Residence,Incomplete,30.11,1
55400,3,187.0,95000,175000.0,51.136,36%-<43%,White,CashOut_Refinance,Principal_Residence,Originated,25.14,6
38996,5,162.0,305000,615000.0,95.0,36%-<43%,White,Home_Purchase,Principal_Residence,Originated,23.29,4
55139,2,49.0,65000,85000.0,80.0,43%-<50%,White,Home_Purchase,Investment,Originated,42.88,3
98757,0,60.0,285000,375000.0,78.353,Unknown,White,Home_Purchase,Principal_Residence,Withdrawn,20.58,1
43095,5,199.0,145000,765000.0,79.993,20%-<30%,Asian,CashOut_Refinance,Principal_Residence,Originated,27.7,4
77318,0,212.0,855000,1295000.0,65.511,36%-<43%,White,Home_Purchase,Principal_Residence,Originated,39.71,1
55228,3,100.0,275000,375000.0,78.353,Unknown,White,CashOut_Refinance,Principal_Residence,Withdrawn,12.38,6
39974,0,64.0,235000,235000.0,100.0,36%-<43%,Asian,Home_Purchase,Principal_Residence,Originated,33.51,1
72700,0,95.0,205000,235000.0,78.353,Unknown,Race Not Available,Home_Purchase,Principal_Residence,Purchased,96.85,5
21953,0,170.0,415000,375000.0,78.353,Unknown,Race Not Available,Home_Purchase,Principal_Residence,Withdrawn,13.88,1
6374,0,86.0,275000,375000.0,73.333,20%-<30%,White,Home_Purchase,Principal_Residence,Originated,4.53,1
8144,0,94.0,165000,175000.0,95.0,30%-<36%,Asian,Home_Purchase,Principal_Residence,Originated,67.94,5
43824,1,514.0,485000,1245000.0,39.4,30%-<36%,White,Home_Purchase,Principal_Residence,Originated,7.05,1
61406,5,115.0,55000,585000.0,60.64,20%-<30%,White,Home_Improvement,Principal_Residence,Originated,18.06,4
68567,3,78.0,155000,525000.0,29.654,20%-<30%,White,CashOut_Refinance,Principal_Residence,Originated,41.34,6
13416,2,277.0,145000,195000.0,75.0,20%-<30%,Asian,Home_Purchase,Investment,Originated,31.95,3
76065,5,149.0,305000,1205000.0,82.6,43%-<50%,White,Other,Principal_Residence,Denied,38.37,4
82981,3,117.0,115000,275000.0,41.0,<20%,White,Refinance,Principal_Residence,Originated,19.18,6
37263,0,66.0,85000,105000.0,79.66,20%-<30%,White,Home_Improvement,Principal_Residence,Originated,4.57,1
77126,0,53.0,195000,205000.0,97.0,36%-<43%,White,Home_Purchase,Principal_Residence,Originated,40.27,1
15941,3,90.0,415000,565000.0,74.245,43%-<50%,White,CashOut_Refinance,Principal_Residence,Originated,28.39,6
9750,5,131.0,75000,945000.0,67.82,43%-<50%,Joint,Home_Improvement,Principal_Residence,Originated,56.69,4
44264,4,95.0,375000,375000.0,78.353,Unknown,Race Not Available,Home_Purchase,Principal_Residence,Purchased,11.75,2
52223,0,95.0,265000,265000.0,78.353,Unknown,Race Not Available,Home_Purchase,Principal_Residence,Purchased,28.04,1
27937,3,82.0,205000,285000.0,74.286,20%-<30%,White,Refinance,Principal_Residence,Originated,28.79,6
92266,3,92.0,495000,375000.0,78.353,Unknown,Black or African American,CashOut_Refinance,Principal_Residence,Withdrawn,63.35,6
18806,3,120.0,415000,375000.0,78.353,Unknown,White,CashOut_Refinance,Principal_Residence,Withdrawn,40.1,6
23103,3,187.0,255000,325000.0,80.0,20%-<30%,White,CashOut_Refinance,Principal_Residence,Denied,47.33,6
58701,0,108.0,145000,415000.0,34.146,20%-<30%,Race Not Available,Home_Improvement,Principal_Residence,Originated,57.81,5
25510,2,136.0,155000,205000.0,75.0,43%-<50%,Race Not Available,Home_Purchase,Investment,Originated,31.88,3
57909,5,80.0,105000,275000.0,58.761,43%-<50%,Race Not Available,Other,Principal_Residence,Originated,43.08,4
18839,0,95.0,325000,335000.0,78.353,Unknown,Race Not Available,Home_Purchase,Principal_Residence,Purchased,97.25,5
36369,0,242.0,385000,375000.0,100.0,20%-<30%,White,Home_Purchase,Principal_Residence,Originated,34.06,1
22882,5,92.0,45000,375000.0,78.353,Unknown,White,Home_Improvement,Principal_Residence,Incomplete,30.52,4
490,2,55.0,175000,335000.0,53.03,43%-<50%,White,CashOut_Refinance,Investment,Originated,44.34,3
91575,3,73.0,265000,375000.0,69.333,30%-<36%,Race Not Available,CashOut_Refinance,Principal_Residence,Originated,16.74,6
84638,2,86.0,185000,255000.0,75.0,30%-<36%,White,CashOut_Refinance,Investment,Denied,45.69,3
76426,5,120.0,65000,445000.0,62.028,36%-<43%,Race Not Available,Home_Improvement,Principal_Residence,Originated,90.93,4
71992,3,109.0,155000,185000.0,85.0,20%-<30%,White,Refinance,Principal_Residence,Denied,7.49,6
2429,3,19.0,35000,125000.0,27.47,43%-<50%,White,Home_Improvement,Principal_Residence,Originated,31.67,1
78546,0,22.0,565000,375000.0,78.353,Unknown,White,Home_Purchase,Principal_Residence,Incomplete,8.78,1
37789,0,93.0,335000,345000.0,78.353,Unknown,Race Not Available,Home_Purchase,Principal_Residence,Purchased,43.13,5
79669,2,95.0,575000,825000.0,70.0,<20%,Black or African American,Home_Purchase,Investment,Originated,40.33,3
60874,0,31.0,145000,285000.0,50.53,36%-<43%,White,Other,Principal_Residence,Originated,53.66,5
33485,5,115.0,265000,475000.0,78.561,36%-<43%,White,Home_Purchase,Principal_Residence,Approved_NotAccepted,61.62,4
80064,4,34.0,25000,25000.0,78.353,>60%,Race Not Available,Home_Purchase,Principal_Residence,Denied,12.52,2
2477,0,127.0,335000,345000.0,96.5,36%-<43%,White,Home_Purchase,Principal_Residence,Originated,20.56,1
79120,0,33.0,175000,375000.0,78.353,36%-<43%,White,Home_Purchase,Principal_Residence,Preapproval_Denied,0.0,1
59314,3,169.0,335000,455000.0,73.978,30%-<36%,Race Not Available,Refinance,Principal_Residence,Originated,21.98,6
32319,6,107.0,205000,605000.0,33.333,>60%,Race Not Available,Home_Improvement,Principal_Residence,Denied,6.21,0
92721,1,800.0,815000,1405000.0,57.857,20%-<30%,White,Refinance,Second_Residence,Originated,20.5,6
39093,6,14.0,45000,395000.0,89.993,>60%,White,Home_Improvement,Principal_Residence,Denied,55.41,0
7176,0,36.0,145000,155000.0,97.0,36%-<43%,White,Home_Purchase,Principal_Residence,Originated,55.83,5
35943,4,148.0,95000,375000.0,78.353,Unknown,White,Home_Purchase,Principal_Residence,Incomplete,11.9,2
60216,0,230.0,715000,1085000.0,90.0,36%-<43%,Race Not Available,Home_Purchase,Principal_Residence,Originated,27.42,1
54819,6,34.0,55000,565000.0,30.89,>60%,White,Other,Principal_Residence,Denied,30.45,0
84557,3,93.0,475000,675000.0,70.0,36%-<43%,Race Not Available,CashOut_Refinance,Principal_Residence,Originated,97.84,6
61309,3,53.0,85000,235000.0,35.522,36%-<43%,Black or African American,Refinance,Principal_Residence,Originated,81.57,6
11227,3,67.0,235000,405000.0,58.25,43%-<50%,White,CashOut_Refinance,Principal_Residence,Denied,5.61,6
3386,4,45.0,165000,175000.0,98.188,36%-<43%,White,Home_Purchase,Principal_Residence,Originated,21.41,2
8222,3,51.0,155000,305000.0,53.0,43%-<50%,Race Not Available,Refinance,Principal_Residence,Originated,40.98,6
48266,0,80.0,365000,585000.0,61.538,43%-<50%,White,Home_Purchase,Principal_Residence,Originated,52.68,5
5786,2,95.0,9005000,17195000.0,52.36,Unknown,Race Not Available,CashOut_Refinance,Investment,Originated,34.43,3
51734,3,42.0,175000,265000.0,78.353,Unknown,Race Not Available,CashOut_Refinance,Principal_Residence,Purchased,49.72,6
57310,5,151.0,135000,175000.0,80.0,<20%,White,Refinance,Principal_Residence,Originated,12.06,4
67202,6,58.0,385000,485000.0,80.0,>60%,Black or African American,Home_Purchase,Principal_Residence,Denied,21.81,0
41693,1,346.0,1785000,375000.0,78.353,Unknown,Race Not Available,Home_Purchase,Principal_Residence,Withdrawn,25.27,1
28231,5,28.0,15000,55000.0,79.893,36%-<43%,Black or African American,Home_Improvement,Principal_Residence,Originated,73.33,4
8500,0,77.0,205000,205000.0,96.5,43%-<50%,Joint,Home_Purchase,Principal_Residence,Originated,81.17,5
41516,3,88.0,305000,375000.0,78.353,Exempt,White,CashOut_Refinance,Principal_Residence,Approved_NotAccepted,6.24,6
28383,3,145.0,545000,375000.0,78.353,Unknown,White,CashOut_Refinance,Principal_Residence,Incomplete,22.92,6
53860,0,95.0,615000,645000.0,78.353,Unknown,Race Not Available,Home_Purchase,Principal_Residence,Purchased,25.73,1
48381,5,168.0,75000,375000.0,78.353,30%-<36%,White,Home_Improvement,Principal_Residence,Denied,11.99,4
42239,3,107.0,105000,375000.0,78.353,Unknown,Race Not Available,CashOut_Refinance,Principal_Residence,Withdrawn,80.53,6
59580,0,84.0,405000,375000.0,78.353,Unknown,Asian,Home_Improvement,Principal_Residence,Incomplete,50.25,5
42360,3,39.0,165000,275000.0,59.0,36%-<43%,White,CashOut_Refinance,Principal_Residence,Originated,10.47,6
84359,0,46.0,45000,55000.0,94.68,30%-<36%,Black or African American,Home_Purchase,Principal_Residence,Originated,22.96,1
37310,0,61.0,205000,255000.0,80.0,43%-<50%,White,Home_Purchase,Principal_Residence,Originated,66.53,5
76656,3,60.0,125000,225000.0,56.82,43%-<50%,White,CashOut_Refinance,Principal_Residence,Originated,17.08,6
54304,3,116.0,215000,265000.0,80.0,20%-<30%,Race Not Available,CashOut_Refinance,Principal_Residence,Originated,92.67,6
59275,0,95.0,265000,265000.0,78.353,Unknown,Race Not Available,Home_Purchase,Principal_Residence,Purchased,55.83,5
65639,4,95.0,135000,375000.0,78.353,Unknown,Black or African American,Home_Purchase,Principal_Residence,Denied,0.0,2
5819,6,97.0,375000,375000.0,96.5,50%-60%,White,Home_Purchase,Principal_Residence,Originated,41.37,0
99177,0,88.0,165000,375000.0,78.353,Unknown,White,Home_Purchase,Principal_Residence,Withdrawn,14.45,1
69163,5,101.0,55000,375000.0,78.353,36%-<43%,Black or African American,Other,Principal_Residence,Denied,71.83,4
59627,5,95.0,75000,885000.0,78.353,Unknown,Race Not Available,CashOut_Refinance,Principal_Residence,Purchased,97.43,4
31113,6,252.0,255000,765000.0,32.895,50%-60%,White,Refinance,Principal_Residence,Originated,12.36,0
13259,6,53.0,265000,275000.0,96.5,50%-60%,Black or African American,Home_Purchase,Principal_Residence,Originated,31.87,0
21998,0,95.0,365000,385000.0,78.353,Unknown,Race Not Available,Home_Purchase,Principal_Residence,Purchased,40.45,1
94736,6,111.0,275000,275000.0,96.5,50%-60%,Joint,Home_Purchase,Principal_Residence,Denied,46.62,0
34730,3,95.0,105000,165000.0,78.353,Unknown,Race Not Available,Refinance,Principal_Residence,Purchased,10.86,6
25084,1,928.0,375000,465000.0,80.0,<20%,White,Home_Purchase,Principal_Residence,Originated,16.79,4
83982,1,1518.0,455000,375000.0,78.353,<20%,White,CashOut_Refinance,Principal_Residence,Originated,19.38,6
8409,0,72.0,145000,175000.0,80.0,30%-<36%,White,Home_Purchase,Principal_Residence,Originated,47.16,1
11100,3,46.0,85000,115000.0,73.182,30%-<36%,White,Refinance,Principal_Residence,Originated,32.47,6
2623,5,64.0,15000,285000.0,86.981,20%-<30%,White,Refinance,Principal_Residence,Originated,5.16,4
93285,0,126.0,305000,405000.0,75.309,20%-<30%,White,Home_Purchase,Principal_Residence,Originated,19.26,1
98985,5,115.0,155000,415000.0,74.029,43%-<50%,White,Refinance,Principal_Residence,Originated,13.81,4
57845,0,95.0,285000,285000.0,78.353,Unknown,Race Not Available,Home_Purchase,Principal_Residence,Purchased,30.98,1
87275,3,95.0,175000,255000.0,78.353,Unknown,Race Not Available,CashOut_Refinance,Principal_Residence,Purchased,11.4,6
8472,0,103.0,505000,535000.0,95.0,43%-<50%,White,Home_Purchase,Principal_Residence,Originated,17.24,1
24896,0,120.0,245000,345000.0,71.09,20%-<30%,White,Home_Purchase,Principal_Residence,Originated,22.26,1
56813,0,233.0,645000,865000.0,74.971,20%-<30%,White,Home_Purchase,Principal_Residence,Originated,9.56,1
63153,3,97.0,155000,305000.0,52.0,20%-<30%,White,CashOut_Refinance,Principal_Residence,Originated,74.46,6
80870,0,196.0,515000,375000.0,78.353,Unknown,White,Home_Purchase,Principal_Residence,Withdrawn,32.07,1
90919,5,78.0,55000,515000.0,77.57,43%-<50%,White,Home_Improvement,Principal_Residence,Originated,14.74,4
38693,0,122.0,215000,375000.0,78.353,Unknown,White,Home_Purchase,Principal_Residence,Withdrawn,45.79,5
86826,3,60.0,235000,375000.0,78.353,Unknown,White,CashOut_Refinance,Principal_Residence,Withdrawn,9.68,6
69145,0,180.0,445000,455000.0,97.0,20%-<30%,Black or African American,Home_Purchase,Principal_Residence,Denied,86.14,5
51036,0,95.0,335000,335000.0,78.353,Unknown,Race Not Available,Home_Purchase,Principal_Residence,Purchased,14.29,1
25601,3,73.0,145000,175000.0,80.0,30%-<36%,Black or African American,CashOut_Refinance,Principal_Residence,Originated,72.83,6
57631,3,79.0,265000,355000.0,75.0,36%-<43%,White,Refinance,Principal_Residence,Approved_NotAccepted,19.93,6
81577,0,95.0,345000,355000.0,78.353,Unknown,Race Not Available,Home_Purchase,Principal_Residence,Purchased,45.94,5
61210,0,90.0,325000,375000.0,78.353,Unknown,Race Not Available,Home_Purchase,Principal_Residence,Purchased,96.51,5
81856,3,35.0,95000,375000.0,78.353,Unknown,Black or African American,CashOut_Refinance,Principal_Residence,Denied,32.24,6
1526,5,48.0,45000,265000.0,78.1,43%-<50%,Race Not Available,Other,Principal_Residence,Denied,50.25,4
68785,4,84.0,175000,175000.0,94.441,30%-<36%,White,Home_Purchase,Principal_Residence,Originated,6.48,2
36575,3,95.0,215000,375000.0,78.353,Unknown,White,Refinance,Principal_Residence,Incomplete,12.32,6
38548,3,38.0,35000,465000.0,6.5,36%-<43%,White,Other,Principal_Residence,Denied,34.45,1
11349,0,155.0,445000,555000.0,80.0,36%-<43%,White,Home_Purchase,Principal_Residence,Originated,21.89,1
67692,6,61.0,315000,325000.0,96.5,50%-60%,White,Home_Purchase,Principal_Residence,Denied,74.24,0
42843,6,51.0,255000,325000.0,78.531,50%-60%,White,Home_Purchase,Principal_Residence,Originated,85.88,0
69802,0,95.0,285000,295000.0,78.353,Unknown,Race Not Available,Home_Purchase,Principal_Residence,Purchased,35.2,1
51539,3,136.0,415000,545000.0,75.13,30%-<36%,Black or African American,CashOut_Refinance,Principal_Residence,Denied,27.19,6
3876,0,155.0,525000,615000.0,85.0,36%-<43%,White,Home_Purchase,Principal_Residence,Originated,19.52,1
19106,1,373.0,1035000,1155000.0,89.57,30%-<36%,Joint,Home_Purchase,Principal_Residence,Denied,35.0,1
28664,3,168.0,265000,505000.0,53.36,20%-<30%,White,CashOut_Refinance,Principal_Residence,Denied,42.58,6
55848,0,83.0,295000,375000.0,80.0,43%-<50%,White,Home_Purchase,Principal_Residence,Originated,60.58,5
79294,5,295.0,145000,1645000.0,79.58,30%-<36%,White,Home_Purchase,Principal_Residence,Originated,16.68,4
21684,4,31.0,55000,375000.0,78.353,Unknown,White,Home_Purchase,Principal_Residence,Incomplete,25.31,2
33702,0,65.0,225000,245000.0,95.0,30%-<36%,White,Home_Purchase,Principal_Residence,Originated,12.24,1
70373,0,48.0,175000,175000.0,100.423,20%-<30%,White,Home_Purchase,Principal_Residence,Originated,23.57,1
99991,0,130.0,555000,585000.0,95.0,43%-<50%,Race Not Available,Home_Purchase,Principal_Residence,Originated,22.67,1
1290,0,165.0,485000,375000.0,78.353,Unknown,White,Home_Purchase,Principal_Residence,Incomplete,8.85,1
82625,0,115.0,365000,435000.0,82.38,43%-<50%,Race Not Available,Home_Purchase,Principal_Residence,Originated,36.15,1
82723,3,235.0,105000,295000.0,35.79,<20%,White,Refinance,Principal_Residence,Originated,54.98,6
35185,2,103.0,65000,385000.0,17.662,43%-<50%,Race Not Available,CashOut_Refinance,Investment,Originated,89.19,3
18540,0,93.0,395000,425000.0,95.0,36%-<43%,White,Home_Purchase,Principal_Residence,Originated,28.04,1
37196,5,95.0,55000,375000.0,78.353,Unknown,Black or African American,Home_Improvement,Principal_Residence,Withdrawn,78.61,4
30451,0,123.0,305000,305000.0,100.0,43%-<50%,White,Home_Purchase,Principal_Residence,Originated,12.33,1
12451,3,40.0,85000,235000.0,34.707,36%-<43%,Asian,Other,Principal_Residence,Originated,46.04,5
1338,0,117.0,655000,735000.0,90.0,36%-<43%,Asian,Home_Purchase,Principal_Residence,Originated,31.11,1
58609,1,428.0,485000,575000.0,85.0,20%-<30%,Race Not Available,Home_Purchase,Second_Residence,Originated,43.7,5
75536,0,63.0,285000,285000.0,100.0,43%-<50%,White,Home_Purchase,Principal_Residence,Originated,62.06,5
72091,0,126.0,105000,375000.0,78.353,Exempt,Asian,Home_Purchase,Principal_Residence,Denied,63.33,5
14954,3,64.0,175000,205000.0,85.0,20%-<30%,White,CashOut_Refinance,Principal_Residence,Denied,54.13,6
74266,5,77.0,45000,375000.0,78.353,Exempt,Asian,Other,Principal_Residence,Originated,84.37,4
42545,0,107.0,165000,375000.0,78.353,Unknown,White,Home_Purchase,Principal_Residence,Withdrawn,52.58,1
66846,5,227.0,145000,245000.0,70.51,20%-<30%,White,Home_Improvement,Principal_Residence,Originated,59.85,4
13234,0,250.0,485000,965000.0,78.353,Unknown,White,Home_Purchase,Principal_Residence,Purchased,33.75,1
48006,0,56.0,295000,325000.0,90.0,36%-<43%,White,Home_Purchase,Principal_Residence,Originated,76.14,5
3178,3,8.0,465000,675000.0,70.0,43%-<50%,White,CashOut_Refinance,Principal_Residence,Originated,98.93,6
4835,6,95.0,425000,475000.0,88.374,50%-60%,White,Home_Purchase,Principal_Residence,Denied,11.22,0
91250,0,95.0,215000,205000.0,78.353,Unknown,Race Not Available,Home_Purchase,Principal_Residence,Purchased,37.51,1
30791,5,80.0,45000,425000.0,79.98,43%-<50%,White,Other,Principal_Residence,Originated,40.24,4
68516,0,95.0,245000,245000.0,78.353,Unknown,Race Not Available,Home_Purchase,Principal_Residence,Purchased,10.77,1
36470,0,15.0,125000,385000.0,78.353,Unknown,White,Other,Principal_Residence,Denied,92.82,5
89067,0,68.0,315000,335000.0,78.353,Unknown,Race Not Available,Home_Purchase,Principal_Residence,Purchased,95.27,5
38277,1,488.0,1525000,1905000.0,80.0,>60%,Race Not Available,Home_Purchase,Principal_Residence,Denied,9.15,0
66677,5,185.0,345000,915000.0,86.58,36%-<43%,Race Not Available,Refinance,Principal_Residence,Originated,24.29,4
12050,0,71.0,115000,115000.0,95.0,36%-<43%,White,Home_Purchase,Principal_Residence,Originated,24.38,1
74396,3,70.0,345000,375000.0,78.353,Unknown,Black or African American,CashOut_Refinance,Principal_Residence,Incomplete,62.2,6
21747,0,175.0,285000,375000.0,78.353,Unknown,White,Home_Purchase,Principal_Residence,Withdrawn,51.56,5
37313,0,38.0,55000,375000.0,78.353,Unknown,White,Other,Principal_Residence,Withdrawn,85.74,5
9843,5,88.0,35000,385000.0,95.016,43%-<50%,White,Other,Principal_Residence,Denied,29.27,4
39701,0,94.0,265000,335000.0,80.0,20%-<30%,Black or African American,Home_Purchase,Principal_Residence,Originated,66.41,5
42984,0,95.0,365000,455000.0,78.353,Unknown,Race Not Available,Home_Purchase,Principal_Residence,Purchased,22.02,1
3762,0,65.0,295000,305000.0,95.0,36%-<43%,White,Home_Purchase,Principal_Residence,Originated,19.11,1
52265,0,43.0,175000,205000.0,85.646,36%-<43%,Black or African American,Home_Purchase,Principal_Residence,Originated,54.03,5
63995,3,92.0,105000,305000.0,35.0,30%-<36%,Joint,Refinance,Principal_Residence,Originated,48.36,6
36031,2,140.0,515000,605000.0,85.0,36%-<43%,Asian,Home_Purchase,Investment,Originated,74.96,3
48824,3,73.0,175000,225000.0,77.876,43%-<50%,Race Not Available,CashOut_Refinance,Principal_Residence,Originated,18.37,6
65472,3,95.0,885000,1905000.0,78.353,Unknown,Race Not Available,CashOut_Refinance,Principal_Residence,Purchased,21.17,6
52913,3,68.0,125000,375000.0,78.353,Unknown,White,Refinance,Principal_Residence,Withdrawn,22.52,6
39835,5,235.0,185000,975000.0,72.5,43%-<50%,Asian,Other,Principal_Residence,Originated,24.25,4
55356,0,205.0,695000,775000.0,90.0,30%-<36%,Black or African American,Home_Purchase,Principal_Residence,Originated,28.01,1
14860,0,223.0,235000,245000.0,104.833,43%-<50%,White,Home_Purchase,Principal_Residence,Originated,27.05,1
92204,2,205.0,325000,435000.0,75.0,20%-<30%,Asian,Home_Improvement,Investment,Originated,75.9,3
69759,2,153.0,545000,685000.0,80.0,30%-<36%,Asian,Home_Purchase,Investment,Originated,46.28,3
13952,0,95.0,845000,1055000.0,78.353,Unknown,Race Not Available,Home_Purchase,Principal_Residence,Purchased,15.96,1
87025,0,43.0,25000,375000.0,78.353,20%-<30%,White,Home_Improvement,Principal_Residence,Denied,33.25,1
23577,1,295.0,185000,755000.0,25.0,<20%,White,CashOut_Refinance,Principal_Residence,Originated,31.12,6
36079,0,50.0,145000,265000.0,55.0,36%-<43%,Black or African American,Home_Improvement,Principal_Residence,Originated,33.46,1
84882,0,79.0,355000,375000.0,78.353,Unknown,White,Home_Purchase,Principal_Residence,Withdrawn,69.11,5
83219,5,264.0,255000,375000.0,35.961,20%-<30%,White,Home_Improvement,Principal_Residence,Approved_NotAccepted,68.39,4
10843,4,57.0,45000,45000.0,78.353,>60%,White,Home_Purchase,Principal_Residence,Denied,8.37,2
74345,0,60.0,295000,385000.0,78.353,Unknown,White,Home_Purchase,Principal_Residence,Purchased,25.15,1
39865,0,66.0,125000,375000.0,78.353,Unknown,White,Home_Purchase,Principal_Residence,Withdrawn,94.86,5
64711,3,95.0,105000,145000.0,70.54,Unknown,Black or African American,Refinance,Principal_Residence,Originated,41.75,6
99674,6,64.0,35000,375000.0,78.353,>60%,Black or African American,Other,Principal_Residence,Denied,52.01,0
47576,5,78.0,55000,475000.0,55.363,20%-<30%,White,Home_Improvement,Principal_Residence,Originated,14.72,4
3421,6,114.0,345000,385000.0,90.0,50%-60%,White,CashOut_Refinance,Principal_Residence,Originated,20.3,0
1393,2,112.0,35000,255000.0,64.989,43%-<50%,White,Other,Investment,Originated,31.05,3
34702,3,44.0,185000,375000.0,78.353,Unknown,White,CashOut_Refinance,Principal_Residence,Incomplete,37.6,6
93903,0,95.0,605000,805000.0,75.0,Unknown,Race Not Available,Home_Purchase,Principal_Residence,Denied,11.3,1
84750,5,328.0,95000,655000.0,74.26,20%-<30%,White,Home_Improvement,Principal_Residence,Originated,30.27,4
7654,5,300.0,75000,885000.0,66.53,30%-<36%,White,Other,Principal_Residence,Denied,27.54,4
41842,2,166.0,195000,245000.0,78.353,Unknown,White,Home_Purchase,Investment,Purchased,36.6,3
20780,0,95.0,295000,295000.0,78.353,Unknown,Race Not Available,Home_Purchase,Principal_Residence,Purchased,43.83,5
20366,3,135.0,215000,275000.0,80.0,36%-<43%,Joint,CashOut_Refinance,Principal_Residence,Originated,13.74,6
58806,0,146.0,395000,415000.0,78.353,Unknown,Race Not Available,Home_Purchase,Principal_Residence,Purchased,51.64,5
50799,0,40.0,45000,55000.0,78.26,<20%,White,Home_Improvement,Principal_Residence,Denied,22.24,1
28803,5,194.0,175000,565000.0,73.699,30%-<36%,Race Not Available,CashOut_Refinance,Principal_Residence,Originated,37.53,4
61487,6,32.0,25000,255000.0,48.8,>60%,White,Home_Improvement,Principal_Residence,Denied,39.51,0
69672,3,128.0,275000,335000.0,80.0,43%-<50%,White,CashOut_Refinance,Principal_Residence,Originated,56.16,6
31945,3,74.0,185000,395000.0,47.5,43%-<50%,White,Refinance,Principal_Residence,Originated,96.93,6
4662,0,41.0,85000,115000.0,75.0,20%-<30%,White,Home_Purchase,Principal_Residence,Originated,61.82,5
43578,2,80.0,85000,125000.0,66.94,30%-<36%,White,Home_Purchase,Investment,Originated,12.57,3
13791,5,141.0,45000,315000.0,93.83,20%-<30%,White,Other,Principal_Residence,Denied,28.76,4
30230,0,149.0,645000,855000.0,76.142,30%-<36%,American Indian or Alaska Native,Home_Purchase,Principal_Residence,Originated,15.58,1
92160,3,129.0,425000,575000.0,74.12,36%-<43%,Race Not Available,CashOut_Refinance,Principal_Residence,Originated,42.18,6
92804,6,67.0,315000,325000.0,96.5,50%-60%,Race Not Available,Home_Purchase,Principal_Residence,Originated,47.32,0
93413,6,51.0,65000,565000.0,58.24,>60%,White,Other,Principal_Residence,Denied,19.26,0
43635,2,61.0,85000,145000.0,55.172,20%-<30%,White,CashOut_Refinance,Investment,Originated,77.35,3
25685,0,156.0,495000,375000.0,78.353,Unknown,Black or African American,Home_Purchase,Principal_Residence,Withdrawn,35.85,1
83595,0,50.0,75000,85000.0,96.5,<20%,White,Home_Purchase,Principal_Residence,Originated,41.74,5
62932,0,124.0,145000,335000.0,42.0,<20%,White,Home_Purchase,Principal_Residence,Originated,6.32,1
18250,3,106.0,355000,565000.0,62.5,30%-<36%,Joint,CashOut_Refinance,Principal_Residence,Originated,49.64,6
73325,3,27.0,105000,155000.0,66.667,30%-<36%,Race Not Available,CashOut_Refinance,Principal_Residence,Denied,17.98,6
97103,0,95.0,475000,505000.0,95.0,43%-<50%,Asian,Home_Purchase,Principal_Residence,Originated,44.0,1
94576,3,132.0,155000,375000.0,78.353,Unknown,White,CashOut_Refinance,Principal_Residence,Incomplete,16.75,6
22351,3,46.0,135000,215000.0,61.395,36%-<43%,White,Refinance,Principal_Residence,Originated,61.6,6
88375,3,60.0,55000,65000.0,88.71,30%-<36%,White,Refinance,Principal_Residence,Originated,35.5,6
95334,3,175.0,125000,375000.0,78.353,Unknown,White,CashOut_Refinance,Principal_Residence,Denied,43.58,6
36722,3,67.0,335000,505000.0,66.0,43%-<50%,Black or African American,CashOut_Refinance,Principal_Residence,Denied,61.55,6
27706,6,85.0,35000,615000.0,79.79,50%-60%,White,Home_Improvement,Principal_Residence,Originated,8.51,0
15564,0,74.0,395000,415000.0,95.0,36%-<43%,White,Home_Purchase,Principal_Residence,Originated,24.36,1
39421,0,119.0,255000,545000.0,45.47,36%-<43%,White,Home_Purchase,Second_Residence,Originated,24.57,1
23276,4,96.0,185000,205000.0,78.353,30%-<36%,White,Home_Purchase,Principal_Residence,Denied,12.64,2
35191,3,166.0,335000,425000.0,80.0,30%-<36%,Race Not Available,CashOut_Refinance,Principal_Residence,Originated,62.38,6
23101,0,280.0,645000,725000.0,88.966,36%-<43%,White,Home_Purchase,Principal_Residence,Denied,12.65,1
72434,3,66.0,105000,545000.0,18.349,30%-<36%,White,Other,Principal_Residence,Originated,23.99,1
99326,5,274.0,105000,625000.0,70.88,20%-<30%,White,Home_Improvement,Principal_Residence,Originated,38.94,4
55461,3,42.0,125000,165000.0,78.12,20%-<30%,White,CashOut_Refinance,Principal_Residence,Denied,2.92,6
13347,5,93.0,105000,885000.0,40.435,43%-<50%,Asian,Home_Purchase,Principal_Residence,Originated,76.68,4
19753,5,188.0,155000,415000.0,74.33,20%-<30%,White,Refinance,Principal_Residence,Originated,20.53,4
45585,4,92.0,85000,255000.0,79.985,36%-<43%,White,Refinance,Principal_Residence,Originated,12.91,2
95089,0,99.0,185000,375000.0,78.353,Unknown,White,Home_Purchase,Principal_Residence,Withdrawn,10.76,1
57957,5,95.0,25000,535000.0,64.063,36%-<43%,Black or African American,CashOut_Refinance,Principal_Residence,Originated,82.48,4
68563,0,95.0,1145000,1435000.0,78.353,Unknown,Race Not Available,Home_Purchase,Principal_Residence,Purchased,25.27,1
27188,5,300.0,115000,405000.0,78.765,<20%,White,Other,Principal_Residence,Originated,32.24,4
68996,0,124.0,315000,375000.0,78.353,Unknown,White,Home_Purchase,Principal_Residence,Incomplete,8.45,1
16004,0,88.0,145000,205000.0,70.0,30%-<36%,Asian,Home_Purchase,Principal_Residence,Originated,65.96,5
46507,0,133.0,405000,425000.0,95.0,30%-<36%,White,Home_Purchase,Principal_Residence,Originated,41.89,5
30806,5,94.0,295000,525000.0,85.0,43%-<50%,White,Home_Improvement,Principal_Residence,Originated,8.66,4
52467,2,322.0,175000,215000.0,80.0,20%-<30%,White,Home_Purchase,Investment,Originated,29.59,3
94503,3,65.0,25000,125000.0,24.426,30%-<36%,Black or African American,Home_Improvement,Principal_Residence,Originated,92.69,5
81185,1,412.0,545000,375000.0,78.353,Unknown,White,Home_Purchase,Principal_Residence,Withdrawn,20.2,1
85001,6,52.0,295000,325000.0,90.0,50%-60%,White,CashOut_Refinance,Principal_Residence,Denied,55.91,0
55377,5,84.0,125000,415000.0,75.77,36%-<43%,White,Home_Improvement,Principal_Residence,Originated,24.61,4
56032,5,72.0,5000,205000.0,101.5,20%-<30%,Race Not Available,Home_Purchase,Principal_Residence,Originated,11.95,4
96970,4,72.0,5000,285000.0,100.0,43%-<50%,White,Home_Purchase,Principal_Residence,Originated,15.54,2
70958,0,51.0,265000,285000.0,95.0,43%-<50%,Race Not Available,Home_Purchase,Principal_Residence,Originated,61.96,5
29869,0,117.0,405000,425000.0,97.0,30%-<36%,Asian,Home_Purchase,Principal_Residence,Originated,39.23,1
2572,3,22.0,125000,255000.0,78.353,Unknown,Black or African American,Refinance,Principal_Residence,Originated,91.46,6
57852,3,59.0,255000,335000.0,77.0,36%-<43%,Race Not Available,CashOut_Refinance,Principal_Residence,Originated,6.13,6
90291,0,67.0,95000,135000.0,70.972,<20%,White,Home_Purchase,Principal_Residence,Originated,8.58,1
38321,0,151.0,575000,605000.0,95.0,36%-<43%,Black or African American,Home_Purchase,Principal_Residence,Originated,17.98,1
62659,0,108.0,225000,285000.0,80.0,36%-<43%,White,Home_Purchase,Principal_Residence,Denied,15.28,1
84987,5,129.0,305000,375000.0,78.353,Unknown,White,Home_Improvement,Principal_Residence,Withdrawn,64.26,4
70434,0,61.0,205000,245000.0,81.317,43%-<50%,White,Home_Purchase,Principal_Residence,Originated,12.48,1
65044,3,95.0,75000,155000.0,78.353,Unknown,Race Not Available,Refinance,Principal_Residence,Purchased,17.68,6
2052,0,62.0,155000,265000.0,57.252,36%-<43%,White,Home_Purchase,Principal_Residence,Originated,17.75,1
65933,0,140.0,365000,375000.0,78.353,Unknown,White,Home_Purchase,Principal_Residence,Withdrawn,28.29,1
28646,3,80.0,125000,285000.0,44.643,<20%,Race Not Available,CashOut_Refinance,Principal_Residence,Originated,11.44,6
69943,3,84.0,215000,375000.0,78.353,Unknown,White,CashOut_Refinance,Principal_Residence,Incomplete,49.73,6
58852,5,172.0,125000,615000.0,76.0,30%-<36%,White,Other,Principal_Residence,Originated,14.99,4
21789,0,74.0,195000,225000.0,90.0,43%-<50%,White,Home_Purchase,Principal_Residence,Originated,41.71,1
52344,0,95.0,165000,165000.0,78.353,Unknown,Race Not Available,Home_Purchase,Principal_Residence,Purchased,6.9,1
34700,0,158.0,325000,565000.0,58.036,20%-<30%,White,Home_Purchase,Principal_Residence,Originated,7.18,1
88918,5,38.0,105000,225000.0,45.045,43%-<50%,Race Not Available,Home_Purchase,Principal_Residence,Denied,95.5,4
90938,0,43.0,175000,185000.0,97.0,36%-<43%,Asian,Home_Purchase,Principal_Residence,Originated,37.26,5
77062,0,116.0,205000,395000.0,51.28,30%-<36%,White,Home_Improvement,Principal_Residence,Originated,6.48,1
51702,3,95.0,215000,275000.0,78.353,Unknown,Race Not Available,Refinance,Principal_Residence,Purchased,16.08,6
42340,0,166.0,585000,685000.0,85.0,36%-<43%,Black or African American,Home_Purchase,Principal_Residence,Originated,47.99,1
6637,0,95.0,595000,595000.0,78.353,Unknown,Race Not Available,Home_Purchase,Principal_Residence,Purchased,27.24,1
65241,0,215.0,855000,1275000.0,66.719,36%-<43%,White,Home_Purchase,Principal_Residence,Originated,20.31,1
96169,0,95.0,325000,375000.0,78.353,Unknown,Black or African American,Home_Purchase,Principal_Residence,Withdrawn,43.44,1
18955,2,95.0,475000,255000.0,74.88,Unknown,Race Not Available,Home_Purchase,Investment,Originated,65.07,3
33359,3,95.0,215000,235000.0,78.353,Unknown,Race Not Available,Refinance,Principal_Residence,Denied,28.46,6
90816,0,133.0,335000,355000.0,95.0,20%-<30%,Race Not Available,Home_Purchase,Principal_Residence,Originated,36.2,1
44935,0,72.0,35000,375000.0,78.353,20%-<30%,White,Home_Improvement,Principal_Residence,Denied,6.36,1
10801,5,50.0,25000,65000.0,36.982,20%-<30%,White,Home_Improvement,Principal_Residence,Denied,23.77,4
72850,3,147.0,605000,755000.0,80.0,36%-<43%,White,Refinance,Principal_Residence,Originated,17.39,6
5091,0,36.0,135000,155000.0,88.462,20%-<30%,White,Home_Purchase,Principal_Residence,Originated,12.03,1
22769,0,96.0,405000,505000.0,80.0,43%-<50%,White,Home_Purchase,Principal_Residence,Originated,46.63,5
36208,0,63.0,195000,205000.0,97.0,36%-<43%,White,Home_Purchase,Principal_Residence,Originated,80.97,5
82065,6,46.0,275000,275000.0,78.353,50%-60%,Black or African American,Home_Purchase,Principal_Residence,Originated,73.4,0
91094,5,114.0,155000,375000.0,78.353,Unknown,White,Home_Improvement,Principal_Residence,Withdrawn,28.28,4
16363,3,50.0,335000,375000.0,78.353,43%-<50%,Race Not Available,CashOut_Refinance,Principal_Residence,Denied,48.9,6
71538,3,225.0,595000,745000.0,80.0,36%-<43%,Race Not Available,Refinance,Principal_Residence,Originated,13.95,6
39587,0,52.0,255000,375000.0,78.353,Unknown,White,Home_Purchase,Principal_Residence,Withdrawn,92.54,5
7718,5,236.0,75000,615000.0,51.9,30%-<36%,Race Not Available,Other,Principal_Residence,Originated,10.08,4
12380,3,128.0,365000,375000.0,78.353,Unknown,White,CashOut_Refinance,Principal_Residence,Withdrawn,16.85,6
45966,0,87.0,415000,465000.0,90.0,43%-<50%,Asian,Home_Purchase,Principal_Residence,Originated,27.59,1
371,2,95.0,225000,375000.0,78.353,Unknown,Black or African American,Refinance,Investment,Denied,79.38,3
53240,0,49.0,115000,125000.0,91.863,43%-<50%,Black or African American,Home_Purchase,Principal_Residence,Originated,50.16,5
33183,2,167.0,65000,85000.0,73.0,Unknown,White,Home_Purchase,Investment,Originated,10.48,3
61266,0,74.0,135000,145000.0,95.0,20%-<30%,White,Home_Purchase,Principal_Residence,Originated,64.97,5
62064,5,135.0,65000,485000.0,74.98,36%-<43%,Black or African American,Home_Purchase,Principal_Residence,Originated,54.26,4
53330,3,61.0,205000,355000.0,58.07,30%-<36%,White,CashOut_Refinance,Principal_Residence,Originated,33.51,6
60668,3,95.0,195000,255000.0,79.9,<20%,White,Refinance,Principal_Residence,Originated,14.04,6
49519,6,122.0,165000,425000.0,89.38,50%-60%,Black or African American,Home_Improvement,Principal_Residence,Denied,90.48,0
42097,3,209.0,525000,585000.0,89.846,36%-<43%,White,CashOut_Refinance,Principal_Residence,Originated,33.19,6
40080,0,63.0,255000,295000.0,86.966,36%-<43%,White,Home_Purchase,Principal_Residence,Originated,6.25,1
74054,0,95.0,115000,115000.0,78.353,Unknown,Race Not Available,Home_Purchase,Principal_Residence,Purchased,99.3,5
22809,3,62.0,355000,375000.0,78.353,Unknown,White,CashOut_Refinance,Principal_Residence,Incomplete,18.86,6
9052,0,60.0,335000,355000.0,95.0,36%-<43%,White,Home_Purchase,Principal_Residence,Originated,21.72,1
52024,3,60.0,255000,375000.0,78.353,Unknown,Race Not Available,CashOut_Refinance,Principal_Residence,Incomplete,61.89,6
18377,0,95.0,245000,275000.0,78.353,Unknown,Race Not Available,Home_Purchase,Principal_Residence,Purchased,7.38,1
52353,0,24.0,95000,145000.0,100.0,43%-<50%,Race Not Available,Home_Purchase,Principal_Residence,Originated,99.51,5
22061,3,86.0,285000,755000.0,38.0,43%-<50%,White,CashOut_Refinance,Principal_Residence,Originated,73.27,6
84574,2,95.0,185000,395000.0,47.3,Unknown,Race Not Available,Home_Purchase,Investment,Originated,44.07,3
46929,0,136.0,295000,375000.0,78.353,Unknown,White,Home_Purchase,Principal_Residence,Withdrawn,61.8,5
73237,3,82.0,145000,265000.0,57.31,36%-<43%,White,Refinance,Principal_Residence,Denied,32.29,6
94466,5,180.0,115000,565000.0,79.996,20%-<30%,White,CashOut_Refinance,Principal_Residence,Originated,18.0,4
72965,3,87.0,205000,335000.0,59.21,36%-<43%,White,Refinance,Principal_Residence,Originated,24.47,6
10555,1,304.0,925000,375000.0,78.353,Unknown,Black or African American,Home_Purchase,Principal_Residence,Withdrawn,65.09,5
35165,2,203.0,355000,475000.0,75.0,30%-<36%,Asian,Home_Purchase,Investment,Originated,25.82,3
17269,0,189.0,515000,375000.0,78.353,Unknown,White,Home_Purchase,Principal_Residence,Withdrawn,12.63,1
98830,4,95.0,15000,315000.0,102.288,43%-<50%,White,Home_Purchase,Principal_Residence,Originated,53.03,2
18123,3,80.0,375000,425000.0,88.235,36%-<43%,White,Refinance,Principal_Residence,Originated,47.32,6
26044,1,796.0,785000,1065000.0,73.868,<20%,Race Not Available,Home_Purchase,Principal_Residence,Denied,82.21,4
76897,6,0.0,205000,375000.0,78.353,>60%,White,Other,Principal_Residence,Denied,10.21,0
99989,0,42.0,205000,205000.0,100.0,30%-<36%,White,Home_Purchase,Principal_Residence,Originated,10.84,1
62115,3,128.0,475000,635000.0,75.0,36%-<43%,White,CashOut_Refinance,Principal_Residence,Originated,51.41,6
96874,3,175.0,315000,395000.0,80.17,20%-<30%,White,Refinance,Principal_Residence,Denied,25.51,6
14241,0,108.0,315000,385000.0,80.0,43%-<50%,White,Home_Purchase,Principal_Residence,Originated,34.6,1
1630,3,46.0,195000,375000.0,78.353,Unknown,Black or African American,Refinance,Principal_Residence,Withdrawn,75.0,6
26583,3,95.0,435000,645000.0,78.353,Unknown,Race Not Available,CashOut_Refinance,Principal_Residence,Purchased,22.88,6
18913,6,72.0,15000,295000.0,79.891,50%-60%,White,Other,Principal_Residence,Originated,9.33,0
93391,0,173.0,715000,765000.0,94.079,43%-<50%,White,Home_Purchase,Principal_Residence,Originated,24.4,1
85911,6,123.0,565000,575000.0,96.5,50%-60%,White,Home_Purchase,Principal_Residence,Originated,63.63,0
22785,0,167.0,145000,375000.0,78.353,Unknown,Black or African American,Home_Purchase,Principal_Residence,Withdrawn,38.71,1
16814,0,178.0,425000,375000.0,78.353,Unknown,Race Not Available,Home_Purchase,Principal_Residence,Withdrawn,0.0,1
47425,0,110.0,495000,375000.0,78.353,Unknown,White,Home_Purchase,Principal_Residence,Withdrawn,36.49,1
41480,5,48.0,45000,185000.0,100.0,30%-<36%,White,Home_Purchase,Principal_Residence,Originated,16.76,4
41804,5,53.0,45000,235000.0,51.6,36%-<43%,White,Refinance,Principal_Residence,Originated,5.36,4
13240,4,145.0,245000,255000.0,78.353,43%-<50%,White,Home_Purchase,Principal_Residence,Approved_NotAccepted,34.45,2
69130,0,20.0,25000,375000.0,78.353,Unknown,White,Home_Improvement,Principal_Residence,Incomplete,15.61,1
62769,3,200.0,165000,375000.0,78.353,Unknown,Race Not Available,Refinance,Principal_Residence,Withdrawn,60.5,6
86876,0,95.0,355000,375000.0,78.353,Unknown,Joint,Home_Purchase,Principal_Residence,Purchased,24.74,1
49378,5,139.0,75000,885000.0,52.582,36%-<43%,White,Refinance,Principal_Residence,Originated,29.84,4
16086,0,40.0,195000,295000.0,65.0,43%-<50%,Black or African American,Home_Purchase,Principal_Residence,Originated,22.77,1
92175,3,60.0,285000,485000.0,58.75,36%-<43%,White,CashOut_Refinance,Principal_Residence,Denied,16.19,6
42301,0,80.0,385000,395000.0,98.19,43%-<50%,Race Not Available,Home_Purchase,Principal_Residence,Originated,83.32,5
29097,1,1126.0,765000,1015000.0,75.0,20%-<30%,Race Not Available,Home_Purchase,Second_Residence,Originated,67.75,4
65153,0,120.0,375000,635000.0,59.177,36%-<43%,White,Home_Purchase,Principal_Residence,Originated,16.49,1
41042,6,2.0,255000,265000.0,101.5,>60%,Black or African American,Home_Purchase,Principal_Residence,Denied,90.57,0
83332,0,119.0,205000,275000.0,75.0,43%-<50%,White,Home_Purchase,Principal_Residence,Originated,37.72,1
51851,6,19.0,55000,755000.0,6.59,>60%,White,Home_Improvement,Principal_Residence,Denied,51.17,0
55042,1,622.0,655000,1305000.0,50.0,20%-<30%,White,Home_Purchase,Investment,Originated,33.19,3
20189,1,1791.0,355000,475000.0,75.0,<20%,White,Home_Purchase,Investment,Approved_NotAccepted,83.24,3
89870,3,150.0,485000,375000.0,78.353,Unknown,Race Not Available,CashOut_Refinance,Principal_Residence,Withdrawn,27.53,6
94902,0,90.0,265000,325000.0,80.0,20%-<30%,White,Home_Purchase,Principal_Residence,Originated,68.18,5
99345,3,53.0,115000,375000.0,78.353,Unknown,White,CashOut_Refinance,Principal_Residence,Withdrawn,6.69,6
45701,2,74.0,65000,85000.0,75.0,Unknown,White,Home_Purchase,Investment,Originated,68.04,3
8412,5,398.0,75000,555000.0,83.77,30%-<36%,Race Not Available,Home_Improvement,Principal_Residence,Denied,53.47,4
90495,0,88.0,205000,305000.0,66.667,20%-<30%,White,Home_Purchase,Principal_Residence,Originated,13.1,1
76324,5,68.0,105000,475000.0,92.997,43%-<50%,White,Home_Improvement,Principal_Residence,Originated,29.76,4
31376,3,52.0,255000,375000.0,78.353,Unknown,White,CashOut_Refinance,Principal_Residence,Withdrawn,21.65,6
86310,0,65.0,205000,255000.0,80.0,43%-<50%,White,Home_Purchase,Principal_Residence,Originated,28.84,1
25901,0,188.0,1005000,1255000.0,80.0,36%-<43%,Joint,Home_Purchase,Principal_Residence,Originated,41.53,1
88718,6,44.0,125000,375000.0,78.353,>60%,White,Refinance,Principal_Residence,Denied,16.64,0
52103,3,114.0,465000,615000.0,75.0,43%-<50%,White,CashOut_Refinance,Principal_Residence,Originated,64.24,6
44230,6,30.0,155000,255000.0,60.0,>60%,Black or African American,CashOut_Refinance,Principal_Residence,Denied,72.24,0
82038,0,-6.0,1545000,1935000.0,80.0,43%-<50%,White,Other,Principal_Residence,Originated,26.42,1
67343,5,302.0,205000,2815000.0,46.702,43%-<50%,Race Not Available,Home_Improvement,Principal_Residence,Originated,48.29,4
15661,0,277.0,565000,565000.0,100.0,30%-<36%,Race Not Available,Home_Purchase,Principal_Residence,Originated,6.0,1
87256,1,341.0,875000,1455000.0,60.0,30%-<36%,Asian,Home_Purchase,Principal_Residence,Originated,74.68,5
51859,3,95.0,165000,225000.0,78.353,Unknown,Race Not Available,CashOut_Refinance,Principal_Residence,Purchased,26.99,6
95091,3,26.0,45000,155000.0,26.667,43%-<50%,Black or African American,Home_Improvement,Principal_Residence,Denied,79.93,5
5719,0,70.0,175000,215000.0,84.9,20%-<30%,White,Home_Purchase,Principal_Residence,Originated,29.26,1
99027,0,95.0,595000,635000.0,78.353,Unknown,Race Not Available,Home_Purchase,Principal_Residence,Purchased,53.98,5
1225,4,31.0,75000,85000.0,82.0,20%-<30%,White,Home_Purchase,Principal_Residence,Denied,23.8,2
61516,2,110.0,125000,165000.0,80.0,50%-60%,Asian,Home_Purchase,Investment,Originated,6.43,3
1340,5,145.0,25000,505000.0,42.75,20%-<30%,Race Not Available,Home_Improvement,Principal_Residence,Denied,96.88,4
23311,1,1025.0,2505000,375000.0,78.353,Unknown,White,Other,Principal_Residence,Withdrawn,26.82,4
21337,0,73.0,305000,315000.0,97.0,43%-<50%,White,Home_Purchase,Principal_Residence,Originated,48.72,5
67755,1,2407.0,55000,375000.0,47.079,<20%,White,Home_Improvement,Principal_Residence,Approved_NotAccepted,19.57,4
63200,2,244.0,265000,335000.0,80.0,20%-<30%,Asian,Home_Purchase,Investment,Originated,69.27,3
90789,5,300.0,305000,375000.0,78.353,Unknown,Race Not Available,Refinance,Principal_Residence,Incomplete,15.12,4
28509,0,89.0,195000,245000.0,80.0,20%-<30%,Race Not Available,Home_Purchase,Principal_Residence,Originated,47.57,5
15920,0,91.0,155000,335000.0,46.17,36%-<43%,Asian,Home_Purchase,Principal_Residence,Originated,76.84,5
57158,3,61.0,105000,205000.0,51.98,36%-<43%,White,CashOut_Refinance,Principal_Residence,Originated,9.57,6
40016,0,155.0,605000,675000.0,100.0,36%-<43%,White,Home_Purchase,Principal_Residence,Originated,6.84,1
51542,0,104.0,475000,535000.0,90.0,36%-<43%,White,Home_Purchase,Principal_Residence,Originated,73.72,5
28566,3,315.0,1195000,1505000.0,78.353,Unknown,Asian,Refinance,Principal_Residence,Purchased,68.15,6
44480,6,26.0,155000,195000.0,78.534,>60%,White,Home_Improvement,Principal_Residence,Denied,58.72,0
68873,0,65.0,325000,505000.0,63.654,43%-<50%,White,Home_Purchase,Principal_Residence,Originated,23.68,1
70238,0,135.0,435000,485000.0,78.353,Unknown,White,Home_Purchase,Principal_Residence,Purchased,27.1,1
30864,5,322.0,175000,475000.0,89.237,<20%,White,Other,Principal_Residence,Originated,18.65,4
50921,0,30.0,85000,105000.0,100.0,36%-<43%,White,Home_Purchase,Principal_Residence,Preapproval_Approved_NotAccepted,0.0,1
64491,3,95.0,295000,405000.0,70.787,43%-<50%,White,Refinance,Principal_Residence,Originated,27.62,6
60177,2,59.0,125000,155000.0,80.0,20%-<30%,White,Home_Purchase,Investment,Preapproval_Denied,0.0,3
54154,1,423.0,1255000,2255000.0,55.556,20%-<30%,White,Home_Purchase,Principal_Residence,Originated,20.99,1
59825,0,95.0,65000,295000.0,78.353,Unknown,Race Not Available,Home_Improvement,Principal_Residence,Purchased,53.21,5
47138,0,60.0,125000,375000.0,78.353,Unknown,White,Home_Purchase,Principal_Residence,Withdrawn,10.97,1
58556,2,67.0,355000,565000.0,62.832,43%-<50%,Race Not Available,CashOut_Refinance,Investment,Denied,7.0,3
44183,2,95.0,3005000,4255000.0,75.0,Unknown,Race Not Available,CashOut_Refinance,Investment,Denied,98.25,3
40377,3,77.0,205000,275000.0,78.0,36%-<43%,Asian,CashOut_Refinance,Principal_Residence,Originated,66.06,6
55216,3,148.0,385000,485000.0,80.0,20%-<30%,White,CashOut_Refinance,Principal_Residence,Originated,16.5,6
14071,0,95.0,405000,415000.0,78.353,Unknown,Race Not Available,Home_Purchase,Principal_Residence,Purchased,24.97,1
48293,5,140.0,55000,375000.0,70.561,20%-<30%,White,Home_Improvement,Principal_Residence,Originated,8.19,4
95257,0,54.0,215000,225000.0,97.0,36%-<43%,White,Home_Purchase,Principal_Residence,Originated,42.28,5
83904,0,162.0,505000,505000.0,100.0,43%-<50%,White,Home_Purchase,Principal_Residence,Originated,19.08,1
94799,6,63.0,285000,345000.0,82.353,50%-60%,Black or African American,Home_Purchase,Principal_Residence,Denied,64.56,0
30017,5,77.0,105000,425000.0,23.474,20%-<30%,White,Other,Principal_Residence,Originated,31.76,4
58495,0,35.0,25000,375000.0,78.353,Exempt,White,Home_Purchase,Principal_Residence,Withdrawn,0.0,1
19054,0,95.0,215000,215000.0,78.353,Unknown,Race Not Available,Home_Purchase,Principal_Residence,Purchased,5.66,1
13604,2,95.0,35000,375000.0,78.353,Exempt,Race Not Available,Home_Purchase,Investment,Originated,34.94,3
97237,3,69.0,335000,645000.0,51.563,36%-<43%,Race Not Available,Refinance,Principal_Residence,Originated,82.78,6
87211,0,103.0,325000,335000.0,96.5,30%-<36%,Black or African American,Home_Purchase,Principal_Residence,Originated,68.24,5
76491,5,289.0,135000,955000.0,79.915,36%-<43%,White,Home_Improvement,Principal_Residence,Denied,70.93,4
23680,0,255.0,425000,565000.0,75.0,20%-<30%,Race Not Available,Home_Purchase,Principal_Residence,Originated,43.04,5
14905,5,198.0,55000,275000.0,90.0,<20%,White,Other,Principal_Residence,Denied,45.12,4
11483,0,49.0,135000,135000.0,97.0,20%-<30%,White,Home_Purchase,Principal_Residence,Originated,11.23,1
93950,0,48.0,175000,385000.0,44.196,20%-<30%,White,Other,Principal_Residence,Originated,31.48,1
75777,2,95.0,225000,375000.0,78.353,Unknown,Black or African American,Home_Purchase,Investment,Withdrawn,47.18,3
89329,0,95.0,645000,675000.0,78.353,Unknown,Race Not Available,Home_Purchase,Principal_Residence,Purchased,36.95,1
7971,0,47.0,195000,245000.0,80.0,36%-<43%,White,Home_Purchase,Principal_Residence,Originated,11.93,1
9460,3,84.0,285000,375000.0,78.353,Unknown,White,CashOut_Refinance,Principal_Residence,Withdrawn,54.75,6
88485,3,81.0,295000,385000.0,75.065,36%-<43%,White,CashOut_Refinance,Principal_Residence,Originated,30.07,6
85278,0,212.0,865000,375000.0,78.353,Unknown,Race Not Available,Home_Purchase,Principal_Residence,Withdrawn,89.51,5
81132,0,27.0,205000,365000.0,55.556,36%-<43%,Race Not Available,Home_Purchase,Principal_Residence,Originated,9.62,1
13286,6,67.0,265000,255000.0,104.51,50%-60%,White,CashOut_Refinance,Principal_Residence,Denied,31.14,0
6549,6,110.0,255000,795000.0,72.128,50%-60%,White,Home_Improvement,Principal_Residence,Originated,11.84,0
59451,5,220.0,165000,615000.0,91.53,36%-<43%,White,Refinance,Principal_Residence,Denied,29.7,4
69147,0,160.0,375000,715000.0,52.448,20%-<30%,White,Home_Purchase,Principal_Residence,Originated,54.54,5
7574,6,95.0,205000,525000.0,38.2,>60%,Race Not Available,Refinance,Principal_Residence,Denied,49.53,0
55089,0,145.0,435000,465000.0,78.353,Unknown,Race Not Available,Home_Purchase,Principal_Residence,Purchased,80.85,5
10591,0,105.0,105000,195000.0,50.5,30%-<36%,Black or African American,Other,Principal_Residence,Originated,72.11,5
58055,0,29.0,65000,65000.0,78.353,Unknown,Race Not Available,Home_Purchase,Principal_Residence,Purchased,45.65,5
21999,0,95.0,785000,765000.0,78.353,Unknown,Race Not Available,Home_Purchase,Principal_Residence,Purchased,35.08,1
36091,0,95.0,385000,395000.0,78.353,Unknown,Race Not Available,Home_Purchase,Principal_Residence,Purchased,63.57,5
19529,6,11.0,55000,305000.0,16.67,>60%,White,Home_Improvement,Principal_Residence,Denied,70.84,0
98622,3,17.0,95000,375000.0,78.353,Unknown,White,CashOut_Refinance,Principal_Residence,Withdrawn,71.47,6
67076,0,112.0,475000,505000.0,95.0,36%-<43%,Asian,Home_Purchase,Principal_Residence,Originated,32.07,1
68408,3,80.0,365000,375000.0,78.353,Unknown,White,CashOut_Refinance,Principal_Residence,Withdrawn,11.13,6
6239,3,95.0,895000,375000.0,78.353,Unknown,White,CashOut_Refinance,Principal_Residence,Withdrawn,36.01,6
66350,2,0.0,285000,435000.0,65.0,<20%,Black or African American,Home_Purchase,Investment,Originated,94.46,3
7703,3,46.0,165000,285000.0,59.876,30%-<36%,White,CashOut_Refinance,Principal_Residence,Originated,25.75,6
28750,5,100.0,5000,175000.0,100.0,<20%,White,Home_Purchase,Principal_Residence,Originated,11.91,4
8217,0,133.0,335000,385000.0,87.03,36%-<43%,White,Home_Purchase,Principal_Residence,Originated,43.63,1
81552,5,199.0,125000,505000.0,89.886,36%-<43%,White,Home_Improvement,Principal_Residence,Originated,10.48,4
2510,3,36.0,125000,175000.0,70.0,36%-<43%,White,CashOut_Refinance,Principal_Residence,Originated,13.29,6
99884,0,213.0,665000,825000.0,78.353,Unknown,White,Home_Purchase,Principal_Residence,Purchased,44.89,5
26147,0,303.0,575000,645000.0,78.353,Unknown,Race Not Available,Home_Purchase,Principal_Residence,Purchased,13.53,1
13606,3,53.0,165000,375000.0,78.353,Unknown,Black or African American,CashOut_Refinance,Principal_Residence,Withdrawn,29.52,6
32344,0,266.0,1225000,1535000.0,80.0,43%-<50%,White,Home_Purchase,Principal_Residence,Approved_NotAccepted,22.5,1
85098,5,88.0,35000,375000.0,57.339,43%-<50%,Asian,Home_Improvement,Principal_Residence,Originated,52.29,4
95179,3,95.0,125000,165000.0,78.353,Unknown,Race Not Available,Refinance,Principal_Residence,Purchased,36.01,6
45487,0,179.0,385000,385000.0,78.353,36%-<43%,Black or African American,Home_Purchase,Principal_Residence,Originated,52.28,5
51693,3,102.0,275000,325000.0,83.077,36%-<43%,Black or African American,Refinance,Principal_Residence,Originated,33.3,6
48494,0,48.0,95000,375000.0,78.353,Unknown,White,Home_Purchase,Principal_Residence,Withdrawn,55.92,5
93083,0,119.0,385000,375000.0,78.353,Unknown,White,Home_Purchase,Principal_Residence,Withdrawn,38.16,1
64797,3,143.0,165000,785000.0,20.71,43%-<50%,Black or African American,Other,Principal_Residence,Originated,24.98,1
69701,0,60.0,425000,535000.0,80.0,43%-<50%,White,Home_Purchase,Principal_Residence,Originated,9.9,1
1457,3,82.0,175000,375000.0,78.353,Unknown,White,Refinance,Principal_Residence,Incomplete,6.74,6
38593,5,203.0,105000,565000.0,44.89,<20%,White,Other,Principal_Residence,Originated,53.0,4
77266,3,117.0,185000,375000.0,78.353,Unknown,White,CashOut_Refinance,Principal_Residence,Incomplete,7.69,6
30191,0,54.0,195000,195000.0,101.053,43%-<50%,Black or African American,Home_Purchase,Principal_Residence,Originated,98.28,5
50861,5,69.0,15000,215000.0,102.0,43%-<50%,White,Home_Purchase,Principal_Residence,Denied,9.0,4
23887,5,75.0,105000,495000.0,79.46,36%-<43%,White,Other,Principal_Residence,Originated,39.73,4
79534,1,473.0,305000,1325000.0,86.147,20%-<30%,Race Not Available,Other,Principal_Residence,Originated,41.94,4
38167,3,283.0,405000,375000.0,78.353,Unknown,Race Not Available,Refinance,Principal_Residence,Denied,31.63,6
68658,3,145.0,495000,565000.0,88.036,30%-<36%,Race Not Available,Refinance,Principal_Residence,Originated,12.07,6
1089,5,98.0,65000,265000.0,88.29,30%-<36%,White,Home_Improvement,Principal_Residence,Denied,12.77,4
482,5,104.0,205000,355000.0,71.0,43%-<50%,White,Other,Principal_Residence,Denied,55.57,4
6311,0,54.0,185000,185000.0,98.463,36%-<43%,Race Not Available,Home_Purchase,Principal_Residence,Originated,88.97,5
14291,6,97.0,405000,415000.0,96.5,50%-60%,Race Not Available,Home_Purchase,Principal_Residence,Originated,87.67,0
63993,0,29.0,55000,375000.0,78.353,Unknown,White,Home_Improvement,Principal_Residence,Withdrawn,85.85,5
13972,3,206.0,555000,375000.0,78.353,Unknown,White,CashOut_Refinance,Principal_Residence,Withdrawn,23.28,6
5625,3,220.0,1085000,375000.0,78.353,Unknown,White,CashOut_Refinance,Principal_Residence,Withdrawn,14.34,6
1299,5,268.0,55000,415000.0,70.0,20%-<30%,White,Other,Principal_Residence,Denied,27.85,4
62958,0,280.0,225000,375000.0,78.353,Unknown,Joint,Home_Purchase,Principal_Residence,Withdrawn,31.87,1
30517,3,85.0,415000,1625000.0,25.617,43%-<50%,White,CashOut_Refinance,Principal_Residence,Originated,39.19,6
67258,6,35.0,235000,295000.0,80.0,>60%,White,Home_Purchase,Principal_Residence,Denied,50.03,0
42849,0,56.0,305000,355000.0,87.0,43%-<50%,Asian,Home_Purchase,Principal_Residence,Originated,64.16,5
86705,3,95.0,125000,165000.0,78.353,Unknown,Race Not Available,Refinance,Principal_Residence,Purchased,41.75,6
44642,0,56.0,165000,175000.0,96.5,43%-<50%,Black or African American,Home_Purchase,Principal_Residence,Originated,80.97,5
89673,0,100.0,315000,325000.0,96.5,36%-<43%,White,Home_Purchase,Principal_Residence,Originated,34.0,1
76443,0,97.0,175000,375000.0,78.353,Exempt,White,Home_Purchase,Principal_Residence,Preapproval_Approved_NotAccepted,0.0,1
65277,0,87.0,385000,375000.0,78.353,Unknown,White,Home_Purchase,Principal_Residence,Withdrawn,96.27,5
30525,0,91.0,255000,255000.0,78.353,36%-<43%,Race Not Available,Home_Purchase,Principal_Residence,Originated,54.58,5
23331,0,95.0,25000,75000.0,78.353,Unknown,Race Not Available,NotApplicable,Principal_Residence,Purchased,30.8,1
91191,5,78.0,155000,1155000.0,31.32,36%-<43%,Asian,Home_Improvement,Principal_Residence,Denied,51.17,4
20873,2,253.0,175000,305000.0,56.667,20%-<30%,Race Not Available,Refinance,Investment,Originated,41.13,3
94337,2,95.0,145000,635000.0,89.95,Unknown,Race Not Available,Other,Investment,Originated,25.82,3
23078,0,69.0,265000,375000.0,78.353,Unknown,Black or African American,Home_Purchase,Principal_Residence,Withdrawn,40.3,1
17406,0,95.0,385000,475000.0,78.353,Unknown,Race Not Available,Home_Purchase,Principal_Residence,Purchased,17.13,1
41624,0,68.0,275000,285000.0,97.0,36%-<43%,Race Not Available,Home_Purchase,Principal_Residence,Originated,42.23,5
49470,3,97.0,225000,305000.0,74.917,43%-<50%,White,CashOut_Refinance,Principal_Residence,Originated,11.27,6
7460,0,70.0,275000,345000.0,80.0,43%-<50%,Asian,Home_Purchase,Principal_Residence,Originated,37.35,1
82352,3,95.0,185000,325000.0,62.5,20%-<30%,White,Refinance,Principal_Residence,Originated,10.1,6
43215,5,74.0,45000,435000.0,65.522,36%-<43%,White,Other,Principal_Residence,Originated,64.83,4
14431,5,49.0,55000,505000.0,22.003,43%-<50%,Black or African American,Home_Improvement,Principal_Residence,Originated,33.7,4
75660,3,202.0,825000,375000.0,78.353,Unknown,Race Not Available,CashOut_Refinance,Principal_Residence,Withdrawn,68.94,6
78053,2,95.0,45000,85000.0,49.505,Unknown,Race Not Available,Refinance,Investment,Originated,53.71,3
88227,0,66.0,155000,285000.0,54.386,43%-<50%,White,Home_Purchase,Principal_Residence,Originated,42.21,5
5258,1,340.0,885000,1105000.0,80.0,20%-<30%,Asian,Home_Purchase,Principal_Residence,Originated,24.99,1
16524,0,78.0,325000,325000.0,100.0,43%-<50%,Race Not Available,Home_Purchase,Principal_Residence,Preapproval_Approved_NotAccepted,0.0,1
54575,0,79.0,235000,245000.0,95.0,20%-<30%,White,Home_Purchase,Principal_Residence,Originated,18.6,1
85907,3,0.0,295000,375000.0,78.353,Unknown,Race Not Available,CashOut_Refinance,Principal_Residence,Withdrawn,47.14,6
82396,5,278.0,255000,1125000.0,51.966,20%-<30%,White,Other,Principal_Residence,Originated,22.17,4
58968,0,83.0,235000,245000.0,95.0,30%-<36%,Asian,Home_Purchase,Principal_Residence,Originated,54.38,5
46410,0,80.0,435000,435000.0,100.0,43%-<50%,White,Home_Purchase,Principal_Residence,Originated,78.24,5
78770,0,95.0,185000,215000.0,78.353,Unknown,Race Not Available,Home_Purchase,Principal_Residence,Purchased,42.38,5
90798,6,124.0,125000,345000.0,67.331,50%-60%,Black or African American,Refinance,Principal_Residence,Originated,42.75,0
51578,6,36.0,205000,215000.0,96.5,50%-60%,Black or African American,Home_Purchase,Principal_Residence,Originated,88.58,0
32353,6,169.0,115000,145000.0,78.014,50%-60%,White,CashOut_Refinance,Principal_Residence,Originated,43.13,0
81237,3,95.0,135000,195000.0,90.616,Unknown,White,Refinance,Principal_Residence,Originated,15.85,6
25160,0,154.0,85000,375000.0,78.353,Unknown,Race Not Available,Home_Purchase,Second_Residence,Withdrawn,76.42,5
48774,0,54.0,235000,465000.0,50.0,43%-<50%,White,Home_Purchase,Principal_Residence,Originated,13.05,1
19152,3,42.0,135000,375000.0,78.353,Unknown,White,CashOut_Refinance,Principal_Residence,Incomplete,35.56,6
32951,2,134.0,345000,375000.0,78.353,Unknown,Asian,Home_Purchase,Investment,Withdrawn,48.53,3
90915,6,87.0,285000,355000.0,80.0,50%-60%,White,Home_Purchase,Principal_Residence,Preapproval_Denied,0.0,0
62482,5,271.0,145000,1485000.0,90.0,36%-<43%,Race Not Available,Home_Purchase,Principal_Residence,Approved_NotAccepted,42.05,4
99398,5,161.0,205000,685000.0,89.558,30%-<36%,Race Not Available,Home_Improvement,Principal_Residence,Originated,6.19,4
60078,6,18.0,55000,565000.0,51.56,>60%,White,Home_Improvement,Principal_Residence,Denied,6.39,0
64299,1,1022.0,105000,795000.0,12.66,>60%,Asian,Home_Purchase,Investment,Originated,36.64,3
35440,0,71.0,265000,275000.0,97.0,43%-<50%,White,Home_Purchase,Principal_Residence,Approved_NotAccepted,31.7,1
54820,6,103.0,625000,625000.0,100.0,50%-60%,White,Home_Purchase,Principal_Residence,Originated,37.74,0
64893,6,58.0,215000,205000.0,100.0,50%-60%,White,Home_Purchase,Principal_Residence,Originated,24.87,0
89015,2,329.0,315000,375000.0,78.353,Unknown,White,Home_Purchase,Investment,Withdrawn,6.28,3
50276,3,62.0,535000,375000.0,78.353,Unknown,Race Not Available,CashOut_Refinance,Principal_Residence,Incomplete,66.22,6
19579,0,95.0,415000,415000.0,78.353,Unknown,Race Not Available,Home_Purchase,Principal_Residence,Purchased,67.8,5
65667,0,76.0,285000,295000.0,97.0,43%-<50%,Race Not Available,Home_Purchase,Principal_Residence,Originated,94.39,5
3205,5,130.0,105000,965000.0,78.01,43%-<50%,Asian,Home_Improvement,Principal_Residence,Originated,47.3,4
74694,0,129.0,625000,665000.0,95.0,43%-<50%,Race Not Available,Home_Purchase,Principal_Residence,Originated,59.01,5
11347,3,74.0,205000,505000.0,39.66,36%-<43%,White,Refinance,Principal_Residence,Originated,7.48,6
43281,5,43.0,65000,375000.0,78.353,Unknown,White,Other,Principal_Residence,Withdrawn,12.82,4
89746,1,360.0,1065000,1335000.0,80.0,20%-<30%,White,Home_Purchase,Principal_Residence,Originated,17.55,1
60782,2,95.0,225000,285000.0,80.0,Unknown,Race Not Available,Refinance,Investment,Originated,34.91,3
92997,3,52.0,175000,375000.0,78.353,Unknown,Race Not Available,CashOut_Refinance,Principal_Residence,Withdrawn,23.66,6
52253,4,87.0,135000,165000.0,78.353,36%-<43%,Race Not Available,Home_Purchase,Principal_Residence,Approved_NotAccepted,22.27,2
30296,1,359.0,105000,795000.0,76.05,20%-<30%,White,Other,Principal_Residence,Originated,53.71,4
81364,5,175.0,405000,855000.0,71.25,43%-<50%,White,Refinance,Principal_Residence,Originated,18.92,4
55129,3,112.0,145000,185000.0,76.0,20%-<30%,Race Not Available,CashOut_Refinance,Principal_Residence,Originated,20.72,6
28801,6,145.0,815000,845000.0,94.1,50%-60%,White,Home_Purchase,Principal_Residence,Originated,30.22,0
78632,1,3000.0,175000,1055000.0,90.105,<20%,Black or African American,Home_Improvement,Principal_Residence,Denied,52.92,4
46645,3,94.0,415000,525000.0,80.0,36%-<43%,White,Refinance,Principal_Residence,Originated,30.49,6
72023,2,95.0,275000,455000.0,78.353,Unknown,Race Not Available,CashOut_Refinance,Investment,Purchased,66.02,3
73656,0,86.0,235000,225000.0,100.0,43%-<50%,Race Not Available,Home_Purchase,Principal_Residence,Originated,28.87,1
4483,0,95.0,105000,155000.0,78.353,Unknown,Race Not Available,Home_Purchase,Principal_Residence,Purchased,22.82,1
78565,0,73.0,365000,375000.0,95.0,43%-<50%,White,Home_Purchase,Principal_Residence,Originated,16.29,1
39921,5,53.0,55000,285000.0,56.337,43%-<50%,White,Home_Improvement,Principal_Residence,Originated,46.08,4
84316,4,288.0,245000,335000.0,75.0,20%-<30%,White,Home_Purchase,Second_Residence,Originated,5.77,2
29949,6,57.0,25000,435000.0,51.52,50%-60%,White,Home_Improvement,Principal_Residence,Denied,21.44,0
72435,0,96.0,455000,565000.0,80.0,43%-<50%,White,Home_Purchase,Principal_Residence,Originated,21.5,1
43740,3,28.0,115000,375000.0,78.353,Unknown,Race Not Available,Refinance,Principal_Residence,Withdrawn,8.74,6
24527,0,169.0,535000,665000.0,79.99,43%-<50%,Black or African American,Home_Purchase,Principal_Residence,Denied,61.46,5
125,2,277.0,165000,605000.0,27.167,30%-<36%,Race Not Available,Refinance,Investment,Originated,48.65,3
40607,0,95.0,645000,825000.0,78.353,Unknown,Race Not Available,Home_Purchase,Principal_Residence,Purchased,25.69,1
22272,5,202.0,165000,755000.0,59.0,20%-<30%,White,Refinance,Principal_Residence,Originated,12.96,4
90207,5,61.0,55000,335000.0,86.382,43%-<50%,White,Home_Improvement,Principal_Residence,Originated,6.57,4
87898,3,23.0,105000,185000.0,55.833,36%-<43%,Black or African American,CashOut_Refinance,Principal_Residence,Originated,83.31,6
45372,6,84.0,255000,265000.0,96.5,50%-60%,White,Home_Purchase,Principal_Residence,Denied,78.61,0
7229,3,39.0,105000,235000.0,43.885,20%-<30%,White,Refinance,Principal_Residence,Originated,12.36,6
62824,5,108.0,45000,205000.0,93.7,30%-<36%,White,Other,Principal_Residence,Originated,33.98,4
66125,0,153.0,485000,605000.0,80.0,36%-<43%,White,Home_Purchase,Principal_Residence,Originated,15.81,1
97200,6,77.0,315000,375000.0,78.353,>60%,White,CashOut_Refinance,Principal_Residence,Denied,23.55,0
48519,3,60.0,125000,205000.0,62.189,36%-<43%,White,Refinance,Principal_Residence,Denied,93.42,6
82336,3,32.0,115000,175000.0,63.953,20%-<30%,White,CashOut_Refinance,Principal_Residence,Denied,26.81,6
73124,0,89.0,215000,215000.0,96.5,36%-<43%,White,Home_Purchase,Principal_Residence,Originated,30.75,1
78658,0,52.0,125000,135000.0,95.0,20%-<30%,Asian,Home_Purchase,Principal_Residence,Originated,83.57,5
32906,3,66.0,205000,255000.0,82.88,36%-<43%,White,CashOut_Refinance,Principal_Residence,Originated,57.13,6
29870,3,102.0,305000,375000.0,78.353,Unknown,White,CashOut_Refinance,Principal_Residence,Incomplete,34.23,6
22312,5,261.0,105000,375000.0,78.353,Unknown,White,Refinance,Principal_Residence,Incomplete,16.57,4
74093,1,516.0,775000,975000.0,80.0,20%-<30%,White,Home_Purchase,Second_Residence,Originated,10.47,1
17745,0,197.0,635000,745000.0,85.57,30%-<36%,White,Home_Purchase,Principal_Residence,Originated,18.06,1
84055,5,201.0,295000,565000.0,89.899,20%-<30%,White,Refinance,Principal_Residence,Originated,24.44,4
90168,0,82.0,455000,515000.0,90.0,36%-<43%,White,Home_Purchase,Principal_Residence,Originated,51.23,5
49021,5,97.0,55000,345000.0,93.681,30%-<36%,White,Home_Improvement,Principal_Residence,Originated,11.34,4
85840,0,105.0,405000,435000.0,95.0,36%-<43%,White,Home_Purchase,Principal_Residence,Originated,11.51,1
38500,0,92.0,375000,385000.0,100.0,43%-<50%,White,Home_Purchase,Principal_Residence,Originated,21.33,1
89675,1,3925.0,805000,1005000.0,80.0,<20%,White,CashOut_Refinance,Principal_Residence,Originated,25.43,6
91487,5,49.0,15000,235000.0,69.8,43%-<50%,Race Not Available,Other,Principal_Residence,Originated,9.9,4
90980,0,95.0,415000,555000.0,78.353,Unknown,White,Home_Purchase,Principal_Residence,Purchased,9.92,1
74978,3,35.0,135000,375000.0,78.353,Unknown,White,CashOut_Refinance,Principal_Residence,Withdrawn,28.81,6
48621,1,512.0,1445000,375000.0,78.353,Unknown,Race Not Available,Refinance,Principal_Residence,Withdrawn,44.87,6
27569,3,123.0,535000,735000.0,72.925,36%-<43%,White,CashOut_Refinance,Principal_Residence,Originated,14.18,6
20644,0,95.0,325000,415000.0,78.353,Unknown,Race Not Available,Home_Purchase,Principal_Residence,Purchased,77.02,5
13751,3,76.0,315000,375000.0,78.353,Unknown,White,CashOut_Refinance,Principal_Residence,Incomplete,29.49,6
88774,0,48.0,205000,225000.0,90.0,43%-<50%,Race Not Available,Home_Purchase,Principal_Residence,Originated,91.38,5
31059,6,94.0,375000,385000.0,95.99,50%-60%,Black or African American,Home_Purchase,Principal_Residence,Originated,30.89,0
2241,2,95.0,1035000,2355000.0,44.0,Unknown,Race Not Available,CashOut_Refinance,Investment,Originated,24.19,3
97129,3,46.0,185000,375000.0,78.353,Unknown,White,CashOut_Refinance,Principal_Residence,Incomplete,6.09,6
76319,0,126.0,115000,135000.0,80.0,<20%,Race Not Available,Home_Purchase,Principal_Residence,Originated,12.46,1
7170,0,44.0,115000,115000.0,96.499,43%-<50%,Black or African American,Home_Purchase,Principal_Residence,Originated,25.73,1
59600,0,116.0,305000,385000.0,80.0,30%-<36%,White,Home_Purchase,Principal_Residence,Originated,13.7,1
51784,1,4200.0,705000,375000.0,78.353,Unknown,Race Not Available,Other,Second_Residence,Incomplete,25.82,4
13664,3,117.0,215000,375000.0,78.353,Unknown,White,CashOut_Refinance,Principal_Residence,Incomplete,21.99,6
6108,2,52.0,85000,375000.0,78.353,Unknown,2 or more minority races,Refinance,Investment,Withdrawn,33.94,3
6041,3,139.0,365000,375000.0,78.353,Unknown,Race Not Available,CashOut_Refinance,Principal_Residence,Withdrawn,14.85,6
5661,3,180.0,245000,375000.0,78.353,Unknown,White,CashOut_Refinance,Principal_Residence,Withdrawn,11.92,6
35656,3,118.0,545000,665000.0,78.353,Unknown,Race Not Available,Refinance,Principal_Residence,Purchased,56.25,6
48885,0,47.0,175000,175000.0,96.5,30%-<36%,Black or African American,Home_Purchase,Principal_Residence,Originated,46.86,5
82883,2,95.0,5000,305000.0,78.353,Unknown,Race Not Available,CashOut_Refinance,Investment,Denied,30.09,3
48759,3,30.0,155000,375000.0,78.353,Unknown,White,CashOut_Refinance,Principal_Residence,Incomplete,17.88,6
86731,5,129.0,105000,765000.0,57.92,36%-<43%,White,Other,Principal_Residence,Originated,26.89,4
96921,5,100.0,25000,355000.0,62.679,20%-<30%,White,Home_Improvement,Principal_Residence,Originated,31.78,4
83365,6,95.0,215000,215000.0,101.75,50%-60%,White,Home_Purchase,Principal_Residence,Originated,36.19,0
90472,5,115.0,125000,515000.0,84.93,36%-<43%,Asian,Home_Improvement,Principal_Residence,Originated,38.5,4
48559,0,95.0,95000,95000.0,78.353,Unknown,Race Not Available,Home_Purchase,Principal_Residence,Purchased,99.67,5
3665,0,58.0,255000,255000.0,101.689,36%-<43%,White,Home_Purchase,Principal_Residence,Originated,17.49,1
87202,3,88.0,265000,375000.0,78.353,Unknown,White,CashOut_Refinance,Principal_Residence,Incomplete,23.94,6
736,0,311.0,235000,265000.0,90.0,30%-<36%,White,Home_Purchase,Principal_Residence,Originated,35.3,1
40948,0,86.0,685000,375000.0,78.353,Unknown,White,Home_Purchase,Principal_Residence,Withdrawn,29.88,1
73759,0,181.0,735000,865000.0,85.0,36%-<43%,Asian,Home_Purchase,Principal_Residence,Originated,32.9,1
38492,0,106.0,245000,275000.0,87.636,30%-<36%,White,Home_Purchase,Principal_Residence,Originated,15.36,1
36532,0,71.0,175000,175000.0,99.446,36%-<43%,White,Home_Purchase,Principal_Residence,Originated,85.44,5
27457,2,95.0,35000,55000.0,60.0,Unknown,Race Not Available,Home_Purchase,Investment,Originated,17.45,3
10878,0,122.0,255000,315000.0,80.0,43%-<50%,Race Not Available,Home_Purchase,Principal_Residence,Originated,36.03,1
48970,0,119.0,335000,355000.0,78.353,Unknown,Black or African American,Home_Purchase,Principal_Residence,Purchased,23.62,1
17654,0,75.0,155000,375000.0,78.353,Unknown,White,Home_Purchase,Principal_Residence,Incomplete,21.79,1
72142,3,60.0,265000,375000.0,78.353,Unknown,American Indian or Alaska Native,Refinance,Principal_Residence,Withdrawn,23.85,6
30955,4,95.0,185000,205000.0,78.353,Unknown,Race Not Available,Home_Purchase,Principal_Residence,Purchased,20.23,2
45297,5,124.0,105000,375000.0,78.353,Unknown,Asian,Other,Principal_Residence,Withdrawn,90.63,4
21871,0,271.0,335000,445000.0,75.0,43%-<50%,Race Not Available,Home_Purchase,Principal_Residence,Originated,27.39,1
72103,5,368.0,275000,955000.0,79.997,20%-<30%,White,Home_Purchase,Principal_Residence,Originated,15.78,4
14378,0,89.0,445000,555000.0,80.0,43%-<50%,White,Home_Purchase,Principal_Residence,Originated,16.53,1
51010,5,111.0,55000,245000.0,67.57,30%-<36%,White,Home_Improvement,Principal_Residence,Denied,50.04,4
1331,0,106.0,365000,465000.0,80.0,30%-<36%,Asian,Home_Purchase,Principal_Residence,Approved_NotAccepted,0.0,1
72835,0,144.0,305000,315000.0,96.5,20%-<30%,Race Not Available,Home_Purchase,Principal_Residence,Originated,37.06,1
84982,5,111.0,65000,365000.0,84.993,20%-<30%,White,Other,Principal_Residence,Originated,21.68,4
98518,1,353.0,485000,605000.0,80.0,30%-<36%,White,CashOut_Refinance,Principal_Residence,Originated,43.89,6
16697,5,143.0,35000,585000.0,80.859,36%-<43%,White,Other,Principal_Residence,Denied,33.8,4
93317,2,95.0,165000,225000.0,71.75,Unknown,Race Not Available,Refinance,Investment,Denied,95.55,3
91416,0,197.0,705000,885000.0,79.996,30%-<36%,White,Home_Purchase,Principal_Residence,Originated,22.41,1
21312,4,101.0,105000,375000.0,78.353,Unknown,White,Refinance,Principal_Residence,Withdrawn,6.81,2
38686,4,95.0,65000,65000.0,78.353,Unknown,Race Not Available,Home_Purchase,Principal_Residence,Purchased,48.03,2
61025,5,170.0,85000,455000.0,69.523,36%-<43%,White,Other,Principal_Residence,Originated,19.33,4
343,1,609.0,1805000,2255000.0,80.0,36%-<43%,White,Home_Purchase,Principal_Residence,Originated,24.25,1
51912,1,397.0,395000,595000.0,68.0,30%-<36%,White,CashOut_Refinance,Principal_Residence,Originated,29.39,6
18290,5,227.0,105000,375000.0,78.353,Unknown,White,Other,Principal_Residence,Incomplete,9.9,4
50154,3,66.0,25000,375000.0,78.353,Exempt,White,Refinance,Principal_Residence,Originated,20.78,6
94796,0,35.0,115000,155000.0,68.79,36%-<43%,Black or African American,Home_Purchase,Principal_Residence,Originated,7.17,1
49270,0,95.0,565000,615000.0,78.353,Unknown,Race Not Available,Home_Purchase,Principal_Residence,Purchased,43.18,1
94747,0,59.0,245000,245000.0,100.0,43%-<50%,Asian,Home_Purchase,Principal_Residence,Originated,29.31,1
84959,3,66.0,185000,375000.0,78.353,Unknown,White,CashOut_Refinance,Principal_Residence,Withdrawn,55.49,6
89895,0,123.0,245000,265000.0,92.31,36%-<43%,White,Home_Purchase,Principal_Residence,Originated,13.86,1
97259,5,72.0,15000,335000.0,100.0,<20%,Black or African American,Home_Purchase,Principal_Residence,Originated,38.04,4
20215,0,95.0,325000,335000.0,78.353,Unknown,Race Not Available,Home_Purchase,Principal_Residence,Purchased,58.55,5
90045,5,24.0,105000,845000.0,55.52,20%-<30%,Race Not Available,Home_Improvement,Principal_Residence,Originated,17.8,4
70292,3,112.0,245000,425000.0,57.27,30%-<36%,White,Refinance,Principal_Residence,Originated,22.19,6
58731,0,103.0,255000,315000.0,78.353,Unknown,White,Home_Purchase,Principal_Residence,Purchased,6.97,1
98097,5,284.0,125000,675000.0,89.996,30%-<36%,White,Home_Improvement,Principal_Residence,Originated,27.17,4
43404,3,63.0,185000,235000.0,80.0,30%-<36%,Race Not Available,CashOut_Refinance,Principal_Residence,Originated,43.19,6
17982,0,88.0,495000,525000.0,95.0,43%-<50%,White,Home_Purchase,Principal_Residence,Originated,14.59,1
51425,5,102.0,35000,235000.0,79.73,36%-<43%,White,Refinance,Principal_Residence,Originated,54.79,4
72120,4,108.0,275000,465000.0,58.065,<20%,White,Home_Purchase,Principal_Residence,Originated,12.36,2
93557,3,95.0,235000,315000.0,73.968,20%-<30%,White,Refinance,Principal_Residence,Originated,13.0,6
55335,3,46.0,135000,305000.0,42.345,30%-<36%,White,CashOut_Refinance,Principal_Residence,Denied,93.63,6
99389,0,40.0,95000,375000.0,78.353,Unknown,Black or African American,Home_Purchase,Principal_Residence,Preapproval_Approved_NotAccepted,0.0,1
70562,0,69.0,395000,495000.0,78.353,Unknown,Race Not Available,Home_Purchase,Principal_Residence,Purchased,29.5,1
31593,3,60.0,275000,285000.0,95.09,43%-<50%,White,CashOut_Refinance,Principal_Residence,Denied,24.7,6
48069,3,173.0,105000,555000.0,18.18,20%-<30%,Race Not Available,Other,Principal_Residence,Originated,18.11,1
22267,3,56.0,195000,325000.0,60.0,43%-<50%,White,CashOut_Refinance,Principal_Residence,Originated,36.61,6
6162,0,90.0,425000,535000.0,80.0,36%-<43%,Race Not Available,Home_Purchase,Principal_Residence,Originated,57.71,5
18578,3,106.0,25000,155000.0,16.67,43%-<50%,Black or African American,Other,Second_Residence,Denied,60.83,5
82686,5,158.0,205000,405000.0,49.76,30%-<36%,White,Home_Purchase,Principal_Residence,Originated,13.54,4
1666,0,219.0,645000,895000.0,72.711,30%-<36%,White,Home_Purchase,Principal_Residence,Originated,82.9,5
62696,0,253.0,425000,375000.0,78.353,Unknown,White,Home_Purchase,Principal_Residence,Withdrawn,19.21,1
57084,6,55.0,235000,235000.0,97.75,50%-60%,White,Refinance,Principal_Residence,Originated,10.25,0
3927,3,186.0,145000,295000.0,50.0,20%-<30%,Race Not Available,CashOut_Refinance,Principal_Residence,Originated,32.99,6
2143,0,26.0,25000,375000.0,78.353,Unknown,White,Home_Improvement,Principal_Residence,Withdrawn,94.33,5
35393,1,215.0,195000,395000.0,50.0,<20%,White,Home_Purchase,Principal_Residence,Approved_NotAccepted,28.17,1
26176,1,1204.0,145000,325000.0,46.563,<20%,White,Refinance,Investment,Originated,52.91,3
13132,6,103.0,385000,395000.0,96.5,50%-60%,White,Home_Purchase,Principal_Residence,Originated,11.18,0
36467,5,105.0,35000,385000.0,49.35,43%-<50%,White,Other,Principal_Residence,Originated,48.96,4
670,3,33.0,85000,135000.0,65.649,20%-<30%,White,Refinance,Principal_Residence,Originated,73.92,6
2209,0,140.0,645000,1065000.0,60.49,43%-<50%,White,Home_Purchase,Principal_Residence,Approved_NotAccepted,15.96,1
11234,0,62.0,135000,145000.0,90.0,20%-<30%,White,Home_Purchase,Principal_Residence,Originated,83.73,5
83274,6,423.0,1135000,1155000.0,96.5,50%-60%,Race Not Available,Home_Purchase,Principal_Residence,Originated,93.49,0
71217,0,89.0,215000,225000.0,96.5,30%-<36%,Race Not Available,Home_Purchase,Principal_Residence,Preapproval_Approved_NotAccepted,0.0,1
41610,6,28.0,245000,425000.0,56.82,>60%,White,CashOut_Refinance,Principal_Residence,Denied,24.31,0
2203,0,55.0,165000,165000.0,100.0,20%-<30%,White,Home_Purchase,Principal_Residence,Originated,16.36,1
56252,0,305.0,425000,375000.0,78.353,Unknown,White,Home_Purchase,Principal_Residence,Withdrawn,10.6,1
52329,0,47.0,235000,245000.0,97.0,43%-<50%,Race Not Available,Home_Purchase,Principal_Residence,Originated,24.23,1
90997,2,70.0,85000,375000.0,78.353,Unknown,White,Refinance,Investment,Incomplete,48.22,3
98745,4,42.0,125000,125000.0,104.64,20%-<30%,White,Other,Principal_Residence,Originated,5.49,2
5493,6,205.0,355000,1005000.0,145.3,50%-60%,White,Home_Improvement,Principal_Residence,Denied,21.0,0
98617,0,312.0,475000,955000.0,50.0,36%-<43%,White,Home_Purchase,Second_Residence,Denied,45.39,5
88694,2,41.0,75000,375000.0,78.353,Unknown,White,Refinance,Investment,Withdrawn,25.49,3
9218,0,162.0,455000,565000.0,80.0,43%-<50%,White,Home_Purchase,Principal_Residence,Denied,50.62,1
37200,3,87.0,245000,365000.0,66.78,36%-<43%,White,Refinance,Principal_Residence,Originated,40.27,6
97936,6,29.0,85000,355000.0,86.53,>60%,Black or African American,Home_Improvement,Principal_Residence,Denied,11.17,0
57342,2,166.0,135000,375000.0,78.353,Unknown,White,Refinance,Investment,Withdrawn,71.91,3
59468,3,72.0,355000,375000.0,78.353,Unknown,Race Not Available,CashOut_Refinance,Principal_Residence,Incomplete,72.41,6
17176,0,48.0,45000,55000.0,89.09,36%-<43%,Joint,Home_Purchase,Principal_Residence,Preapproval_Denied,0.0,1
40841,5,50.0,75000,345000.0,31.692,30%-<36%,Black or African American,Home_Improvement,Principal_Residence,Denied,44.47,4
51965,6,74.0,105000,235000.0,60.787,50%-60%,White,Refinance,Principal_Residence,Denied,42.19,0
23853,0,129.0,555000,595000.0,93.329,30%-<36%,White,Home_Purchase,Principal_Residence,Originated,46.68,1
60068,5,134.0,105000,655000.0,33.849,30%-<36%,White,Home_Improvement,Principal_Residence,Originated,20.1,4
20102,5,71.0,15000,375000.0,103.0,36%-<43%,White,Home_Purchase,Principal_Residence,Originated,90.52,4
29268,3,95.0,495000,685000.0,78.353,Unknown,Race Not Available,CashOut_Refinance,Principal_Residence,Purchased,74.54,6
12452,0,95.0,235000,235000.0,78.353,Unknown,Race Not Available,Home_Purchase,Principal_Residence,Purchased,22.63,1
73474,0,151.0,365000,515000.0,70.588,36%-<43%,White,Home_Purchase,Principal_Residence,Preapproval_Approved_NotAccepted,0.0,1
25505,5,65.0,15000,475000.0,3.151,30%-<36%,White,Home_Improvement,Principal_Residence,Approved_NotAccepted,8.55,4
7463,5,60.0,15000,275000.0,57.91,36%-<43%,White,Other,Principal_Residence,Denied,30.8,4
42649,2,110.0,85000,255000.0,32.0,43%-<50%,Race Not Available,Home_Improvement,Investment,Originated,73.09,3
76126,0,48.0,155000,155000.0,96.5,36%-<43%,White,Home_Purchase,Principal_Residence,Originated,16.28,1
63952,3,23.0,115000,375000.0,78.353,Unknown,Asian,Refinance,Principal_Residence,Withdrawn,43.6,6
51019,6,25.0,175000,235000.0,76.142,50%-60%,Race Not Available,CashOut_Refinance,Principal_Residence,Denied,31.45,0
70000,4,88.0,105000,375000.0,78.353,Unknown,White,Home_Purchase,Principal_Residence,Withdrawn,18.58,2
66795,5,138.0,25000,555000.0,48.42,30%-<36%,White,Home_Improvement,Principal_Residence,Originated,36.82,4
16068,5,72.0,105000,235000.0,68.34,36%-<43%,White,Other,Principal_Residence,Originated,23.5,4
54760,0,118.0,205000,255000.0,80.0,20%-<30%,Joint,Home_Purchase,Principal_Residence,Originated,38.15,1
74961,4,95.0,35000,375000.0,78.353,Unknown,Race Not Available,NotApplicable,Principal_Residence,Purchased,43.43,2
96608,0,62.0,285000,275000.0,100.0,36%-<43%,Black or African American,Home_Purchase,Principal_Residence,Originated,24.89,1
56307,6,49.0,95000,395000.0,23.79,50%-60%,White,CashOut_Refinance,Principal_Residence,Denied,21.74,0
163,0,131.0,475000,485000.0,78.353,36%-<43%,Race Not Available,Home_Purchase,Principal_Residence,Originated,46.42,1
18336,3,72.0,125000,225000.0,58.11,36%-<43%,White,Refinance,Principal_Residence,Originated,8.23,6
68677,6,53.0,195000,195000.0,97.99,>60%,Black or African American,Other,Principal_Residence,Denied,72.3,0
48415,0,90.0,285000,385000.0,74.026,36%-<43%,White,Home_Purchase,Principal_Residence,Originated,9.34,1
57683,3,113.0,245000,375000.0,78.353,Unknown,White,CashOut_Refinance,Principal_Residence,Incomplete,22.3,6
66855,0,96.0,245000,345000.0,70.588,20%-<30%,White,Home_Purchase,Principal_Residence,Originated,65.89,5
71220,0,95.0,155000,155000.0,78.353,Unknown,Race Not Available,Home_Purchase,Principal_Residence,Purchased,48.63,5
2029,0,74.0,255000,245000.0,100.0,36%-<43%,White,Home_Purchase,Principal_Residence,Originated,13.28,1
6788,0,295.0,705000,745000.0,95.0,43%-<50%,White,Home_Purchase,Principal_Residence,Originated,5.06,1
61595,0,95.0,345000,365000.0,78.353,Unknown,Race Not Available,Home_Purchase,Principal_Residence,Purchased,97.35,5
54953,0,91.0,335000,355000.0,95.0,30%-<36%,White,Home_Purchase,Principal_Residence,Originated,69.77,5
11201,0,143.0,585000,375000.0,78.353,Unknown,White,Home_Purchase,Principal_Residence,Withdrawn,58.83,5
74141,3,91.0,95000,175000.0,54.442,36%-<43%,White,Refinance,Principal_Residence,Originated,18.84,6
69432,3,115.0,325000,375000.0,78.353,Unknown,Race Not Available,CashOut_Refinance,Principal_Residence,Incomplete,9.87,6
32008,0,138.0,155000,375000.0,78.353,Unknown,White,Home_Improvement,Principal_Residence,Withdrawn,9.8,1
12831,0,151.0,475000,375000.0,78.353,Unknown,White,Home_Purchase,Principal_Residence,Withdrawn,32.66,1
50067,6,64.0,175000,245000.0,70.074,50%-60%,Race Not Available,Refinance,Principal_Residence,Denied,95.51,0
61948,0,95.0,175000,175000.0,78.353,Unknown,Race Not Available,Home_Purchase,Principal_Residence,Purchased,22.09,1
31137,0,41.0,75000,105000.0,75.0,43%-<50%,White,Home_Purchase,Principal_Residence,Approved_NotAccepted,12.12,1
41097,0,52.0,155000,155000.0,101.01,36%-<43%,White,Home_Purchase,Principal_Residence,Originated,15.16,1
45684,4,33.0,105000,115000.0,78.353,>60%,Black or African American,Home_Purchase,Principal_Residence,Denied,43.7,2
24048,6,66.0,385000,375000.0,100.0,50%-60%,White,Home_Purchase,Principal_Residence,Originated,50.49,0
98320,3,53.0,205000,375000.0,78.353,Unknown,White,Refinance,Principal_Residence,Withdrawn,13.19,6
29216,0,220.0,645000,805000.0,79.982,20%-<30%,Race Not Available,Home_Purchase,Principal_Residence,Originated,59.66,5
96153,3,95.0,225000,235000.0,78.353,Unknown,Race Not Available,CashOut_Refinance,Principal_Residence,Purchased,46.48,6
14944,0,271.0,195000,265000.0,75.0,<20%,White,Home_Purchase,Second_Residence,Originated,74.63,5
31525,4,32.0,85000,165000.0,52.469,36%-<43%,White,Home_Improvement,Principal_Residence,Originated,7.69,2
37107,0,95.0,65000,115000.0,78.353,Unknown,Race Not Available,NotApplicable,Principal_Residence,Purchased,8.96,1
10077,3,50.0,225000,375000.0,78.353,Unknown,Race Not Available,CashOut_Refinance,Principal_Residence,Withdrawn,43.39,6
1871,3,0.0,2515000,3805000.0,66.28,<20%,Race Not Available,Refinance,Principal_Residence,Denied,14.33,6
94638,5,417.0,245000,965000.0,68.536,<20%,Race Not Available,Other,Principal_Residence,Originated,57.68,4
76686,3,78.0,255000,375000.0,78.353,Unknown,White,CashOut_Refinance,Principal_Residence,Incomplete,17.07,6
12233,3,52.0,75000,95000.0,80.0,36%-<43%,White,CashOut_Refinance,Principal_Residence,Denied,39.1,6
67724,0,172.0,505000,905000.0,56.528,43%-<50%,White,Home_Purchase,Principal_Residence,Originated,22.01,1
17888,6,35.0,85000,155000.0,53.333,>60%,Black or African American,Home_Improvement,Principal_Residence,Denied,44.8,0
39076,3,90.0,565000,755000.0,74.8,43%-<50%,Race Not Available,Refinance,Principal_Residence,Denied,60.85,6
79835,0,79.0,285000,355000.0,78.212,30%-<36%,Asian,Home_Purchase,Principal_Residence,Originated,17.89,1
46343,0,85.0,365000,565000.0,63.717,36%-<43%,Race Not Available,Home_Purchase,Principal_Residence,Denied,63.9,5
74325,0,61.0,125000,265000.0,45.28,43%-<50%,White,Home_Purchase,Principal_Residence,Approved_NotAccepted,13.17,1
71423,0,233.0,695000,375000.0,78.353,Unknown,White,Home_Purchase,Principal_Residence,Withdrawn,27.95,1
54462,0,74.0,385000,375000.0,100.0,36%-<43%,White,Home_Purchase,Principal_Residence,Originated,29.45,1
22749,6,76.0,25000,205000.0,78.072,50%-60%,White,Home_Improvement,Principal_Residence,Originated,6.89,0
915,6,33.0,105000,105000.0,100.0,50%-60%,White,Home_Purchase,Principal_Residence,Denied,16.04,0
9311,3,111.0,295000,375000.0,80.0,<20%,White,CashOut_Refinance,Principal_Residence,Originated,33.8,6
43457,0,167.0,265000,375000.0,78.353,Unknown,White,Home_Purchase,Principal_Residence,Withdrawn,20.54,1
25987,1,646.0,1005000,5005000.0,87.74,43%-<50%,White,Home_Improvement,Principal_Residence,Denied,17.51,4
95481,3,72.0,235000,405000.0,56.79,36%-<43%,White,CashOut_Refinance,Principal_Residence,Originated,47.23,6
90060,2,95.0,325000,385000.0,85.0,Unknown,Race Not Available,Home_Purchase,Investment,Originated,49.88,3
52928,0,95.0,155000,155000.0,78.353,Unknown,Race Not Available,Home_Purchase,Principal_Residence,Purchased,30.96,1
95998,3,123.0,295000,575000.0,50.877,20%-<30%,White,Refinance,Principal_Residence,Originated,22.62,6
97435,0,235.0,645000,375000.0,78.353,Unknown,Race Not Available,Home_Purchase,Principal_Residence,Withdrawn,22.5,1
67297,5,175.0,405000,375000.0,78.353,Unknown,White,Refinance,Principal_Residence,Withdrawn,9.86,4
95768,5,14.0,25000,255000.0,39.053,36%-<43%,White,Home_Improvement,Principal_Residence,Originated,57.24,4
93169,0,34.0,45000,55000.0,80.0,<20%,White,Other,Principal_Residence,Denied,8.83,1
98543,0,192.0,425000,535000.0,81.0,30%-<36%,Race Not Available,Home_Purchase,Principal_Residence,Originated,23.6,1
29736,0,95.0,335000,425000.0,78.353,Unknown,Race Not Available,Home_Purchase,Principal_Residence,Purchased,25.9,1
44942,0,33.0,155000,165000.0,87.87,43%-<50%,Race Not Available,Home_Purchase,Principal_Residence,Denied,31.27,1
36123,1,334.0,565000,375000.0,78.353,Unknown,White,Home_Purchase,Principal_Residence,Withdrawn,25.22,1
46917,0,129.0,235000,255000.0,92.0,20%-<30%,Race Not Available,Home_Purchase,Principal_Residence,Originated,25.11,1
25774,3,89.0,295000,375000.0,78.353,Unknown,Race Not Available,CashOut_Refinance,Principal_Residence,Withdrawn,20.38,6
85146,0,34.0,55000,55000.0,95.0,20%-<30%,Black or African American,Home_Purchase,Principal_Residence,Approved_NotAccepted,40.05,5
64658,0,66.0,295000,325000.0,78.353,43%-<50%,White,Home_Purchase,Principal_Residence,Originated,50.5,5
65412,4,40.0,125000,125000.0,97.19,43%-<50%,Black or African American,Home_Purchase,Principal_Residence,Denied,0.0,2
66615,5,109.0,155000,35000.0,502.86,20%-<30%,Joint,Home_Improvement,Principal_Residence,Denied,34.56,4
70199,5,104.0,55000,785000.0,70.283,36%-<43%,Race Not Available,Home_Improvement,Principal_Residence,Originated,15.85,4
16582,0,95.0,315000,405000.0,78.353,Unknown,Race Not Available,Home_Purchase,Principal_Residence,Purchased,91.22,5
56623,3,74.0,405000,375000.0,78.353,Unknown,Asian,CashOut_Refinance,Principal_Residence,Withdrawn,67.94,6
5050,0,72.0,135000,165000.0,81.17,43%-<50%,White,Home_Purchase,Principal_Residence,Originated,4.06,1
84419,3,73.0,365000,375000.0,78.353,Unknown,Race Not Available,CashOut_Refinance,Principal_Residence,Withdrawn,84.34,6
88799,0,81.0,345000,385000.0,90.0,30%-<36%,Black or African American,Home_Purchase,Principal_Residence,Originated,41.62,1
22755,6,114.0,375000,225000.0,101.86,50%-60%,Race Not Available,Home_Purchase,Principal_Residence,Originated,48.81,0
95755,3,47.0,155000,685000.0,22.084,36%-<43%,White,Refinance,Principal_Residence,Originated,21.57,6
74053,5,127.0,125000,565000.0,72.113,20%-<30%,White,Refinance,Principal_Residence,Originated,61.89,4
32075,3,177.0,285000,735000.0,46.736,43%-<50%,White,Refinance,Principal_Residence,Denied,26.52,6
80357,3,49.0,245000,375000.0,65.36,36%-<43%,American Indian or Alaska Native,Refinance,Principal_Residence,Originated,34.55,6
24056,0,95.0,525000,605000.0,78.353,Unknown,Race Not Available,Home_Purchase,Principal_Residence,Purchased,14.81,1
99762,0,95.0,215000,235000.0,78.353,Unknown,Race Not Available,Home_Purchase,Principal_Residence,Purchased,18.98,1
53151,0,118.0,505000,995000.0,50.075,43%-<50%,White,Home_Purchase,Principal_Residence,Originated,29.92,1
9121,3,93.0,255000,335000.0,78.098,36%-<43%,White,CashOut_Refinance,Principal_Residence,Originated,58.98,6
94226,3,35.0,145000,245000.0,60.03,43%-<50%,White,CashOut_Refinance,Principal_Residence,Originated,14.35,6
37046,3,60.0,245000,305000.0,82.504,43%-<50%,Race Not Available,CashOut_Refinance,Principal_Residence,Originated,6.77,6
40781,3,95.0,135000,145000.0,78.353,Unknown,Race Not Available,Refinance,Principal_Residence,Purchased,4.16,6
6869,3,22.0,25000,125000.0,22.822,20%-<30%,White,Refinance,Principal_Residence,Originated,3.56,6
11561,0,115.0,355000,365000.0,96.5,43%-<50%,Black or African American,Home_Purchase,Principal_Residence,Originated,41.71,1
69483,6,69.0,275000,355000.0,77.729,50%-60%,White,CashOut_Refinance,Principal_Residence,Originated,18.64,0
55210,3,105.0,215000,825000.0,26.424,<20%,White,Refinance,Principal_Residence,Originated,27.54,6
61236,0,95.0,75000,75000.0,78.353,Unknown,Race Not Available,Home_Purchase,Principal_Residence,Purchased,6.52,1
4233,3,19.0,95000,375000.0,78.353,Unknown,Race Not Available,CashOut_Refinance,Principal_Residence,Incomplete,44.26,6
99232,0,97.0,305000,315000.0,96.5,43%-<50%,Race Not Available,Home_Purchase,Principal_Residence,Originated,25.09,1
33163,0,73.0,295000,305000.0,96.5,36%-<43%,White,Home_Purchase,Principal_Residence,Originated,17.53,1
91493,0,44.0,45000,375000.0,78.353,Exempt,Race Not Available,Other,Principal_Residence,Originated,91.69,5
60197,3,67.0,195000,375000.0,78.353,Unknown,White,Refinance,Principal_Residence,Withdrawn,9.85,6
81990,5,123.0,155000,885000.0,62.1,<20%,Race Not Available,Home_Improvement,Principal_Residence,Originated,30.26,4
99240,1,1739.0,3005000,1295000.0,233.0,43%-<50%,White,Home_Improvement,Investment,Originated,33.2,3
43329,1,385.0,965000,965000.0,70.0,20%-<30%,White,Home_Purchase,Principal_Residence,Originated,23.38,1
90141,3,65.0,55000,135000.0,57.55,30%-<36%,White,CashOut_Refinance,Principal_Residence,Originated,17.17,6
75458,2,95.0,235000,295000.0,78.353,Unknown,Race Not Available,NotApplicable,Investment,Purchased,32.1,3
32457,6,68.0,225000,1405000.0,40.688,>60%,White,CashOut_Refinance,Principal_Residence,Denied,68.17,0
25723,0,138.0,295000,325000.0,90.0,30%-<36%,White,Home_Purchase,Principal_Residence,Preapproval_Approved_NotAccepted,0.0,1
955,3,193.0,945000,375000.0,78.353,Unknown,White,Refinance,Principal_Residence,Withdrawn,14.56,6
37089,3,91.0,285000,345000.0,82.383,30%-<36%,White,CashOut_Refinance,Principal_Residence,Originated,44.29,6
48457,3,95.0,125000,195000.0,78.353,Unknown,Race Not Available,Refinance,Second_Residence,Purchased,14.89,6
13395,5,65.0,75000,495000.0,50.14,43%-<50%,Black or African American,Home_Improvement,Principal_Residence,Denied,95.99,4
42969,3,178.0,315000,455000.0,68.57,36%-<43%,Asian,CashOut_Refinance,Principal_Residence,Originated,54.2,6
72266,3,88.0,135000,355000.0,48.51,43%-<50%,White,Refinance,Principal_Residence,Originated,11.84,6
59707,0,196.0,195000,375000.0,78.353,Exempt,White,Home_Purchase,Principal_Residence,Originated,6.28,1
25330,0,209.0,885000,1395000.0,63.0,43%-<50%,White,Home_Purchase,Principal_Residence,Originated,73.85,5
94099,3,107.0,315000,355000.0,89.14,36%-<43%,White,Refinance,Principal_Residence,Denied,17.95,6
6490,0,77.0,285000,355000.0,78.353,Unknown,White,Home_Purchase,Principal_Residence,Purchased,21.61,1
96819,3,115.0,265000,295000.0,89.991,43%-<50%,Black or African American,CashOut_Refinance,Principal_Residence,Approved_NotAccepted,76.36,6
46270,0,209.0,855000,945000.0,90.0,36%-<43%,Asian,Home_Purchase,Principal_Residence,Originated,20.98,1
82889,0,259.0,435000,545000.0,80.0,36%-<43%,White,Home_Purchase,Principal_Residence,Originated,58.14,5
31704,0,62.0,185000,185000.0,96.5,36%-<43%,White,Home_Purchase,Principal_Residence,Preapproval_Approved_NotAccepted,0.0,1
31124,3,36.0,125000,375000.0,78.353,Unknown,White,CashOut_Refinance,Principal_Residence,Withdrawn,39.42,6
54799,6,24.0,25000,65000.0,41.67,50%-60%,White,Other,Principal_Residence,Denied,16.38,0
56708,0,60.0,265000,375000.0,78.353,Unknown,White,Home_Purchase,Principal_Residence,Withdrawn,18.39,1
92070,0,59.0,5000,225000.0,100.0,43%-<50%,Race Not Available,Home_Purchase,Principal_Residence,Originated,51.57,5
79699,3,52.0,205000,375000.0,78.353,Exempt,White,Refinance,Principal_Residence,Purchased,7.83,6
60783,3,43.0,145000,205000.0,69.0,20%-<30%,White,CashOut_Refinance,Principal_Residence,Originated,69.84,6
71622,5,199.0,55000,355000.0,84.209,<20%,White,Home_Improvement,Principal_Residence,Originated,9.15,4
69278,3,50.0,165000,375000.0,78.353,Unknown,White,Refinance,Principal_Residence,Incomplete,32.08,6
57471,3,95.0,525000,655000.0,80.0,30%-<36%,White,Refinance,Principal_Residence,Denied,11.01,6
84996,0,95.0,395000,415000.0,78.353,Unknown,Race Not Available,Home_Purchase,Principal_Residence,Purchased,49.62,1
73371,5,72.0,75000,475000.0,64.797,36%-<43%,White,Other,Principal_Residence,Originated,21.77,4
12413,0,55.0,75000,95000.0,83.28,30%-<36%,White,Home_Purchase,Principal_Residence,Originated,8.92,1
3254,5,168.0,155000,1205000.0,45.839,43%-<50%,White,Other,Principal_Residence,Originated,18.84,4
82971,0,185.0,95000,105000.0,95.0,20%-<30%,Race Not Available,Home_Purchase,Principal_Residence,Originated,8.59,1
99630,6,52.0,55000,435000.0,51.795,50%-60%,White,Other,Principal_Residence,Denied,32.25,0
15368,0,169.0,565000,755000.0,75.0,36%-<43%,Race Not Available,Home_Purchase,Principal_Residence,Denied,74.47,5
98609,3,31.0,15000,375000.0,78.353,Unknown,White,Refinance,Principal_Residence,Denied,88.55,6
41591,6,124.0,205000,595000.0,34.0,>60%,White,Refinance,Principal_Residence,Denied,8.62,0
96210,2,136.0,205000,275000.0,73.636,43%-<50%,Black or African American,CashOut_Refinance,Investment,Denied,97.93,3
70514,0,80.0,355000,445000.0,80.0,36%-<43%,White,Home_Purchase,Principal_Residence,Originated,11.14,1
18410,3,68.0,55000,225000.0,25.42,30%-<36%,White,CashOut_Refinance,Principal_Residence,Originated,14.82,6
31008,3,36.0,105000,165000.0,65.0,36%-<43%,White,CashOut_Refinance,Principal_Residence,Originated,16.68,6
63792,6,52.0,245000,255000.0,96.5,50%-60%,Black or African American,Home_Purchase,Principal_Residence,Originated,26.64,0
56779,0,96.0,545000,375000.0,78.353,Unknown,White,Home_Purchase,Principal_Residence,Withdrawn,22.96,1
87220,0,119.0,165000,215000.0,75.0,43%-<50%,Black or African American,Home_Purchase,Principal_Residence,Originated,25.26,1
59333,0,96.0,95000,125000.0,79.167,<20%,White,Home_Improvement,Principal_Residence,Originated,26.42,1
67736,3,197.0,135000,575000.0,22.609,43%-<50%,White,Other,Principal_Residence,Denied,41.92,1
40659,1,389.0,645000,1075000.0,73.501,20%-<30%,Race Not Available,Refinance,Principal_Residence,Originated,13.59,6
87399,3,46.0,235000,375000.0,78.353,Unknown,White,CashOut_Refinance,Principal_Residence,Withdrawn,23.2,6
63110,6,95.0,45000,375000.0,78.135,50%-60%,White,Home_Improvement,Principal_Residence,Denied,48.79,0
44580,3,35.0,55000,375000.0,78.353,Unknown,Race Not Available,Refinance,Principal_Residence,Incomplete,36.4,6
23881,3,36.0,25000,255000.0,11.16,<20%,White,Refinance,Principal_Residence,Originated,50.09,6
74641,0,107.0,205000,265000.0,77.17,20%-<30%,White,Home_Purchase,Principal_Residence,Originated,9.61,1
14145,1,360.0,845000,1055000.0,80.0,36%-<43%,Race Not Available,Other,Second_Residence,Originated,36.65,1
47261,3,25.0,215000,405000.0,78.353,Unknown,Race Not Available,Refinance,Principal_Residence,Originated,59.8,6
8504,0,24.0,125000,345000.0,36.765,43%-<50%,White,Other,Principal_Residence,Denied,38.23,5
61869,2,48.0,105000,375000.0,78.353,Unknown,White,Home_Improvement,Investment,Withdrawn,26.75,3
23251,1,844.0,265000,375000.0,78.353,Unknown,White,Home_Purchase,Second_Residence,Withdrawn,86.37,4
7799,0,95.0,55000,55000.0,78.353,Unknown,Race Not Available,Home_Purchase,Principal_Residence,Purchased,36.32,1
3394,3,118.0,325000,465000.0,69.892,43%-<50%,White,CashOut_Refinance,Principal_Residence,Originated,36.61,6
21393,0,144.0,525000,755000.0,70.0,36%-<43%,White,Home_Improvement,Principal_Residence,Denied,94.59,5
56924,0,95.0,165000,165000.0,78.353,Unknown,Race Not Available,Home_Purchase,Principal_Residence,Purchased,12.51,1
89037,0,116.0,485000,375000.0,78.353,Unknown,Race Not Available,Home_Purchase,Principal_Residence,Withdrawn,74.87,5
61899,3,279.0,505000,685000.0,72.993,<20%,White,CashOut_Refinance,Principal_Residence,Originated,58.77,6
83495,1,540.0,215000,2605000.0,80.0,43%-<50%,White,Home_Improvement,Principal_Residence,Denied,50.75,4
74210,0,71.0,255000,375000.0,78.353,Unknown,White,Home_Purchase,Principal_Residence,Withdrawn,46.36,1
77520,0,95.0,135000,145000.0,95.0,30%-<36%,White,Home_Purchase,Principal_Residence,Originated,6.11,1
58034,1,363.0,205000,1445000.0,73.98,20%-<30%,Asian,Home_Improvement,Principal_Residence,Originated,26.88,4
20434,0,111.0,175000,285000.0,62.5,20%-<30%,White,Home_Purchase,Principal_Residence,Originated,21.12,1
95165,3,85.0,115000,505000.0,22.2,20%-<30%,Race Not Available,Refinance,Principal_Residence,Denied,74.77,6
8972,4,23.0,65000,65000.0,78.353,20%-<30%,White,Home_Purchase,Principal_Residence,Denied,28.28,2
92727,3,108.0,245000,375000.0,78.353,Unknown,White,Refinance,Principal_Residence,Withdrawn,21.21,6
84218,1,375.0,505000,805000.0,62.5,30%-<36%,White,Other,Principal_Residence,Denied,7.8,1
95745,0,95.0,165000,175000.0,78.353,Unknown,Race Not Available,Home_Purchase,Principal_Residence,Purchased,12.67,1
79578,3,115.0,245000,275000.0,88.364,36%-<43%,White,CashOut_Refinance,Principal_Residence,Denied,14.27,6
23343,3,32.0,145000,375000.0,78.353,Unknown,Black or African American,Refinance,Principal_Residence,Withdrawn,15.94,6
28409,4,82.0,25000,25000.0,99.27,50%-60%,White,Home_Purchase,Principal_Residence,Denied,5.44,2
89901,4,73.0,395000,375000.0,78.353,Unknown,White,Home_Purchase,Principal_Residence,Withdrawn,25.35,2
95699,0,72.0,225000,245000.0,95.0,36%-<43%,White,Home_Purchase,Principal_Residence,Preapproval_Denied,0.0,1
49894,0,167.0,305000,375000.0,78.353,Unknown,White,Home_Purchase,Principal_Residence,Withdrawn,44.87,5
41969,0,95.0,385000,435000.0,78.353,Unknown,Race Not Available,Home_Purchase,Principal_Residence,Purchased,10.13,1
29983,3,216.0,425000,375000.0,78.353,Unknown,White,CashOut_Refinance,Principal_Residence,Withdrawn,47.3,6
3913,5,90.0,25000,175000.0,38.862,20%-<30%,White,Other,Principal_Residence,Originated,7.64,4
13134,0,95.0,415000,465000.0,78.353,Unknown,Race Not Available,Home_Purchase,Principal_Residence,Purchased,48.79,5
61400,1,630.0,225000,235000.0,95.0,20%-<30%,White,Home_Purchase,Principal_Residence,Originated,10.01,1
6778,3,95.0,205000,425000.0,48.99,<20%,White,Refinance,Principal_Residence,Originated,20.8,6
71440,6,81.0,65000,435000.0,85.241,50%-60%,White,Other,Principal_Residence,Originated,7.6,0
16056,3,60.0,215000,295000.0,74.0,36%-<43%,White,CashOut_Refinance,Principal_Residence,Originated,19.02,6
49175,3,69.0,225000,415000.0,54.699,36%-<43%,White,CashOut_Refinance,Principal_Residence,Originated,43.8,6
59542,2,95.0,805000,1305000.0,78.353,Unknown,Race Not Available,Refinance,Investment,Originated,96.78,3
65145,0,130.0,335000,565000.0,59.893,36%-<43%,White,Home_Purchase,Principal_Residence,Originated,8.58,1
89126,0,208.0,555000,695000.0,78.69,43%-<50%,Race Not Available,Home_Purchase,Second_Residence,Originated,18.57,1
64314,2,95.0,505000,735000.0,68.46,Unknown,Race Not Available,Refinance,Investment,Originated,26.22,3
41511,5,86.0,45000,365000.0,52.89,30%-<36%,White,Home_Improvement,Principal_Residence,Originated,10.09,4
57261,0,100.0,125000,255000.0,48.0,20%-<30%,Joint,Home_Improvement,Principal_Residence,Originated,35.45,1
5601,3,175.0,155000,845000.0,18.938,<20%,White,Home_Purchase,Principal_Residence,Originated,12.3,1
84282,6,120.0,505000,2205000.0,22.727,>60%,White,Other,Principal_Residence,Denied,29.4,0
67874,6,60.0,295000,325000.0,90.0,50%-60%,White,Home_Purchase,Principal_Residence,Originated,28.73,0
19618,3,60.0,205000,375000.0,78.353,Unknown,Black or African American,Refinance,Principal_Residence,Incomplete,97.63,6
41574,0,112.0,145000,145000.0,100.0,20%-<30%,Joint,Home_Purchase,Principal_Residence,Originated,16.61,1
15928,3,122.0,195000,445000.0,43.43,30%-<36%,Race Not Available,CashOut_Refinance,Principal_Residence,Denied,23.59,6
73395,0,63.0,65000,175000.0,37.0,20%-<30%,White,Home_Purchase,Principal_Residence,Originated,41.8,1
25752,5,153.0,75000,465000.0,59.33,36%-<43%,White,CashOut_Refinance,Principal_Residence,Originated,10.08,4
70102,0,84.0,215000,225000.0,95.556,36%-<43%,White,Home_Purchase,Principal_Residence,Originated,54.65,5
75402,6,24.0,135000,145000.0,92.86,>60%,White,Home_Purchase,Principal_Residence,Denied,6.97,0
47253,3,150.0,125000,215000.0,58.249,30%-<36%,White,Refinance,Principal_Residence,Originated,25.9,6
4243,3,95.0,185000,285000.0,78.353,Unknown,Race Not Available,CashOut_Refinance,Second_Residence,Purchased,3.79,6
37112,3,88.0,145000,375000.0,78.353,Unknown,Race Not Available,CashOut_Refinance,Principal_Residence,Withdrawn,23.27,6
46994,1,500.0,1655000,2405000.0,69.0,30%-<36%,Race Not Available,Home_Purchase,Principal_Residence,Approved_NotAccepted,22.84,1
40999,4,59.0,75000,85000.0,88.33,30%-<36%,White,Home_Purchase,Principal_Residence,Originated,7.39,2
47312,3,173.0,645000,2225000.0,29.088,30%-<36%,White,Other,Principal_Residence,Approved_NotAccepted,15.03,1
74011,0,46.0,55000,75000.0,73.333,<20%,White,Home_Purchase,Principal_Residence,Originated,8.11,1
55166,0,95.0,205000,375000.0,78.353,Unknown,White,Home_Purchase,Principal_Residence,Withdrawn,67.99,5
20508,0,81.0,325000,405000.0,78.353,Unknown,Race Not Available,Home_Purchase,Principal_Residence,Purchased,14.63,1
35778,0,114.0,85000,375000.0,78.353,Unknown,White,Home_Purchase,Principal_Residence,Incomplete,17.7,1
1718,5,56.0,75000,375000.0,78.353,Unknown,White,CashOut_Refinance,Principal_Residence,Withdrawn,20.51,4
7851,0,160.0,675000,745000.0,90.0,36%-<43%,Asian,Home_Purchase,Principal_Residence,Originated,93.64,5
2826,3,52.0,75000,195000.0,39.387,43%-<50%,White,Refinance,Principal_Residence,Originated,60.05,6
32452,3,176.0,1005000,375000.0,78.353,Unknown,White,CashOut_Refinance,Principal_Residence,Withdrawn,64.78,6
94237,0,64.0,395000,375000.0,78.353,Unknown,Joint,Home_Purchase,Principal_Residence,Withdrawn,19.84,1
27839,3,95.0,185000,255000.0,78.353,Unknown,Race Not Available,CashOut_Refinance,Principal_Residence,Purchased,10.53,6
6970,0,57.0,135000,155000.0,89.428,43%-<50%,White,Home_Purchase,Principal_Residence,Originated,8.46,1
70873,0,72.0,165000,165000.0,100.0,43%-<50%,White,Home_Purchase,Principal_Residence,Originated,84.46,5
63535,0,108.0,405000,375000.0,78.353,Unknown,Race Not Available,Home_Purchase,Principal_Residence,Withdrawn,61.08,5
92448,2,122.0,1505000,375000.0,78.353,Unknown,Race Not Available,Home_Purchase,Investment,Withdrawn,0.0,3
45418,0,89.0,195000,225000.0,89.367,20%-<30%,White,Home_Purchase,Principal_Residence,Originated,11.69,1
75279,3,28.0,105000,135000.0,78.0,43%-<50%,Black or African American,CashOut_Refinance,Principal_Residence,Originated,41.31,6
3321,0,88.0,155000,175000.0,88.571,<20%,Race Not Available,Home_Purchase,Principal_Residence,Denied,43.26,1
90368,0,58.0,225000,235000.0,100.0,<20%,Black or African American,Home_Purchase,Principal_Residence,Denied,89.94,5
50866,4,110.0,15000,15000.0,90.0,<20%,Race Not Available,Refinance,Principal_Residence,Approved_NotAccepted,18.42,2
99982,5,202.0,255000,1105000.0,69.975,43%-<50%,White,Refinance,Principal_Residence,Denied,74.53,4
4739,3,37.0,35000,235000.0,13.74,36%-<43%,White,Other,Principal_Residence,Denied,26.42,1
48902,0,97.0,375000,375000.0,78.353,Exempt,Asian,Home_Purchase,Principal_Residence,Originated,37.74,1
20409,3,123.0,305000,435000.0,69.02,30%-<36%,White,CashOut_Refinance,Principal_Residence,Originated,57.94,6
44079,0,119.0,395000,375000.0,78.353,Unknown,White,Home_Purchase,Principal_Residence,Withdrawn,16.53,1
28211,4,44.0,175000,185000.0,95.0,36%-<43%,White,Home_Purchase,Principal_Residence,Originated,4.94,2
6561,0,54.0,155000,165000.0,95.0,36%-<43%,White,Home_Purchase,Principal_Residence,Originated,43.09,5
41020,0,95.0,475000,525000.0,78.353,Unknown,Race Not Available,Home_Purchase,Principal_Residence,Purchased,16.83,1
45385,5,346.0,435000,1455000.0,74.92,20%-<30%,White,Home_Improvement,Principal_Residence,Originated,21.41,4
28585,1,450.0,355000,375000.0,78.353,Unknown,Asian,Other,Principal_Residence,Incomplete,34.73,4
86225,3,50.0,45000,375000.0,78.353,Unknown,Black or African American,Refinance,Principal_Residence,Incomplete,99.92,6
5560,3,183.0,225000,375000.0,78.353,Unknown,White,CashOut_Refinance,Principal_Residence,Withdrawn,54.51,6
53405,0,95.0,145000,155000.0,78.353,Unknown,Race Not Available,NotApplicable,Principal_Residence,Purchased,55.99,5
15792,3,91.0,205000,295000.0,67.32,36%-<43%,White,Refinance,Principal_Residence,Originated,7.18,6
78818,0,234.0,795000,375000.0,78.353,Unknown,Asian,Home_Purchase,Principal_Residence,Withdrawn,45.33,5
54896,4,59.0,185000,375000.0,78.353,Unknown,White,Home_Purchase,Principal_Residence,Withdrawn,4.59,2
66961,0,96.0,325000,375000.0,78.353,Unknown,Asian,Home_Purchase,Principal_Residence,Withdrawn,27.72,1
88720,0,51.0,225000,245000.0,89.0,30%-<36%,Race Not Available,Home_Purchase,Principal_Residence,Originated,8.08,1
96689,3,161.0,285000,375000.0,78.353,Unknown,White,CashOut_Refinance,Principal_Residence,Incomplete,38.96,6
70084,0,123.0,295000,365000.0,80.0,43%-<50%,White,Home_Purchase,Principal_Residence,Originated,60.23,5
61837,0,78.0,275000,285000.0,101.763,43%-<50%,Black or African American,Home_Purchase,Principal_Residence,Originated,96.68,5
53391,5,126.0,205000,645000.0,55.004,43%-<50%,White,Home_Improvement,Principal_Residence,Originated,6.44,4
13371,3,96.0,125000,375000.0,78.353,Unknown,Race Not Available,Refinance,Principal_Residence,Incomplete,49.4,6
7561,4,99.0,315000,375000.0,78.353,Unknown,White,Refinance,Principal_Residence,Incomplete,26.26,2
96140,3,57.0,155000,565000.0,26.786,36%-<43%,White,Refinance,Principal_Residence,Originated,5.4,6
13806,3,65.0,45000,185000.0,21.39,30%-<36%,Black or African American,Home_Improvement,Principal_Residence,Approved_NotAccepted,88.72,5
19637,0,74.0,285000,355000.0,80.0,30%-<36%,White,Home_Purchase,Principal_Residence,Originated,36.15,1
60987,5,156.0,55000,245000.0,50.17,<20%,White,Home_Improvement,Principal_Residence,Originated,19.95,4
42615,3,37.0,205000,375000.0,78.353,Unknown,White,CashOut_Refinance,Principal_Residence,Withdrawn,52.52,6
5070,0,165.0,665000,835000.0,80.0,30%-<36%,White,Home_Purchase,Principal_Residence,Originated,13.98,1
55840,0,118.0,225000,245000.0,90.0,36%-<43%,Race Not Available,Home_Purchase,Principal_Residence,Originated,30.31,1
65473,0,99.0,225000,285000.0,80.0,<20%,White,Home_Purchase,Principal_Residence,Originated,49.43,5
69385,0,95.0,235000,265000.0,78.353,Unknown,Race Not Available,Home_Purchase,Principal_Residence,Purchased,31.3,1
72912,0,91.0,365000,365000.0,78.353,36%-<43%,White,Home_Purchase,Principal_Residence,Originated,32.27,1
95025,3,151.0,355000,1105000.0,32.345,20%-<30%,Race Not Available,Refinance,Principal_Residence,Originated,93.19,6
60270,4,10.0,85000,375000.0,78.353,Unknown,Race Not Available,CashOut_Refinance,Principal_Residence,Withdrawn,50.51,2
94789,0,95.0,395000,405000.0,78.353,Unknown,Race Not Available,Home_Purchase,Principal_Residence,Purchased,89.91,5
87330,6,95.0,285000,295000.0,96.5,50%-60%,Black or African American,Home_Purchase,Principal_Residence,Originated,82.09,0
94586,0,248.0,415000,375000.0,78.353,Unknown,White,Home_Purchase,Principal_Residence,Withdrawn,19.44,1
65548,0,95.0,185000,185000.0,78.353,Unknown,Race Not Available,Home_Purchase,Principal_Residence,Purchased,16.53,1
47439,3,57.0,105000,105000.0,95.0,30%-<36%,White,Refinance,Principal_Residence,Denied,95.32,6
40594,0,53.0,165000,165000.0,100.092,30%-<36%,Race Not Available,Home_Purchase,Principal_Residence,Originated,18.76,1
7495,3,72.0,85000,125000.0,69.0,20%-<30%,White,CashOut_Refinance,Principal_Residence,Originated,4.28,6
8839,0,69.0,305000,305000.0,78.353,43%-<50%,White,Home_Purchase,Principal_Residence,Originated,23.8,1
42079,2,95.0,65000,95000.0,78.353,Unknown,Race Not Available,CashOut_Refinance,Investment,Purchased,95.54,3
95890,3,307.0,115000,375000.0,78.353,Unknown,White,CashOut_Refinance,Second_Residence,Incomplete,6.4,6
55943,4,62.0,125000,375000.0,78.353,Unknown,Race Not Available,Home_Purchase,Principal_Residence,Incomplete,24.66,2
18829,5,54.0,35000,205000.0,94.286,30%-<36%,White,Other,Principal_Residence,Denied,79.99,4
63833,0,118.0,525000,655000.0,80.0,36%-<43%,Asian,Home_Purchase,Principal_Residence,Originated,33.74,1
66034,2,161.0,1205000,2505000.0,48.0,50%-60%,White,CashOut_Refinance,Investment,Originated,44.91,3
57381,4,38.0,175000,165000.0,78.353,>60%,Joint,Home_Purchase,Principal_Residence,Denied,19.59,2
68385,2,95.0,215000,285000.0,74.913,Unknown,Race Not Available,CashOut_Refinance,Investment,Originated,71.17,3
34685,0,73.0,225000,375000.0,78.353,Exempt,Asian,Home_Purchase,Principal_Residence,Originated,47.8,1
86850,3,95.0,205000,375000.0,78.353,Unknown,Asian,CashOut_Refinance,Principal_Residence,Withdrawn,56.81,6
65609,4,39.0,65000,65000.0,78.353,30%-<36%,Race Not Available,Home_Purchase,Principal_Residence,Originated,70.74,2
65337,3,231.0,405000,375000.0,78.353,Unknown,Black or African American,CashOut_Refinance,Principal_Residence,Incomplete,50.32,6
88791,3,257.0,555000,925000.0,60.0,20%-<30%,Race Not Available,CashOut_Refinance,Principal_Residence,Originated,30.22,6
18860,0,124.0,225000,585000.0,39.419,30%-<36%,White,Home_Purchase,Principal_Residence,Originated,9.82,1
16517,0,41.0,135000,375000.0,78.353,Unknown,Native Hawaiian or Other Pacific Islander,Home_Purchase,Principal_Residence,Incomplete,15.55,1
60837,3,68.0,185000,545000.0,34.0,43%-<50%,Race Not Available,CashOut_Refinance,Principal_Residence,Denied,98.54,6
72939,0,55.0,205000,375000.0,78.353,Unknown,White,Home_Purchase,Second_Residence,Withdrawn,23.11,1
35948,0,95.0,595000,575000.0,100.0,20%-<30%,White,Home_Purchase,Principal_Residence,Originated,85.87,5
98859,3,95.0,245000,335000.0,78.353,Unknown,Race Not Available,Refinance,Principal_Residence,Purchased,92.6,6
394,3,80.0,305000,375000.0,78.353,Unknown,Race Not Available,CashOut_Refinance,Principal_Residence,Incomplete,25.15,6
49747,0,75.0,225000,305000.0,74.13,43%-<50%,Race Not Available,Home_Purchase,Principal_Residence,Originated,36.91,1
28786,0,79.0,335000,375000.0,78.353,Unknown,White,Home_Purchase,Principal_Residence,Withdrawn,0.0,1
46594,1,524.0,1315000,1755000.0,75.0,36%-<43%,White,Other,Principal_Residence,Originated,25.72,1
39060,3,79.0,245000,255000.0,100.0,43%-<50%,White,CashOut_Refinance,Principal_Residence,Originated,25.46,6
97340,2,86.0,135000,375000.0,78.353,Unknown,Race Not Available,Home_Purchase,Investment,Withdrawn,98.19,3
72035,4,58.0,65000,55000.0,78.353,50%-60%,White,Home_Improvement,Principal_Residence,Denied,15.67,2
35545,5,142.0,105000,595000.0,21.03,43%-<50%,White,Other,Principal_Residence,Originated,12.29,4
42936,0,95.0,155000,305000.0,78.353,Unknown,Race Not Available,NotApplicable,Principal_Residence,Purchased,40.09,5
87005,3,62.0,205000,375000.0,78.353,Unknown,White,CashOut_Refinance,Principal_Residence,Withdrawn,70.06,6
83622,1,514.0,1205000,1505000.0,80.0,<20%,White,Home_Purchase,Principal_Residence,Originated,9.62,1
42915,6,176.0,45000,305000.0,86.39,>60%,White,Other,Principal_Residence,Denied,4.71,0
65790,5,56.0,105000,375000.0,78.353,Unknown,White,Home_Improvement,Principal_Residence,Withdrawn,8.9,4
92314,3,75.0,185000,375000.0,78.353,Unknown,White,CashOut_Refinance,Principal_Residence,Incomplete,37.21,6
79744,0,121.0,455000,505000.0,90.0,36%-<43%,White,Home_Purchase,Principal_Residence,Originated,77.89,5
85441,0,69.0,255000,455000.0,55.556,43%-<50%,White,Home_Purchase,Principal_Residence,Originated,35.34,1
76723,2,220.0,575000,375000.0,78.353,Unknown,White,Home_Purchase,Investment,Withdrawn,12.45,3
62039,3,84.0,155000,375000.0,78.353,Unknown,White,CashOut_Refinance,Principal_Residence,Withdrawn,17.75,6
31432,0,406.0,1365000,1705000.0,80.0,36%-<43%,White,Home_Purchase,Principal_Residence,Originated,38.1,5
98929,3,95.0,245000,375000.0,78.353,Unknown,Black or African American,CashOut_Refinance,Principal_Residence,Denied,18.46,6
88958,0,118.0,155000,205000.0,73.659,20%-<30%,White,Home_Purchase,Principal_Residence,Originated,21.63,1
3707,0,83.0,305000,385000.0,80.0,36%-<43%,White,Home_Purchase,Principal_Residence,Originated,40.27,1
84964,0,164.0,635000,665000.0,95.0,36%-<43%,Asian,Home_Purchase,Principal_Residence,Originated,73.09,5
33056,0,45.0,155000,375000.0,78.353,Unknown,White,Home_Purchase,Principal_Residence,Withdrawn,80.37,5
74153,5,77.0,155000,375000.0,78.353,Unknown,White,CashOut_Refinance,Principal_Residence,Withdrawn,21.02,4
56831,2,184.0,425000,575000.0,74.95,20%-<30%,White,Refinance,Investment,Denied,62.72,3
33534,0,70.0,155000,375000.0,78.353,Unknown,Race Not Available,Home_Purchase,Principal_Residence,Withdrawn,7.71,1
72996,2,95.0,315000,425000.0,78.353,Unknown,Race Not Available,Refinance,Investment,Originated,23.63,3
1532,3,192.0,205000,305000.0,68.333,43%-<50%,White,Refinance,Second_Residence,Originated,7.01,6
11957,3,95.0,245000,375000.0,78.353,Unknown,Black or African American,Refinance,Principal_Residence,Denied,44.59,6
39827,2,95.0,955000,2045000.0,46.45,Unknown,Race Not Available,Refinance,Investment,Originated,48.03,3
28206,0,150.0,405000,505000.0,80.0,43%-<50%,White,Home_Purchase,Principal_Residence,Originated,30.86,1
98635,2,59.0,345000,585000.0,58.769,>60%,Race Not Available,CashOut_Refinance,Investment,Denied,40.54,3
73857,3,59.0,115000,375000.0,78.353,Unknown,White,CashOut_Refinance,Principal_Residence,Incomplete,6.5,6
67657,2,95.0,445000,345000.0,129.37,<20%,White,Home_Purchase,Investment,Originated,13.01,3
80449,0,55.0,225000,225000.0,100.0,36%-<43%,Black or African American,Home_Purchase,Principal_Residence,Originated,97.38,5
57247,4,55.0,75000,375000.0,78.353,Unknown,Black or African American,Home_Purchase,Principal_Residence,Incomplete,11.09,2
60192,0,59.0,225000,455000.0,50.0,30%-<36%,Race Not Available,Home_Purchase,Second_Residence,Approved_NotAccepted,82.75,5
26273,0,95.0,145000,145000.0,78.353,Unknown,Race Not Available,Home_Purchase,Principal_Residence,Purchased,9.2,1
24818,0,183.0,475000,615000.0,78.52,20%-<30%,Asian,Home_Purchase,Principal_Residence,Originated,81.82,5
38025,3,59.0,225000,375000.0,78.353,Unknown,Race Not Available,CashOut_Refinance,Principal_Residence,Originated,8.02,6
90637,0,89.0,435000,515000.0,78.353,Unknown,Race Not Available,Home_Purchase,Principal_Residence,Purchased,75.43,5
25653,0,143.0,545000,675000.0,80.0,36%-<43%,Asian,Home_Purchase,Principal_Residence,Originated,21.24,1
54919,6,16.0,165000,155000.0,106.67,>60%,White,Refinance,Principal_Residence,Denied,5.7,0
65923,3,46.0,45000,115000.0,35.0,<20%,White,CashOut_Refinance,Principal_Residence,Originated,9.17,6
19693,2,95.0,805000,1855000.0,43.24,Unknown,Race Not Available,CashOut_Refinance,Investment,Originated,35.97,3
41134,3,39.0,15000,375000.0,78.353,Unknown,Black or African American,CashOut_Refinance,Principal_Residence,Withdrawn,39.77,6
82695,5,281.0,75000,385000.0,99.22,20%-<30%,White,Home_Improvement,Principal_Residence,Denied,31.33,4
30058,0,95.0,115000,115000.0,78.353,Unknown,Race Not Available,Home_Purchase,Principal_Residence,Purchased,21.95,1
7465,0,39.0,65000,75000.0,97.0,20%-<30%,White,Home_Purchase,Principal_Residence,Originated,9.75,1
45449,0,174.0,785000,795000.0,99.777,43%-<50%,Black or African American,Home_Purchase,Principal_Residence,Originated,63.79,5
31000,3,125.0,255000,405000.0,62.5,36%-<43%,White,CashOut_Refinance,Principal_Residence,Originated,26.25,6
67628,4,95.0,15000,375000.0,78.353,Unknown,White,Home_Purchase,Principal_Residence,Denied,49.52,2
30424,3,40.0,85000,375000.0,78.353,Unknown,Race Not Available,Refinance,Principal_Residence,Withdrawn,6.23,6
79127,0,242.0,595000,635000.0,95.0,30%-<36%,White,Home_Purchase,Principal_Residence,Originated,67.75,5
3104,4,49.0,105000,375000.0,78.353,Unknown,White,Home_Purchase,Principal_Residence,Incomplete,9.35,2
57062,6,64.0,285000,385000.0,75.718,50%-60%,2 or more minority races,CashOut_Refinance,Principal_Residence,Denied,95.98,0
93358,0,70.0,445000,555000.0,80.0,43%-<50%,White,Home_Purchase,Principal_Residence,Originated,43.97,1
23264,4,95.0,365000,365000.0,78.353,Unknown,Race Not Available,Home_Purchase,Principal_Residence,Purchased,17.04,2
32080,0,36.0,165000,165000.0,96.5,43%-<50%,White,Home_Purchase,Principal_Residence,Originated,89.18,5
80758,0,72.0,165000,165000.0,96.5,43%-<50%,White,Home_Purchase,Principal_Residence,Preapproval_Denied,0.0,1
2024,1,612.0,1625000,2025000.0,80.0,36%-<43%,White,Home_Purchase,Principal_Residence,Originated,24.46,4
9272,3,130.0,425000,565000.0,75.0,36%-<43%,White,CashOut_Refinance,Second_Residence,Originated,7.43,6
64094,3,4.0,115000,375000.0,78.353,Unknown,White,CashOut_Refinance,Principal_Residence,Withdrawn,15.49,6
4468,3,95.0,105000,105000.0,78.353,Unknown,Race Not Available,Refinance,Principal_Residence,Originated,85.26,6
59298,0,51.0,125000,155000.0,80.0,36%-<43%,White,Home_Purchase,Principal_Residence,Originated,15.01,1
99289,0,95.0,585000,675000.0,78.353,Unknown,Race Not Available,Home_Purchase,Principal_Residence,Purchased,18.3,1
41851,0,320.0,685000,865000.0,80.0,30%-<36%,White,Home_Purchase,Second_Residence,Originated,21.34,1
22283,0,138.0,55000,375000.0,78.353,Unknown,Black or African American,Home_Purchase,Principal_Residence,Withdrawn,63.69,5
87199,0,51.0,185000,375000.0,78.353,Unknown,Race Not Available,Home_Purchase,Principal_Residence,Withdrawn,90.3,5
23876,0,248.0,965000,1205000.0,80.0,43%-<50%,Race Not Available,Home_Purchase,Principal_Residence,Originated,85.8,5
46112,0,95.0,205000,275000.0,78.353,Unknown,Race Not Available,Home_Purchase,Principal_Residence,Purchased,21.87,1
62794,4,95.0,365000,455000.0,78.353,Unknown,Race Not Available,Home_Purchase,Second_Residence,Purchased,9.73,2
4330,4,41.0,165000,135000.0,118.52,20%-<30%,White,Home_Purchase,Principal_Residence,Denied,6.5,2
19796,5,110.0,5000,425000.0,101.97,36%-<43%,Race Not Available,Home_Purchase,Principal_Residence,Originated,39.46,4
43269,0,106.0,265000,325000.0,80.0,43%-<50%,White,Home_Purchase,Principal_Residence,Originated,48.71,5
95690,0,126.0,335000,355000.0,78.353,Unknown,Race Not Available,Home_Purchase,Principal_Residence,Purchased,64.32,5
22223,0,105.0,325000,375000.0,78.353,Unknown,White,Home_Purchase,Principal_Residence,Withdrawn,12.52,1
57953,0,95.0,325000,345000.0,97.0,43%-<50%,Black or African American,Home_Purchase,Principal_Residence,Originated,29.45,1
17447,3,90.0,155000,705000.0,22.14,20%-<30%,Race Not Available,CashOut_Refinance,Principal_Residence,Denied,21.97,6
54758,0,60.0,215000,235000.0,90.0,36%-<43%,Race Not Available,Home_Purchase,Principal_Residence,Originated,28.55,1
55021,0,118.0,505000,635000.0,78.353,36%-<43%,White,Home_Purchase,Principal_Residence,Originated,40.27,1
25072,3,52.0,105000,215000.0,51.174,20%-<30%,Race Not Available,Refinance,Principal_Residence,Originated,31.66,6
94997,0,52.0,125000,125000.0,96.5,20%-<30%,White,Home_Purchase,Principal_Residence,Originated,99.92,5
3108,3,95.0,245000,325000.0,78.353,Unknown,Race Not Available,CashOut_Refinance,Principal_Residence,Purchased,80.17,6
16318,5,135.0,125000,375000.0,78.353,Unknown,White,Home_Improvement,Principal_Residence,Withdrawn,32.27,4
8631,0,174.0,275000,395000.0,68.802,20%-<30%,White,Home_Purchase,Principal_Residence,Originated,26.49,1
19704,0,47.0,245000,245000.0,96.5,43%-<50%,White,Home_Purchase,Principal_Residence,Originated,78.72,5
56274,3,124.0,255000,315000.0,80.0,30%-<36%,White,CashOut_Refinance,Principal_Residence,Originated,48.93,6
97625,0,147.0,255000,255000.0,100.0,43%-<50%,Race Not Available,Home_Purchase,Principal_Residence,Originated,17.34,1
98894,0,95.0,345000,435000.0,80.0,43%-<50%,White,Home_Purchase,Principal_Residence,Originated,23.28,1
38525,6,126.0,55000,255000.0,19.305,50%-60%,White,Other,Principal_Residence,Denied,25.03,0
58453,3,95.0,115000,125000.0,78.353,Unknown,Black or African American,Refinance,Principal_Residence,Denied,98.44,6
25059,0,172.0,355000,445000.0,80.0,30%-<36%,White,Home_Purchase,Principal_Residence,Originated,35.41,1
30661,6,81.0,285000,285000.0,96.5,50%-60%,Race Not Available,Home_Purchase,Principal_Residence,Originated,96.74,0
2361,3,95.0,465000,755000.0,78.353,Unknown,Native Hawaiian or Other Pacific Islander,Refinance,Principal_Residence,Originated,41.09,6
66927,5,21.0,15000,115000.0,68.189,36%-<43%,White,Other,Principal_Residence,Originated,26.1,4
82337,0,35.0,215000,235000.0,90.0,43%-<50%,White,Home_Purchase,Principal_Residence,Originated,11.56,1
68352,0,95.0,445000,455000.0,78.353,Unknown,Race Not Available,Home_Purchase,Principal_Residence,Purchased,73.48,5
12681,3,139.0,245000,365000.0,68.889,30%-<36%,White,CashOut_Refinance,Principal_Residence,Originated,88.31,6
24719,2,190.0,225000,305000.0,75.0,20%-<30%,White,CashOut_Refinance,Investment,Originated,15.02,3
76351,3,16.0,195000,365000.0,78.353,Unknown,White,Refinance,Principal_Residence,Originated,26.39,6
43252,0,95.0,145000,195000.0,78.353,Unknown,Race Not Available,NotApplicable,Principal_Residence,Purchased,10.11,1
37743,2,190.0,45000,375000.0,78.353,Exempt,White,Refinance,Investment,Originated,34.67,3
76550,3,42.0,135000,265000.0,53.54,36%-<43%,Black or African American,CashOut_Refinance,Principal_Residence,Denied,53.23,6
11172,3,85.0,135000,375000.0,78.353,Unknown,Black or African American,CashOut_Refinance,Principal_Residence,Incomplete,95.93,6
68424,5,98.0,55000,375000.0,75.75,36%-<43%,Race Not Available,CashOut_Refinance,Principal_Residence,Originated,16.72,4
56403,0,152.0,545000,375000.0,78.353,Unknown,White,Home_Purchase,Principal_Residence,Withdrawn,54.05,5
62363,0,98.0,305000,375000.0,78.353,Unknown,Asian,Home_Improvement,Principal_Residence,Withdrawn,60.4,5
93004,1,479.0,1995000,2405000.0,83.167,36%-<43%,White,Home_Purchase,Principal_Residence,Denied,15.56,1
56519,4,95.0,65000,375000.0,78.353,Unknown,White,Home_Purchase,Principal_Residence,Denied,83.46,2
59057,1,779.0,465000,375000.0,78.353,Exempt,White,Home_Purchase,Principal_Residence,Purchased,41.46,4
8747,0,75.0,235000,265000.0,90.0,30%-<36%,Race Not Available,Home_Purchase,Second_Residence,Originated,40.06,1
97926,6,30.0,85000,95000.0,96.5,50%-60%,White,Home_Purchase,Principal_Residence,Originated,11.28,0
97721,3,41.0,175000,375000.0,78.353,Unknown,Black or African American,CashOut_Refinance,Principal_Residence,Withdrawn,48.89,6
94695,5,100.0,55000,375000.0,78.353,Unknown,Race Not Available,Home_Improvement,Principal_Residence,Incomplete,9.03,4
55597,0,41.0,95000,175000.0,52.941,20%-<30%,White,Home_Purchase,Principal_Residence,Originated,21.13,1
97349,6,18.0,175000,175000.0,101.409,>60%,Black or African American,Home_Purchase,Principal_Residence,Denied,64.63,0
36154,3,55.0,95000,435000.0,22.698,43%-<50%,White,Home_Improvement,Principal_Residence,Originated,15.24,1
22041,5,57.0,25000,465000.0,64.08,36%-<43%,White,Home_Improvement,Principal_Residence,Originated,57.09,4
64492,0,50.0,175000,375000.0,78.353,Unknown,Black or African American,Home_Purchase,Principal_Residence,Withdrawn,96.15,5
81210,2,334.0,405000,375000.0,78.353,Unknown,White,Home_Improvement,Investment,Withdrawn,28.04,3
97947,6,61.0,155000,655000.0,79.51,>60%,White,Home_Improvement,Principal_Residence,Denied,31.11,0
30461,0,47.0,145000,185000.0,80.0,43%-<50%,White,Home_Purchase,Principal_Residence,Originated,16.88,1
12528,0,54.0,295000,335000.0,78.353,36%-<43%,White,Home_Purchase,Principal_Residence,Originated,24.86,1
88798,0,131.0,425000,425000.0,98.834,30%-<36%,Race Not Available,Home_Purchase,Principal_Residence,Originated,69.15,5
38240,0,95.0,225000,295000.0,78.353,Unknown,Race Not Available,Home_Purchase,Principal_Residence,Purchased,59.64,5
90635,3,126.0,355000,615000.0,56.634,43%-<50%,White,CashOut_Refinance,Principal_Residence,Originated,25.34,6
25702,2,95.0,215000,265000.0,78.353,Unknown,Race Not Available,Home_Purchase,Investment,Originated,12.96,3
95619,3,95.0,235000,335000.0,71.23,Unknown,Black or African American,Refinance,Principal_Residence,Originated,11.92,6
28842,1,333.0,565000,685000.0,80.613,30%-<36%,White,Home_Purchase,Principal_Residence,Originated,36.14,1
86764,0,163.0,575000,605000.0,95.0,43%-<50%,Race Not Available,Home_Purchase,Principal_Residence,Originated,10.81,1
26654,0,102.0,495000,505000.0,96.5,43%-<50%,White,Home_Purchase,Principal_Residence,Originated,55.55,5
28894,0,95.0,165000,175000.0,78.353,Unknown,Race Not Available,Home_Purchase,Principal_Residence,Purchased,62.94,5
23891,3,45.0,115000,315000.0,36.0,36%-<43%,White,CashOut_Refinance,Principal_Residence,Originated,12.04,6
22192,3,95.0,65000,375000.0,78.353,Unknown,White,Refinance,Principal_Residence,Incomplete,88.53,6
60399,5,206.0,225000,2705000.0,39.93,43%-<50%,White,Other,Principal_Residence,Originated,31.69,4
6595,0,172.0,495000,835000.0,60.0,20%-<30%,White,Home_Purchase,Principal_Residence,Originated,21.56,1
21462,0,85.0,135000,175000.0,80.0,36%-<43%,White,Home_Purchase,Principal_Residence,Originated,8.23,1
60909,0,53.0,245000,305000.0,80.0,43%-<50%,White,Home_Purchase,Principal_Residence,Approved_NotAccepted,50.78,5
3899,0,64.0,205000,375000.0,78.353,Exempt,White,Home_Purchase,Principal_Residence,Originated,46.21,5
18372,0,96.0,545000,375000.0,78.353,Unknown,White,Home_Purchase,Principal_Residence,Withdrawn,59.81,5
49523,0,48.0,105000,155000.0,64.958,20%-<30%,Asian,Home_Purchase,Principal_Residence,Originated,53.64,5
69590,3,74.0,285000,405000.0,78.353,Unknown,White,CashOut_Refinance,Principal_Residence,Purchased,20.73,6
79600,3,95.0,245000,525000.0,78.353,Unknown,Race Not Available,Refinance,Principal_Residence,Purchased,41.52,6
88252,0,42.0,225000,405000.0,100.0,43%-<50%,White,Home_Purchase,Principal_Residence,Originated,12.4,1
44353,2,197.0,465000,525000.0,90.0,36%-<43%,White,Home_Purchase,Investment,Originated,31.47,3
62166,3,61.0,205000,375000.0,78.353,Unknown,Race Not Available,Refinance,Principal_Residence,Denied,42.93,6
85792,0,107.0,255000,265000.0,95.0,36%-<43%,White,Home_Purchase,Principal_Residence,Originated,15.81,1
92950,5,225.0,255000,375000.0,78.353,Unknown,Race Not Available,Refinance,Principal_Residence,Incomplete,24.62,4
32618,0,103.0,305000,375000.0,78.353,Unknown,White,Home_Purchase,Principal_Residence,Withdrawn,30.53,1
49612,3,103.0,155000,335000.0,46.0,20%-<30%,White,CashOut_Refinance,Principal_Residence,Originated,15.98,6
91882,0,69.0,295000,305000.0,97.0,43%-<50%,Race Not Available,Home_Purchase,Principal_Residence,Denied,85.53,5
94416,4,56.0,45000,45000.0,87.088,<20%,Black or African American,Home_Purchase,Principal_Residence,Denied,31.18,2
95993,3,49.0,225000,295000.0,76.552,36%-<43%,White,CashOut_Refinance,Principal_Residence,Originated,38.39,6
90418,0,131.0,315000,325000.0,78.353,Unknown,Race Not Available,Home_Purchase,Principal_Residence,Purchased,18.52,1
5963,3,82.0,245000,315000.0,79.065,36%-<43%,Race Not Available,CashOut_Refinance,Principal_Residence,Originated,30.44,6
94713,3,110.0,255000,385000.0,65.93,43%-<50%,Black or African American,Refinance,Principal_Residence,Denied,81.02,6
38680,6,32.0,15000,375000.0,78.353,>60%,White,Refinance,Principal_Residence,Denied,70.25,0
80265,6,47.0,225000,235000.0,96.5,50%-60%,White,Home_Purchase,Principal_Residence,Originated,47.53,0
85347,0,71.0,155000,375000.0,78.353,Unknown,White,Home_Purchase,Principal_Residence,Withdrawn,26.15,1
84129,5,99.0,105000,275000.0,66.183,20%-<30%,White,Home_Improvement,Principal_Residence,Originated,15.48,4
97907,6,200.0,875000,1255000.0,70.0,50%-60%,White,Refinance,Principal_Residence,Originated,21.29,0
95413,0,35.0,55000,65000.0,80.0,<20%,White,Home_Purchase,Principal_Residence,Originated,4.7,1
5324,0,39.0,55000,115000.0,43.86,36%-<43%,White,Other,Principal_Residence,Originated,84.17,5
29135,0,95.0,225000,225000.0,78.353,Unknown,Race Not Available,Home_Purchase,Principal_Residence,Purchased,17.34,1
90618,3,95.0,245000,345000.0,78.353,Unknown,Race Not Available,CashOut_Refinance,Principal_Residence,Purchased,40.59,6
75052,3,81.0,405000,375000.0,78.353,Unknown,Joint,CashOut_Refinance,Principal_Residence,Incomplete,78.24,6
92690,3,200.0,305000,455000.0,67.333,<20%,White,Refinance,Principal_Residence,Originated,25.7,6
62307,0,95.0,85000,85000.0,78.353,Unknown,Race Not Available,Home_Purchase,Principal_Residence,Purchased,12.29,1
71719,0,75.0,365000,465000.0,80.0,43%-<50%,White,Home_Purchase,Principal_Residence,Originated,40.89,1
23834,0,45.0,255000,375000.0,78.353,Unknown,Asian,Home_Improvement,Principal_Residence,Incomplete,15.74,1
77465,3,16.0,85000,105000.0,87.0,43%-<50%,Race Not Available,Refinance,Principal_Residence,Denied,77.92,6
17818,0,52.0,195000,205000.0,95.0,36%-<43%,White,Home_Purchase,Principal_Residence,Originated,18.18,1
19524,1,1040.0,2125000,2495000.0,85.0,36%-<43%,White,Home_Purchase,Principal_Residence,Originated,34.23,4
75412,0,43.0,85000,85000.0,96.5,36%-<43%,White,Home_Purchase,Principal_Residence,Originated,11.76,1
1998,0,95.0,235000,245000.0,78.353,Unknown,Race Not Available,Home_Purchase,Principal_Residence,Purchased,11.25,1
3794,5,99.0,95000,215000.0,89.074,30%-<36%,White,Refinance,Principal_Residence,Originated,30.05,4
49251,1,969.0,755000,2755000.0,71.28,<20%,White,Home_Improvement,Principal_Residence,Originated,21.5,4
24795,0,33.0,75000,75000.0,97.0,20%-<30%,White,Home_Purchase,Principal_Residence,Denied,68.07,5
14969,0,157.0,255000,265000.0,96.5,36%-<43%,Joint,Home_Purchase,Principal_Residence,Originated,46.05,1
34807,0,112.0,305000,325000.0,95.0,43%-<50%,White,Home_Purchase,Principal_Residence,Originated,7.3,1
16791,3,24.0,205000,375000.0,78.353,Unknown,White,CashOut_Refinance,Principal_Residence,Incomplete,19.38,6
37720,3,161.0,565000,715000.0,80.0,36%-<43%,White,CashOut_Refinance,Principal_Residence,Originated,16.87,6
74552,0,177.0,645000,1055000.0,62.0,36%-<43%,White,Home_Purchase,Principal_Residence,Originated,8.16,1
40575,3,138.0,55000,375000.0,78.353,Unknown,White,Refinance,Principal_Residence,Incomplete,36.96,6
1814,0,93.0,345000,355000.0,96.5,43%-<50%,Black or African American,Home_Purchase,Principal_Residence,Originated,73.03,5
11466,0,107.0,325000,375000.0,78.353,Unknown,White,Home_Purchase,Principal_Residence,Withdrawn,10.08,1
48866,1,390.0,625000,375000.0,78.353,Unknown,White,Home_Purchase,Principal_Residence,Withdrawn,11.74,1
82041,3,106.0,235000,635000.0,36.508,20%-<30%,Race Not Available,Home_Purchase,Principal_Residence,Originated,60.77,5
11338,5,166.0,65000,575000.0,51.851,30%-<36%,Black or African American,Other,Principal_Residence,Approved_NotAccepted,46.48,4
9622,0,145.0,555000,375000.0,78.353,Unknown,Black or African American,Home_Purchase,Principal_Residence,Withdrawn,94.13,5
73246,1,329.0,585000,725000.0,80.0,20%-<30%,White,Home_Purchase,Principal_Residence,Originated,9.77,1
62500,3,104.0,235000,315000.0,75.0,43%-<50%,White,CashOut_Refinance,Principal_Residence,Originated,34.77,6
94370,1,665.0,1205000,2605000.0,46.15,20%-<30%,Race Not Available,Home_Purchase,Principal_Residence,Originated,65.61,4
79523,5,171.0,255000,945000.0,77.8,36%-<43%,White,Refinance,Principal_Residence,Originated,16.2,4
14958,4,52.0,105000,105000.0,78.353,43%-<50%,Race Not Available,Home_Purchase,Principal_Residence,Denied,0.0,2
52201,3,95.0,315000,375000.0,78.353,Unknown,Race Not Available,CashOut_Refinance,Principal_Residence,Withdrawn,18.11,6
19709,5,107.0,35000,465000.0,41.613,20%-<30%,White,Other,Principal_Residence,Originated,12.78,4
50839,0,177.0,635000,855000.0,75.0,43%-<50%,Race Not Available,Home_Purchase,Principal_Residence,Originated,62.54,1
5645,0,72.0,105000,285000.0,34.81,30%-<36%,Race Not Available,Home_Improvement,Principal_Residence,Denied,13.36,1
22593,3,64.0,295000,365000.0,80.0,43%-<50%,Race Not Available,CashOut_Refinance,Principal_Residence,Originated,12.82,6
18100,1,744.0,1695000,3455000.0,48.986,20%-<30%,White,CashOut_Refinance,Principal_Residence,Originated,31.9,6
84624,5,199.0,75000,825000.0,65.73,20%-<30%,White,Home_Improvement,Principal_Residence,Originated,8.71,4
84758,0,24.0,75000,375000.0,78.353,Unknown,White,Home_Purchase,Principal_Residence,Withdrawn,9.57,1
57651,0,111.0,495000,505000.0,96.5,43%-<50%,Race Not Available,Home_Purchase,Principal_Residence,Originated,86.44,5
42946,3,94.0,385000,375000.0,78.353,Unknown,Race Not Available,CashOut_Refinance,Principal_Residence,Incomplete,6.16,6
9658,3,80.0,95000,375000.0,78.353,Unknown,White,CashOut_Refinance,Principal_Residence,Incomplete,9.15,6
54497,0,81.0,225000,255000.0,90.0,43%-<50%,White,Home_Purchase,Principal_Residence,Originated,10.3,1
95698,0,105.0,255000,395000.0,62.893,36%-<43%,White,Home_Purchase,Principal_Residence,Denied,6.37,1
21383,3,75.0,425000,685000.0,61.029,43%-<50%,White,CashOut_Refinance,Principal_Residence,Denied,57.92,6
12416,3,95.0,235000,315000.0,78.353,Unknown,Race Not Available,CashOut_Refinance,Principal_Residence,Purchased,24.84,6
34822,3,95.0,365000,495000.0,78.353,Unknown,Race Not Available,CashOut_Refinance,Principal_Residence,Purchased,19.33,6
39764,0,81.0,455000,475000.0,97.0,43%-<50%,Asian,Home_Purchase,Principal_Residence,Originated,49.16,5
25427,0,95.0,255000,315000.0,78.353,Unknown,Race Not Available,Home_Purchase,Principal_Residence,Purchased,21.37,1
57053,3,211.0,255000,755000.0,33.333,43%-<50%,White,Home_Purchase,Principal_Residence,Originated,23.35,1
22598,1,960.0,445000,375000.0,78.353,Unknown,Race Not Available,Other,Second_Residence,Incomplete,17.58,4
91855,2,95.0,995000,375000.0,78.353,Unknown,Race Not Available,Home_Purchase,Investment,Withdrawn,41.36,3
23014,0,0.0,275000,375000.0,78.353,Unknown,White,Home_Purchase,Principal_Residence,Withdrawn,37.7,5
4409,0,46.0,205000,225000.0,91.111,43%-<50%,Black or African American,Home_Purchase,Principal_Residence,Originated,46.39,5
3840,3,142.0,325000,375000.0,78.353,20%-<30%,Black or African American,CashOut_Refinance,Principal_Residence,Denied,97.02,6
87861,3,124.0,595000,745000.0,80.0,36%-<43%,White,Refinance,Principal_Residence,Originated,33.54,6
11296,0,73.0,185000,355000.0,53.238,30%-<36%,Asian,Home_Purchase,Principal_Residence,Originated,13.19,1
39727,5,162.0,145000,955000.0,84.775,36%-<43%,Race Not Available,Other,Principal_Residence,Originated,67.56,4
29290,3,71.0,285000,375000.0,78.353,Unknown,White,CashOut_Refinance,Principal_Residence,Withdrawn,66.71,6
99058,3,85.0,185000,375000.0,78.353,Unknown,Race Not Available,CashOut_Refinance,Principal_Residence,Withdrawn,20.28,6
79618,0,50.0,235000,295000.0,78.353,Unknown,Race Not Available,Home_Purchase,Principal_Residence,Purchased,23.27,1
84147,0,104.0,485000,495000.0,97.9,36%-<43%,White,Home_Purchase,Principal_Residence,Originated,62.34,5
34267,3,77.0,295000,905000.0,78.353,Unknown,Race Not Available,Refinance,Principal_Residence,Purchased,61.27,6
48960,5,132.0,35000,375000.0,73.392,30%-<36%,White,Home_Improvement,Principal_Residence,Originated,39.69,4
44390,0,50.0,175000,205000.0,85.0,30%-<36%,White,Home_Purchase,Principal_Residence,Originated,13.23,1
20083,0,168.0,325000,475000.0,68.09,36%-<43%,White,Home_Purchase,Principal_Residence,Originated,18.85,1
21930,5,60.0,35000,515000.0,59.617,43%-<50%,White,Other,Principal_Residence,Originated,7.56,4
92745,0,80.0,265000,275000.0,95.0,36%-<43%,Race Not Available,Home_Purchase,Principal_Residence,Originated,50.8,5
79720,3,202.0,845000,3045000.0,27.73,43%-<50%,White,CashOut_Refinance,Principal_Residence,Originated,51.18,6
73856,3,10.0,75000,375000.0,78.353,Unknown,Asian,Refinance,Principal_Residence,Withdrawn,24.98,6
60041,1,821.0,1965000,3105000.0,66.081,20%-<30%,Asian,Refinance,Principal_Residence,Originated,37.78,6
1143,0,83.0,285000,305000.0,95.0,36%-<43%,Race Not Available,Home_Purchase,Principal_Residence,Originated,18.64,1
24139,0,142.0,585000,625000.0,95.0,43%-<50%,White,Home_Purchase,Principal_Residence,Approved_NotAccepted,94.64,5
77960,0,80.0,275000,345000.0,80.0,36%-<43%,Race Not Available,Home_Purchase,Principal_Residence,Originated,29.58,1
66335,5,110.0,95000,375000.0,78.353,Unknown,White,Other,Principal_Residence,Withdrawn,61.17,4
65361,3,40.0,225000,375000.0,78.353,Unknown,White,CashOut_Refinance,Principal_Residence,Withdrawn,21.17,6
1065,1,1335.0,125000,565000.0,93.29,<20%,White,Other,Principal_Residence,Denied,47.43,4
63009,0,80.0,305000,375000.0,78.353,Unknown,White,Home_Purchase,Principal_Residence,Withdrawn,46.74,5
7987,4,35.0,65000,205000.0,31.22,36%-<43%,White,Other,Principal_Residence,Originated,5.77,2
59563,0,95.0,535000,545000.0,78.353,Unknown,Race Not Available,Home_Purchase,Principal_Residence,Purchased,44.17,5
16653,6,105.0,305000,505000.0,59.41,50%-60%,Race Not Available,CashOut_Refinance,Principal_Residence,Originated,17.28,0
52876,6,57.0,265000,275000.0,97.0,50%-60%,Race Not Available,Home_Purchase,Principal_Residence,Approved_NotAccepted,0.0,0
43525,0,154.0,455000,565000.0,80.0,36%-<43%,Joint,Home_Purchase,Principal_Residence,Originated,42.55,1
52442,3,120.0,195000,235000.0,85.0,<20%,Race Not Available,CashOut_Refinance,Principal_Residence,Denied,8.87,6
71553,6,37.0,45000,635000.0,39.66,>60%,White,Home_Improvement,Principal_Residence,Denied,91.28,0
393,0,292.0,595000,735000.0,80.0,20%-<30%,Asian,Home_Purchase,Principal_Residence,Originated,62.23,5
66376,3,105.0,155000,285000.0,54.0,20%-<30%,White,Refinance,Principal_Residence,Originated,19.7,6
33044,0,174.0,835000,1045000.0,80.0,36%-<43%,Asian,Home_Purchase,Principal_Residence,Denied,24.61,1
61769,0,185.0,285000,305000.0,95.0,30%-<36%,White,Home_Purchase,Principal_Residence,Originated,16.42,1
28011,3,37.0,75000,235000.0,31.59,20%-<30%,Race Not Available,Refinance,Principal_Residence,Originated,48.09,6
49241,0,69.0,105000,115000.0,95.0,30%-<36%,White,Home_Purchase,Principal_Residence,Approved_NotAccepted,26.85,1
18774,0,282.0,595000,595000.0,100.0,43%-<50%,Race Not Available,Home_Purchase,Principal_Residence,Originated,29.71,1
74834,2,174.0,145000,375000.0,78.353,Unknown,White,Home_Purchase,Investment,Withdrawn,48.29,3
73672,5,84.0,35000,145000.0,79.74,30%-<36%,White,Other,Principal_Residence,Denied,14.64,4
29537,6,0.0,235000,245000.0,95.0,>60%,White,Home_Purchase,Principal_Residence,Approved_NotAccepted,12.84,0
38657,0,85.0,275000,285000.0,100.009,43%-<50%,Race Not Available,Home_Purchase,Principal_Residence,Originated,25.98,1
48806,0,95.0,145000,145000.0,78.353,Unknown,Race Not Available,Home_Purchase,Principal_Residence,Purchased,82.3,5
18293,1,620.0,355000,705000.0,78.353,Unknown,Race Not Available,Home_Purchase,Second_Residence,Purchased,18.75,1
54722,4,82.0,15000,325000.0,100.428,43%-<50%,White,Home_Purchase,Principal_Residence,Originated,32.02,2
90115,0,90.0,395000,415000.0,97.0,36%-<43%,White,Home_Purchase,Principal_Residence,Originated,48.39,5
5371,5,106.0,245000,265000.0,94.817,36%-<43%,White,Other,Principal_Residence,Denied,50.78,4
89206,0,182.0,405000,375000.0,78.353,Unknown,White,Home_Improvement,Principal_Residence,Incomplete,20.92,1
51369,0,30.0,105000,375000.0,78.353,Unknown,Asian,Home_Purchase,Principal_Residence,Withdrawn,31.7,1
427,2,251.0,235000,315000.0,75.0,43%-<50%,White,Home_Purchase,Investment,Originated,66.67,3
22713,2,36.0,95000,375000.0,78.353,Unknown,White,CashOut_Refinance,Investment,Withdrawn,56.71,3
36080,1,725.0,105000,375000.0,78.353,Unknown,White,Home_Improvement,Principal_Residence,Withdrawn,18.78,4
14683,6,89.0,465000,465000.0,78.353,50%-60%,Asian,Home_Purchase,Principal_Residence,Originated,22.66,0
46642,0,106.0,175000,345000.0,50.0,20%-<30%,White,Home_Purchase,Principal_Residence,Originated,21.05,1
83669,0,68.0,265000,275000.0,96.5,36%-<43%,White,Home_Purchase,Principal_Residence,Approved_NotAccepted,66.25,5
98854,0,148.0,185000,225000.0,85.0,43%-<50%,White,Home_Purchase,Second_Residence,Originated,13.34,1
56492,2,143.0,125000,165000.0,75.0,43%-<50%,White,Home_Purchase,Investment,Originated,73.14,3
98687,3,135.0,135000,375000.0,78.353,Unknown,Race Not Available,CashOut_Refinance,Principal_Residence,Withdrawn,33.74,6
49030,4,60.0,305000,295000.0,78.353,36%-<43%,White,Home_Purchase,Principal_Residence,Originated,18.78,2
22923,3,155.0,295000,1185000.0,49.834,36%-<43%,White,Refinance,Principal_Residence,Originated,23.62,6
55676,3,95.0,195000,445000.0,44.24,Unknown,2 or more minority races,Refinance,Principal_Residence,Originated,85.7,6
29898,0,112.0,555000,745000.0,78.353,Unknown,White,Home_Purchase,Principal_Residence,Purchased,23.37,1
59597,0,64.0,235000,255000.0,95.0,43%-<50%,White,Home_Purchase,Principal_Residence,Originated,75.37,5
62872,6,87.0,385000,825000.0,46.642,50%-60%,Black or African American,Refinance,Principal_Residence,Denied,95.69,0
13686,3,184.0,215000,375000.0,78.353,Unknown,Black or African American,CashOut_Refinance,Principal_Residence,Withdrawn,19.12,6
70284,0,65.0,235000,245000.0,93.927,36%-<43%,White,Home_Purchase,Principal_Residence,Originated,58.08,5
39693,5,116.0,105000,375000.0,78.353,Unknown,Race Not Available,Home_Improvement,Principal_Residence,Withdrawn,28.8,4
55311,0,36.0,195000,205000.0,97.0,43%-<50%,White,Home_Purchase,Principal_Residence,Originated,32.98,1
54320,4,43.0,75000,375000.0,78.353,Unknown,Black or African American,Home_Purchase,Principal_Residence,Incomplete,36.24,2
21958,2,0.0,155000,375000.0,78.353,Unknown,White,CashOut_Refinance,Investment,Approved_NotAccepted,91.93,3
57212,3,96.0,325000,365000.0,78.353,43%-<50%,White,CashOut_Refinance,Principal_Residence,Originated,23.06,6
99800,3,95.0,325000,365000.0,78.353,Unknown,Race Not Available,Refinance,Principal_Residence,Purchased,15.9,6
17849,5,230.0,155000,375000.0,79.74,20%-<30%,Race Not Available,Refinance,Principal_Residence,Originated,24.4,4
53527,3,95.0,365000,365000.0,78.353,Unknown,Race Not Available,CashOut_Refinance,Principal_Residence,Purchased,70.72,6
81715,3,54.0,185000,375000.0,78.353,Unknown,White,Refinance,Principal_Residence,Withdrawn,14.86,6
50841,3,107.0,265000,375000.0,78.353,Unknown,Joint,CashOut_Refinance,Principal_Residence,Withdrawn,56.76,6
95787,2,95.0,175000,215000.0,85.0,Unknown,Race Not Available,Home_Purchase,Investment,Originated,48.54,3
89477,0,245.0,1025000,375000.0,78.353,Unknown,White,Home_Purchase,Principal_Residence,Withdrawn,12.52,1
27203,0,61.0,325000,375000.0,78.353,Unknown,White,Home_Purchase,Principal_Residence,Withdrawn,18.26,1
72365,0,95.0,455000,565000.0,78.353,Unknown,Race Not Available,Home_Purchase,Principal_Residence,Purchased,13.94,1
47217,3,24.0,145000,225000.0,62.223,43%-<50%,White,CashOut_Refinance,Principal_Residence,Approved_NotAccepted,23.51,6
7198,5,97.0,85000,335000.0,57.604,30%-<36%,White,Other,Principal_Residence,Originated,16.47,4
94608,6,69.0,255000,375000.0,67.13,50%-60%,White,CashOut_Refinance,Principal_Residence,Originated,42.44,0
67200,4,34.0,85000,95000.0,93.09,30%-<36%,White,Home_Purchase,Principal_Residence,Originated,7.18,2
96508,0,205.0,615000,655000.0,95.0,43%-<50%,White,Home_Purchase,Principal_Residence,Originated,19.13,1
1715,5,48.0,35000,375000.0,78.353,Unknown,White,Other,Principal_Residence,Withdrawn,11.76,4
95770,0,95.0,665000,685000.0,78.353,Unknown,Race Not Available,Home_Purchase,Principal_Residence,Purchased,45.63,1
5647,6,102.0,55000,375000.0,63.307,50%-60%,Asian,Other,Principal_Residence,Denied,82.8,0
35624,0,65.0,185000,235000.0,80.0,36%-<43%,White,Home_Purchase,Principal_Residence,Originated,24.46,1
58427,2,95.0,225000,285000.0,78.353,Unknown,White,Home_Purchase,Investment,Originated,82.89,3
82861,0,93.0,385000,375000.0,78.353,Unknown,White,Home_Purchase,Principal_Residence,Withdrawn,6.57,1
17635,3,71.0,65000,205000.0,30.0,36%-<43%,White,Home_Improvement,Principal_Residence,Originated,12.08,1
17066,6,85.0,455000,445000.0,100.45,>60%,White,Home_Purchase,Principal_Residence,Denied,29.87,0
93547,3,99.0,405000,565000.0,72.857,30%-<36%,Race Not Available,CashOut_Refinance,Principal_Residence,Originated,79.89,6
94948,2,100.0,105000,375000.0,78.353,Unknown,White,Home_Purchase,Investment,Withdrawn,86.18,3
87023,0,95.0,265000,395000.0,78.353,Unknown,Race Not Available,Home_Purchase,Principal_Residence,Purchased,6.92,1
95339,0,75.0,155000,195000.0,80.0,20%-<30%,Race Not Available,Home_Purchase,Principal_Residence,Originated,15.81,1
17056,5,145.0,105000,505000.0,66.1226,36%-<43%,White,Refinance,Principal_Residence,Originated,41.13,4
12797,5,390.0,55000,455000.0,76.667,<20%,White,Home_Improvement,Second_Residence,Denied,37.8,4
33591,0,95.0,415000,435000.0,78.353,Unknown,Race Not Available,Home_Purchase,Principal_Residence,Purchased,30.72,1
58189,3,73.0,155000,555000.0,27.27,30%-<36%,Race Not Available,CashOut_Refinance,Principal_Residence,Approved_NotAccepted,15.26,6
49566,3,97.0,145000,315000.0,46.67,30%-<36%,Race Not Available,Refinance,Principal_Residence,Approved_NotAccepted,79.66,6
78950,5,147.0,195000,355000.0,64.552,36%-<43%,White,Refinance,Principal_Residence,Originated,4.17,4
28299,5,130.0,125000,325000.0,87.345,36%-<43%,Race Not Available,Other,Principal_Residence,Denied,50.76,4
53695,0,47.0,205000,275000.0,74.074,36%-<43%,White,Home_Purchase,Principal_Residence,Originated,87.07,5
22945,6,32.0,215000,325000.0,67.5,>60%,White,CashOut_Refinance,Principal_Residence,Denied,36.66,0
7641,0,49.0,105000,375000.0,78.353,Unknown,Race Not Available,Home_Purchase,Principal_Residence,Withdrawn,11.78,1
45247,0,88.0,325000,405000.0,80.0,30%-<36%,White,Home_Purchase,Principal_Residence,Originated,21.81,1
56970,0,55.0,125000,125000.0,100.0,30%-<36%,Black or African American,Home_Purchase,Principal_Residence,Originated,88.5,5
89405,6,142.0,325000,405000.0,80.0,>60%,Race Not Available,CashOut_Refinance,Principal_Residence,Denied,67.73,0
13738,5,42.0,75000,375000.0,78.353,Unknown,White,Home_Improvement,Principal_Residence,Incomplete,24.11,4
79895,5,63.0,25000,235000.0,61.26,30%-<36%,White,Other,Principal_Residence,Originated,40.02,4
56882,1,339.0,125000,1775000.0,52.177,36%-<43%,Race Not Available,Home_Improvement,Principal_Residence,Originated,16.64,4
29401,3,58.0,165000,245000.0,69.583,36%-<43%,Race Not Available,CashOut_Refinance,Principal_Residence,Approved_NotAccepted,17.13,6
82891,5,21.0,65000,375000.0,78.353,Unknown,White,Other,Principal_Residence,Incomplete,20.92,4
25482,3,27.0,125000,185000.0,68.649,36%-<43%,White,CashOut_Refinance,Principal_Residence,Originated,35.4,6
13770,1,272.0,645000,2145000.0,34.15,20%-<30%,White,Refinance,Principal_Residence,Originated,16.48,6
46228,5,35.0,15000,15000.0,100.0,<20%,Black or African American,Home_Improvement,Principal_Residence,Denied,66.74,4
49223,3,59.0,195000,225000.0,90.0,43%-<50%,White,CashOut_Refinance,Principal_Residence,Originated,40.68,6
31355,3,166.0,405000,805000.0,49.69,20%-<30%,White,CashOut_Refinance,Principal_Residence,Originated,77.25,6
96171,5,102.0,95000,245000.0,69.697,36%-<43%,White,Other,Principal_Residence,Originated,14.7,4
27843,0,95.0,285000,335000.0,78.353,Unknown,Race Not Available,Home_Purchase,Principal_Residence,Purchased,55.33,5
28989,6,34.0,205000,205000.0,100.0,>60%,White,Home_Purchase,Principal_Residence,Denied,0.0,0
43747,6,117.0,345000,355000.0,95.0,50%-60%,Asian,Home_Purchase,Principal_Residence,Denied,28.48,0
81405,3,134.0,185000,355000.0,54.166,30%-<36%,Joint,Refinance,Principal_Residence,Originated,21.24,6
67507,0,224.0,315000,515000.0,60.0,36%-<43%,White,Home_Purchase,Principal_Residence,Originated,15.59,1
19623,6,95.0,35000,345000.0,79.991,50%-60%,Joint,Other,Principal_Residence,Originated,21.36,0
20927,1,400.0,1245000,2275000.0,54.734,20%-<30%,White,Refinance,Principal_Residence,Originated,33.39,6
27891,6,60.0,365000,375000.0,94.99,50%-60%,Black or African American,Home_Purchase,Principal_Residence,Denied,26.83,0
1000,5,192.0,35000,425000.0,43.33,<20%,Joint,Home_Improvement,Principal_Residence,Denied,79.5,4
88023,5,203.0,125000,955000.0,90.0,36%-<43%,White,Other,Principal_Residence,Originated,19.99,4
7691,0,140.0,415000,515000.0,80.0,43%-<50%,White,Home_Purchase,Principal_Residence,Originated,17.88,1
36459,0,190.0,745000,885000.0,85.0,36%-<43%,White,Home_Purchase,Principal_Residence,Originated,5.85,1
28430,2,135.0,185000,375000.0,78.353,Unknown,Joint,Home_Purchase,Investment,Withdrawn,29.94,3
54084,3,33.0,115000,375000.0,78.353,43%-<50%,White,Refinance,Principal_Residence,Originated,12.83,6
29956,2,80.0,175000,375000.0,78.353,Unknown,White,Home_Purchase,Investment,Withdrawn,48.41,3
51146,3,46.0,85000,165000.0,78.353,Unknown,White,Refinance,Principal_Residence,Originated,4.97,6
77824,6,92.0,495000,475000.0,78.353,50%-60%,Joint,Home_Purchase,Principal_Residence,Originated,38.6,0
49840,3,95.0,315000,355000.0,78.353,Unknown,Race Not Available,CashOut_Refinance,Principal_Residence,Purchased,25.61,6
6070,0,95.0,275000,285000.0,78.353,Unknown,Race Not Available,Home_Purchase,Principal_Residence,Purchased,27.45,1
37039,0,157.0,315000,395000.0,78.353,Unknown,White,Home_Purchase,Principal_Residence,Purchased,18.69,1
47658,3,141.0,105000,525000.0,19.157,20%-<30%,White,Home_Improvement,Principal_Residence,Originated,12.35,1
68872,5,58.0,25000,155000.0,44.941,30%-<36%,White,Home_Improvement,Principal_Residence,Originated,14.99,4
75824,0,55.0,345000,375000.0,78.353,Unknown,White,Home_Purchase,Principal_Residence,Withdrawn,84.58,5
90713,0,117.0,495000,525000.0,95.0,36%-<43%,White,Home_Purchase,Principal_Residence,Originated,92.44,5
68983,3,80.0,155000,375000.0,78.353,Unknown,Race Not Available,CashOut_Refinance,Principal_Residence,Withdrawn,74.28,6
55447,0,95.0,605000,625000.0,78.353,Unknown,Race Not Available,Home_Purchase,Principal_Residence,Purchased,98.98,5
14079,2,0.0,295000,395000.0,75.0,<20%,Race Not Available,Home_Purchase,Investment,Approved_NotAccepted,17.93,3
81264,0,102.0,355000,375000.0,78.353,Unknown,White,Other,Principal_Residence,Withdrawn,24.96,1
43792,6,66.0,35000,525000.0,73.592,50%-60%,White,Home_Improvement,Principal_Residence,Denied,17.89,0
51821,0,92.0,235000,245000.0,99.436,36%-<43%,Black or African American,Home_Purchase,Principal_Residence,Denied,67.26,5
14005,0,34.0,85000,95000.0,105.0,36%-<43%,Black or African American,Home_Purchase,Principal_Residence,Originated,67.67,5
55671,2,95.0,245000,335000.0,75.0,Unknown,Race Not Available,Home_Purchase,Investment,Originated,55.63,3
96879,3,44.0,135000,375000.0,78.353,Exempt,White,CashOut_Refinance,Principal_Residence,Originated,18.16,6
61793,0,102.0,405000,375000.0,78.353,Unknown,White,Home_Purchase,Principal_Residence,Withdrawn,25.39,1
68646,3,75.0,145000,445000.0,32.288,36%-<43%,White,Home_Purchase,Principal_Residence,Originated,22.13,1
78015,0,95.0,255000,265000.0,78.353,Unknown,Race Not Available,Home_Purchase,Principal_Residence,Purchased,43.64,1
59509,5,321.0,125000,465000.0,84.99,<20%,White,Home_Improvement,Principal_Residence,Originated,32.18,4
88113,1,259.0,645000,855000.0,76.141,43%-<50%,White,Home_Purchase,Principal_Residence,Originated,11.49,1
32448,0,92.0,265000,265000.0,100.0,43%-<50%,White,Home_Purchase,Principal_Residence,Approved_NotAccepted,16.24,1
19548,3,201.0,335000,375000.0,78.353,Unknown,White,CashOut_Refinance,Principal_Residence,Withdrawn,25.32,6
10948,0,57.0,335000,425000.0,80.0,43%-<50%,Asian,Home_Purchase,Principal_Residence,Originated,97.94,5
29883,0,223.0,635000,715000.0,90.0,43%-<50%,White,Home_Purchase,Principal_Residence,Originated,15.33,1
74935,3,23.0,235000,375000.0,78.353,Unknown,White,Refinance,Principal_Residence,Incomplete,17.29,6
45357,0,266.0,625000,665000.0,95.0,43%-<50%,White,Home_Purchase,Principal_Residence,Originated,25.86,1
10593,0,228.0,855000,1065000.0,80.0,30%-<36%,White,Home_Purchase,Principal_Residence,Originated,79.85,5
48843,0,95.0,155000,235000.0,78.353,Unknown,Race Not Available,NotApplicable,Principal_Residence,Purchased,91.4,5
39479,0,95.0,195000,245000.0,78.353,Unknown,Race Not Available,Home_Purchase,Principal_Residence,Purchased,64.02,5
664,0,44.0,165000,215000.0,78.353,Unknown,White,Home_Purchase,Principal_Residence,Purchased,18.41,1
23525,5,134.0,135000,355000.0,84.03,20%-<30%,White,Refinance,Principal_Residence,Denied,29.1,4
31807,2,83.0,195000,225000.0,87.0,>60%,Black or African American,Refinance,Investment,Denied,80.37,3
64855,0,0.0,315000,375000.0,78.353,Unknown,White,Home_Purchase,Principal_Residence,Withdrawn,22.82,1
45478,5,49.0,35000,285000.0,59.202,30%-<36%,Race Not Available,Home_Improvement,Principal_Residence,Originated,15.29,4
49952,3,66.0,305000,515000.0,60.49,43%-<50%,White,CashOut_Refinance,Principal_Residence,Originated,17.37,6
17157,6,84.0,125000,605000.0,68.77,50%-60%,White,Home_Improvement,Principal_Residence,Denied,17.16,0
87616,5,137.0,25000,565000.0,84.248,43%-<50%,Race Not Available,Home_Purchase,Principal_Residence,Approved_NotAccepted,25.14,4
76606,0,60.0,255000,275000.0,95.0,30%-<36%,Race Not Available,Home_Purchase,Principal_Residence,Originated,31.05,1
98028,3,127.0,365000,615000.0,59.675,36%-<43%,White,CashOut_Refinance,Principal_Residence,Originated,31.9,6
31345,0,118.0,375000,475000.0,80.0,43%-<50%,White,Home_Purchase,Principal_Residence,Originated,28.99,1
43338,5,214.0,385000,1215000.0,84.99,36%-<43%,Race Not Available,Home_Purchase,Principal_Residence,Originated,30.55,4
65798,0,47.0,115000,255000.0,45.0,43%-<50%,Race Not Available,Home_Purchase,Principal_Residence,Originated,43.45,5
56616,0,115.0,315000,335000.0,93.331,43%-<50%,White,Home_Purchase,Principal_Residence,Originated,10.09,1
74663,0,239.0,525000,655000.0,80.0,<20%,White,Home_Purchase,Principal_Residence,Originated,16.24,1
46201,0,68.0,255000,625000.0,78.353,Unknown,Asian,Other,Principal_Residence,Purchased,93.93,5
21075,1,619.0,1655000,2065000.0,80.0,20%-<30%,White,Home_Purchase,Principal_Residence,Originated,32.65,4
32204,3,61.0,275000,375000.0,78.353,Unknown,White,CashOut_Refinance,Principal_Residence,Withdrawn,24.33,6
96678,0,95.0,185000,195000.0,78.353,Unknown,Race Not Available,Home_Purchase,Principal_Residence,Purchased,35.75,1
6214,3,60.0,195000,655000.0,30.0,36%-<43%,White,Home_Improvement,Principal_Residence,Originated,82.26,5
27362,0,220.0,595000,595000.0,100.0,36%-<43%,White,Home_Purchase,Principal_Residence,Originated,34.16,1
91650,3,53.0,125000,205000.0,58.56,36%-<43%,Race Not Available,CashOut_Refinance,Principal_Residence,Originated,31.19,6
76415,0,124.0,325000,375000.0,80.0,36%-<43%,White,Home_Purchase,Principal_Residence,Preapproval_Approved_NotAccepted,33.27,1
86296,6,158.0,505000,345000.0,87.07,50%-60%,White,CashOut_Refinance,Principal_Residence,Approved_NotAccepted,27.97,0
7352,3,64.0,285000,605000.0,46.39,30%-<36%,Race Not Available,CashOut_Refinance,Principal_Residence,Denied,31.11,6
91144,6,39.0,175000,205000.0,83.1,50%-60%,White,Home_Purchase,Principal_Residence,Originated,22.24,0
54427,2,122.0,85000,375000.0,78.353,Unknown,Race Not Available,CashOut_Refinance,Investment,Withdrawn,61.47,3
16411,0,207.0,695000,375000.0,78.353,Unknown,Race Not Available,Home_Improvement,Principal_Residence,Withdrawn,46.61,5
78825,5,280.0,125000,755000.0,51.0,36%-<43%,Race Not Available,CashOut_Refinance,Second_Residence,Originated,15.94,4
98247,3,143.0,185000,215000.0,85.52,30%-<36%,White,CashOut_Refinance,Principal_Residence,Denied,8.44,6
9306,3,120.0,405000,545000.0,75.556,30%-<36%,Race Not Available,Refinance,Principal_Residence,Denied,32.07,6
36193,3,234.0,955000,1365000.0,70.0,30%-<36%,White,CashOut_Refinance,Principal_Residence,Originated,36.38,6
5509,0,35.0,235000,295000.0,80.0,43%-<50%,Asian,Home_Purchase,Principal_Residence,Originated,34.36,1
14330,5,84.0,35000,245000.0,85.98,30%-<36%,White,Home_Improvement,Principal_Residence,Originated,51.59,4
21503,5,52.0,5000,375000.0,78.353,Unknown,White,Home_Purchase,Principal_Residence,Withdrawn,7.5,4
23443,4,103.0,165000,195000.0,84.38,50%-60%,White,Home_Purchase,Principal_Residence,Denied,36.43,2
30811,3,141.0,165000,395000.0,40.1,30%-<36%,White,Refinance,Principal_Residence,Originated,60.65,6
98195,0,36.0,115000,375000.0,78.353,Unknown,Black or African American,Home_Purchase,Principal_Residence,Withdrawn,71.94,5
87513,5,175.0,75000,375000.0,78.353,Unknown,White,Home_Improvement,Principal_Residence,Incomplete,10.04,4
30086,0,66.0,345000,355000.0,96.5,43%-<50%,White,Home_Purchase,Principal_Residence,Originated,16.43,1
77587,6,94.0,125000,455000.0,86.878,>60%,Race Not Available,Home_Improvement,Principal_Residence,Denied,34.2,0
56367,0,95.0,65000,95000.0,78.353,Unknown,Race Not Available,NotApplicable,Principal_Residence,Purchased,83.94,5
13151,1,486.0,895000,1115000.0,78.353,Unknown,Race Not Available,Home_Purchase,Second_Residence,Purchased,6.88,1
91234,0,220.0,395000,375000.0,106.15,20%-<30%,Race Not Available,Home_Purchase,Principal_Residence,Preapproval_Denied,0.0,1
69255,0,95.0,435000,455000.0,78.353,Unknown,Race Not Available,Home_Purchase,Principal_Residence,Purchased,22.2,1
39086,1,837.0,285000,385000.0,75.0,20%-<30%,White,Home_Purchase,Investment,Originated,42.15,3
63477,5,135.0,85000,485000.0,69.46,30%-<36%,White,CashOut_Refinance,Principal_Residence,Originated,56.02,4
549,3,127.0,5000,355000.0,0.09,<20%,White,CashOut_Refinance,Principal_Residence,Denied,52.04,6
81726,2,153.0,275000,465000.0,59.01,30%-<36%,Asian,CashOut_Refinance,Investment,Originated,60.21,3
59945,6,150.0,255000,1915000.0,52.12,50%-60%,White,Other,Principal_Residence,Denied,32.14,0
11344,3,111.0,135000,485000.0,28.6,30%-<36%,White,Refinance,Principal_Residence,Approved_NotAccepted,12.97,6
19249,2,95.0,215000,375000.0,78.353,Unknown,Race Not Available,CashOut_Refinance,Investment,Withdrawn,77.26,3
98580,5,65.0,55000,375000.0,78.353,Unknown,Race Not Available,CashOut_Refinance,Principal_Residence,Withdrawn,59.64,4
23544,0,95.0,485000,465000.0,78.353,Unknown,Race Not Available,Home_Purchase,Principal_Residence,Purchased,50.47,5
5344,2,95.0,115000,155000.0,78.353,Unknown,Race Not Available,Home_Purchase,Investment,Purchased,66.56,3
42726,3,223.0,345000,575000.0,59.441,30%-<36%,White,CashOut_Refinance,Principal_Residence,Originated,28.83,6
22069,3,303.0,315000,375000.0,78.353,Unknown,White,CashOut_Refinance,Principal_Residence,Withdrawn,15.5,6
77297,0,116.0,295000,315000.0,95.0,20%-<30%,White,Home_Purchase,Principal_Residence,Originated,18.4,1
93764,0,97.0,535000,565000.0,95.0,43%-<50%,Race Not Available,Home_Purchase,Principal_Residence,Originated,52.79,5
6097,3,62.0,225000,385000.0,60.0,36%-<43%,Race Not Available,CashOut_Refinance,Principal_Residence,Originated,50.05,6
15733,3,206.0,325000,575000.0,56.522,43%-<50%,White,Refinance,Principal_Residence,Denied,28.29,6
22306,3,50.0,305000,465000.0,65.06,43%-<50%,White,CashOut_Refinance,Principal_Residence,Originated,53.55,6
79077,3,138.0,555000,995000.0,55.0,30%-<36%,Asian,Refinance,Principal_Residence,Originated,91.12,6
17222,0,100.0,215000,235000.0,90.0,20%-<30%,White,Home_Purchase,Principal_Residence,Originated,25.12,1
63912,3,95.0,175000,175000.0,78.353,Unknown,Race Not Available,Refinance,Principal_Residence,Originated,23.79,6
31671,0,113.0,235000,375000.0,78.353,Exempt,Black or African American,Home_Purchase,Principal_Residence,Preapproval_Approved_NotAccepted,0.0,1
87600,5,75.0,15000,295000.0,79.98,30%-<36%,Race Not Available,Home_Improvement,Principal_Residence,Originated,83.25,4
55547,0,95.0,305000,305000.0,78.353,Unknown,Race Not Available,Home_Purchase,Principal_Residence,Purchased,34.18,1
40483,5,67.0,55000,375000.0,78.353,Unknown,Black or African American,Other,Principal_Residence,Withdrawn,41.29,4
84097,0,128.0,225000,235000.0,78.353,Unknown,White,Home_Purchase,Principal_Residence,Purchased,16.25,1
3468,1,1385.0,4345000,7555000.0,57.483,30%-<36%,Race Not Available,Refinance,Principal_Residence,Originated,24.03,6
81085,0,48.0,245000,325000.0,75.0,36%-<43%,White,Home_Purchase,Principal_Residence,Originated,54.13,5
41717,0,73.0,465000,605000.0,78.0,43%-<50%,Race Not Available,Home_Purchase,Principal_Residence,Preapproval_Approved_NotAccepted,0.0,1
11672,1,389.0,565000,705000.0,80.0,30%-<36%,White,CashOut_Refinance,Principal_Residence,Originated,43.37,6
37224,5,118.0,85000,405000.0,89.798,30%-<36%,American Indian or Alaska Native,Home_Improvement,Principal_Residence,Originated,25.53,4
23862,2,200.0,45000,55000.0,85.0,36%-<43%,White,Home_Purchase,Investment,Originated,37.53,3
11916,3,43.0,255000,435000.0,57.471,43%-<50%,Native Hawaiian or Other Pacific Islander,CashOut_Refinance,Principal_Residence,Denied,8.65,6
63906,3,64.0,125000,175000.0,69.74,<20%,White,CashOut_Refinance,Principal_Residence,Originated,22.73,6
42638,6,91.0,385000,395000.0,96.5,50%-60%,Joint,Home_Purchase,Principal_Residence,Originated,26.76,0
56580,3,87.0,165000,855000.0,19.318,30%-<36%,Race Not Available,Refinance,Principal_Residence,Approved_NotAccepted,46.13,6
36099,2,107.0,145000,195000.0,75.0,43%-<50%,White,Home_Purchase,Investment,Originated,71.27,3
66780,0,95.0,105000,155000.0,78.353,Unknown,Race Not Available,NotApplicable,Principal_Residence,Purchased,11.46,1
94417,3,99.0,325000,415000.0,78.502,36%-<43%,American Indian or Alaska Native,CashOut_Refinance,Principal_Residence,Originated,75.25,6
18439,0,103.0,425000,375000.0,78.353,Unknown,Asian,Home_Purchase,Principal_Residence,Approved_NotAccepted,62.24,5
52015,3,51.0,105000,355000.0,29.429,30%-<36%,Asian,Refinance,Principal_Residence,Originated,67.09,6
76885,3,109.0,95000,175000.0,57.941,20%-<30%,White,CashOut_Refinance,Principal_Residence,Originated,0.0,6
99068,0,64.0,275000,285000.0,95.0,36%-<43%,White,Home_Purchase,Principal_Residence,Originated,49.23,5
65697,1,858.0,1685000,2105000.0,90.0,<20%,Joint,Home_Purchase,Principal_Residence,Originated,29.58,4
47964,5,179.0,135000,375000.0,78.353,Unknown,White,Home_Purchase,Principal_Residence,Incomplete,20.87,4
35598,0,77.0,325000,405000.0,80.0,43%-<50%,Race Not Available,Home_Purchase,Principal_Residence,Originated,18.13,1
72927,3,145.0,225000,375000.0,78.353,Unknown,American Indian or Alaska Native,Refinance,Principal_Residence,Incomplete,25.23,6
24585,0,240.0,545000,375000.0,78.353,Unknown,Asian,Home_Purchase,Principal_Residence,Withdrawn,53.67,5
6588,0,86.0,225000,375000.0,78.353,Unknown,Joint,Home_Improvement,Principal_Residence,Withdrawn,51.85,5
42198,5,131.0,155000,625000.0,52.46,30%-<36%,Joint,Home_Improvement,Principal_Residence,Originated,34.96,4
72253,0,40.0,135000,375000.0,78.353,Unknown,White,Home_Improvement,Principal_Residence,Incomplete,27.42,1
48526,3,96.0,175000,375000.0,78.353,Unknown,White,Refinance,Principal_Residence,Incomplete,33.22,6
226,3,29.0,275000,375000.0,78.353,Unknown,White,CashOut_Refinance,Principal_Residence,Withdrawn,92.9,6
89753,5,102.0,155000,625000.0,70.828,36%-<43%,White,Home_Improvement,Principal_Residence,Denied,39.11,4
40675,0,53.0,85000,105000.0,80.0,20%-<30%,White,Home_Purchase,Principal_Residence,Originated,4.01,1
18276,6,148.0,435000,535000.0,78.353,50%-60%,White,Home_Purchase,Principal_Residence,Originated,31.05,0
29179,3,95.0,195000,275000.0,71.85,<20%,White,Refinance,Principal_Residence,Originated,14.65,6
66714,0,137.0,585000,865000.0,68.023,36%-<43%,Asian,Home_Purchase,Principal_Residence,Originated,31.11,1
9820,2,95.0,435000,375000.0,78.353,Unknown,Race Not Available,CashOut_Refinance,Investment,Withdrawn,97.42,3
32158,0,95.0,365000,385000.0,78.353,Unknown,Race Not Available,Home_Purchase,Principal_Residence,Purchased,67.77,5
94353,0,95.0,205000,215000.0,78.353,Unknown,Race Not Available,Home_Purchase,Principal_Residence,Purchased,60.0,5
41136,3,117.0,285000,1005000.0,28.0,30%-<36%,White,Refinance,Principal_Residence,Originated,27.82,6
56937,5,307.0,255000,1065000.0,106.53,30%-<36%,Race Not Available,Other,Principal_Residence,Denied,89.46,4
38591,5,68.0,105000,595000.0,58.54,43%-<50%,White,Home_Purchase,Principal_Residence,Originated,27.92,4
76778,3,153.0,235000,645000.0,35.858,30%-<36%,White,CashOut_Refinance,Principal_Residence,Originated,9.73,6
3692,3,95.0,355000,375000.0,78.353,Unknown,White,Refinance,Principal_Residence,Incomplete,9.64,6
16206,6,55.0,225000,285000.0,80.0,50%-60%,Black or African American,CashOut_Refinance,Principal_Residence,Denied,67.4,0
759,3,78.0,215000,235000.0,90.0,30%-<36%,White,Refinance,Principal_Residence,Originated,43.41,6
98315,2,265.0,235000,515000.0,46.49,<20%,White,Refinance,Investment,Originated,31.21,3
32286,5,222.0,105000,825000.0,86.8,30%-<36%,White,Home_Improvement,Principal_Residence,Originated,92.31,4
42853,1,425.0,165000,1535000.0,90.0,43%-<50%,White,Other,Principal_Residence,Approved_NotAccepted,55.34,4
75032,5,125.0,65000,365000.0,89.742,30%-<36%,White,Home_Improvement,Principal_Residence,Denied,13.64,4
74801,6,67.0,25000,315000.0,67.754,>60%,White,Home_Improvement,Principal_Residence,Denied,22.46,0
54445,5,178.0,25000,235000.0,91.93,20%-<30%,White,Other,Principal_Residence,Denied,24.09,4
45840,3,36.0,145000,215000.0,69.04,43%-<50%,White,CashOut_Refinance,Principal_Residence,Originated,39.34,6
18556,0,95.0,255000,265000.0,78.353,Unknown,Race Not Available,Home_Purchase,Principal_Residence,Purchased,62.57,5
73884,4,164.0,225000,265000.0,99.27,36%-<43%,White,Home_Purchase,Principal_Residence,Originated,8.48,2
62084,5,65.0,45000,375000.0,78.353,Unknown,White,Home_Improvement,Principal_Residence,Incomplete,15.23,4
95773,5,121.0,45000,385000.0,89.99,20%-<30%,White,Home_Improvement,Principal_Residence,Originated,8.63,4
94974,2,47.0,405000,815000.0,49.08,20%-<30%,White,CashOut_Refinance,Investment,Originated,27.95,3
13016,2,95.0,405000,505000.0,80.0,Unknown,Race Not Available,Refinance,Investment,Originated,15.73,3
30266,6,95.0,175000,175000.0,100.0,50%-60%,White,Home_Purchase,Principal_Residence,Originated,84.46,0
64352,3,320.0,405000,505000.0,80.0,<20%,White,CashOut_Refinance,Principal_Residence,Originated,80.49,6
92478,5,300.0,235000,1955000.0,84.96,30%-<36%,White,Other,Principal_Residence,Originated,56.11,4
32541,0,180.0,235000,375000.0,78.353,Unknown,Black or African American,Home_Purchase,Principal_Residence,Withdrawn,82.62,5
93680,3,140.0,635000,905000.0,70.0,36%-<43%,White,CashOut_Refinance,Principal_Residence,Originated,13.32,6
50552,1,471.0,435000,475000.0,90.0,30%-<36%,White,Home_Purchase,Second_Residence,Originated,62.65,5
8050,5,325.0,65000,675000.0,67.4038,20%-<30%,White,Home_Improvement,Principal_Residence,Originated,25.98,4
68713,2,210.0,65000,375000.0,78.353,Unknown,Black or African American,Refinance,Investment,Withdrawn,65.73,3
75789,0,104.0,395000,395000.0,100.0,30%-<36%,White,Home_Purchase,Principal_Residence,Originated,35.57,1
84008,0,101.0,215000,225000.0,97.0,43%-<50%,White,Home_Purchase,Principal_Residence,Originated,11.76,1
59151,5,129.0,45000,255000.0,80.0,20%-<30%,White,Other,Principal_Residence,Originated,47.88,4
30521,0,42.0,15000,375000.0,78.353,Unknown,White,Home_Improvement,Second_Residence,Incomplete,22.53,1
76398,3,43.0,85000,375000.0,78.353,36%-<43%,White,Refinance,Principal_Residence,Originated,10.49,6
49768,0,100.0,325000,405000.0,80.0,36%-<43%,Asian,Home_Purchase,Principal_Residence,Originated,72.06,5
28856,3,60.0,215000,395000.0,55.0,36%-<43%,White,Refinance,Principal_Residence,Originated,24.73,6
62448,0,166.0,755000,785000.0,95.0,36%-<43%,Race Not Available,Home_Purchase,Principal_Residence,Originated,98.33,5
59573,6,41.0,175000,445000.0,39.55,50%-60%,Black or African American,CashOut_Refinance,Principal_Residence,Denied,77.01,0
64154,4,56.0,145000,155000.0,96.5,20%-<30%,Race Not Available,Home_Purchase,Principal_Residence,Originated,7.47,2
83232,3,50.0,55000,85000.0,67.23,30%-<36%,White,Refinance,Principal_Residence,Originated,77.61,6
59405,4,60.0,195000,375000.0,78.353,Unknown,White,Home_Purchase,Principal_Residence,Incomplete,22.77,2
27768,6,100.0,335000,355000.0,96.662,50%-60%,Race Not Available,Home_Purchase,Principal_Residence,Preapproval_Denied,0.0,0
92846,0,104.0,425000,375000.0,78.353,Unknown,Race Not Available,Home_Purchase,Principal_Residence,Withdrawn,83.5,5
88962,0,70.0,415000,515000.0,80.0,43%-<50%,Asian,Home_Purchase,Principal_Residence,Originated,70.2,5
77614,0,61.0,245000,275000.0,90.0,43%-<50%,White,Home_Purchase,Principal_Residence,Originated,43.59,1
47207,0,89.0,185000,195000.0,94.55,20%-<30%,White,Home_Purchase,Principal_Residence,Originated,15.58,1
11797,5,89.0,15000,195000.0,103.41,43%-<50%,White,Home_Purchase,Principal_Residence,Originated,8.54,4
25484,3,36.0,85000,375000.0,78.353,Unknown,White,CashOut_Refinance,Principal_Residence,Withdrawn,16.42,6
57609,3,60.0,165000,375000.0,78.353,Unknown,Joint,Refinance,Principal_Residence,Withdrawn,75.16,6
93464,5,80.0,65000,375000.0,79.882,30%-<36%,White,Other,Principal_Residence,Originated,25.11,4
89572,3,72.0,155000,375000.0,78.353,Unknown,White,Refinance,Principal_Residence,Withdrawn,83.94,6
59623,0,125.0,155000,755000.0,78.353,Unknown,White,Home_Purchase,Principal_Residence,Purchased,55.26,5
93241,0,95.0,125000,155000.0,78.353,Unknown,Race Not Available,NotApplicable,Principal_Residence,Purchased,31.21,1
18621,3,61.0,285000,355000.0,80.0,43%-<50%,White,CashOut_Refinance,Principal_Residence,Originated,32.87,6
17539,0,166.0,235000,435000.0,54.023,20%-<30%,Race Not Available,Home_Purchase,Principal_Residence,Originated,11.44,1
10313,0,95.0,265000,265000.0,78.353,Unknown,Race Not Available,Home_Purchase,Principal_Residence,Purchased,45.24,5
69226,3,65.0,305000,375000.0,78.353,Unknown,Asian,CashOut_Refinance,Principal_Residence,Withdrawn,61.78,6
15444,6,130.0,55000,445000.0,78.2,>60%,White,Home_Improvement,Second_Residence,Denied,44.3,0
56112,0,163.0,405000,375000.0,78.353,Unknown,White,Home_Purchase,Principal_Residence,Incomplete,8.54,1
43464,5,178.0,355000,625000.0,69.019,36%-<43%,White,Home_Purchase,Principal_Residence,Denied,31.69,4
538,6,55.0,235000,235000.0,78.353,50%-60%,White,Home_Purchase,Principal_Residence,Originated,25.44,0
9960,0,135.0,265000,535000.0,78.353,Unknown,Asian,Home_Purchase,Principal_Residence,Purchased,54.85,5
41596,0,118.0,465000,455000.0,100.0,30%-<36%,Joint,Home_Purchase,Principal_Residence,Preapproval_Approved_NotAccepted,0.0,1
17639,0,112.0,745000,375000.0,90.0,43%-<50%,White,Home_Purchase,Principal_Residence,Preapproval_Approved_NotAccepted,0.0,1
33206,0,91.0,295000,295000.0,100.0,43%-<50%,Race Not Available,Home_Purchase,Principal_Residence,Originated,49.47,5
88089,6,73.0,345000,425000.0,80.0,50%-60%,Race Not Available,Home_Purchase,Principal_Residence,Denied,28.99,0
30615,6,90.0,335000,345000.0,96.5,50%-60%,White,Home_Purchase,Principal_Residence,Originated,62.4,0
99055,0,96.0,515000,715000.0,72.028,36%-<43%,White,Home_Purchase,Principal_Residence,Originated,16.42,1
62944,6,67.0,315000,305000.0,100.0,50%-60%,White,Home_Purchase,Principal_Residence,Originated,87.12,0
41552,2,150.0,445000,645000.0,70.0,43%-<50%,Race Not Available,CashOut_Refinance,Investment,Originated,45.7,3
8149,3,95.0,155000,375000.0,78.353,Unknown,White,Refinance,Principal_Residence,Approved_NotAccepted,5.96,6
41787,3,215.0,495000,735000.0,67.75,30%-<36%,Race Not Available,CashOut_Refinance,Principal_Residence,Originated,42.72,6
43098,0,99.0,265000,265000.0,100.0,36%-<43%,White,Home_Purchase,Principal_Residence,Originated,73.03,5
79910,0,97.0,385000,475000.0,80.0,43%-<50%,Joint,Home_Purchase,Principal_Residence,Originated,9.29,1
22822,3,26.0,175000,205000.0,84.951,43%-<50%,White,Refinance,Principal_Residence,Originated,12.49,6
32486,5,100.0,35000,445000.0,78.0,20%-<30%,Black or African American,Home_Improvement,Principal_Residence,Originated,51.41,4
52814,6,26.0,55000,235000.0,25.64,>60%,Black or African American,Home_Improvement,Principal_Residence,Originated,80.58,0
211,3,51.0,295000,365000.0,79.722,43%-<50%,Race Not Available,CashOut_Refinance,Principal_Residence,Denied,25.39,6
55896,3,95.0,305000,375000.0,78.353,Unknown,Race Not Available,CashOut_Refinance,Principal_Residence,Purchased,6.93,6
51530,5,82.0,25000,165000.0,90.24,43%-<50%,White,Other,Principal_Residence,Denied,9.3,4
18518,0,67.0,365000,515000.0,78.353,Unknown,Race Not Available,Home_Purchase,Principal_Residence,Purchased,89.93,5
5689,3,67.0,15000,55000.0,23.0,30%-<36%,White,Refinance,Principal_Residence,Originated,9.53,6
4088,3,36.0,125000,225000.0,55.0,36%-<43%,White,CashOut_Refinance,Principal_Residence,Originated,18.53,6
29594,0,69.0,425000,485000.0,86.22,43%-<50%,White,Home_Purchase,Principal_Residence,Originated,27.62,1
8414,4,51.0,45000,65000.0,78.353,50%-60%,White,Home_Purchase,Principal_Residence,Denied,62.44,2
75963,3,179.0,135000,335000.0,39.69,20%-<30%,White,CashOut_Refinance,Principal_Residence,Originated,18.29,6
80215,3,36.0,65000,375000.0,78.353,Unknown,Black or African American,CashOut_Refinance,Principal_Residence,Incomplete,77.76,6
11267,3,42.0,95000,375000.0,78.353,Unknown,White,CashOut_Refinance,Principal_Residence,Incomplete,22.63,6
87101,2,180.0,55000,375000.0,37.1,20%-<30%,Race Not Available,Home_Purchase,Investment,Denied,89.75,3
31470,3,35.0,95000,295000.0,31.441,36%-<43%,White,Refinance,Principal_Residence,Originated,13.63,6
96681,0,297.0,425000,1475000.0,72.79,30%-<36%,Race Not Available,Home_Purchase,Principal_Residence,Originated,13.36,1
67204,0,211.0,285000,315000.0,90.0,20%-<30%,Joint,Home_Purchase,Second_Residence,Originated,26.47,1
48525,5,155.0,105000,395000.0,83.16,30%-<36%,White,Home_Improvement,Principal_Residence,Denied,16.34,4
14343,0,109.0,435000,545000.0,80.0,30%-<36%,White,Home_Purchase,Principal_Residence,Originated,27.47,1
71948,5,174.0,125000,465000.0,47.338,<20%,White,Other,Principal_Residence,Originated,13.81,4
87945,0,95.0,295000,305000.0,95.0,20%-<30%,White,Home_Purchase,Principal_Residence,Originated,18.21,1
43763,0,127.0,235000,325000.0,72.7,36%-<43%,Race Not Available,Home_Improvement,Principal_Residence,Originated,10.55,1
68458,0,110.0,365000,365000.0,100.0,30%-<36%,White,Home_Purchase,Principal_Residence,Originated,59.92,5
50032,3,125.0,225000,375000.0,78.353,Unknown,Race Not Available,Refinance,Principal_Residence,Incomplete,55.28,6
14311,4,60.0,85000,85000.0,78.353,<20%,White,Home_Purchase,Principal_Residence,Denied,6.37,2
12472,6,110.0,905000,1805000.0,50.0,>60%,White,Home_Purchase,Principal_Residence,Preapproval_Approved_NotAccepted,0.0,0
56825,3,116.0,165000,1335000.0,78.353,Unknown,White,CashOut_Refinance,Principal_Residence,Purchased,16.96,6
34554,4,48.0,55000,75000.0,75.0,>60%,White,Home_Purchase,Principal_Residence,Approved_NotAccepted,28.08,2
52008,3,21.0,105000,185000.0,55.0,36%-<43%,Black or African American,CashOut_Refinance,Principal_Residence,Originated,19.12,6
79144,3,125.0,455000,375000.0,78.353,Unknown,Race Not Available,Refinance,Principal_Residence,Withdrawn,91.69,6
66758,3,52.0,175000,375000.0,78.353,Unknown,Race Not Available,CashOut_Refinance,Principal_Residence,Incomplete,86.49,6
19643,5,34.0,35000,375000.0,78.353,Unknown,Race Not Available,Refinance,Principal_Residence,Incomplete,95.26,4
52768,6,31.0,215000,425000.0,67.059,>60%,White,CashOut_Refinance,Principal_Residence,Denied,47.92,0
48208,2,174.0,435000,825000.0,52.68,36%-<43%,White,CashOut_Refinance,Investment,Originated,27.23,3
30373,3,141.0,595000,795000.0,75.0,43%-<50%,White,Refinance,Principal_Residence,Originated,56.53,6
60649,4,84.0,385000,475000.0,95.0,43%-<50%,White,Home_Purchase,Principal_Residence,Originated,14.19,2
4747,6,40.0,115000,145000.0,78.571,>60%,White,Home_Improvement,Principal_Residence,Denied,54.21,0
71685,0,58.0,185000,265000.0,68.97,30%-<36%,Asian,Home_Purchase,Principal_Residence,Originated,21.5,1
82826,0,239.0,885000,935000.0,95.0,36%-<43%,Race Not Available,Home_Purchase,Principal_Residence,Originated,85.14,5
61878,3,54.0,245000,375000.0,78.353,Unknown,White,Refinance,Principal_Residence,Withdrawn,15.64,6
19199,2,152.0,125000,155000.0,80.0,Unknown,White,CashOut_Refinance,Investment,Denied,36.36,3
65571,0,58.0,225000,375000.0,78.353,Unknown,White,Home_Purchase,Principal_Residence,Withdrawn,29.31,1
35579,3,95.0,265000,345000.0,78.353,Unknown,Race Not Available,CashOut_Refinance,Principal_Residence,Purchased,59.03,6
99370,3,67.0,205000,335000.0,60.06,36%-<43%,White,Refinance,Principal_Residence,Originated,25.11,6
2770,0,30.0,85000,85000.0,96.499,43%-<50%,Black or African American,Home_Purchase,Principal_Residence,Originated,66.1,5
52200,0,137.0,305000,445000.0,70.0,36%-<43%,White,Home_Purchase,Principal_Residence,Originated,78.53,5
82992,2,95.0,215000,375000.0,78.353,Exempt,Race Not Available,Home_Purchase,Investment,Originated,26.57,3
22547,5,158.0,105000,555000.0,62.7,36%-<43%,White,Other,Principal_Residence,Originated,79.48,4
70293,2,100.0,105000,305000.0,33.3334,20%-<30%,White,Refinance,Investment,Denied,92.7,3
46241,1,400.0,1025000,1285000.0,80.0,20%-<30%,Asian,Home_Purchase,Principal_Residence,Originated,50.66,5
13515,3,78.0,165000,515000.0,33.0,36%-<43%,White,Other,Principal_Residence,Denied,60.44,5
65549,5,172.0,35000,525000.0,14.7,20%-<30%,White,Home_Improvement,Principal_Residence,Originated,20.32,4
95501,3,47.0,125000,155000.0,78.727,20%-<30%,White,CashOut_Refinance,Principal_Residence,Approved_NotAccepted,22.75,6
39112,0,95.0,165000,165000.0,78.353,Unknown,Race Not Available,Home_Purchase,Principal_Residence,Purchased,50.31,5
26616,0,50.0,255000,415000.0,61.69,43%-<50%,Race Not Available,Home_Improvement,Principal_Residence,Originated,59.97,5
21224,0,95.0,295000,375000.0,78.353,Unknown,Race Not Available,Home_Purchase,Principal_Residence,Purchased,74.21,5
45881,3,78.0,285000,555000.0,52.373,30%-<36%,Asian,CashOut_Refinance,Principal_Residence,Denied,62.21,6
1603,0,56.0,365000,405000.0,91.0,43%-<50%,Race Not Available,Home_Purchase,Principal_Residence,Originated,70.55,5
99239,6,78.0,355000,375000.0,92.37,50%-60%,Black or African American,Home_Purchase,Principal_Residence,Originated,34.42,0
3094,0,168.0,445000,565000.0,80.0,43%-<50%,White,Home_Purchase,Principal_Residence,Originated,52.47,5
11206,0,104.0,285000,405000.0,78.353,Unknown,White,Home_Improvement,Principal_Residence,Purchased,14.03,1
66840,6,46.0,15000,385000.0,4.61,50%-60%,American Indian or Alaska Native,Home_Improvement,Second_Residence,Denied,35.78,0
31974,0,109.0,425000,535000.0,80.0,30%-<36%,Race Not Available,Home_Purchase,Principal_Residence,Originated,57.37,1
49417,0,77.0,355000,355000.0,100.0,36%-<43%,Black or African American,Home_Purchase,Principal_Residence,Originated,98.5,5
2878,0,106.0,195000,235000.0,80.0,43%-<50%,White,Home_Purchase,Principal_Residence,Originated,53.12,5
13538,1,364.0,805000,1005000.0,80.0,36%-<43%,White,Home_Purchase,Second_Residence,Originated,9.78,1
22145,3,200.0,225000,375000.0,78.353,Unknown,Race Not Available,Refinance,Principal_Residence,Incomplete,10.94,6
89755,5,123.0,55000,535000.0,64.17,36%-<43%,White,Home_Improvement,Principal_Residence,Originated,7.18,4
9271,0,94.0,215000,235000.0,95.0,36%-<43%,White,Home_Purchase,Principal_Residence,Originated,6.27,1
31271,3,104.0,385000,545000.0,69.999,20%-<30%,Race Not Available,CashOut_Refinance,Principal_Residence,Originated,26.37,6
44989,0,226.0,455000,375000.0,78.353,Unknown,White,Home_Purchase,Principal_Residence,Withdrawn,10.21,1
22198,3,116.0,315000,395000.0,80.0,20%-<30%,White,CashOut_Refinance,Principal_Residence,Originated,14.99,6
82272,3,95.0,595000,995000.0,78.353,Unknown,White,CashOut_Refinance,Principal_Residence,Purchased,24.43,6
59523,0,132.0,105000,385000.0,78.353,Unknown,White,Home_Purchase,Principal_Residence,Purchased,11.81,1
24822,3,70.0,165000,315000.0,52.0,36%-<43%,Black or African American,CashOut_Refinance,Principal_Residence,Originated,97.52,6
83515,0,86.0,215000,375000.0,78.353,Unknown,White,Home_Purchase,Principal_Residence,Withdrawn,34.93,1
23003,0,120.0,475000,595000.0,80.0,30%-<36%,White,Home_Purchase,Principal_Residence,Originated,34.43,1
10509,0,63.0,225000,255000.0,78.353,Unknown,White,Home_Purchase,Principal_Residence,Purchased,37.6,1
1934,2,28.0,55000,65000.0,85.0,43%-<50%,White,Home_Purchase,Investment,Originated,23.49,3
65291,5,186.0,65000,335000.0,72.206,20%-<30%,Race Not Available,Home_Improvement,Principal_Residence,Originated,40.72,4
24824,0,90.0,225000,235000.0,99.553,36%-<43%,Black or African American,Home_Purchase,Principal_Residence,Originated,46.26,5
46832,0,150.0,445000,375000.0,78.353,Unknown,White,Home_Purchase,Principal_Residence,Withdrawn,28.83,1
293,3,176.0,435000,465000.0,90.894,43%-<50%,White,Refinance,Principal_Residence,Originated,86.44,6
5167,0,187.0,495000,615000.0,80.0,30%-<36%,Asian,Home_Purchase,Principal_Residence,Originated,39.13,1
61563,5,111.0,105000,375000.0,78.353,Exempt,White,Home_Improvement,Principal_Residence,Originated,40.56,4
24470,0,-396.0,575000,875000.0,65.714,<20%,White,Home_Purchase,Principal_Residence,Originated,16.06,1
58883,6,84.0,245000,705000.0,75.077,>60%,White,Home_Improvement,Second_Residence,Denied,35.05,0
65619,0,106.0,415000,375000.0,78.353,Unknown,Race Not Available,Home_Purchase,Principal_Residence,Withdrawn,19.69,1
38374,6,59.0,105000,125000.0,80.0,>60%,Race Not Available,CashOut_Refinance,Principal_Residence,Denied,94.28,0
94831,3,35.0,85000,95000.0,88.889,43%-<50%,White,Refinance,Principal_Residence,Originated,10.17,6
80150,5,222.0,235000,1015000.0,80.0,20%-<30%,White,Other,Principal_Residence,Denied,15.57,4
29085,0,127.0,415000,375000.0,78.353,Unknown,White,Home_Purchase,Principal_Residence,Withdrawn,57.04,5
68944,0,125.0,355000,375000.0,78.353,Unknown,White,Home_Purchase,Principal_Residence,Withdrawn,53.81,1
47625,5,73.0,185000,485000.0,52.16,43%-<50%,White,Home_Improvement,Principal_Residence,Originated,50.28,4
64778,0,90.0,375000,465000.0,80.0,43%-<50%,Race Not Available,Home_Purchase,Principal_Residence,Originated,12.73,1
17221,4,202.0,1005000,1505000.0,66.667,36%-<43%,White,Home_Purchase,Principal_Residence,Originated,68.4,2
30016,0,56.0,115000,375000.0,78.353,Unknown,White,Home_Purchase,Principal_Residence,Withdrawn,88.43,5
39554,5,117.0,145000,825000.0,79.982,30%-<36%,White,Home_Improvement,Principal_Residence,Approved_NotAccepted,8.37,4
55696,3,28.0,125000,175000.0,71.0,36%-<43%,White,CashOut_Refinance,Principal_Residence,Originated,50.3,6
73922,0,110.0,385000,375000.0,78.353,Unknown,White,Home_Purchase,Principal_Residence,Incomplete,0.0,1
22119,0,88.0,65000,375000.0,78.353,Unknown,White,Home_Improvement,Principal_Residence,Denied,21.95,1
33203,0,147.0,205000,265000.0,76.981,20%-<30%,White,Home_Purchase,Principal_Residence,Originated,48.02,5
72810,5,169.0,65000,305000.0,90.18,30%-<36%,White,Refinance,Principal_Residence,Originated,16.4,4
43758,3,51.0,205000,375000.0,78.353,Unknown,White,Refinance,Principal_Residence,Withdrawn,72.82,6
23015,6,0.0,385000,405000.0,95.0,>60%,White,Home_Purchase,Principal_Residence,Denied,26.74,0
20898,3,74.0,405000,625000.0,64.35,36%-<43%,White,CashOut_Refinance,Principal_Residence,Originated,33.75,6
34195,0,83.0,205000,255000.0,79.646,36%-<43%,Black or African American,Home_Purchase,Principal_Residence,Originated,54.56,5
31366,6,41.0,185000,295000.0,119.028,50%-60%,White,Home_Improvement,Principal_Residence,Denied,34.9,0
81560,5,171.0,45000,195000.0,70.02,<20%,2 or more minority races,Home_Improvement,Principal_Residence,Denied,23.64,4
47903,0,325.0,795000,835000.0,78.353,Unknown,White,Home_Purchase,Principal_Residence,Purchased,71.34,5
35854,1,486.0,425000,845000.0,49.941,>60%,White,Refinance,Principal_Residence,Denied,20.43,0
91799,0,130.0,595000,675000.0,88.0,36%-<43%,Asian,Home_Purchase,Principal_Residence,Denied,90.04,5
67720,5,150.0,45000,375000.0,78.353,Unknown,White,Home_Improvement,Principal_Residence,Incomplete,11.2,4
19426,0,70.0,285000,355000.0,80.0,36%-<43%,White,Home_Purchase,Principal_Residence,Originated,6.13,1
60654,3,85.0,145000,305000.0,49.0,20%-<30%,White,CashOut_Refinance,Principal_Residence,Originated,10.25,6
162,3,34.0,145000,375000.0,78.353,Unknown,White,CashOut_Refinance,Principal_Residence,Incomplete,23.24,6
73867,3,168.0,505000,375000.0,78.353,Unknown,Black or African American,CashOut_Refinance,Principal_Residence,Withdrawn,33.75,6
60189,5,171.0,45000,365000.0,98.189,20%-<30%,White,Home_Improvement,Principal_Residence,Denied,27.29,4
89168,0,95.0,1425000,1775000.0,78.353,Unknown,Race Not Available,Home_Purchase,Principal_Residence,Purchased,21.04,1
92871,3,62.0,105000,245000.0,46.0,36%-<43%,White,Refinance,Principal_Residence,Denied,51.44,6
33704,0,16.0,55000,375000.0,78.353,Unknown,White,Home_Purchase,Principal_Residence,Withdrawn,6.93,1
89027,0,95.0,525000,555000.0,78.353,Unknown,Race Not Available,Home_Purchase,Principal_Residence,Purchased,40.71,1
83248,5,64.0,5000,235000.0,103.0,30%-<36%,White,Home_Purchase,Principal_Residence,Originated,19.22,4
22726,6,44.0,195000,205000.0,96.5,50%-60%,Race Not Available,Home_Purchase,Principal_Residence,Originated,9.0,0
48329,3,34.0,205000,375000.0,78.353,Unknown,White,CashOut_Refinance,Principal_Residence,Incomplete,35.94,6
64959,1,1628.0,245000,375000.0,78.353,Exempt,Race Not Available,Home_Purchase,Second_Residence,Originated,20.26,4
46496,3,95.0,505000,375000.0,78.353,Unknown,White,Refinance,Principal_Residence,Withdrawn,25.86,6
28878,5,117.0,25000,375000.0,78.353,Unknown,White,Home_Improvement,Principal_Residence,Denied,8.78,4
89294,0,62.0,305000,375000.0,78.353,Unknown,White,Home_Purchase,Principal_Residence,Withdrawn,33.45,1
6558,3,63.0,65000,375000.0,78.353,Exempt,White,Refinance,Principal_Residence,Withdrawn,23.92,6
12935,3,37.0,35000,235000.0,12.51,20%-<30%,White,Refinance,Principal_Residence,Denied,28.38,6
45113,0,67.0,305000,355000.0,85.0,43%-<50%,2 or more minority races,Home_Purchase,Principal_Residence,Originated,17.76,1
77928,6,47.0,195000,485000.0,39.51,50%-60%,Race Not Available,CashOut_Refinance,Principal_Residence,Approved_NotAccepted,18.45,0
28835,1,462.0,515000,855000.0,60.0,<20%,White,Home_Purchase,Second_Residence,Originated,14.09,1
37230,0,71.0,325000,345000.0,94.203,43%-<50%,White,Home_Purchase,Principal_Residence,Originated,25.05,1
75972,6,62.0,235000,235000.0,96.5,50%-60%,Black or African American,Home_Purchase,Principal_Residence,Denied,18.68,0
32642,3,116.0,205000,365000.0,54.795,36%-<43%,White,CashOut_Refinance,Principal_Residence,Originated,47.38,6
697,0,155.0,295000,365000.0,80.0,20%-<30%,White,Home_Purchase,Principal_Residence,Originated,61.01,5
249,3,36.0,135000,135000.0,99.86,30%-<36%,Black or African American,CashOut_Refinance,Principal_Residence,Denied,98.8,6
94485,3,51.0,275000,455000.0,59.67,43%-<50%,White,CashOut_Refinance,Principal_Residence,Originated,64.17,6
95313,5,165.0,35000,2495000.0,19.94,30%-<36%,White,Home_Improvement,Principal_Residence,Denied,30.95,4
4093,5,158.0,115000,675000.0,73.966,30%-<36%,White,Home_Improvement,Principal_Residence,Originated,49.22,4
13222,3,95.0,125000,295000.0,78.353,Unknown,Race Not Available,CashOut_Refinance,Principal_Residence,Purchased,90.61,6
64078,3,40.0,105000,375000.0,78.353,Unknown,White,CashOut_Refinance,Principal_Residence,Withdrawn,86.09,6
60626,6,92.0,455000,575000.0,79.82,50%-60%,Race Not Available,CashOut_Refinance,Principal_Residence,Originated,24.25,0
67548,0,36.0,75000,155000.0,48.0,43%-<50%,Black or African American,Home_Improvement,Principal_Residence,Denied,13.84,1
91474,0,120.0,365000,625000.0,78.353,Unknown,Race Not Available,Home_Purchase,Principal_Residence,Purchased,59.21,5
43506,0,218.0,155000,375000.0,78.353,Unknown,White,Home_Purchase,Principal_Residence,Withdrawn,28.92,1
14335,0,55.0,165000,175000.0,96.5,43%-<50%,White,Home_Purchase,Principal_Residence,Originated,6.86,1
47985,5,106.0,35000,375000.0,78.353,Exempt,White,Home_Improvement,Principal_Residence,Originated,7.4,4
12432,6,25.0,195000,465000.0,41.04,50%-60%,White,CashOut_Refinance,Principal_Residence,Originated,35.37,0
91014,6,111.0,275000,455000.0,61.111,>60%,Race Not Available,CashOut_Refinance,Principal_Residence,Denied,18.7,0
8803,0,43.0,115000,375000.0,78.353,Unknown,Joint,Home_Purchase,Principal_Residence,Withdrawn,25.6,1
19092,0,106.0,225000,375000.0,78.353,Unknown,White,Home_Purchase,Principal_Residence,Withdrawn,15.24,1
86044,3,143.0,325000,405000.0,80.0,20%-<30%,American Indian or Alaska Native,CashOut_Refinance,Principal_Residence,Originated,31.25,6
47119,2,191.0,115000,165000.0,70.0,20%-<30%,White,Home_Purchase,Investment,Originated,46.41,3
50581,3,35.0,75000,115000.0,62.281,30%-<36%,White,Refinance,Principal_Residence,Originated,12.53,6
66847,3,129.0,85000,315000.0,26.0,30%-<36%,Race Not Available,CashOut_Refinance,Principal_Residence,Originated,82.7,6
5841,5,83.0,25000,325000.0,88.977,20%-<30%,White,Other,Principal_Residence,Denied,48.89,4
89992,0,103.0,445000,555000.0,80.0,43%-<50%,White,Home_Purchase,Principal_Residence,Denied,38.83,1
45636,5,56.0,55000,315000.0,51.935,30%-<36%,White,Other,Principal_Residence,Originated,37.09,4
6263,0,73.0,235000,295000.0,80.0,36%-<43%,White,Home_Purchase,Principal_Residence,Originated,33.47,1
23322,0,214.0,335000,395000.0,84.962,30%-<36%,Race Not Available,Home_Purchase,Principal_Residence,Originated,19.52,1
39341,0,98.0,225000,235000.0,95.3,30%-<36%,Race Not Available,Home_Purchase,Principal_Residence,Originated,26.97,1
60736,3,123.0,235000,315000.0,73.277,20%-<30%,Race Not Available,Refinance,Principal_Residence,Originated,11.44,6
22953,5,83.0,65000,525000.0,54.02,30%-<36%,White,Other,Principal_Residence,Denied,13.2,4
46607,0,227.0,605000,375000.0,78.353,Unknown,Asian,Home_Purchase,Principal_Residence,Withdrawn,33.19,1
45756,5,55.0,5000,265000.0,86.564,43%-<50%,White,Home_Purchase,Principal_Residence,Originated,44.66,4
24198,0,95.0,295000,285000.0,78.353,Unknown,Race Not Available,Home_Purchase,Principal_Residence,Purchased,94.21,5
14386,4,71.0,235000,245000.0,94.906,Unknown,Black or African American,Home_Purchase,Principal_Residence,Denied,0.0,2
80247,2,86.0,125000,155000.0,80.0,43%-<50%,White,Home_Purchase,Investment,Originated,10.75,3
67600,0,95.0,315000,315000.0,78.353,Unknown,Race Not Available,Home_Purchase,Principal_Residence,Purchased,19.93,1
3095,3,124.0,305000,625000.0,48.8,30%-<36%,White,CashOut_Refinance,Principal_Residence,Denied,92.25,6
76816,5,77.0,75000,225000.0,76.68,43%-<50%,White,Refinance,Principal_Residence,Originated,2.8,4
86196,3,168.0,635000,865000.0,73.256,30%-<36%,White,CashOut_Refinance,Principal_Residence,Originated,49.28,6
8393,2,241.0,265000,375000.0,78.353,Unknown,White,Home_Purchase,Investment,Withdrawn,65.47,3
95881,5,29.0,15000,85000.0,60.536,36%-<43%,Race Not Available,Other,Principal_Residence,Approved_NotAccepted,68.8,4
47441,4,53.0,75000,65000.0,78.353,>60%,White,Home_Purchase,Principal_Residence,Denied,0.0,2
98314,0,272.0,745000,925000.0,80.0,30%-<36%,White,Home_Purchase,Second_Residence,Approved_NotAccepted,7.68,1
25374,3,73.0,325000,375000.0,78.353,Unknown,White,CashOut_Refinance,Principal_Residence,Withdrawn,39.38,6
53162,5,95.0,15000,115000.0,80.0,20%-<30%,White,Home_Improvement,Principal_Residence,Originated,46.58,4
41736,4,48.0,115000,115000.0,78.353,43%-<50%,White,Home_Purchase,Principal_Residence,Denied,52.8,2
78508,0,56.0,185000,375000.0,78.353,Unknown,White,Home_Purchase,Principal_Residence,Withdrawn,10.77,1
91076,0,29.0,125000,155000.0,80.0,36%-<43%,White,Home_Purchase,Principal_Residence,Originated,19.62,1
63121,0,38.0,215000,375000.0,78.353,Unknown,White,Home_Purchase,Principal_Residence,Withdrawn,12.2,1
26208,0,95.0,225000,285000.0,78.353,Unknown,Race Not Available,Home_Purchase,Principal_Residence,Purchased,79.41,5
40103,6,64.0,55000,455000.0,51.86,>60%,White,Home_Improvement,Principal_Residence,Denied,89.04,0
24283,4,83.0,95000,195000.0,50.0,43%-<50%,White,CashOut_Refinance,Principal_Residence,Originated,8.21,2
40086,0,63.0,175000,375000.0,47.3,36%-<43%,Race Not Available,Home_Purchase,Principal_Residence,Originated,19.19,1
10088,4,58.0,15000,105000.0,12.83,<20%,White,Home_Improvement,Principal_Residence,Denied,10.69,2
42890,3,95.0,285000,485000.0,78.353,Unknown,Race Not Available,Refinance,Principal_Residence,Purchased,53.29,6
94094,0,130.0,465000,375000.0,78.353,Unknown,Black or African American,Home_Purchase,Principal_Residence,Withdrawn,63.05,5
62511,3,64.0,425000,705000.0,60.671,43%-<50%,Asian,Refinance,Principal_Residence,Denied,66.67,6
24247,3,76.0,265000,375000.0,78.353,Unknown,Black or African American,CashOut_Refinance,Principal_Residence,Withdrawn,40.62,6
9105,0,68.0,165000,375000.0,78.353,Unknown,White,Home_Purchase,Principal_Residence,Withdrawn,4.61,1
74505,5,179.0,45000,295000.0,84.244,<20%,Black or African American,CashOut_Refinance,Principal_Residence,Originated,31.06,4
71021,0,71.0,355000,525000.0,66.67,43%-<50%,White,Other,Principal_Residence,Originated,21.85,1
78570,0,120.0,395000,395000.0,100.0,20%-<30%,White,Home_Purchase,Principal_Residence,Originated,32.42,1
44244,5,128.0,15000,435000.0,104.63,30%-<36%,Race Not Available,Home_Purchase,Principal_Residence,Originated,76.98,4
16464,5,131.0,205000,235000.0,108.63,30%-<36%,Black or African American,Home_Purchase,Principal_Residence,Denied,7.48,4
80910,5,69.0,65000,375000.0,78.353,Unknown,White,Other,Principal_Residence,Withdrawn,6.27,4
50127,3,94.0,125000,455000.0,28.222,30%-<36%,White,CashOut_Refinance,Principal_Residence,Originated,16.0,6
95205,0,42.0,135000,175000.0,80.0,36%-<43%,White,Home_Purchase,Principal_Residence,Originated,20.19,1
41671,0,290.0,885000,375000.0,78.353,Unknown,Asian,Home_Purchase,Principal_Residence,Withdrawn,91.12,5
54674,0,32.0,85000,75000.0,100.0,36%-<43%,Joint,Home_Purchase,Principal_Residence,Originated,25.95,1
89240,3,121.0,375000,675000.0,59.543,30%-<36%,Race Not Available,Refinance,Principal_Residence,Originated,61.32,6
52517,0,71.0,215000,215000.0,100.0,36%-<43%,White,Home_Purchase,Principal_Residence,Originated,23.74,1
4061,2,0.0,845000,1305000.0,64.615,Unknown,White,CashOut_Refinance,Investment,Originated,62.63,3
84822,0,107.0,295000,295000.0,96.5,36%-<43%,White,Home_Purchase,Principal_Residence,Originated,76.6,5
45980,6,49.0,35000,125000.0,67.031,50%-60%,Black or African American,Other,Principal_Residence,Originated,85.7,0
18081,0,195.0,565000,545000.0,100.0,36%-<43%,Black or African American,Home_Purchase,Principal_Residence,Originated,71.4,5
78708,2,419.0,215000,295000.0,75.0,30%-<36%,Asian,Home_Purchase,Investment,Originated,19.08,3
56954,5,54.0,95000,375000.0,78.353,Unknown,Race Not Available,Home_Improvement,Principal_Residence,Incomplete,94.47,4
76279,0,317.0,395000,525000.0,74.857,43%-<50%,White,Home_Purchase,Principal_Residence,Originated,51.84,5
71975,3,117.0,245000,985000.0,24.49,36%-<43%,White,Other,Principal_Residence,Originated,47.86,5
53791,0,107.0,165000,335000.0,48.135,20%-<30%,White,Home_Purchase,Principal_Residence,Originated,9.93,1
659,5,138.0,75000,315000.0,90.01,20%-<30%,White,Other,Principal_Residence,Originated,13.99,4
94235,0,44.0,135000,375000.0,78.353,Unknown,White,Home_Purchase,Principal_Residence,Withdrawn,90.21,5
83070,2,162.0,85000,555000.0,70.964,36%-<43%,White,Home_Purchase,Investment,Denied,55.24,3
69841,1,406.0,585000,785000.0,75.0,36%-<43%,White,Other,Second_Residence,Originated,8.49,1
42924,0,95.0,765000,955000.0,78.353,Unknown,Race Not Available,Home_Purchase,Principal_Residence,Purchased,8.29,1
46028,3,53.0,75000,375000.0,20.0,20%-<30%,White,CashOut_Refinance,Principal_Residence,Approved_NotAccepted,29.19,6
67089,2,460.0,215000,295000.0,75.0,30%-<36%,Race Not Available,Home_Improvement,Investment,Originated,81.75,3
45098,5,137.0,125000,505000.0,89.71,30%-<36%,White,Home_Improvement,Principal_Residence,Originated,30.7,4
15423,5,112.0,55000,575000.0,67.98,36%-<43%,White,Other,Principal_Residence,Originated,7.53,4
5526,3,89.0,275000,355000.0,78.963,30%-<36%,White,CashOut_Refinance,Principal_Residence,Originated,12.26,6
51673,6,44.0,125000,655000.0,18.462,>60%,Black or African American,Refinance,Principal_Residence,Denied,49.49,0
97975,5,146.0,105000,565000.0,76.15,36%-<43%,White,Other,Principal_Residence,Originated,11.97,4
24793,0,95.0,905000,1435000.0,62.718,20%-<30%,White,Other,Principal_Residence,Originated,13.08,1
44415,3,147.0,595000,755000.0,78.411,30%-<36%,Race Not Available,CashOut_Refinance,Principal_Residence,Originated,22.44,6
41801,0,250.0,405000,785000.0,78.353,Unknown,Race Not Available,Home_Purchase,Principal_Residence,Purchased,41.6,5
34297,0,80.0,265000,375000.0,78.353,Unknown,Race Not Available,Home_Purchase,Principal_Residence,Purchased,8.16,1
75704,0,52.0,75000,75000.0,100.0,36%-<43%,White,Home_Purchase,Principal_Residence,Originated,16.81,1
18252,4,66.0,165000,375000.0,78.353,Unknown,White,Refinance,Principal_Residence,Withdrawn,16.09,2
91207,0,96.0,465000,575000.0,80.0,43%-<50%,Asian,Home_Purchase,Principal_Residence,Originated,66.99,5
55328,3,91.0,205000,375000.0,78.353,Unknown,White,CashOut_Refinance,Principal_Residence,Withdrawn,5.35,6
67114,0,76.0,175000,185000.0,96.493,36%-<43%,White,Home_Purchase,Principal_Residence,Originated,8.31,1
80041,0,83.0,405000,455000.0,88.89,43%-<50%,White,Home_Purchase,Principal_Residence,Originated,67.72,5
10063,3,107.0,165000,275000.0,61.0,20%-<30%,White,CashOut_Refinance,Principal_Residence,Originated,30.73,6
17723,3,95.0,1145000,1725000.0,78.353,Unknown,Race Not Available,CashOut_Refinance,Principal_Residence,Purchased,51.95,6
4818,0,53.0,205000,255000.0,80.0,36%-<43%,White,Home_Purchase,Principal_Residence,Originated,55.97,5
98966,0,15.0,155000,235000.0,63.0,36%-<43%,White,Other,Principal_Residence,Originated,14.36,1
9870,5,148.0,105000,675000.0,52.41,36%-<43%,Black or African American,CashOut_Refinance,Principal_Residence,Originated,34.02,4
61084,0,67.0,265000,265000.0,78.353,30%-<36%,White,Home_Purchase,Principal_Residence,Originated,40.07,1
18213,3,46.0,105000,135000.0,81.4,20%-<30%,White,CashOut_Refinance,Principal_Residence,Originated,68.15,6
790,5,69.0,25000,375000.0,78.353,Unknown,Race Not Available,Home_Improvement,Principal_Residence,Withdrawn,22.58,4
83690,0,101.0,515000,685000.0,75.0,36%-<43%,Race Not Available,Home_Purchase,Principal_Residence,Originated,69.28,5
13897,5,105.0,35000,375000.0,78.353,Unknown,White,Home_Improvement,Principal_Residence,Withdrawn,26.55,4
13531,3,121.0,285000,365000.0,76.033,20%-<30%,Race Not Available,CashOut_Refinance,Principal_Residence,Originated,83.18,6
95094,0,66.0,215000,215000.0,96.941,36%-<43%,Race Not Available,Home_Purchase,Principal_Residence,Denied,48.7,5
85087,3,58.0,165000,405000.0,40.0,36%-<43%,White,CashOut_Refinance,Principal_Residence,Originated,55.33,6
83792,3,95.0,175000,635000.0,27.753,Unknown,White,Refinance,Principal_Residence,Originated,38.35,6
10220,3,92.0,385000,475000.0,80.0,36%-<43%,White,CashOut_Refinance,Principal_Residence,Denied,45.5,6
15737,3,65.0,365000,375000.0,78.353,Unknown,White,CashOut_Refinance,Principal_Residence,Withdrawn,26.15,6
59591,3,91.0,295000,655000.0,45.0,36%-<43%,White,CashOut_Refinance,Principal_Residence,Originated,20.21,6
46745,6,24.0,45000,165000.0,98.237,>60%,Joint,Home_Improvement,Principal_Residence,Denied,30.66,0
19065,0,42.0,195000,245000.0,79.592,36%-<43%,White,Home_Purchase,Principal_Residence,Originated,9.41,1
19417,3,95.0,225000,255000.0,78.353,Unknown,Race Not Available,CashOut_Refinance,Principal_Residence,Purchased,58.59,6
82064,3,190.0,765000,1275000.0,60.0,36%-<43%,Race Not Available,CashOut_Refinance,Principal_Residence,Originated,30.85,6
77024,3,80.0,155000,375000.0,78.353,Unknown,Black or African American,CashOut_Refinance,Principal_Residence,Withdrawn,79.5,6
46437,2,73.0,285000,505000.0,55.01,>60%,Black or African American,CashOut_Refinance,Investment,Denied,58.29,3
88800,3,67.0,185000,215000.0,90.0,36%-<43%,Race Not Available,CashOut_Refinance,Principal_Residence,Originated,8.4,6
17904,5,120.0,35000,275000.0,65.015,43%-<50%,White,Other,Principal_Residence,Denied,6.34,4
34340,1,345.0,555000,955000.0,67.9,<20%,Race Not Available,CashOut_Refinance,Principal_Residence,Originated,31.57,6
95407,4,73.0,185000,225000.0,78.353,30%-<36%,White,Home_Purchase,Principal_Residence,Originated,40.88,2
45396,5,200.0,155000,375000.0,78.353,Unknown,White,Other,Principal_Residence,Incomplete,52.6,4
24012,0,147.0,605000,715000.0,85.0,43%-<50%,Race Not Available,Home_Purchase,Principal_Residence,Originated,11.68,1
27309,3,32.0,55000,375000.0,78.353,Unknown,White,Refinance,Principal_Residence,Incomplete,5.35,6
94344,3,67.0,115000,375000.0,78.353,Unknown,White,CashOut_Refinance,Principal_Residence,Withdrawn,15.71,6
64383,0,41.0,105000,375000.0,78.353,Unknown,White,Home_Purchase,Principal_Residence,Withdrawn,28.66,1
5180,0,75.0,315000,325000.0,97.0,43%-<50%,White,Home_Purchase,Principal_Residence,Originated,76.93,5
82284,5,130.0,105000,375000.0,78.353,36%-<43%,White,Other,Principal_Residence,Denied,10.24,4
18867,3,90.0,285000,585000.0,49.397,36%-<43%,White,CashOut_Refinance,Principal_Residence,Originated,30.85,6
65989,0,119.0,515000,575000.0,90.0,43%-<50%,White,Home_Purchase,Principal_Residence,Preapproval_Approved_NotAccepted,0.0,1
29571,1,2879.0,845000,945000.0,90.0,<20%,White,Home_Purchase,Principal_Residence,Originated,9.57,4
59903,0,130.0,605000,635000.0,95.0,43%-<50%,Black or African American,Home_Purchase,Principal_Residence,Originated,57.93,5
87925,1,858.0,205000,515000.0,86.26,<20%,White,Home_Improvement,Principal_Residence,Originated,18.98,4
31605,0,180.0,615000,615000.0,100.03,20%-<30%,White,Home_Purchase,Principal_Residence,Approved_NotAccepted,23.96,1
88650,6,26.0,15000,185000.0,5.405,>60%,White,Home_Improvement,Principal_Residence,Denied,5.72,0
16055,3,85.0,135000,375000.0,78.353,Unknown,Joint,CashOut_Refinance,Principal_Residence,Incomplete,12.24,6
76974,3,46.0,105000,135000.0,80.0,30%-<36%,White,CashOut_Refinance,Principal_Residence,Originated,32.04,6
72123,0,208.0,735000,775000.0,95.0,30%-<36%,White,Home_Purchase,Principal_Residence,Originated,17.82,1
67056,3,55.0,205000,375000.0,100.0,30%-<36%,White,Refinance,Principal_Residence,Denied,62.17,6
90506,0,130.0,435000,545000.0,80.0,43%-<50%,Asian,Home_Purchase,Principal_Residence,Originated,27.87,1
32509,0,62.0,235000,245000.0,97.0,43%-<50%,Black or African American,Home_Purchase,Principal_Residence,Originated,83.94,5
2493,3,123.0,405000,555000.0,73.884,43%-<50%,White,Refinance,Principal_Residence,Originated,28.49,6
21289,3,86.0,495000,375000.0,78.353,Unknown,Race Not Available,CashOut_Refinance,Principal_Residence,Withdrawn,6.7,6
85548,0,62.0,125000,135000.0,95.0,36%-<43%,White,Home_Purchase,Principal_Residence,Originated,9.4,1
66071,2,95.0,485000,685000.0,120.53,Unknown,Race Not Available,Home_Purchase,Investment,Originated,51.01,3
96931,0,170.0,195000,205000.0,95.0,20%-<30%,Black or African American,Home_Purchase,Principal_Residence,Approved_NotAccepted,39.06,1
22270,0,95.0,145000,145000.0,97.0,30%-<36%,White,Home_Purchase,Principal_Residence,Originated,59.57,5
6055,0,17.0,35000,65000.0,57.082,43%-<50%,White,Home_Purchase,Principal_Residence,Originated,7.44,1
33732,0,263.0,805000,1165000.0,68.493,43%-<50%,Asian,Home_Purchase,Principal_Residence,Originated,35.13,1
44608,0,67.0,245000,375000.0,78.353,Unknown,Race Not Available,Home_Purchase,Principal_Residence,Withdrawn,32.36,1
51493,5,41.0,25000,225000.0,59.364,36%-<43%,White,Home_Improvement,Principal_Residence,Originated,15.03,4
65802,0,95.0,155000,175000.0,78.353,Unknown,Race Not Available,Home_Purchase,Principal_Residence,Purchased,87.8,5
66651,3,78.0,365000,775000.0,47.0,43%-<50%,Race Not Available,CashOut_Refinance,Principal_Residence,Originated,90.42,6
26650,3,95.0,145000,255000.0,56.8,Unknown,Black or African American,Refinance,Principal_Residence,Originated,85.71,6
30677,5,190.0,25000,245000.0,75.41,20%-<30%,Race Not Available,Other,Principal_Residence,Originated,41.48,4
54491,2,95.0,45000,85000.0,51.25,Unknown,Race Not Available,Refinance,Investment,Originated,37.07,3
90862,6,73.0,395000,405000.0,96.5,50%-60%,Race Not Available,Home_Purchase,Principal_Residence,Originated,75.57,0
95970,2,115.0,25000,375000.0,78.353,Unknown,White,Home_Improvement,Investment,Withdrawn,41.63,3
25299,3,203.0,105000,275000.0,36.736,20%-<30%,White,Refinance,Principal_Residence,Originated,25.09,6
18196,0,95.0,415000,445000.0,95.0,43%-<50%,Asian,Home_Purchase,Principal_Residence,Originated,40.25,1
65048,6,79.0,45000,405000.0,69.105,>60%,Black or African American,Other,Principal_Residence,Denied,74.68,0
29671,0,45.0,275000,455000.0,60.0,43%-<50%,Black or African American,Home_Purchase,Principal_Residence,Originated,38.6,1
19921,5,174.0,45000,275000.0,80.0,20%-<30%,White,Home_Improvement,Principal_Residence,Originated,34.24,4
89376,5,170.0,55000,915000.0,62.835,36%-<43%,Native Hawaiian or Other Pacific Islander,Other,Principal_Residence,Originated,22.67,4
21652,3,151.0,615000,975000.0,63.0,30%-<36%,White,CashOut_Refinance,Principal_Residence,Originated,14.56,6
61040,5,191.0,115000,375000.0,78.353,Exempt,White,Home_Improvement,Principal_Residence,Originated,17.02,4
25599,4,107.0,145000,375000.0,78.353,Unknown,White,Home_Purchase,Principal_Residence,Incomplete,4.02,2
41386,3,46.0,295000,375000.0,78.353,Unknown,White,Refinance,Principal_Residence,Withdrawn,26.84,6
89848,3,29.0,55000,135000.0,38.46,43%-<50%,White,Refinance,Principal_Residence,Denied,6.14,6
69375,0,84.0,175000,185000.0,97.74,30%-<36%,White,Home_Purchase,Principal_Residence,Originated,45.94,5
46947,0,95.0,605000,615000.0,78.353,Unknown,Race Not Available,Home_Purchase,Principal_Residence,Purchased,99.46,5
9158,4,36.0,55000,55000.0,78.353,20%-<30%,White,Home_Purchase,Principal_Residence,Denied,25.85,2
34064,3,52.0,85000,225000.0,35.56,36%-<43%,White,Home_Improvement,Principal_Residence,Originated,24.05,1
99863,6,45.0,35000,545000.0,63.809,>60%,White,Other,Principal_Residence,Denied,42.15,0
98698,3,60.0,625000,375000.0,78.353,Unknown,Race Not Available,Refinance,Principal_Residence,Incomplete,82.42,6
60300,6,23.0,75000,95000.0,87.778,>60%,White,Home_Purchase,Principal_Residence,Denied,29.22,0
29926,6,74.0,185000,655000.0,78.301,>60%,Race Not Available,Home_Improvement,Principal_Residence,Denied,26.6,0
27,0,122.0,285000,345000.0,85.0,43%-<50%,White,Home_Purchase,Principal_Residence,Originated,28.73,1
63052,3,49.0,65000,375000.0,78.353,Unknown,White,CashOut_Refinance,Principal_Residence,Withdrawn,27.19,6
50057,0,76.0,265000,285000.0,95.0,43%-<50%,White,Home_Purchase,Principal_Residence,Originated,9.08,1
9059,6,59.0,455000,515000.0,88.235,50%-60%,Black or African American,Home_Purchase,Principal_Residence,Originated,95.23,0
97646,6,47.0,185000,175000.0,103.0,50%-60%,White,CashOut_Refinance,Principal_Residence,Denied,10.86,0
91350,0,74.0,225000,305000.0,75.0,30%-<36%,White,Home_Purchase,Principal_Residence,Originated,24.07,1
76589,5,340.0,205000,1005000.0,58.405,30%-<36%,Race Not Available,Home_Improvement,Principal_Residence,Denied,33.2,4
28034,3,97.0,155000,215000.0,74.892,30%-<36%,White,CashOut_Refinance,Principal_Residence,Originated,31.16,6
26931,0,147.0,375000,375000.0,78.353,Unknown,White,Home_Purchase,Principal_Residence,Withdrawn,64.0,5
92277,0,80.0,225000,265000.0,85.0,43%-<50%,White,Home_Purchase,Principal_Residence,Originated,29.87,1
55770,5,107.0,25000,545000.0,69.44,36%-<43%,White,Other,Principal_Residence,Originated,30.7,4
50427,0,85.0,325000,335000.0,96.5,43%-<50%,Black or African American,Home_Purchase,Principal_Residence,Originated,35.66,1
63992,1,604.0,255000,2755000.0,70.389,50%-60%,Race Not Available,CashOut_Refinance,Principal_Residence,Denied,32.56,4
31621,0,47.0,245000,365000.0,66.94,43%-<50%,White,Home_Purchase,Principal_Residence,Originated,69.13,5
35926,6,92.0,435000,705000.0,62.143,>60%,White,CashOut_Refinance,Principal_Residence,Denied,29.78,0
13069,0,95.0,95000,105000.0,78.353,Unknown,Race Not Available,NotApplicable,Principal_Residence,Purchased,6.03,1
2152,2,194.0,655000,375000.0,78.353,Exempt,Asian,Home_Purchase,Investment,Originated,56.57,3
10554,5,66.0,5000,515000.0,52.668,36%-<43%,White,Other,Principal_Residence,Originated,18.93,4
3673,0,145.0,375000,395000.0,78.353,Unknown,Race Not Available,Home_Purchase,Principal_Residence,Purchased,82.24,5
17358,5,128.0,35000,375000.0,78.353,Exempt,White,Home_Improvement,Principal_Residence,Originated,6.56,4
20115,1,387.0,745000,835000.0,90.0,36%-<43%,White,Home_Purchase,Second_Residence,Originated,33.63,1
82726,3,212.0,495000,625000.0,79.84,<20%,White,Refinance,Principal_Residence,Originated,51.47,6
44744,0,115.0,265000,315000.0,86.093,30%-<36%,White,Home_Purchase,Principal_Residence,Originated,16.64,1
40543,0,159.0,235000,295000.0,80.0,<20%,Race Not Available,Home_Purchase,Principal_Residence,Originated,9.68,1
16971,5,143.0,105000,525000.0,99.0,30%-<36%,White,Other,Principal_Residence,Originated,18.91,4
67037,3,76.0,405000,375000.0,78.353,Unknown,Race Not Available,Refinance,Principal_Residence,Withdrawn,4.85,6
65689,0,61.0,55000,65000.0,96.5,20%-<30%,White,Home_Purchase,Principal_Residence,Denied,22.39,1
56712,3,127.0,255000,555000.0,45.306,36%-<43%,White,Refinance,Principal_Residence,Originated,18.9,6
23237,0,79.0,315000,375000.0,78.353,Unknown,White,Home_Purchase,Principal_Residence,Withdrawn,79.46,5
97635,3,52.0,145000,265000.0,55.4,36%-<43%,Race Not Available,Refinance,Principal_Residence,Denied,14.56,6
80727,3,130.0,275000,325000.0,84.709,36%-<43%,White,Refinance,Principal_Residence,Originated,32.87,6
13974,0,49.0,245000,305000.0,80.0,30%-<36%,White,Home_Purchase,Principal_Residence,Originated,30.03,1
64298,6,75.0,445000,445000.0,100.0,50%-60%,Race Not Available,Home_Purchase,Principal_Residence,Originated,20.55,0
11925,0,95.0,205000,215000.0,78.353,Unknown,Race Not Available,Home_Purchase,Principal_Residence,Purchased,62.52,5
42597,0,95.0,155000,165000.0,78.353,Unknown,Race Not Available,Home_Purchase,Principal_Residence,Purchased,20.66,1
31656,1,370.0,1395000,375000.0,78.353,Unknown,Race Not Available,Home_Purchase,Principal_Residence,Withdrawn,60.67,1
91446,3,95.0,325000,425000.0,78.353,Unknown,Race Not Available,CashOut_Refinance,Principal_Residence,Purchased,29.05,6
58508,5,131.0,305000,475000.0,78.008,20%-<30%,White,Other,Principal_Residence,Originated,30.29,4
17069,0,105.0,505000,1005000.0,50.0,36%-<43%,White,Home_Improvement,Principal_Residence,Originated,97.69,5
94274,3,75.0,275000,465000.0,60.0,36%-<43%,Race Not Available,CashOut_Refinance,Principal_Residence,Originated,16.54,6
58292,0,220.0,205000,425000.0,49.0,<20%,White,Home_Purchase,Principal_Residence,Originated,76.18,5
60756,0,39.0,125000,125000.0,96.5,43%-<50%,White,Home_Purchase,Principal_Residence,Originated,9.23,1
95935,6,35.0,45000,335000.0,66.94,50%-60%,White,Other,Principal_Residence,Denied,33.84,0
47546,3,108.0,305000,375000.0,78.353,Unknown,White,CashOut_Refinance,Principal_Residence,Withdrawn,19.05,6
85623,3,32.0,135000,375000.0,78.353,Unknown,Race Not Available,Refinance,Principal_Residence,Withdrawn,10.59,6
65988,0,107.0,135000,215000.0,61.927,20%-<30%,White,Home_Improvement,Principal_Residence,Originated,44.58,5
47683,2,95.0,3755000,6945000.0,54.0,Unknown,Race Not Available,Home_Purchase,Investment,Originated,43.29,3
84787,3,63.0,355000,375000.0,78.353,Unknown,Asian,CashOut_Refinance,Principal_Residence,Incomplete,38.09,6
27614,3,74.0,185000,375000.0,78.353,Unknown,White,CashOut_Refinance,Principal_Residence,Withdrawn,48.33,6
28496,0,80.0,205000,245000.0,85.0,36%-<43%,Race Not Available,Home_Purchase,Principal_Residence,Originated,52.77,5
39481,3,90.0,85000,315000.0,25.16,30%-<36%,White,Home_Purchase,Principal_Residence,Originated,22.53,1
2904,3,110.0,245000,355000.0,68.908,36%-<43%,Race Not Available,Refinance,Principal_Residence,Originated,39.71,6
7072,3,76.0,125000,255000.0,78.353,Unknown,Race Not Available,Refinance,Principal_Residence,Purchased,48.63,6
98725,6,39.0,75000,695000.0,10.38,>60%,Race Not Available,Home_Improvement,Principal_Residence,Originated,6.54,0
93740,0,95.0,195000,195000.0,78.353,Unknown,Race Not Available,Home_Purchase,Principal_Residence,Purchased,41.13,1
44357,3,208.0,385000,435000.0,89.0,43%-<50%,White,Refinance,Principal_Residence,Originated,25.53,6
56230,0,97.0,265000,275000.0,96.984,30%-<36%,Black or African American,Home_Purchase,Principal_Residence,Originated,37.52,1
59525,5,62.0,55000,375000.0,78.353,Unknown,Race Not Available,Other,Principal_Residence,Withdrawn,32.14,4
17537,6,65.0,355000,355000.0,100.0,50%-60%,Race Not Available,Home_Purchase,Principal_Residence,Originated,69.45,0
79793,2,89.0,125000,375000.0,78.353,Unknown,White,Home_Purchase,Investment,Withdrawn,97.24,3
61165,6,64.0,365000,705000.0,51.929,>60%,White,Refinance,Principal_Residence,Originated,45.41,0
45743,0,309.0,1325000,1395000.0,95.0,36%-<43%,Asian,Home_Purchase,Principal_Residence,Originated,64.54,5
82857,0,93.0,285000,295000.0,96.5,36%-<43%,White,Home_Purchase,Principal_Residence,Originated,11.79,1
60082,0,83.0,335000,415000.0,80.0,36%-<43%,White,Home_Purchase,Principal_Residence,Originated,19.55,1
72207,3,52.0,75000,95000.0,80.0,<20%,White,Refinance,Principal_Residence,Originated,26.29,6
86625,5,123.0,205000,755000.0,51.527,43%-<50%,White,Other,Principal_Residence,Originated,20.99,4
68362,4,92.0,105000,105000.0,78.353,20%-<30%,White,Home_Purchase,Principal_Residence,Denied,68.91,2
73839,6,109.0,155000,265000.0,95.469,>60%,White,Home_Improvement,Principal_Residence,Denied,42.61,0
49751,6,139.0,55000,805000.0,88.797,50%-60%,Black or African American,Home_Improvement,Principal_Residence,Originated,45.77,0
30054,0,151.0,425000,455000.0,95.0,43%-<50%,White,Home_Purchase,Principal_Residence,Originated,16.98,1
68462,3,50.0,205000,345000.0,60.0,36%-<43%,Race Not Available,Refinance,Principal_Residence,Originated,6.26,6
35420,1,327.0,965000,1205000.0,80.0,20%-<30%,Race Not Available,Home_Purchase,Principal_Residence,Originated,20.91,1
70915,0,95.0,205000,505000.0,78.353,Unknown,Race Not Available,Home_Purchase,Principal_Residence,Purchased,28.59,1
81060,2,95.0,515000,655000.0,78.85,Unknown,Asian,Home_Purchase,Investment,Originated,79.72,3
75591,3,95.0,305000,385000.0,78.353,Unknown,Race Not Available,CashOut_Refinance,Principal_Residence,Purchased,30.55,6
45540,0,192.0,485000,505000.0,100.0,43%-<50%,White,Home_Purchase,Principal_Residence,Originated,40.03,1
9642,3,95.0,475000,665000.0,78.353,Unknown,Race Not Available,CashOut_Refinance,Principal_Residence,Purchased,70.96,6
51259,0,95.0,175000,205000.0,78.353,Unknown,Race Not Available,NotApplicable,Principal_Residence,Purchased,17.4,1
25925,5,85.0,5000,265000.0,2.809,36%-<43%,White,Home_Purchase,Principal_Residence,Originated,15.52,4
78052,0,49.0,115000,125000.0,96.5,43%-<50%,White,Home_Purchase,Principal_Residence,Originated,19.44,1
36071,3,111.0,465000,375000.0,78.353,Unknown,Black or African American,Refinance,Principal_Residence,Withdrawn,84.72,6
93,5,154.0,95000,745000.0,80.495,20%-<30%,Black or African American,Home_Improvement,Principal_Residence,Originated,49.41,4
49990,0,126.0,195000,215000.0,95.0,43%-<50%,Race Not Available,Home_Purchase,Principal_Residence,Approved_NotAccepted,18.21,1
38032,5,112.0,15000,325000.0,55.91,20%-<30%,White,Home_Purchase,Principal_Residence,Denied,28.41,4
71612,4,66.0,165000,165000.0,100.0,36%-<43%,White,Home_Purchase,Principal_Residence,Originated,13.52,2
61499,1,479.0,865000,1805000.0,47.778,20%-<30%,White,CashOut_Refinance,Principal_Residence,Originated,19.66,6
39746,5,128.0,15000,495000.0,100.427,43%-<50%,White,Home_Purchase,Principal_Residence,Originated,76.66,4
79019,0,47.0,125000,125000.0,96.5,43%-<50%,White,Home_Purchase,Principal_Residence,Originated,29.79,1
90088,0,26.0,75000,75000.0,105.0,20%-<30%,White,Home_Purchase,Principal_Residence,Originated,66.35,5
41885,3,24.0,115000,175000.0,63.0,43%-<50%,White,CashOut_Refinance,Principal_Residence,Approved_NotAccepted,57.97,6
30666,3,69.0,175000,205000.0,84.091,20%-<30%,White,Refinance,Principal_Residence,Originated,18.72,6
66671,0,24.0,45000,105000.0,78.353,30%-<36%,Race Not Available,Home_Improvement,Principal_Residence,Originated,88.86,5
44843,3,117.0,345000,375000.0,78.353,Unknown,White,Refinance,Principal_Residence,Withdrawn,57.43,6
40609,0,114.0,505000,375000.0,78.353,Unknown,White,Home_Purchase,Principal_Residence,Withdrawn,80.31,5
69508,6,24.0,55000,185000.0,74.87,>60%,Black or African American,Other,Principal_Residence,Denied,45.24,0
76920,6,110.0,225000,275000.0,80.0,50%-60%,White,CashOut_Refinance,Principal_Residence,Originated,9.19,0
26663,0,284.0,275000,375000.0,78.353,Unknown,Race Not Available,Home_Purchase,Principal_Residence,Withdrawn,17.25,1
72235,6,66.0,285000,375000.0,74.933,50%-60%,White,Home_Purchase,Principal_Residence,Originated,79.3,0
92641,0,47.0,65000,375000.0,78.353,Exempt,White,Home_Purchase,Principal_Residence,Originated,25.04,1
21996,0,99.0,235000,255000.0,95.0,36%-<43%,White,Home_Purchase,Principal_Residence,Originated,31.46,1
92860,2,246.0,275000,365000.0,75.0,>60%,Joint,Home_Purchase,Investment,Denied,58.4,3
39385,3,55.0,155000,375000.0,78.353,Unknown,Black or African American,CashOut_Refinance,Principal_Residence,Withdrawn,14.14,6
84301,0,95.0,425000,525000.0,78.353,Unknown,Race Not Available,Home_Purchase,Principal_Residence,Purchased,15.26,1
33257,0,78.0,335000,475000.0,70.0,43%-<50%,White,Home_Purchase,Principal_Residence,Originated,18.3,1
97417,0,60.0,195000,205000.0,97.0,30%-<36%,White,Home_Purchase,Principal_Residence,Originated,22.95,1
80307,3,42.0,125000,195000.0,65.0,43%-<50%,Race Not Available,CashOut_Refinance,Principal_Residence,Approved_NotAccepted,21.99,6
64409,0,95.0,275000,465000.0,59.783,20%-<30%,Race Not Available,Home_Purchase,Principal_Residence,Originated,67.21,5
81285,6,180.0,1315000,1555000.0,85.0,>60%,Race Not Available,Home_Purchase,Principal_Residence,Denied,15.14,0
6866,3,34.0,125000,305000.0,41.31,36%-<43%,White,CashOut_Refinance,Principal_Residence,Originated,15.07,6
91880,0,95.0,335000,345000.0,78.353,Unknown,Race Not Available,Home_Purchase,Principal_Residence,Purchased,34.81,1
31672,6,115.0,205000,545000.0,89.07,>60%,Asian,Other,Principal_Residence,Denied,53.19,0
63191,1,537.0,1325000,1755000.0,75.643,36%-<43%,Race Not Available,Home_Purchase,Principal_Residence,Originated,9.53,1
8695,3,253.0,785000,1125000.0,70.0,36%-<43%,White,CashOut_Refinance,Principal_Residence,Originated,13.19,6
36230,1,495.0,545000,1755000.0,75.0,20%-<30%,White,Other,Principal_Residence,Originated,48.76,4
92009,1,338.0,485000,615000.0,80.0,36%-<43%,Race Not Available,Home_Purchase,Second_Residence,Originated,13.51,1
67134,3,205.0,405000,1315000.0,30.476,43%-<50%,White,Other,Principal_Residence,Approved_NotAccepted,9.27,1
83737,6,78.0,315000,305000.0,100.0,50%-60%,Race Not Available,Home_Purchase,Principal_Residence,Denied,60.49,0
54336,4,33.0,55000,45000.0,78.353,36%-<43%,White,Home_Purchase,Principal_Residence,Denied,87.4,2
75635,0,95.0,545000,525000.0,78.353,Unknown,Race Not Available,Home_Purchase,Principal_Residence,Purchased,29.54,1
15123,3,48.0,95000,125000.0,80.0,30%-<36%,White,CashOut_Refinance,Principal_Residence,Denied,7.87,6
99306,6,100.0,515000,645000.0,79.422,50%-60%,White,CashOut_Refinance,Principal_Residence,Originated,18.4,0
2056,3,54.0,285000,375000.0,78.353,Unknown,White,CashOut_Refinance,Principal_Residence,Withdrawn,59.44,6
55378,0,61.0,215000,275000.0,80.0,36%-<43%,White,Home_Purchase,Principal_Residence,Preapproval_Approved_NotAccepted,0.0,1
49303,0,95.0,265000,275000.0,78.353,Unknown,Race Not Available,Home_Purchase,Principal_Residence,Purchased,71.59,5
521,4,69.0,325000,335000.0,96.5,50%-60%,White,Home_Purchase,Principal_Residence,Originated,47.89,2
82578,6,193.0,575000,725000.0,79.224,50%-60%,Black or African American,Home_Purchase,Principal_Residence,Originated,51.05,0
46620,2,95.0,135000,175000.0,75.429,Unknown,Race Not Available,Home_Purchase,Investment,Originated,38.9,3
88221,4,44.0,75000,375000.0,78.353,Unknown,White,Home_Purchase,Principal_Residence,Incomplete,37.08,2
88810,3,26.0,175000,375000.0,78.353,Unknown,White,Refinance,Principal_Residence,Withdrawn,28.0,6
78826,0,84.0,295000,765000.0,37.88,43%-<50%,White,Home_Purchase,Principal_Residence,Originated,16.95,1
42894,3,98.0,185000,225000.0,80.0,36%-<43%,Black or African American,CashOut_Refinance,Principal_Residence,Originated,24.37,6
37698,0,63.0,175000,175000.0,96.5,30%-<36%,White,Home_Purchase,Principal_Residence,Originated,35.44,1
22782,0,107.0,295000,505000.0,58.0,36%-<43%,White,Home_Purchase,Principal_Residence,Originated,15.94,1
85949,0,88.0,145000,255000.0,57.972,<20%,White,Home_Purchase,Principal_Residence,Originated,55.62,5
11124,6,72.0,415000,405000.0,78.353,>60%,Race Not Available,Home_Purchase,Principal_Residence,Originated,39.46,0
19001,3,102.0,385000,505000.0,75.0,30%-<36%,Black or African American,CashOut_Refinance,Principal_Residence,Denied,94.61,6
36866,3,95.0,95000,125000.0,71.92,Unknown,Race Not Available,Refinance,Principal_Residence,Originated,66.88,6
52512,1,500.0,345000,345000.0,100.0,<20%,Race Not Available,Home_Purchase,Principal_Residence,Originated,26.24,1
25792,3,30.0,15000,375000.0,78.353,Unknown,White,Refinance,Principal_Residence,Withdrawn,25.52,6
64335,0,51.0,225000,225000.0,96.454,43%-<50%,Black or African American,Home_Purchase,Principal_Residence,Originated,62.08,5
20422,3,206.0,305000,805000.0,51.0,20%-<30%,White,CashOut_Refinance,Principal_Residence,Originated,25.69,6
58663,1,459.0,265000,805000.0,79.998,20%-<30%,White,Home_Improvement,Principal_Residence,Originated,33.29,4
85890,0,36.0,185000,235000.0,80.0,43%-<50%,White,Home_Purchase,Principal_Residence,Originated,25.9,1
27164,3,96.0,385000,485000.0,79.381,36%-<43%,White,Refinance,Principal_Residence,Originated,37.06,6
47267,5,113.0,105000,565000.0,62.432,36%-<43%,White,CashOut_Refinance,Principal_Residence,Originated,73.5,4
57644,0,87.0,195000,245000.0,80.0,30%-<36%,White,Home_Purchase,Principal_Residence,Originated,72.96,5
12399,0,77.0,235000,295000.0,81.85,43%-<50%,Race Not Available,Home_Purchase,Principal_Residence,Originated,4.98,1
36776,0,48.0,145000,205000.0,70.0,36%-<43%,White,Home_Purchase,Principal_Residence,Originated,15.3,1
14568,2,175.0,205000,375000.0,78.353,Unknown,Asian,Home_Purchase,Investment,Withdrawn,69.03,3
73972,6,102.0,365000,355000.0,100.0,>60%,White,Home_Purchase,Principal_Residence,Originated,23.55,0
42587,0,268.0,945000,1145000.0,82.895,43%-<50%,White,Home_Purchase,Second_Residence,Originated,5.47,1
73970,0,122.0,145000,235000.0,58.703,20%-<30%,White,Home_Purchase,Principal_Residence,Originated,6.88,1
32242,3,66.0,25000,135000.0,19.23,36%-<43%,American Indian or Alaska Native,Home_Improvement,Principal_Residence,Denied,16.52,1
55861,2,63.0,115000,375000.0,78.353,Exempt,White,Refinance,Investment,Originated,50.61,3
57332,5,130.0,75000,505000.0,79.803,36%-<43%,Race Not Available,Other,Principal_Residence,Approved_NotAccepted,20.44,4
63736,0,117.0,355000,365000.0,101.158,43%-<50%,Race Not Available,Home_Purchase,Principal_Residence,Originated,17.78,1
45451,0,151.0,345000,425000.0,80.0,30%-<36%,White,Home_Purchase,Principal_Residence,Originated,5.35,1
60475,1,330.0,565000,375000.0,78.353,Unknown,Black or African American,CashOut_Refinance,Principal_Residence,Incomplete,67.77,6
57174,6,120.0,105000,505000.0,64.16,50%-60%,Race Not Available,Home_Improvement,Principal_Residence,Denied,97.14,0
42686,0,32.0,105000,375000.0,78.353,Unknown,White,Home_Purchase,Principal_Residence,Withdrawn,20.4,1
25689,6,77.0,105000,435000.0,64.299,50%-60%,White,Home_Improvement,Principal_Residence,Originated,22.59,0
31530,0,300.0,915000,1145000.0,78.353,Unknown,Race Not Available,Home_Purchase,Principal_Residence,Purchased,47.56,5
27526,0,32.0,25000,375000.0,78.353,Unknown,White,Other,Principal_Residence,Withdrawn,24.64,1
95122,3,95.0,195000,315000.0,78.353,Unknown,Black or African American,CashOut_Refinance,Principal_Residence,Purchased,68.39,6
74725,0,104.0,395000,495000.0,90.0,43%-<50%,White,Home_Purchase,Principal_Residence,Originated,4.96,1
31508,0,137.0,565000,695000.0,81.0,43%-<50%,White,Home_Purchase,Principal_Residence,Originated,43.29,5
58506,5,70.0,15000,375000.0,67.745,30%-<36%,White,Home_Improvement,Principal_Residence,Originated,12.27,4
53257,1,400.0,905000,1205000.0,75.0,36%-<43%,Race Not Available,Home_Purchase,Second_Residence,Originated,34.16,1
17706,1,1022.0,655000,875000.0,75.0,<20%,White,Home_Purchase,Principal_Residence,Originated,31.62,4
27849,5,191.0,55000,375000.0,78.353,Exempt,White,CashOut_Refinance,Principal_Residence,Originated,66.88,4
49579,0,244.0,575000,645000.0,90.0,36%-<43%,White,Home_Purchase,Principal_Residence,Originated,70.57,5
86633,2,0.0,295000,415000.0,70.0,Unknown,Asian,CashOut_Refinance,Investment,Originated,55.01,3
33129,1,1365.0,305000,785000.0,38.46,<20%,American Indian or Alaska Native,CashOut_Refinance,Principal_Residence,Denied,47.01,6
37345,3,23.0,115000,245000.0,48.37,36%-<43%,White,Refinance,Principal_Residence,Originated,53.37,6
93719,0,63.0,225000,275000.0,79.919,36%-<43%,Black or African American,Home_Purchase,Principal_Residence,Originated,51.63,5
44733,1,1673.0,545000,375000.0,78.353,Unknown,Race Not Available,Home_Improvement,Principal_Residence,Incomplete,27.8,4
37832,3,118.0,435000,985000.0,44.3,43%-<50%,Race Not Available,CashOut_Refinance,Principal_Residence,Originated,93.76,6
2093,0,95.0,355000,485000.0,78.353,Unknown,Race Not Available,Home_Purchase,Principal_Residence,Purchased,13.23,1
75595,5,84.0,155000,415000.0,64.113,30%-<36%,White,Other,Principal_Residence,Originated,23.81,4
8441,2,95.0,27845000,34075000.0,75.0,Unknown,Race Not Available,Home_Improvement,Investment,Originated,10.95,3
63605,3,55.0,155000,335000.0,46.97,36%-<43%,Black or African American,CashOut_Refinance,Principal_Residence,Originated,50.01,6
97416,0,164.0,555000,935000.0,60.0,36%-<43%,Asian,Home_Purchase,Principal_Residence,Originated,85.39,5
57860,0,182.0,225000,235000.0,95.0,30%-<36%,White,Home_Purchase,Principal_Residence,Approved_NotAccepted,57.55,5
79085,0,63.0,295000,745000.0,38.719,43%-<50%,White,Home_Purchase,Principal_Residence,Originated,35.78,1
6623,0,97.0,165000,315000.0,54.082,<20%,White,Home_Purchase,Principal_Residence,Originated,43.06,1
9684,4,48.0,175000,375000.0,78.353,Unknown,White,Home_Purchase,Principal_Residence,Incomplete,0.0,2
43023,3,64.0,95000,175000.0,54.068,36%-<43%,White,Refinance,Principal_Residence,Originated,7.03,6
17708,0,137.0,415000,525000.0,80.0,43%-<50%,White,Home_Purchase,Principal_Residence,Originated,25.07,1
7599,3,1.0,285000,375000.0,78.353,Unknown,White,CashOut_Refinance,Principal_Residence,Incomplete,7.57,6
30411,3,186.0,365000,525000.0,69.904,20%-<30%,White,Refinance,Principal_Residence,Originated,20.02,6
90414,0,95.0,125000,135000.0,78.353,Unknown,Race Not Available,Home_Purchase,Principal_Residence,Purchased,70.74,5
41358,3,55.0,355000,375000.0,78.353,Unknown,White,CashOut_Refinance,Principal_Residence,Incomplete,16.92,6
16254,3,55.0,205000,375000.0,78.353,36%-<43%,White,CashOut_Refinance,Principal_Residence,Originated,48.42,6
71167,3,0.0,195000,285000.0,69.83,<20%,White,Refinance,Principal_Residence,Originated,65.6,6
27612,3,29.0,65000,255000.0,24.92,43%-<50%,Race Not Available,Refinance,Principal_Residence,Originated,90.01,6
35252,0,95.0,95000,125000.0,78.353,Unknown,Race Not Available,NotApplicable,Principal_Residence,Purchased,14.45,1
5744,5,95.0,55000,355000.0,52.0,20%-<30%,White,Home_Improvement,Principal_Residence,Originated,9.95,4
29220,0,80.0,105000,125000.0,90.0,43%-<50%,White,Home_Purchase,Second_Residence,Originated,64.55,5
92458,5,125.0,35000,455000.0,63.714,30%-<36%,Race Not Available,Other,Principal_Residence,Originated,19.17,4
47098,3,113.0,315000,395000.0,80.0,36%-<43%,White,CashOut_Refinance,Principal_Residence,Originated,93.71,6
8666,0,54.0,185000,185000.0,96.5,36%-<43%,White,Home_Purchase,Principal_Residence,Originated,55.15,5
57351,0,204.0,635000,375000.0,78.353,Unknown,White,Home_Purchase,Principal_Residence,Withdrawn,24.88,1
76815,3,65.0,235000,375000.0,78.353,Unknown,White,CashOut_Refinance,Principal_Residence,Incomplete,7.48,6
90751,0,152.0,195000,205000.0,95.0,43%-<50%,White,Home_Purchase,Principal_Residence,Originated,8.97,1
89404,3,146.0,495000,755000.0,65.74,43%-<50%,White,Refinance,Principal_Residence,Originated,22.77,6
1538,3,95.0,335000,375000.0,78.353,Unknown,Race Not Available,CashOut_Refinance,Principal_Residence,Withdrawn,31.91,6
32622,0,68.0,415000,695000.0,61.0,43%-<50%,Asian,Home_Purchase,Principal_Residence,Originated,43.61,5
51225,3,97.0,105000,455000.0,22.222,36%-<43%,White,Home_Improvement,Principal_Residence,Originated,36.45,1
30024,5,138.0,115000,365000.0,78.353,Unknown,White,Other,Principal_Residence,Denied,50.24,4
30812,0,205.0,545000,575000.0,95.0,43%-<50%,Black or African American,Home_Purchase,Principal_Residence,Originated,29.98,1
89528,3,82.0,155000,205000.0,75.0,30%-<36%,White,CashOut_Refinance,Principal_Residence,Originated,15.93,6
72498,3,115.0,375000,465000.0,80.0,43%-<50%,Black or African American,CashOut_Refinance,Principal_Residence,Originated,34.23,6
81387,2,95.0,125000,185000.0,64.71,Unknown,Race Not Available,Refinance,Investment,Originated,76.7,3
42484,6,82.0,245000,245000.0,100.0,50%-60%,Race Not Available,Home_Purchase,Principal_Residence,Originated,27.39,0
3271,0,102.0,335000,375000.0,78.353,Unknown,White,Home_Purchase,Principal_Residence,Withdrawn,63.06,5
4367,3,93.0,205000,255000.0,80.0,30%-<36%,White,CashOut_Refinance,Principal_Residence,Denied,25.17,6
5401,0,129.0,305000,375000.0,78.353,Unknown,Asian,Home_Purchase,Principal_Residence,Withdrawn,56.99,5
37643,3,22.0,15000,45000.0,25.581,<20%,White,Refinance,Principal_Residence,Denied,6.34,6
64958,0,229.0,855000,1025000.0,84.0,20%-<30%,Race Not Available,Home_Purchase,Principal_Residence,Originated,33.92,1
89977,2,330.0,285000,375000.0,78.353,Unknown,Race Not Available,Other,Investment,Incomplete,57.64,3
43840,5,150.0,85000,495000.0,79.543,20%-<30%,Asian,Home_Improvement,Principal_Residence,Originated,24.85,4
13760,4,40.0,65000,75000.0,80.0,20%-<30%,White,Home_Purchase,Principal_Residence,Originated,7.09,2
46716,0,96.0,535000,715000.0,75.0,43%-<50%,White,Home_Purchase,Principal_Residence,Originated,12.78,1
76507,3,46.0,5000,45000.0,6.7,36%-<43%,White,Home_Improvement,Principal_Residence,Denied,35.14,1
62227,0,95.0,435000,485000.0,78.353,Unknown,Race Not Available,Home_Purchase,Principal_Residence,Purchased,40.9,1
72976,2,91.0,385000,375000.0,78.353,Unknown,White,CashOut_Refinance,Investment,Withdrawn,70.32,3
12897,0,114.0,375000,465000.0,80.0,36%-<43%,Asian,Home_Purchase,Principal_Residence,Originated,42.12,1
78812,4,61.0,155000,375000.0,78.353,Unknown,White,Home_Purchase,Principal_Residence,Incomplete,0.0,2
74783,3,95.0,235000,235000.0,78.353,Unknown,Race Not Available,CashOut_Refinance,Principal_Residence,Purchased,15.54,6
12256,5,99.0,45000,275000.0,78.31,36%-<43%,White,Home_Improvement,Principal_Residence,Originated,53.95,4
79986,5,119.0,65000,305000.0,62.842,43%-<50%,White,Other,Principal_Residence,Denied,23.71,4
70548,0,119.0,515000,525000.0,96.5,43%-<50%,White,Home_Purchase,Principal_Residence,Originated,17.63,1
11700,5,0.0,85000,375000.0,78.353,Unknown,Race Not Available,Other,Principal_Residence,Withdrawn,58.3,4
44099,3,133.0,265000,755000.0,34.96,30%-<36%,White,CashOut_Refinance,Principal_Residence,Originated,20.57,6
542,6,6.0,135000,145000.0,95.0,>60%,Black or African American,Home_Purchase,Principal_Residence,Denied,22.65,0
10523,3,147.0,175000,375000.0,78.353,Unknown,Race Not Available,CashOut_Refinance,Principal_Residence,Withdrawn,9.17,6
7659,6,178.0,205000,695000.0,86.011,>60%,Native Hawaiian or Other Pacific Islander,Home_Purchase,Principal_Residence,Denied,25.19,0
82621,6,36.0,105000,275000.0,36.77,>60%,White,Refinance,Principal_Residence,Originated,10.64,0
3708,3,71.0,205000,305000.0,66.667,30%-<36%,White,Refinance,Principal_Residence,Originated,21.27,6
82957,5,128.0,15000,755000.0,50.29,20%-<30%,Race Not Available,Home_Improvement,Principal_Residence,Originated,21.23,4
91907,6,84.0,415000,425000.0,96.5,50%-60%,White,Home_Purchase,Principal_Residence,Originated,82.39,0
11423,0,79.0,385000,465000.0,81.72,43%-<50%,White,Home_Purchase,Principal_Residence,Originated,83.94,5
21450,3,95.0,225000,415000.0,78.353,Unknown,Race Not Available,Refinance,Principal_Residence,Purchased,9.47,6
69947,0,59.0,245000,255000.0,97.0,36%-<43%,White,Home_Purchase,Principal_Residence,Originated,8.41,1
49562,5,264.0,355000,1385000.0,57.12,36%-<43%,White,CashOut_Refinance,Principal_Residence,Originated,57.75,4
84439,6,18.0,105000,345000.0,30.0,>60%,White,Other,Principal_Residence,Denied,42.28,0
17373,2,87.0,55000,255000.0,70.0,36%-<43%,White,Other,Investment,Denied,28.48,3
50206,0,281.0,465000,575000.0,81.304,20%-<30%,Race Not Available,Home_Purchase,Principal_Residence,Originated,62.25,5
66148,3,131.0,165000,375000.0,78.353,Unknown,White,Refinance,Principal_Residence,Withdrawn,10.4,6
15246,3,228.0,235000,495000.0,48.699,36%-<43%,White,CashOut_Refinance,Principal_Residence,Originated,45.94,6
65745,3,53.0,125000,145000.0,89.0,30%-<36%,Race Not Available,CashOut_Refinance,Principal_Residence,Originated,9.44,6
81460,1,447.0,995000,2005000.0,49.75,30%-<36%,White,Home_Purchase,Principal_Residence,Originated,28.76,1
8823,6,158.0,655000,655000.0,98.94,>60%,Race Not Available,Home_Improvement,Principal_Residence,Denied,72.99,0
69622,2,58.0,105000,325000.0,30.4,36%-<43%,White,Other,Investment,Originated,46.29,3
71421,0,128.0,685000,765000.0,89.9,43%-<50%,Asian,Home_Purchase,Principal_Residence,Originated,81.23,5
39941,0,99.0,185000,425000.0,43.97,30%-<36%,White,Home_Improvement,Principal_Residence,Originated,56.38,5
19492,6,120.0,25000,375000.0,78.353,50%-60%,Black or African American,Home_Improvement,Principal_Residence,Denied,55.34,0
91649,0,65.0,285000,375000.0,78.353,Unknown,White,Home_Purchase,Principal_Residence,Withdrawn,22.38,1
56405,2,179.0,285000,505000.0,56.0,43%-<50%,Race Not Available,CashOut_Refinance,Investment,Approved_NotAccepted,15.95,3
52897,4,52.0,255000,195000.0,78.353,50%-60%,White,Home_Purchase,Principal_Residence,Denied,7.74,2
81503,0,95.0,155000,155000.0,78.353,Unknown,Race Not Available,Home_Purchase,Principal_Residence,Purchased,15.8,1
62485,5,145.0,145000,485000.0,69.503,36%-<43%,White,Refinance,Principal_Residence,Denied,32.99,4
12685,4,52.0,135000,165000.0,77.5,36%-<43%,White,Home_Purchase,Principal_Residence,Originated,33.4,2
73130,0,86.0,405000,505000.0,80.0,43%-<50%,White,Home_Purchase,Principal_Residence,Preapproval_Approved_NotAccepted,0.0,1
94131,0,95.0,215000,235000.0,78.353,Unknown,Race Not Available,Home_Purchase,Principal_Residence,Purchased,12.65,1
3070,5,63.0,35000,375000.0,78.353,Unknown,White,Other,Principal_Residence,Withdrawn,10.9,4
16873,3,63.0,85000,95000.0,88.967,<20%,Race Not Available,Refinance,Principal_Residence,Denied,8.71,6
16214,3,182.0,645000,855000.0,77.0,30%-<36%,White,CashOut_Refinance,Principal_Residence,Originated,67.27,6
92334,6,140.0,515000,575000.0,87.83,50%-60%,White,Home_Purchase,Principal_Residence,Originated,29.64,0
12741,0,94.0,265000,395000.0,67.089,36%-<43%,White,Home_Purchase,Principal_Residence,Originated,18.23,1
28441,3,94.0,395000,805000.0,49.13,43%-<50%,White,Refinance,Principal_Residence,Originated,41.58,6
21487,0,65.0,295000,375000.0,78.353,Unknown,Race Not Available,Home_Purchase,Principal_Residence,Withdrawn,12.96,1
64107,5,231.0,65000,895000.0,68.603,36%-<43%,White,CashOut_Refinance,Principal_Residence,Originated,18.44,4
51962,2,472.0,345000,375000.0,78.353,Unknown,White,Home_Purchase,Investment,Withdrawn,61.99,3
12382,1,1054.0,465000,555000.0,85.0,<20%,White,Home_Purchase,Principal_Residence,Originated,81.48,5
57639,6,50.0,105000,445000.0,83.14,>60%,White,Home_Improvement,Principal_Residence,Denied,16.12,0
11951,0,188.0,805000,1105000.0,72.727,36%-<43%,White,Home_Purchase,Principal_Residence,Originated,20.07,1
94323,0,95.0,145000,145000.0,78.353,Unknown,Race Not Available,Home_Purchase,Principal_Residence,Purchased,9.96,1
84122,0,86.0,255000,325000.0,80.0,36%-<43%,White,Home_Purchase,Principal_Residence,Originated,82.37,5
66269,0,96.0,285000,325000.0,90.0,30%-<36%,Black or African American,Home_Purchase,Principal_Residence,Preapproval_Approved_NotAccepted,0.0,1
2532,2,65.0,105000,135000.0,78.353,Unknown,White,Home_Purchase,Investment,Purchased,67.64,3
11901,0,62.0,215000,225000.0,96.5,30%-<36%,White,Home_Purchase,Principal_Residence,Originated,70.12,5
2918,5,234.0,155000,375000.0,78.353,Exempt,Black or African American,Other,Principal_Residence,Originated,45.41,4
8633,0,110.0,305000,315000.0,97.0,20%-<30%,White,Home_Purchase,Principal_Residence,Originated,14.1,1
86596,0,95.0,585000,725000.0,78.353,Unknown,Race Not Available,Home_Purchase,Principal_Residence,Purchased,42.94,1
68166,2,375.0,505000,375000.0,78.353,Unknown,White,Other,Investment,Incomplete,54.97,3
92791,0,93.0,145000,195000.0,75.0,43%-<50%,White,Home_Purchase,Principal_Residence,Originated,15.0,1
25169,5,35.0,55000,375000.0,78.353,Unknown,White,Home_Improvement,Principal_Residence,Incomplete,33.34,4
43968,0,34.0,155000,255000.0,60.0,43%-<50%,White,Home_Purchase,Principal_Residence,Originated,14.65,1
23975,5,65.0,145000,375000.0,78.353,Unknown,White,Other,Principal_Residence,Withdrawn,50.11,4
85320,0,45.0,135000,225000.0,59.211,36%-<43%,White,Other,Principal_Residence,Originated,43.95,1
19019,6,148.0,105000,605000.0,86.162,>60%,Black or African American,Home_Improvement,Principal_Residence,Originated,41.16,0
27006,6,52.0,335000,355000.0,94.821,50%-60%,Race Not Available,CashOut_Refinance,Principal_Residence,Denied,22.2,0
30645,0,95.0,815000,1085000.0,78.353,Unknown,Race Not Available,Home_Purchase,Principal_Residence,Purchased,14.04,1
12363,1,409.0,905000,1205000.0,75.0,20%-<30%,Race Not Available,Home_Purchase,Principal_Residence,Originated,20.51,1
55283,6,96.0,505000,635000.0,80.0,>60%,Race Not Available,Home_Purchase,Principal_Residence,Denied,45.3,0
41123,3,95.0,255000,265000.0,78.353,Unknown,Race Not Available,Refinance,Principal_Residence,Originated,39.54,6
1058,3,125.0,535000,825000.0,65.698,20%-<30%,White,CashOut_Refinance,Principal_Residence,Originated,16.32,6
36466,0,138.0,415000,525000.0,77.143,36%-<43%,White,Home_Purchase,Principal_Residence,Originated,34.99,1
7764,3,120.0,645000,375000.0,78.353,Unknown,White,Refinance,Principal_Residence,Incomplete,48.15,6
38691,3,95.0,95000,155000.0,78.353,Unknown,Race Not Available,CashOut_Refinance,Principal_Residence,Purchased,33.41,6
5801,0,185.0,845000,375000.0,78.353,Unknown,Asian,Home_Purchase,Principal_Residence,Originated,64.85,5
648,5,150.0,35000,285000.0,74.0,43%-<50%,White,Other,Principal_Residence,Originated,6.66,4
90516,6,0.0,165000,195000.0,78.353,>60%,White,Refinance,Principal_Residence,Denied,14.32,0
57122,0,45.0,85000,125000.0,65.36,<20%,American Indian or Alaska Native,Home_Purchase,Principal_Residence,Originated,57.65,5
27885,0,95.0,185000,235000.0,78.353,Unknown,Race Not Available,Home_Purchase,Principal_Residence,Purchased,38.75,1
91393,3,78.0,175000,275000.0,64.568,20%-<30%,White,CashOut_Refinance,Principal_Residence,Originated,38.36,6
78134,0,109.0,495000,495000.0,100.0,36%-<43%,Race Not Available,Home_Purchase,Principal_Residence,Originated,17.25,1
28209,0,141.0,265000,265000.0,96.47,36%-<43%,White,Home_Purchase,Principal_Residence,Denied,8.44,1
13651,4,95.0,65000,375000.0,78.353,Unknown,White,Home_Purchase,Principal_Residence,Denied,50.99,2
18933,3,50.0,235000,295000.0,79.866,43%-<50%,White,CashOut_Refinance,Principal_Residence,Originated,88.71,6
33706,3,194.0,105000,345000.0,29.412,<20%,White,Home_Purchase,Principal_Residence,Originated,12.57,1
22213,3,51.0,295000,445000.0,67.303,43%-<50%,White,CashOut_Refinance,Principal_Residence,Originated,17.35,6
97756,0,51.0,105000,105000.0,95.0,36%-<43%,Black or African American,Home_Purchase,Principal_Residence,Originated,77.54,5
21404,0,82.0,305000,375000.0,80.0,43%-<50%,Race Not Available,Home_Purchase,Principal_Residence,Originated,20.2,1
18838,5,225.0,125000,375000.0,78.353,Unknown,White,Home_Purchase,Principal_Residence,Withdrawn,24.07,4
99410,3,86.0,105000,585000.0,17.241,20%-<30%,White,Home_Purchase,Principal_Residence,Originated,44.98,5
70262,5,162.0,55000,325000.0,73.52,<20%,White,Other,Principal_Residence,Originated,43.29,4
5564,5,112.0,25000,315000.0,54.415,36%-<43%,White,Other,Principal_Residence,Approved_NotAccepted,28.51,4
46074,6,49.0,25000,175000.0,78.812,50%-60%,White,Other,Principal_Residence,Denied,13.73,0
59084,1,621.0,895000,5005000.0,17.82,36%-<43%,White,Refinance,Second_Residence,Originated,10.94,6
37885,3,104.0,165000,375000.0,78.353,Unknown,White,Refinance,Principal_Residence,Incomplete,51.5,6
97320,6,82.0,505000,625000.0,80.0,>60%,White,Other,Principal_Residence,Originated,22.17,0
95813,3,231.0,255000,2125000.0,12.0,Unknown,Race Not Available,Home_Improvement,Principal_Residence,Originated,44.55,5
415,6,56.0,175000,185000.0,96.5,50%-60%,Black or African American,Home_Purchase,Principal_Residence,Originated,58.42,0
14797,2,71.0,75000,205000.0,35.0,>60%,Black or African American,Refinance,Investment,Denied,96.32,3
68146,5,132.0,105000,375000.0,78.353,Unknown,White,CashOut_Refinance,Principal_Residence,Withdrawn,65.99,4
68189,3,68.0,395000,375000.0,78.353,Unknown,Asian,CashOut_Refinance,Principal_Residence,Withdrawn,94.41,6
77846,1,459.0,825000,1325000.0,62.264,30%-<36%,White,Home_Purchase,Second_Residence,Originated,10.71,1
72280,6,102.0,305000,505000.0,60.0,50%-60%,Race Not Available,Home_Purchase,Principal_Residence,Originated,16.35,0
68179,3,111.0,225000,365000.0,61.8,43%-<50%,White,CashOut_Refinance,Principal_Residence,Originated,20.07,6
64238,4,73.0,155000,165000.0,78.353,43%-<50%,White,Home_Purchase,Principal_Residence,Denied,21.77,2
3770,3,67.0,185000,305000.0,60.2,36%-<43%,White,Refinance,Principal_Residence,Originated,17.12,6
11396,3,173.0,165000,375000.0,78.353,Unknown,White,CashOut_Refinance,Principal_Residence,Incomplete,24.04,6
26618,0,55.0,155000,165000.0,95.0,20%-<30%,White,Home_Purchase,Principal_Residence,Originated,7.2,1
85255,5,90.0,155000,315000.0,79.665,30%-<36%,Race Not Available,Home_Improvement,Principal_Residence,Originated,93.47,4
26714,1,514.0,415000,605000.0,68.333,<20%,White,Other,Principal_Residence,Originated,40.95,5
90470,2,95.0,275000,375000.0,78.353,Unknown,Race Not Available,Home_Purchase,Investment,Withdrawn,18.36,3
96284,3,89.0,315000,445000.0,71.236,43%-<50%,White,Refinance,Principal_Residence,Originated,14.69,6
27940,5,232.0,105000,735000.0,21.71,<20%,White,Home_Purchase,Principal_Residence,Originated,35.86,4
19083,4,97.0,145000,375000.0,78.353,Unknown,White,Home_Purchase,Principal_Residence,Incomplete,16.4,2
45475,6,62.0,55000,215000.0,25.0,50%-60%,White,Refinance,Principal_Residence,Denied,82.57,0
79350,0,50.0,75000,85000.0,95.0,43%-<50%,White,Home_Purchase,Principal_Residence,Originated,4.08,1
70783,3,51.0,75000,265000.0,28.5,20%-<30%,Race Not Available,Home_Improvement,Principal_Residence,Originated,31.33,1
22571,3,78.0,125000,185000.0,67.71,20%-<30%,White,CashOut_Refinance,Principal_Residence,Originated,10.6,6
189,0,50.0,135000,135000.0,103.826,30%-<36%,Black or African American,Home_Purchase,Principal_Residence,Originated,99.05,5
42786,0,28.0,85000,115000.0,78.0,43%-<50%,White,Home_Purchase,Principal_Residence,Originated,6.92,1
24895,0,75.0,395000,375000.0,78.353,Unknown,White,Home_Purchase,Principal_Residence,Withdrawn,76.07,5
83823,5,124.0,65000,205000.0,89.785,30%-<36%,Race Not Available,CashOut_Refinance,Principal_Residence,Originated,36.67,4
47032,0,49.0,65000,75000.0,103.961,36%-<43%,White,Home_Purchase,Principal_Residence,Originated,14.96,1
52556,3,111.0,55000,145000.0,38.97,<20%,White,CashOut_Refinance,Principal_Residence,Originated,40.69,6
84764,3,41.0,25000,265000.0,11.11,43%-<50%,White,Refinance,Principal_Residence,Originated,7.75,6
19549,0,50.0,205000,205000.0,100.0,Unknown,Black or African American,Home_Purchase,Principal_Residence,Preapproval_Denied,0.0,1
5308,0,18.0,65000,65000.0,95.0,43%-<50%,White,Home_Purchase,Principal_Residence,Originated,72.98,5
60336,6,22.0,105000,535000.0,48.831,>60%,White,Other,Principal_Residence,Denied,33.51,0
50601,6,77.0,245000,355000.0,70.0,50%-60%,Asian,Home_Purchase,Principal_Residence,Approved_NotAccepted,49.25,0
22711,6,12.0,55000,365000.0,13.62,>60%,White,Home_Improvement,Principal_Residence,Denied,9.44,0
56432,3,23.0,125000,375000.0,78.353,Exempt,White,Refinance,Principal_Residence,Withdrawn,7.77,6
85436,3,52.0,305000,475000.0,64.255,43%-<50%,Race Not Available,CashOut_Refinance,Principal_Residence,Originated,22.52,6
59256,2,203.0,265000,615000.0,43.089,36%-<43%,White,Home_Purchase,Investment,Originated,53.33,3
88982,6,56.0,275000,275000.0,96.5,50%-60%,Black or African American,Home_Purchase,Principal_Residence,Originated,83.17,0
8770,0,282.0,705000,1355000.0,51.852,20%-<30%,White,Home_Purchase,Principal_Residence,Originated,40.07,1
83283,0,95.0,165000,175000.0,78.353,Unknown,Race Not Available,Home_Purchase,Principal_Residence,Purchased,59.72,5
17484,0,260.0,525000,375000.0,78.353,Unknown,White,Home_Purchase,Second_Residence,Withdrawn,12.44,1
34919,4,53.0,125000,135000.0,95.0,43%-<50%,White,Home_Purchase,Principal_Residence,Denied,5.44,2
9415,3,131.0,235000,285000.0,80.0,<20%,Race Not Available,CashOut_Refinance,Principal_Residence,Denied,12.35,6
97427,1,925.0,2445000,3055000.0,80.0,36%-<43%,Joint,Home_Purchase,Second_Residence,Originated,70.04,4
84326,0,97.0,65000,375000.0,78.353,Exempt,White,Home_Purchase,Principal_Residence,Originated,7.89,1
87860,1,450.0,1085000,1355000.0,80.0,30%-<36%,White,Home_Purchase,Principal_Residence,Originated,15.59,1
19017,0,98.0,205000,205000.0,99.517,30%-<36%,White,Home_Purchase,Principal_Residence,Originated,24.16,1
52205,3,95.0,545000,615000.0,88.89,Unknown,White,Refinance,Principal_Residence,Originated,15.41,6
51770,0,151.0,475000,495000.0,95.0,20%-<30%,White,Home_Purchase,Principal_Residence,Originated,17.22,1
27223,0,109.0,215000,225000.0,95.0,30%-<36%,White,Home_Purchase,Principal_Residence,Approved_NotAccepted,38.22,1
28477,1,450.0,1355000,375000.0,78.353,Unknown,White,Home_Purchase,Principal_Residence,Withdrawn,20.66,1
95195,0,95.0,575000,575000.0,78.353,Unknown,Race Not Available,Home_Purchase,Principal_Residence,Purchased,54.82,5
61401,0,155.0,285000,325000.0,78.353,Unknown,Race Not Available,Home_Purchase,Principal_Residence,Purchased,47.71,5
34026,2,332.0,175000,255000.0,70.0,20%-<30%,White,CashOut_Refinance,Investment,Originated,61.26,3
99511,5,271.0,65000,745000.0,73.29,20%-<30%,Race Not Available,Home_Improvement,Principal_Residence,Originated,22.48,4
69717,6,27.0,135000,285000.0,48.07,50%-60%,Race Not Available,CashOut_Refinance,Principal_Residence,Denied,99.03,0
68015,0,119.0,525000,375000.0,78.353,Unknown,White,Home_Purchase,Principal_Residence,Withdrawn,33.01,1
67366,2,95.0,505000,675000.0,78.353,Unknown,Race Not Available,Home_Purchase,Investment,Purchased,79.61,3
12784,3,81.0,435000,375000.0,78.353,Unknown,Race Not Available,CashOut_Refinance,Principal_Residence,Withdrawn,6.94,6
66743,3,95.0,115000,375000.0,78.353,Unknown,Race Not Available,CashOut_Refinance,Principal_Residence,Denied,35.89,6
37381,6,49.0,135000,145000.0,90.0,50%-60%,Race Not Available,Home_Purchase,Principal_Residence,Denied,98.37,0
99251,0,125.0,305000,325000.0,95.0,36%-<43%,Race Not Available,Home_Purchase,Principal_Residence,Originated,68.15,5
6961,3,80.0,225000,465000.0,48.0,43%-<50%,Black or African American,Refinance,Principal_Residence,Originated,66.33,6
76871,3,141.0,285000,495000.0,58.163,20%-<30%,Race Not Available,CashOut_Refinance,Principal_Residence,Originated,24.47,6
58343,5,121.0,45000,405000.0,62.128,<20%,White,Home_Improvement,Principal_Residence,Originated,44.33,4
78902,3,23.0,65000,255000.0,24.0,36%-<43%,White,Refinance,Principal_Residence,Denied,28.46,6
20086,0,0.0,205000,205000.0,100.0,Unknown,Race Not Available,Home_Purchase,Principal_Residence,Denied,3.32,1
26161,3,77.0,275000,375000.0,78.353,Unknown,White,CashOut_Refinance,Principal_Residence,Incomplete,34.64,6
31129,0,227.0,395000,415000.0,95.0,43%-<50%,White,Home_Purchase,Principal_Residence,Originated,27.89,1
42633,0,188.0,495000,555000.0,90.0,36%-<43%,White,Home_Purchase,Principal_Residence,Originated,26.75,1
53369,3,173.0,565000,705000.0,80.0,20%-<30%,White,CashOut_Refinance,Principal_Residence,Originated,13.98,6
7177,3,112.0,135000,185000.0,72.93,20%-<30%,White,CashOut_Refinance,Principal_Residence,Originated,5.41,6
64367,0,131.0,255000,315000.0,80.0,20%-<30%,Asian,Home_Purchase,Principal_Residence,Originated,23.34,1
42829,0,65.0,205000,205000.0,100.03,30%-<36%,White,Home_Purchase,Principal_Residence,Originated,99.58,5
65544,0,217.0,605000,705000.0,85.82,30%-<36%,White,Home_Purchase,Principal_Residence,Originated,17.39,1
38470,6,85.0,325000,375000.0,78.353,50%-60%,Joint,CashOut_Refinance,Principal_Residence,Denied,31.14,0
25841,0,107.0,325000,425000.0,76.69,36%-<43%,Joint,Home_Purchase,Principal_Residence,Originated,71.78,5
13701,1,382.0,585000,1895000.0,75.787,43%-<50%,Asian,Refinance,Principal_Residence,Originated,21.47,4
63701,4,42.0,85000,375000.0,78.353,Unknown,Black or African American,Home_Purchase,Principal_Residence,Denied,0.0,2
70117,6,72.0,395000,465000.0,84.79,50%-60%,White,Refinance,Principal_Residence,Denied,11.98,0
52301,5,172.0,155000,455000.0,71.408,36%-<43%,White,Home_Improvement,Principal_Residence,Originated,47.5,4
28300,0,95.0,145000,145000.0,78.353,Unknown,Race Not Available,Home_Purchase,Principal_Residence,Purchased,40.39,1
99436,5,132.0,195000,505000.0,79.905,20%-<30%,Asian,Home_Improvement,Principal_Residence,Originated,19.04,4
8514,3,223.0,275000,675000.0,40.448,30%-<36%,White,Refinance,Principal_Residence,Denied,99.61,6
21781,6,66.0,355000,415000.0,85.366,>60%,White,CashOut_Refinance,Principal_Residence,Denied,23.3,0
78803,0,194.0,645000,745000.0,87.459,36%-<43%,White,Home_Purchase,Principal_Residence,Originated,25.51,1
16982,3,104.0,185000,475000.0,39.7,43%-<50%,White,Refinance,Principal_Residence,Originated,31.11,6
23288,3,115.0,275000,425000.0,65.0,36%-<43%,White,CashOut_Refinance,Principal_Residence,Originated,47.02,6
79898,0,150.0,575000,685000.0,85.0,43%-<50%,Black or African American,Home_Purchase,Principal_Residence,Originated,55.63,5
12607,3,50.0,215000,375000.0,59.18,43%-<50%,Joint,CashOut_Refinance,Principal_Residence,Originated,94.96,6
369,6,60.0,105000,805000.0,29.95,>60%,White,Refinance,Principal_Residence,Denied,81.71,0
31618,6,71.0,305000,565000.0,78.57,>60%,Race Not Available,Home_Improvement,Principal_Residence,Denied,73.79,0
20062,0,187.0,445000,475000.0,95.0,36%-<43%,White,Home_Purchase,Principal_Residence,Originated,17.73,1
30063,3,149.0,365000,375000.0,78.353,Unknown,Black or African American,CashOut_Refinance,Principal_Residence,Withdrawn,47.33,6
79721,3,83.0,225000,1065000.0,21.0,43%-<50%,Race Not Available,Refinance,Principal_Residence,Originated,47.47,6
55549,5,231.0,95000,765000.0,79.954,30%-<36%,Race Not Available,Home_Improvement,Principal_Residence,Originated,63.65,4
29314,5,120.0,85000,265000.0,78.02,43%-<50%,Race Not Available,Home_Improvement,Principal_Residence,Originated,13.84,4
40865,0,72.0,245000,245000.0,96.5,43%-<50%,White,Home_Purchase,Principal_Residence,Originated,11.46,1
58505,5,72.0,25000,145000.0,61.4,20%-<30%,White,Refinance,Principal_Residence,Originated,10.54,4
75762,5,100.0,45000,685000.0,72.86,43%-<50%,White,Home_Improvement,Principal_Residence,Originated,12.28,4
46721,1,1050.0,505000,1805000.0,78.694,20%-<30%,White,Other,Principal_Residence,Originated,35.79,4
50783,3,61.0,305000,435000.0,70.0,36%-<43%,White,CashOut_Refinance,Principal_Residence,Originated,52.08,6
2509,3,147.0,165000,375000.0,78.353,Unknown,White,Refinance,Principal_Residence,Incomplete,46.68,6
12641,0,55.0,235000,265000.0,90.0,43%-<50%,White,Home_Purchase,Principal_Residence,Originated,84.7,5
93997,5,90.0,35000,325000.0,52.8,43%-<50%,Race Not Available,Other,Principal_Residence,Denied,35.45,4
10539,0,56.0,275000,285000.0,99.0,43%-<50%,White,Home_Purchase,Principal_Residence,Originated,22.12,1
72423,0,119.0,165000,205000.0,80.0,36%-<43%,Black or African American,Home_Purchase,Principal_Residence,Originated,47.48,5
52749,6,47.0,115000,185000.0,59.459,50%-60%,White,Refinance,Principal_Residence,Denied,9.86,0
26410,1,343.0,995000,1175000.0,85.0,<20%,White,Home_Purchase,Principal_Residence,Originated,32.15,1
33904,0,54.0,285000,375000.0,78.353,Unknown,Race Not Available,Home_Purchase,Principal_Residence,Withdrawn,97.85,5
40615,0,258.0,535000,665000.0,80.0,36%-<43%,Race Not Available,Home_Purchase,Principal_Residence,Originated,39.27,1
82389,3,39.0,85000,375000.0,78.353,Unknown,White,CashOut_Refinance,Principal_Residence,Withdrawn,12.28,6
97151,3,42.0,195000,315000.0,61.429,30%-<36%,White,CashOut_Refinance,Principal_Residence,Originated,75.43,6
65776,2,59.0,105000,315000.0,31.746,>60%,White,Refinance,Investment,Denied,11.23,3
18060,3,52.0,185000,375000.0,78.353,Unknown,Race Not Available,Refinance,Principal_Residence,Withdrawn,29.13,6
10845,5,248.0,85000,375000.0,78.353,Unknown,White,Refinance,Principal_Residence,Withdrawn,27.18,4
58306,3,24.0,115000,375000.0,78.353,Unknown,White,Refinance,Principal_Residence,Withdrawn,37.19,6
76125,0,95.0,635000,675000.0,95.0,30%-<36%,White,Home_Purchase,Principal_Residence,Originated,46.68,5
23112,3,94.0,365000,455000.0,80.0,43%-<50%,White,CashOut_Refinance,Principal_Residence,Denied,24.26,6
24825,3,26.0,165000,375000.0,78.353,Unknown,Race Not Available,Refinance,Principal_Residence,Withdrawn,15.17,6
78749,0,30.0,125000,125000.0,97.0,36%-<43%,White,Home_Purchase,Principal_Residence,Originated,40.89,5
35741,0,95.0,305000,305000.0,78.353,Unknown,Race Not Available,Home_Purchase,Principal_Residence,Purchased,44.24,5
53083,0,31.0,255000,375000.0,78.353,Unknown,Asian,Home_Purchase,Principal_Residence,Withdrawn,45.62,1
26549,0,89.0,185000,185000.0,100.0,20%-<30%,White,Home_Purchase,Principal_Residence,Originated,31.87,1
76482,0,101.0,365000,375000.0,95.0,43%-<50%,White,Home_Purchase,Principal_Residence,Originated,46.04,5
95303,3,67.0,105000,375000.0,78.353,20%-<30%,White,Refinance,Principal_Residence,Denied,0.0,6
37249,2,95.0,365000,375000.0,78.353,Unknown,Race Not Available,CashOut_Refinance,Investment,Originated,87.72,3
32116,3,42.0,205000,375000.0,78.353,Unknown,White,CashOut_Refinance,Principal_Residence,Incomplete,81.07,6
75287,0,217.0,405000,415000.0,95.08,36%-<43%,White,Home_Purchase,Principal_Residence,Originated,41.46,1
89639,3,126.0,415000,555000.0,75.0,43%-<50%,White,CashOut_Refinance,Principal_Residence,Originated,59.34,6
49209,2,185.0,495000,705000.0,70.0,36%-<43%,Race Not Available,Home_Purchase,Investment,Originated,78.24,3
38247,0,123.0,235000,245000.0,97.0,30%-<36%,Black or African American,Home_Purchase,Principal_Residence,Originated,44.27,5
54791,0,226.0,865000,1155000.0,75.0,30%-<36%,Asian,Home_Purchase,Principal_Residence,Originated,79.48,5
34181,3,91.0,275000,375000.0,79.71,36%-<43%,Race Not Available,Refinance,Principal_Residence,Originated,53.19,6
35739,5,144.0,105000,545000.0,82.762,43%-<50%,Race Not Available,Other,Principal_Residence,Originated,36.14,4
93335,0,95.0,375000,395000.0,78.353,Unknown,Race Not Available,Home_Purchase,Principal_Residence,Purchased,72.75,5
45994,0,95.0,265000,265000.0,78.353,Unknown,Race Not Available,Home_Purchase,Principal_Residence,Purchased,24.77,1
57333,3,56.0,165000,485000.0,35.0,43%-<50%,Race Not Available,Refinance,Principal_Residence,Originated,97.41,6
86870,0,56.0,145000,375000.0,78.353,Unknown,White,Home_Purchase,Principal_Residence,Withdrawn,23.0,1
32231,1,620.0,505000,375000.0,78.353,Unknown,Race Not Available,CashOut_Refinance,Principal_Residence,Incomplete,23.87,6
29273,0,95.0,245000,255000.0,78.353,Unknown,Race Not Available,Home_Purchase,Principal_Residence,Purchased,69.97,5
43171,0,209.0,275000,375000.0,78.353,Unknown,Joint,Home_Purchase,Principal_Residence,Withdrawn,0.0,1
56063,5,175.0,35000,375000.0,78.353,Unknown,Race Not Available,Other,Principal_Residence,Withdrawn,11.86,4
97791,0,91.0,225000,225000.0,78.353,36%-<43%,White,Home_Purchase,Principal_Residence,Approved_NotAccepted,6.67,1
66875,0,142.0,475000,375000.0,78.353,Unknown,Asian,Home_Purchase,Principal_Residence,Withdrawn,31.92,1
11867,0,47.0,185000,195000.0,96.5,36%-<43%,White,Home_Purchase,Principal_Residence,Originated,82.71,5
92946,0,75.0,135000,375000.0,78.353,Exempt,White,Home_Purchase,Principal_Residence,Originated,6.66,1
51974,3,25.0,395000,935000.0,42.37,<20%,Asian,Refinance,Principal_Residence,Originated,74.21,6
3996,3,36.0,145000,205000.0,72.38,36%-<43%,White,Refinance,Principal_Residence,Originated,42.5,6
70315,0,68.0,225000,235000.0,78.353,20%-<30%,White,Home_Purchase,Principal_Residence,Originated,72.61,5
76573,0,95.0,245000,425000.0,78.353,Unknown,Race Not Available,Home_Purchase,Principal_Residence,Purchased,21.38,1
43151,2,54.0,105000,325000.0,31.25,43%-<50%,White,Home_Improvement,Investment,Originated,56.78,3
44376,6,87.0,325000,335000.0,95.0,50%-60%,White,Home_Purchase,Principal_Residence,Originated,8.91,0
96926,3,77.0,205000,375000.0,78.353,Unknown,White,CashOut_Refinance,Principal_Residence,Incomplete,59.69,6
62252,0,161.0,95000,105000.0,90.0,20%-<30%,White,Home_Purchase,Second_Residence,Originated,5.24,1
60397,2,95.0,185000,225000.0,80.0,Unknown,Race Not Available,Home_Purchase,Investment,Originated,31.79,3
63268,6,24.0,215000,275000.0,77.778,>60%,Race Not Available,CashOut_Refinance,Principal_Residence,Denied,69.85,0
21023,0,43.0,175000,325000.0,54.0,43%-<50%,White,Home_Purchase,Principal_Residence,Originated,10.99,1
40079,3,34.0,65000,325000.0,19.077,43%-<50%,Black or African American,Other,Principal_Residence,Approved_NotAccepted,38.39,1
88665,3,71.0,185000,235000.0,80.0,30%-<36%,White,CashOut_Refinance,Principal_Residence,Originated,11.15,6
61254,3,100.0,445000,555000.0,79.423,43%-<50%,Black or African American,CashOut_Refinance,Principal_Residence,Denied,85.39,6
62510,3,20.0,105000,135000.0,79.729,43%-<50%,Black or African American,CashOut_Refinance,Principal_Residence,Denied,60.49,6
57429,6,104.0,125000,745000.0,78.38,50%-60%,White,Other,Principal_Residence,Denied,62.89,0
36597,5,59.0,45000,195000.0,86.869,Unknown,White,Home_Improvement,Principal_Residence,Originated,4.75,4
33067,0,86.0,365000,375000.0,78.353,Unknown,White,Home_Purchase,Principal_Residence,Withdrawn,35.54,1
3025,3,55.0,155000,235000.0,65.66,43%-<50%,Asian,CashOut_Refinance,Principal_Residence,Originated,63.48,6
46396,5,340.0,245000,1255000.0,76.91,43%-<50%,White,Other,Principal_Residence,Originated,17.55,4
36176,3,53.0,155000,275000.0,55.556,30%-<36%,Race Not Available,CashOut_Refinance,Principal_Residence,Originated,42.02,6
6477,3,42.0,125000,205000.0,60.0,36%-<43%,Black or African American,CashOut_Refinance,Principal_Residence,Originated,78.12,6
14304,6,227.0,1315000,1755000.0,75.0,50%-60%,White,Home_Purchase,Principal_Residence,Originated,12.75,0
65993,5,50.0,105000,475000.0,58.144,36%-<43%,White,Home_Improvement,Principal_Residence,Denied,30.12,4
94889,0,95.0,645000,875000.0,78.353,Unknown,Race Not Available,Home_Purchase,Principal_Residence,Purchased,23.28,1
87867,5,42.0,5000,105000.0,105.747,30%-<36%,White,Home_Purchase,Principal_Residence,Originated,22.98,4
87259,0,71.0,295000,305000.0,96.5,43%-<50%,White,Home_Purchase,Principal_Residence,Originated,76.64,5
85542,5,70.0,55000,375000.0,78.353,Unknown,Black or African American,Home_Improvement,Principal_Residence,Incomplete,42.02,4
88481,2,95.0,215000,285000.0,75.0,Unknown,White,Home_Purchase,Investment,Originated,77.9,3
14246,0,62.0,215000,225000.0,95.0,43%-<50%,White,Home_Purchase,Principal_Residence,Originated,34.18,1
47012,2,85.0,335000,445000.0,75.0,20%-<30%,Race Not Available,Home_Purchase,Investment,Approved_NotAccepted,13.46,3
8459,0,116.0,345000,345000.0,78.353,20%-<30%,Race Not Available,Home_Purchase,Principal_Residence,Originated,39.06,1
84907,3,207.0,105000,195000.0,55.297,<20%,White,CashOut_Refinance,Principal_Residence,Originated,15.07,6
35183,6,59.0,105000,785000.0,43.21,>60%,White,Home_Improvement,Principal_Residence,Denied,17.43,0
54386,5,245.0,205000,855000.0,44.57,36%-<43%,White,Refinance,Principal_Residence,Originated,16.28,4
31772,0,95.0,735000,875000.0,78.353,Unknown,Race Not Available,Home_Purchase,Principal_Residence,Purchased,56.09,5
38012,6,18.0,205000,365000.0,55.56,>60%,White,Refinance,Principal_Residence,Denied,6.61,0
22624,0,85.0,295000,375000.0,78.353,Unknown,White,Home_Purchase,Principal_Residence,Originated,60.57,5
74954,1,409.0,565000,1705000.0,69.96,20%-<30%,White,Refinance,Principal_Residence,Originated,30.06,4
66130,4,68.0,85000,375000.0,78.353,Exempt,White,Home_Purchase,Principal_Residence,Denied,8.05,2
64846,5,75.0,105000,1165000.0,8.62,<20%,Race Not Available,Home_Improvement,Principal_Residence,Originated,79.34,4
8426,0,167.0,575000,715000.0,80.0,36%-<43%,2 or more minority races,Home_Purchase,Principal_Residence,Originated,69.68,5
24860,6,41.0,285000,355000.0,80.984,50%-60%,Race Not Available,CashOut_Refinance,Principal_Residence,Denied,54.76,0
9895,0,110.0,455000,375000.0,78.353,Unknown,White,Home_Purchase,Principal_Residence,Withdrawn,22.79,1
44662,5,128.0,145000,375000.0,78.353,Unknown,Race Not Available,Other,Principal_Residence,Withdrawn,61.31,4
61853,3,70.0,185000,335000.0,58.0,36%-<43%,Race Not Available,CashOut_Refinance,Principal_Residence,Originated,16.19,6
48927,0,146.0,285000,335000.0,78.353,Unknown,Race Not Available,Home_Purchase,Principal_Residence,Purchased,11.92,1
66410,0,169.0,485000,485000.0,100.0,43%-<50%,White,Home_Purchase,Principal_Residence,Originated,52.32,5
96442,0,221.0,335000,375000.0,78.353,Unknown,White,Home_Purchase,Principal_Residence,Withdrawn,12.43,1
90188,6,95.0,195000,915000.0,94.983,50%-60%,White,Other,Principal_Residence,Originated,13.84,0
18695,0,73.0,395000,375000.0,78.353,Unknown,White,Home_Purchase,Principal_Residence,Withdrawn,36.07,1
12645,0,78.0,165000,405000.0,39.506,43%-<50%,White,Home_Purchase,Second_Residence,Originated,14.07,1
85758,2,95.0,155000,375000.0,78.353,Unknown,Race Not Available,Home_Purchase,Investment,Withdrawn,0.0,3
66336,0,203.0,255000,375000.0,78.353,Exempt,White,Home_Purchase,Principal_Residence,Approved_NotAccepted,34.29,1
77553,3,115.0,125000,425000.0,29.551,20%-<30%,White,Other,Principal_Residence,Originated,63.16,5
45523,6,18.0,125000,145000.0,85.0,>60%,White,CashOut_Refinance,Principal_Residence,Denied,19.44,0
57275,0,38.0,125000,125000.0,96.5,36%-<43%,Black or African American,Home_Purchase,Principal_Residence,Originated,51.69,5
88022,0,289.0,455000,505000.0,90.0,36%-<43%,White,Home_Purchase,Second_Residence,Originated,13.4,1
86907,3,108.0,175000,375000.0,78.353,Unknown,White,Refinance,Principal_Residence,Withdrawn,87.16,6
81936,5,71.0,65000,225000.0,84.477,20%-<30%,White,Home_Improvement,Principal_Residence,Originated,7.39,4
9653,3,107.0,235000,295000.0,79.18,36%-<43%,Race Not Available,CashOut_Refinance,Principal_Residence,Originated,4.26,6
60035,0,95.0,225000,325000.0,78.353,Unknown,Race Not Available,Home_Purchase,Principal_Residence,Purchased,96.64,5
38021,0,41.0,145000,155000.0,95.0,43%-<50%,White,Home_Purchase,Principal_Residence,Originated,31.05,1
43677,3,95.0,115000,125000.0,78.353,Unknown,Race Not Available,CashOut_Refinance,Principal_Residence,Purchased,6.65,6
69216,0,111.0,165000,165000.0,100.0,36%-<43%,Race Not Available,Home_Purchase,Principal_Residence,Originated,21.42,1
28257,0,156.0,355000,375000.0,95.0,43%-<50%,Race Not Available,Home_Purchase,Principal_Residence,Originated,73.45,5
74823,5,100.0,75000,365000.0,55.43,36%-<43%,White,Refinance,Principal_Residence,Originated,11.89,4
12038,3,199.0,505000,955000.0,53.158,43%-<50%,Race Not Available,CashOut_Refinance,Principal_Residence,Originated,34.52,6
44013,3,36.0,155000,275000.0,56.934,43%-<50%,Black or African American,Refinance,Principal_Residence,Originated,60.94,6
44537,6,84.0,55000,735000.0,79.456,>60%,Asian,Other,Principal_Residence,Denied,46.8,0
31531,5,90.0,55000,325000.0,53.86,20%-<30%,White,Home_Improvement,Principal_Residence,Approved_NotAccepted,29.5,4
57638,0,94.0,165000,175000.0,96.5,43%-<50%,Black or African American,Home_Purchase,Principal_Residence,Originated,12.67,1
24855,5,109.0,75000,495000.0,37.524,36%-<43%,Native Hawaiian or Other Pacific Islander,Home_Improvement,Principal_Residence,Originated,10.48,4
35240,5,100.0,55000,425000.0,82.86,36%-<43%,White,Other,Principal_Residence,Denied,16.83,4
57796,6,34.0,155000,305000.0,49.669,>60%,White,Refinance,Principal_Residence,Denied,72.53,0
25029,0,67.0,85000,375000.0,78.353,20%-<30%,Race Not Available,Home_Purchase,Principal_Residence,Denied,18.22,1
18055,0,95.0,365000,355000.0,78.353,Unknown,Race Not Available,Home_Purchase,Principal_Residence,Purchased,18.88,1
94616,6,95.0,435000,855000.0,50.004,50%-60%,White,Refinance,Principal_Residence,Denied,95.53,0
64809,3,95.0,205000,455000.0,78.353,Unknown,Race Not Available,CashOut_Refinance,Principal_Residence,Purchased,57.58,6
3487,0,65.0,75000,375000.0,78.353,Unknown,White,Home_Purchase,Principal_Residence,Withdrawn,31.13,1
99312,3,35.0,115000,205000.0,59.0,30%-<36%,White,CashOut_Refinance,Principal_Residence,Originated,85.62,6
40354,0,247.0,555000,1025000.0,54.21,20%-<30%,White,Home_Purchase,Principal_Residence,Originated,21.22,1
44180,4,26.0,105000,375000.0,78.353,>60%,White,Home_Purchase,Principal_Residence,Denied,95.13,2
5158,0,95.0,315000,325000.0,78.353,Unknown,Race Not Available,Home_Purchase,Principal_Residence,Purchased,57.08,5
90767,0,116.0,365000,375000.0,96.5,36%-<43%,White,Home_Purchase,Principal_Residence,Originated,94.71,5
51095,3,66.0,135000,185000.0,73.24,36%-<43%,Black or African American,CashOut_Refinance,Principal_Residence,Approved_NotAccepted,82.31,6
11294,3,95.0,485000,375000.0,78.353,Unknown,White,CashOut_Refinance,Principal_Residence,Originated,88.1,6
16270,0,95.0,205000,275000.0,78.353,Unknown,Race Not Available,Home_Purchase,Principal_Residence,Purchased,17.33,1
59359,5,346.0,255000,4255000.0,29.412,43%-<50%,White,Other,Principal_Residence,Originated,17.23,4
33061,3,135.0,445000,565000.0,79.84,36%-<43%,White,CashOut_Refinance,Principal_Residence,Originated,63.29,6
44779,3,49.0,165000,265000.0,61.567,30%-<36%,Race Not Available,CashOut_Refinance,Principal_Residence,Originated,53.32,6
56975,4,35.0,55000,65000.0,78.353,>60%,Black or African American,Home_Purchase,Principal_Residence,Approved_NotAccepted,64.83,2
6688,5,101.0,35000,285000.0,68.578,20%-<30%,White,Home_Improvement,Principal_Residence,Originated,15.82,4
27214,0,153.0,295000,285000.0,100.0,30%-<36%,White,Home_Purchase,Principal_Residence,Originated,7.98,1
41753,3,31.0,115000,195000.0,56.784,43%-<50%,White,Refinance,Principal_Residence,Originated,92.05,6
68398,5,0.0,105000,555000.0,62.55,<20%,White,Home_Improvement,Principal_Residence,Denied,16.3,4
88680,1,350.0,655000,625000.0,104.429,<20%,White,CashOut_Refinance,Principal_Residence,Denied,15.04,6
67968,5,65.0,105000,375000.0,78.353,Unknown,White,Home_Improvement,Principal_Residence,Incomplete,96.74,4
31942,0,83.0,295000,305000.0,96.5,43%-<50%,White,Home_Purchase,Principal_Residence,Originated,95.3,5
27061,0,95.0,275000,345000.0,78.353,Unknown,Race Not Available,Home_Purchase,Principal_Residence,Purchased,46.42,1
92914,5,87.0,105000,495000.0,63.21,43%-<50%,White,CashOut_Refinance,Principal_Residence,Originated,29.01,4
24525,0,95.0,755000,775000.0,78.353,Unknown,Race Not Available,Home_Purchase,Principal_Residence,Purchased,37.86,1
82961,0,125.0,405000,545000.0,75.0,43%-<50%,Asian,Home_Purchase,Principal_Residence,Approved_NotAccepted,26.24,1
56999,0,141.0,225000,575000.0,38.596,36%-<43%,White,Home_Purchase,Principal_Residence,Originated,17.15,1
95495,0,181.0,115000,195000.0,60.0,36%-<43%,White,Home_Purchase,Second_Residence,Originated,15.17,1
59279,5,120.0,105000,375000.0,78.353,Unknown,White,Other,Principal_Residence,Incomplete,15.5,4
65793,3,45.0,165000,215000.0,78.436,43%-<50%,White,CashOut_Refinance,Principal_Residence,Originated,8.94,6
75712,0,139.0,315000,335000.0,95.0,20%-<30%,White,Home_Purchase,Principal_Residence,Originated,24.43,1
4043,0,120.0,585000,375000.0,78.353,Unknown,White,Home_Purchase,Principal_Residence,Incomplete,0.0,1
32565,2,95.0,335000,565000.0,60.0,Unknown,Asian,Home_Purchase,Investment,Originated,34.02,3
60407,1,566.0,245000,535000.0,45.047,20%-<30%,White,Home_Purchase,Investment,Originated,40.36,3
49433,0,39.0,145000,375000.0,78.353,Unknown,White,Home_Purchase,Principal_Residence,Withdrawn,49.58,5
2345,3,95.0,285000,355000.0,78.353,Unknown,Race Not Available,CashOut_Refinance,Principal_Residence,Purchased,49.22,6
23144,3,47.0,105000,225000.0,44.956,43%-<50%,Race Not Available,Refinance,Principal_Residence,Originated,5.26,6
4377,0,53.0,155000,155000.0,97.0,20%-<30%,White,Home_Purchase,Principal_Residence,Originated,17.29,1
6068,0,115.0,285000,495000.0,56.665,30%-<36%,Joint,Home_Purchase,Principal_Residence,Originated,44.83,5
64244,6,89.0,15000,405000.0,79.895,50%-60%,White,Home_Improvement,Principal_Residence,Denied,11.37,0
5930,4,79.0,135000,155000.0,78.353,30%-<36%,Black or African American,Home_Purchase,Principal_Residence,Originated,25.03,2
27852,0,113.0,335000,375000.0,90.0,36%-<43%,White,Home_Purchase,Principal_Residence,Originated,95.04,5
33882,0,97.0,375000,375000.0,100.0,36%-<43%,Race Not Available,Home_Purchase,Principal_Residence,Originated,31.49,1
35152,3,120.0,375000,375000.0,78.353,Unknown,White,CashOut_Refinance,Principal_Residence,Withdrawn,35.96,6
74253,5,80.0,15000,275000.0,89.9,36%-<43%,White,Other,Principal_Residence,Denied,9.75,4
71069,2,53.0,165000,375000.0,78.353,Unknown,Black or African American,Refinance,Investment,Withdrawn,75.86,3
82053,0,209.0,525000,655000.0,80.0,20%-<30%,White,Home_Purchase,Principal_Residence,Originated,66.17,5
63753,3,95.0,305000,415000.0,78.353,Unknown,Race Not Available,CashOut_Refinance,Principal_Residence,Purchased,49.5,6
30369,5,265.0,105000,405000.0,72.96,<20%,White,Home_Improvement,Principal_Residence,Originated,38.95,4
59643,3,213.0,325000,475000.0,67.368,20%-<30%,White,Refinance,Principal_Residence,Originated,8.59,6
73021,0,63.0,245000,255000.0,97.0,36%-<43%,White,Home_Purchase,Principal_Residence,Originated,27.45,1
5991,3,307.0,305000,1095000.0,27.36,<20%,White,Refinance,Principal_Residence,Originated,9.97,6
46649,5,78.0,55000,375000.0,78.353,Unknown,White,Refinance,Principal_Residence,Withdrawn,21.68,4
34607,5,132.0,155000,585000.0,89.997,36%-<43%,White,Other,Principal_Residence,Originated,24.46,4
41346,1,607.0,305000,365000.0,85.0,20%-<30%,Asian,Home_Purchase,Second_Residence,Originated,44.4,5
79048,6,35.0,15000,175000.0,87.6,>60%,White,Home_Improvement,Principal_Residence,Denied,15.72,0
81784,3,115.0,275000,325000.0,84.66,20%-<30%,White,CashOut_Refinance,Principal_Residence,Originated,22.27,6
43350,0,100.0,295000,325000.0,90.0,43%-<50%,Race Not Available,Home_Purchase,Principal_Residence,Originated,37.1,1
25448,0,35.0,145000,145000.0,100.0,36%-<43%,White,Home_Purchase,Principal_Residence,Originated,66.25,5
77716,4,37.0,155000,165000.0,106.346,30%-<36%,White,Home_Purchase,Principal_Residence,Originated,25.68,2
10045,5,70.0,265000,1105000.0,31.529,43%-<50%,Race Not Available,Other,Principal_Residence,Originated,30.65,4
45667,3,210.0,205000,445000.0,44.94,36%-<43%,White,Refinance,Principal_Residence,Originated,10.17,6
29177,5,210.0,255000,375000.0,78.353,Unknown,Race Not Available,Home_Improvement,Principal_Residence,Withdrawn,87.66,4
27182,0,41.0,215000,415000.0,51.808,43%-<50%,White,Home_Purchase,Principal_Residence,Originated,36.62,1
32063,0,200.0,315000,375000.0,78.353,Unknown,White,Home_Purchase,Principal_Residence,Withdrawn,16.88,1
30529,5,174.0,165000,565000.0,80.0,43%-<50%,White,Other,Principal_Residence,Originated,11.98,4
63541,0,54.0,145000,155000.0,95.0,30%-<36%,White,Home_Purchase,Principal_Residence,Originated,18.31,1
97475,0,95.0,345000,365000.0,78.353,Unknown,Race Not Available,Home_Purchase,Principal_Residence,Purchased,11.67,1
48238,3,95.0,245000,375000.0,78.353,Unknown,White,CashOut_Refinance,Principal_Residence,Withdrawn,81.06,6
1680,6,39.0,475000,955000.0,50.0,>60%,White,Refinance,Principal_Residence,Denied,37.28,0
79054,2,96.0,135000,175000.0,80.0,36%-<43%,Black or African American,Home_Purchase,Investment,Originated,86.61,3
53358,5,95.0,105000,585000.0,78.353,Unknown,Race Not Available,Other,Principal_Residence,Purchased,40.28,4
87268,0,36.0,145000,375000.0,78.353,Unknown,Race Not Available,Home_Purchase,Principal_Residence,Withdrawn,65.48,5
55586,3,33.0,155000,275000.0,54.54,43%-<50%,Race Not Available,CashOut_Refinance,Principal_Residence,Originated,30.71,6
1041,3,95.0,185000,325000.0,78.353,Unknown,Race Not Available,Refinance,Principal_Residence,Purchased,21.79,6
98208,3,103.0,115000,335000.0,35.455,<20%,White,Refinance,Principal_Residence,Originated,77.09,6
52121,3,90.0,275000,375000.0,78.353,Unknown,Black or African American,CashOut_Refinance,Principal_Residence,Withdrawn,20.47,6
80230,5,175.0,155000,375000.0,78.353,Unknown,Black or African American,Home_Improvement,Principal_Residence,Withdrawn,89.13,4
4089,0,147.0,595000,845000.0,78.353,Unknown,Race Not Available,Home_Purchase,Principal_Residence,Purchased,20.9,1
40852,0,103.0,75000,375000.0,78.353,Unknown,Black or African American,Home_Improvement,Principal_Residence,Incomplete,76.43,5
46440,6,58.0,115000,355000.0,80.31,>60%,White,Other,Principal_Residence,Denied,14.22,0
77857,1,483.0,855000,1145000.0,75.0,36%-<43%,White,Home_Purchase,Principal_Residence,Originated,23.62,1
91834,0,48.0,205000,225000.0,92.0,43%-<50%,Asian,Home_Purchase,Principal_Residence,Originated,33.35,1
39873,2,95.0,35000,135000.0,78.353,Unknown,Race Not Available,Home_Purchase,Investment,Denied,15.03,3
96780,0,126.0,295000,455000.0,64.73,36%-<43%,White,Home_Purchase,Principal_Residence,Originated,9.71,1
71679,0,78.0,475000,525000.0,89.999,43%-<50%,Race Not Available,Home_Purchase,Principal_Residence,Originated,25.87,1
19458,6,55.0,285000,295000.0,96.5,>60%,Black or African American,Home_Purchase,Principal_Residence,Denied,16.24,0
70239,3,57.0,255000,375000.0,78.353,Unknown,Race Not Available,CashOut_Refinance,Principal_Residence,Withdrawn,63.76,6
89948,6,87.0,35000,585000.0,69.82,>60%,Black or African American,Home_Improvement,Principal_Residence,Denied,89.54,0
14734,3,109.0,475000,1625000.0,78.353,Unknown,Race Not Available,Refinance,Principal_Residence,Denied,22.93,6
82884,5,153.0,175000,615000.0,62.02,43%-<50%,White,Refinance,Principal_Residence,Originated,16.27,4
87104,0,57.0,225000,375000.0,78.353,Unknown,White,Home_Purchase,Principal_Residence,Withdrawn,34.21,1
94767,0,89.0,165000,175000.0,97.75,36%-<43%,American Indian or Alaska Native,Home_Purchase,Principal_Residence,Originated,35.36,1
81314,3,95.0,235000,375000.0,78.353,Unknown,Race Not Available,Refinance,Principal_Residence,Incomplete,89.77,6
65732,2,121.0,95000,375000.0,78.353,Unknown,Race Not Available,Refinance,Investment,Incomplete,46.81,3
1902,3,342.0,365000,525000.0,71.0,36%-<43%,Asian,CashOut_Refinance,Principal_Residence,Originated,50.23,6
66548,4,55.0,115000,125000.0,78.353,36%-<43%,White,Home_Purchase,Principal_Residence,Denied,46.72,2
91075,0,95.0,325000,325000.0,78.353,Unknown,Race Not Available,Home_Purchase,Principal_Residence,Purchased,67.66,5
15159,6,149.0,355000,605000.0,59.333,50%-60%,American Indian or Alaska Native,Refinance,Principal_Residence,Denied,28.89,0
54453,0,107.0,195000,215000.0,88.372,20%-<30%,White,Home_Purchase,Principal_Residence,Originated,17.39,1
20041,2,155.0,345000,515000.0,66.99,43%-<50%,White,Home_Purchase,Investment,Originated,17.32,3
47492,3,73.0,155000,215000.0,80.0,20%-<30%,White,CashOut_Refinance,Principal_Residence,Denied,6.61,6
49492,0,95.0,115000,115000.0,78.353,Unknown,Race Not Available,Home_Purchase,Principal_Residence,Purchased,7.67,1
6413,3,135.0,265000,375000.0,78.353,Unknown,White,Refinance,Principal_Residence,Incomplete,55.57,6
30899,0,89.0,255000,245000.0,100.0,43%-<50%,White,Home_Purchase,Principal_Residence,Originated,80.28,5
13302,5,96.0,105000,505000.0,41.87,30%-<36%,Race Not Available,Home_Improvement,Principal_Residence,Originated,36.95,4
40870,3,137.0,255000,445000.0,56.818,<20%,Race Not Available,CashOut_Refinance,Principal_Residence,Originated,27.98,6
88436,3,96.0,145000,375000.0,49.15,36%-<43%,White,Refinance,Principal_Residence,Denied,41.19,6
5821,3,44.0,185000,245000.0,76.25,43%-<50%,White,CashOut_Refinance,Principal_Residence,Originated,38.73,6
48732,1,381.0,465000,475000.0,96.5,20%-<30%,White,Home_Purchase,Second_Residence,Denied,60.14,5
19750,3,70.0,135000,155000.0,81.653,20%-<30%,White,Refinance,Principal_Residence,Approved_NotAccepted,17.74,6
43146,3,39.0,155000,195000.0,79.0,36%-<43%,White,Refinance,Principal_Residence,Originated,52.78,6
29021,0,50.0,195000,375000.0,78.353,30%-<36%,Black or African American,Home_Purchase,Principal_Residence,Denied,73.0,5
82070,6,49.0,45000,345000.0,70.473,>60%,White,Other,Principal_Residence,Denied,57.49,0
61576,3,42.0,165000,285000.0,56.14,43%-<50%,White,Refinance,Principal_Residence,Denied,31.53,6
44556,0,153.0,385000,385000.0,100.0,36%-<43%,Black or African American,Home_Purchase,Principal_Residence,Originated,88.85,5
26019,3,50.0,25000,375000.0,78.353,Unknown,Race Not Available,Refinance,Principal_Residence,Incomplete,77.18,6
69569,2,95.0,145000,455000.0,78.353,Unknown,Race Not Available,Home_Purchase,Investment,Purchased,24.67,3
64980,0,122.0,405000,425000.0,97.0,36%-<43%,White,Home_Purchase,Principal_Residence,Originated,90.35,5
51400,3,85.0,55000,375000.0,78.353,Unknown,White,Refinance,Principal_Residence,Withdrawn,9.94,6
56778,3,95.0,505000,855000.0,58.824,43%-<50%,Asian,CashOut_Refinance,Principal_Residence,Denied,72.86,6
21196,1,745.0,135000,555000.0,79.98,<20%,White,CashOut_Refinance,Principal_Residence,Denied,54.58,4
92140,1,302.0,485000,605000.0,80.0,20%-<30%,Asian,Other,Principal_Residence,Originated,20.95,1
23753,0,90.0,315000,325000.0,96.5,36%-<43%,White,Home_Purchase,Principal_Residence,Originated,52.58,5
30868,1,483.0,1465000,1725000.0,85.0,30%-<36%,Asian,Home_Purchase,Principal_Residence,Originated,35.75,1
9758,0,95.0,265000,275000.0,78.353,Unknown,Race Not Available,Home_Purchase,Principal_Residence,Purchased,43.34,1
56940,5,57.0,25000,215000.0,83.0,36%-<43%,White,CashOut_Refinance,Principal_Residence,Originated,31.22,4
26163,5,343.0,115000,575000.0,41.739,<20%,White,Refinance,Principal_Residence,Originated,8.59,4
77436,0,95.0,325000,345000.0,78.353,Unknown,Race Not Available,Home_Purchase,Principal_Residence,Purchased,30.03,1
83012,0,55.0,35000,375000.0,78.353,Unknown,White,Home_Purchase,Principal_Residence,Withdrawn,25.63,1
67125,5,84.0,25000,355000.0,53.138,30%-<36%,White,Refinance,Principal_Residence,Originated,18.64,4
34994,5,108.0,25000,305000.0,69.0,30%-<36%,Black or African American,Home_Improvement,Principal_Residence,Denied,19.82,4
83816,5,98.0,205000,555000.0,69.9,43%-<50%,Race Not Available,Other,Principal_Residence,Denied,44.2,4
88754,0,120.0,395000,375000.0,78.353,Unknown,White,Home_Purchase,Principal_Residence,Withdrawn,19.62,1
1673,6,143.0,835000,1025000.0,80.39,50%-60%,White,Home_Purchase,Principal_Residence,Originated,26.64,0
38979,6,106.0,205000,395000.0,51.88,50%-60%,White,Other,Principal_Residence,Originated,20.31,0
94837,6,28.0,105000,755000.0,22.06,>60%,White,Other,Principal_Residence,Denied,23.38,0
3045,0,51.0,165000,225000.0,72.727,20%-<30%,White,Home_Purchase,Principal_Residence,Originated,31.64,1
83620,6,25.0,105000,325000.0,75.0,>60%,Asian,Home_Improvement,Principal_Residence,Denied,50.78,0
27909,0,95.0,425000,405000.0,78.353,Unknown,Race Not Available,Home_Purchase,Principal_Residence,Purchased,37.57,1
71645,0,49.0,175000,175000.0,96.5,43%-<50%,White,Home_Purchase,Principal_Residence,Originated,8.08,1
31913,6,87.0,265000,275000.0,96.5,>60%,White,Home_Purchase,Principal_Residence,Denied,64.87,0
30652,3,155.0,275000,405000.0,67.69,20%-<30%,White,CashOut_Refinance,Principal_Residence,Originated,24.39,6
62464,0,92.0,275000,345000.0,80.0,43%-<50%,White,Home_Purchase,Principal_Residence,Originated,19.01,1
19202,5,101.0,55000,165000.0,53.993,20%-<30%,Race Not Available,Other,Principal_Residence,Originated,48.38,4
12379,0,16.0,65000,95000.0,72.527,36%-<43%,Race Not Available,Home_Purchase,Principal_Residence,Originated,8.27,1
33110,3,180.0,185000,375000.0,78.353,Unknown,White,CashOut_Refinance,Principal_Residence,Withdrawn,55.99,6
477,0,93.0,355000,375000.0,78.353,Unknown,Asian,Home_Purchase,Principal_Residence,Withdrawn,59.01,5
34768,0,130.0,565000,375000.0,78.353,Unknown,White,Home_Purchase,Principal_Residence,Withdrawn,28.58,1
93822,0,248.0,635000,745000.0,85.0,20%-<30%,White,Home_Purchase,Principal_Residence,Originated,18.69,1
94933,3,77.0,225000,375000.0,78.353,Unknown,White,CashOut_Refinance,Principal_Residence,Incomplete,75.08,6
29853,6,36.0,185000,355000.0,52.857,50%-60%,White,CashOut_Refinance,Principal_Residence,Denied,13.26,0
2806,5,165.0,115000,755000.0,99.56,36%-<43%,White,Home_Improvement,Principal_Residence,Originated,11.38,4
13577,6,118.0,35000,245000.0,15.0,50%-60%,White,Home_Improvement,Principal_Residence,Denied,6.18,0
35412,2,223.0,255000,445000.0,56.306,43%-<50%,Race Not Available,Home_Purchase,Investment,Originated,66.17,3
52740,0,260.0,515000,585000.0,87.3,30%-<36%,White,Home_Purchase,Principal_Residence,Originated,26.42,1
13703,3,125.0,465000,1025000.0,46.0,36%-<43%,Race Not Available,CashOut_Refinance,Principal_Residence,Originated,80.5,6
25665,6,50.0,365000,405000.0,90.0,>60%,Asian,Home_Purchase,Principal_Residence,Preapproval_Denied,0.0,0
81836,0,95.0,115000,135000.0,78.353,Unknown,Race Not Available,NotApplicable,Principal_Residence,Purchased,22.17,1
70731,0,37.0,175000,165000.0,104.938,43%-<50%,White,Home_Purchase,Principal_Residence,Denied,92.69,5
12745,2,71.0,45000,55000.0,75.0,30%-<36%,White,Home_Purchase,Investment,Originated,84.96,3
45885,6,138.0,35000,855000.0,92.818,50%-60%,Black or African American,Other,Principal_Residence,Denied,82.54,0
41322,0,241.0,285000,345000.0,83.39,20%-<30%,Asian,Home_Purchase,Second_Residence,Originated,33.79,1
28115,1,415.0,915000,1145000.0,78.353,Unknown,Race Not Available,Home_Purchase,Principal_Residence,Purchased,44.05,1
29359,0,139.0,375000,375000.0,78.353,Unknown,Race Not Available,Home_Purchase,Principal_Residence,Withdrawn,13.51,1
30707,2,95.0,655000,375000.0,78.353,Unknown,Race Not Available,CashOut_Refinance,Investment,Denied,18.65,3
64664,5,200.0,135000,375000.0,78.353,Unknown,White,Home_Improvement,Principal_Residence,Incomplete,29.63,4
13646,0,40.0,175000,185000.0,95.0,36%-<43%,Race Not Available,Home_Purchase,Principal_Residence,Originated,9.95,1
74521,6,120.0,255000,375000.0,78.353,50%-60%,White,Home_Improvement,Principal_Residence,Denied,13.05,0
25840,6,75.0,75000,675000.0,74.952,>60%,White,Refinance,Principal_Residence,Denied,18.21,0
51304,4,82.0,135000,145000.0,78.353,36%-<43%,Black or African American,Home_Purchase,Principal_Residence,Denied,43.75,2
97898,0,95.0,295000,315000.0,78.353,Unknown,Race Not Available,Home_Purchase,Principal_Residence,Purchased,50.03,5
26456,5,25.0,15000,245000.0,40.296,20%-<30%,Black or African American,Other,Principal_Residence,Denied,96.91,4
90723,1,424.0,1075000,1345000.0,80.0,36%-<43%,White,Home_Purchase,Second_Residence,Originated,19.6,1
81837,0,114.0,355000,445000.0,80.0,20%-<30%,White,Home_Purchase,Principal_Residence,Originated,29.61,5
65967,0,95.0,255000,535000.0,78.353,Unknown,Race Not Available,NotApplicable,Principal_Residence,Purchased,99.04,5
11947,1,736.0,2325000,375000.0,78.353,Exempt,White,Home_Purchase,Second_Residence,Originated,18.66,4
58147,0,161.0,695000,925000.0,75.0,43%-<50%,Asian,Home_Purchase,Principal_Residence,Originated,79.56,5
18393,6,63.0,315000,345000.0,93.304,50%-60%,White,CashOut_Refinance,Principal_Residence,Originated,32.39,0
68547,5,105.0,15000,105000.0,96.567,20%-<30%,White,Home_Improvement,Principal_Residence,Originated,26.41,4
96226,0,49.0,95000,375000.0,78.353,Unknown,White,Home_Purchase,Principal_Residence,Withdrawn,36.02,5
64874,5,55.0,35000,255000.0,43.85,20%-<30%,White,Other,Principal_Residence,Originated,49.28,4
99750,2,300.0,875000,1255000.0,70.0,36%-<43%,White,Home_Purchase,Investment,Denied,77.17,3
31868,0,95.0,505000,635000.0,78.353,Unknown,Race Not Available,Home_Purchase,Principal_Residence,Purchased,50.47,5
21977,0,122.0,545000,375000.0,78.353,Unknown,Asian,Home_Purchase,Principal_Residence,Withdrawn,33.75,1
40670,0,206.0,755000,795000.0,95.0,36%-<43%,Joint,Home_Purchase,Principal_Residence,Originated,58.56,5
10476,2,95.0,55000,75000.0,78.353,Unknown,Race Not Available,Home_Purchase,Investment,Purchased,91.6,3
16398,0,84.0,285000,355000.0,80.0,36%-<43%,White,Home_Purchase,Principal_Residence,Approved_NotAccepted,20.41,1
40175,2,95.0,705000,805000.0,70.0,Unknown,White,CashOut_Refinance,Investment,Denied,12.8,3
97166,0,171.0,245000,355000.0,70.0,36%-<43%,White,Home_Purchase,Principal_Residence,Originated,67.14,5
31285,3,38.0,115000,275000.0,40.0,20%-<30%,White,CashOut_Refinance,Principal_Residence,Denied,29.7,6
85262,5,109.0,105000,375000.0,78.353,Unknown,Asian,CashOut_Refinance,Principal_Residence,Incomplete,33.71,4
93367,0,201.0,555000,855000.0,65.0,20%-<30%,White,Home_Purchase,Principal_Residence,Originated,23.35,1
31473,5,70.0,65000,395000.0,79.9,36%-<43%,Joint,Home_Improvement,Principal_Residence,Originated,44.51,4
36922,0,86.0,225000,235000.0,95.0,43%-<50%,White,Home_Purchase,Principal_Residence,Originated,23.14,1
96815,3,49.0,225000,375000.0,78.353,Unknown,White,CashOut_Refinance,Principal_Residence,Incomplete,35.19,6
66229,0,136.0,255000,375000.0,78.353,Exempt,White,Home_Purchase,Principal_Residence,Originated,9.33,1
76418,5,60.0,105000,505000.0,45.77,36%-<43%,White,Home_Improvement,Principal_Residence,Originated,37.88,4
11435,3,185.0,305000,515000.0,58.984,20%-<30%,Race Not Available,Refinance,Principal_Residence,Originated,79.13,6
17491,0,163.0,365000,415000.0,78.353,Unknown,White,Home_Purchase,Principal_Residence,Purchased,35.94,1
18466,2,95.0,635000,905000.0,70.0,Unknown,Race Not Available,Home_Purchase,Investment,Originated,0.0,3
32254,1,293.0,905000,1605000.0,56.25,36%-<43%,Race Not Available,Home_Purchase,Second_Residence,Originated,25.58,1
50537,0,145.0,165000,375000.0,78.353,Exempt,White,Home_Purchase,Principal_Residence,Originated,19.09,1
70944,5,148.0,55000,375000.0,78.353,Unknown,White,CashOut_Refinance,Principal_Residence,Incomplete,18.45,4
21554,3,97.0,315000,465000.0,78.353,Unknown,Race Not Available,CashOut_Refinance,Principal_Residence,Purchased,10.73,6
33023,0,85.0,305000,315000.0,95.0,30%-<36%,White,Home_Purchase,Principal_Residence,Originated,42.11,1
85625,6,48.0,145000,145000.0,100.0,>60%,White,Home_Purchase,Principal_Residence,Denied,99.35,0
90093,5,108.0,65000,375000.0,78.353,Unknown,White,Other,Principal_Residence,Withdrawn,13.49,4
62387,0,95.0,65000,245000.0,78.353,Unknown,Race Not Available,Other,Principal_Residence,Purchased,10.63,1
68217,5,96.0,45000,365000.0,69.592,36%-<43%,Race Not Available,CashOut_Refinance,Principal_Residence,Originated,21.51,4
57699,0,95.0,395000,395000.0,78.353,Unknown,Race Not Available,Home_Purchase,Principal_Residence,Purchased,20.17,1
12143,6,26.0,115000,125000.0,91.667,50%-60%,Asian,Home_Purchase,Principal_Residence,Originated,67.7,0
444,6,98.0,275000,305000.0,90.0,50%-60%,Black or African American,Home_Purchase,Principal_Residence,Denied,10.93,0
39113,5,153.0,55000,375000.0,85.53,30%-<36%,White,Other,Principal_Residence,Denied,7.46,4
92541,0,95.0,455000,475000.0,78.353,Unknown,White,Home_Purchase,Principal_Residence,Purchased,75.05,5
28467,3,95.0,205000,235000.0,100.402,Unknown,Black or African American,Refinance,Principal_Residence,Originated,94.22,6
83094,3,93.0,345000,705000.0,49.0,36%-<43%,Black or African American,Refinance,Principal_Residence,Originated,79.53,6
66925,0,98.0,365000,375000.0,97.529,43%-<50%,White,Home_Purchase,Principal_Residence,Preapproval_Denied,0.0,1
52060,5,112.0,75000,485000.0,79.235,30%-<36%,White,Home_Improvement,Principal_Residence,Originated,32.25,4
78470,0,125.0,645000,725000.0,89.861,43%-<50%,Asian,Home_Purchase,Principal_Residence,Originated,89.2,5
54157,0,180.0,445000,615000.0,72.13,36%-<43%,White,Home_Improvement,Principal_Residence,Originated,27.68,1
29829,5,95.0,155000,855000.0,78.353,Unknown,Race Not Available,Other,Principal_Residence,Purchased,12.35,4
62376,3,112.0,205000,385000.0,53.351,20%-<30%,White,CashOut_Refinance,Principal_Residence,Originated,21.32,6
83628,6,139.0,395000,375000.0,56.71,>60%,Black or African American,CashOut_Refinance,Principal_Residence,Denied,40.39,0
90684,0,111.0,225000,275000.0,80.0,20%-<30%,White,Home_Purchase,Principal_Residence,Originated,60.45,5
17912,4,60.0,65000,65000.0,78.353,30%-<36%,Joint,Home_Purchase,Principal_Residence,Originated,8.25,2
27783,2,95.0,655000,1205000.0,78.353,Unknown,Race Not Available,Home_Purchase,Investment,Purchased,30.08,3
85427,5,50.0,25000,375000.0,78.353,Unknown,Race Not Available,CashOut_Refinance,Principal_Residence,Withdrawn,50.19,4
60585,2,3.0,105000,155000.0,70.0,>60%,White,Refinance,Investment,Approved_NotAccepted,38.11,3
45244,0,241.0,355000,375000.0,78.353,Unknown,White,Home_Purchase,Principal_Residence,Withdrawn,36.66,1
39023,0,133.0,205000,575000.0,36.0,<20%,White,Home_Improvement,Principal_Residence,Originated,12.22,1
82249,2,95.0,105000,155000.0,65.0,Unknown,Race Not Available,CashOut_Refinance,Investment,Originated,76.71,3
74650,6,95.0,275000,875000.0,79.49,50%-60%,White,Other,Principal_Residence,Denied,18.71,0
3080,0,58.0,195000,185000.0,78.353,36%-<43%,Asian,Home_Purchase,Principal_Residence,Originated,71.29,5
9958,0,242.0,575000,955000.0,62.587,20%-<30%,White,Home_Purchase,Principal_Residence,Originated,33.51,1
38720,5,185.0,95000,295000.0,77.55,20%-<30%,White,Refinance,Principal_Residence,Originated,59.11,4
24748,0,84.0,135000,405000.0,34.25,36%-<43%,White,Home_Purchase,Principal_Residence,Originated,12.21,1
98010,6,73.0,155000,195000.0,80.0,50%-60%,Race Not Available,CashOut_Refinance,Principal_Residence,Denied,19.43,0
3751,3,149.0,375000,575000.0,65.74,20%-<30%,White,CashOut_Refinance,Principal_Residence,Originated,36.52,6
24517,0,95.0,105000,125000.0,78.353,Unknown,Race Not Available,NotApplicable,Principal_Residence,Purchased,23.71,1
33131,1,774.0,225000,435000.0,53.0,<20%,White,Home_Purchase,Investment,Originated,39.52,3
91125,5,108.0,115000,275000.0,84.992,20%-<30%,White,Other,Principal_Residence,Originated,70.52,4
52082,3,109.0,275000,435000.0,62.326,36%-<43%,Race Not Available,CashOut_Refinance,Principal_Residence,Originated,11.15,6
16542,0,80.0,465000,375000.0,78.353,Unknown,White,Home_Purchase,Principal_Residence,Withdrawn,0.0,1
64861,0,95.0,315000,315000.0,78.353,Unknown,Race Not Available,Home_Purchase,Principal_Residence,Purchased,48.75,5
62735,4,87.0,185000,215000.0,90.0,<20%,White,Home_Purchase,Principal_Residence,Originated,58.21,2
68064,3,97.0,85000,105000.0,80.0,36%-<43%,White,CashOut_Refinance,Principal_Residence,Originated,26.43,6
55498,5,191.0,75000,375000.0,78.353,Unknown,Race Not Available,Home_Improvement,Principal_Residence,Incomplete,25.09,4
39457,5,98.0,45000,465000.0,55.29,43%-<50%,White,Home_Improvement,Principal_Residence,Originated,20.99,4
3143,6,32.0,165000,225000.0,71.111,50%-60%,Black or African American,CashOut_Refinance,Principal_Residence,Originated,67.25,0
54914,6,130.0,95000,585000.0,89.983,50%-60%,White,Home_Improvement,Principal_Residence,Originated,23.24,0
34617,4,76.0,85000,375000.0,78.353,Unknown,Black or African American,Home_Purchase,Principal_Residence,Incomplete,94.9,2
1746,1,1555.0,2005000,4805000.0,41.667,20%-<30%,Race Not Available,Home_Purchase,Principal_Residence,Approved_NotAccepted,23.63,4
5309,6,39.0,105000,565000.0,17.62,50%-60%,Asian,Refinance,Principal_Residence,Denied,48.47,0
26296,0,104.0,255000,285000.0,90.0,20%-<30%,White,Home_Purchase,Principal_Residence,Originated,6.3,1
43846,1,353.0,1025000,1275000.0,80.0,36%-<43%,White,Home_Purchase,Principal_Residence,Approved_NotAccepted,7.94,1
24366,0,29.0,175000,255000.0,70.0,43%-<50%,White,Home_Purchase,Principal_Residence,Denied,24.83,1
54237,5,95.0,45000,375000.0,78.353,Unknown,White,Other,Principal_Residence,Originated,86.65,4
68395,6,92.0,255000,285000.0,88.101,50%-60%,White,Home_Purchase,Principal_Residence,Originated,10.05,0
28238,0,77.0,175000,215000.0,80.0,43%-<50%,Race Not Available,Home_Purchase,Principal_Residence,Originated,66.81,5
97730,0,174.0,125000,185000.0,66.845,36%-<43%,White,Other,Second_Residence,Originated,36.88,1
17236,0,88.0,295000,305000.0,100.0,30%-<36%,White,Home_Purchase,Principal_Residence,Originated,80.23,5
58291,0,101.0,195000,205000.0,78.353,Unknown,White,Home_Purchase,Principal_Residence,Purchased,5.41,1
78621,3,79.0,185000,375000.0,78.353,Unknown,White,CashOut_Refinance,Principal_Residence,Denied,19.23,6
63957,2,157.0,365000,435000.0,78.353,Unknown,White,Home_Purchase,Investment,Purchased,8.68,3
85621,3,144.0,295000,505000.0,58.4,30%-<36%,White,CashOut_Refinance,Principal_Residence,Originated,9.55,6
4916,3,54.0,355000,1035000.0,34.0,43%-<50%,White,CashOut_Refinance,Principal_Residence,Originated,36.36,6
62792,3,136.0,315000,385000.0,82.0,20%-<30%,White,CashOut_Refinance,Principal_Residence,Denied,23.36,6
70338,5,110.0,65000,375000.0,78.353,Exempt,White,Home_Improvement,Principal_Residence,Originated,37.23,4
55892,0,50.0,195000,325000.0,58.315,30%-<36%,White,Home_Purchase,Principal_Residence,Originated,18.14,1
74931,0,95.0,355000,375000.0,78.353,Unknown,White,Home_Purchase,Principal_Residence,Purchased,34.07,1
80065,5,174.0,205000,625000.0,100.0,43%-<50%,White,Home_Improvement,Principal_Residence,Originated,25.21,4
16471,4,48.0,165000,255000.0,65.0,50%-60%,White,CashOut_Refinance,Principal_Residence,Denied,6.49,2
46475,2,95.0,315000,445000.0,70.0,Unknown,Race Not Available,Home_Purchase,Investment,Originated,46.7,3
8937,5,82.0,55000,275000.0,26.585,20%-<30%,Asian,Refinance,Principal_Residence,Originated,54.79,4
49249,3,203.0,255000,1405000.0,17.86,20%-<30%,White,Refinance,Second_Residence,Originated,6.38,6
64456,5,31.0,25000,245000.0,13.87,30%-<36%,Black or African American,Other,Principal_Residence,Originated,33.2,4
37610,2,95.0,35000,35000.0,85.0,Unknown,Race Not Available,Home_Purchase,Investment,Originated,94.81,3
6238,5,268.0,105000,785000.0,48.7,<20%,Asian,Home_Improvement,Principal_Residence,Denied,78.11,4
25969,3,81.0,145000,235000.0,58.823,30%-<36%,White,Refinance,Second_Residence,Originated,16.28,6
3365,4,89.0,285000,335000.0,84.99,36%-<43%,White,Home_Purchase,Principal_Residence,Originated,20.28,2
1185,2,95.0,65000,75000.0,80.0,Unknown,Race Not Available,Home_Purchase,Investment,Originated,70.56,3
21866,0,216.0,135000,175000.0,80.0,20%-<30%,Race Not Available,Home_Purchase,Principal_Residence,Approved_NotAccepted,25.36,1
10204,3,39.0,235000,445000.0,52.727,36%-<43%,White,CashOut_Refinance,Principal_Residence,Originated,29.44,6
98330,2,127.0,425000,645000.0,64.815,43%-<50%,Race Not Available,CashOut_Refinance,Investment,Originated,22.87,3
21139,3,48.0,185000,435000.0,41.204,43%-<50%,White,CashOut_Refinance,Principal_Residence,Originated,66.09,6
57075,6,59.0,95000,205000.0,49.0,>60%,White,Refinance,Principal_Residence,Denied,9.13,0
