kmeans_cluster,income,loan_amount,property_value,combined_loan_to_value_ratio,debt_to_income_ratio,derived_race,loan_purpose,occupancy_type,action_taken,_approved,anomaly_votes,iso_score,tract_minority_population_percent
5,97.0,245000,445000.0,69.06,30%-<36%,Race Not Available,Other,Principal_Residence,Approved_NotAccepted,,0,0.4001632769525654,42.05
3,95.0,235000,235000.0,78.353,Unknown,Race Not Available,CashOut_Refinance,Principal_Residence,Purchased,,0,0.3727451426563138,62.47
0,51.0,175000,375000.0,78.353,Unknown,Race Not Available,Home_Purchase,Principal_Residence,Withdrawn,,0,0.34872871533946626,13.74
5,48.0,65000,245000.0,67.559,36%-<43%,White,Refinance,Principal_Residence,Originated,1.0,0,0.3779749603762312,9.16
2,95.0,445000,625000.0,78.353,Unknown,Race Not Available,Home_Purchase,Investment,Purchased,,0,0.4183112642412072,54.2
0,146.0,165000,205000.0,80.0,20%-<30%,White,Home_Purchase,Principal_Residence,Originated,1.0,0,0.36554214361347537,6.57
3,60.0,105000,195000.0,52.0,20%-<30%,White,CashOut_Refinance,Principal_Residence,Originated,1.0,0,0.42509420439952117,41.82
6,132.0,275000,815000.0,100.019,>60%,Race Not Available,Other,Principal_Residence,Denied,0.0,0,0.43994679543094123,27.27
2,229.0,235000,315000.0,75.0,36%-<43%,Asian,Home_Purchase,Investment,Originated,1.0,0,0.3704041027437888,51.23
0,75.0,295000,345000.0,85.0,43%-<50%,Race Not Available,Home_Purchase,Principal_Residence,Originated,1.0,0,0.3718202257465956,32.68
4,74.0,175000,375000.0,78.353,Exempt,White,Refinance,Principal_Residence,Approved_NotAccepted,,0,0.3660603817249905,6.66
3,71.0,135000,165000.0,80.0,43%-<50%,Race Not Available,CashOut_Refinance,Principal_Residence,Originated,1.0,0,0.3570951718224016,10.19
6,36.0,75000,285000.0,24.91,>60%,Black or African American,Home_Improvement,Principal_Residence,Denied,0.0,0,0.48689116056892306,91.53
0,135.0,305000,325000.0,78.353,Unknown,Race Not Available,Home_Purchase,Principal_Residence,Purchased,,0,0.34965801812467967,34.79
0,39.0,135000,145000.0,96.74,20%-<30%,White,Home_Purchase,Principal_Residence,Originated,1.0,0,0.3887281896798565,7.29
5,202.0,255000,1105000.0,69.975,43%-<50%,White,Refinance,Principal_Residence,Denied,0.0,0,0.4393167188441415,74.53
0,45.0,215000,245000.0,87.14,43%-<50%,White,Home_Purchase,Principal_Residence,Originated,1.0,0,0.36517777921324,31.5
2,95.0,665000,835000.0,80.0,Unknown,Race Not Available,Home_Purchase,Investment,Originated,1.0,2,0.5662264708470526,23.2
0,212.0,365000,455000.0,80.0,20%-<30%,White,Home_Purchase,Second_Residence,Preapproval_Approved_NotAccepted,,1,0.535346663289545,0.0
5,190.0,65000,645000.0,85.09,36%-<43%,White,Home_Improvement,Principal_Residence,Denied,0.0,0,0.4191552274785888,10.23
0,48.0,125000,135000.0,104.692,20%-<30%,White,Home_Purchase,Principal_Residence,Originated,1.0,0,0.3964901003805033,23.35
5,45.0,25000,105000.0,80.0,20%-<30%,White,Home_Improvement,Principal_Residence,Originated,1.0,0,0.4027996640229923,72.73
2,171.0,185000,245000.0,73.77,43%-<50%,White,CashOut_Refinance,Investment,Originated,1.0,0,0.4138607335916769,17.16
0,138.0,645000,375000.0,78.353,Unknown,Asian,Home_Purchase,Principal_Residence,Withdrawn,,0,0.4010231982755092,45.13
6,123.0,85000,645000.0,84.98,50%-60%,White,Other,Principal_Residence,Originated,1.0,0,0.44788119988620934,30.41
1,550.0,885000,1155000.0,80.0,20%-<30%,White,Home_Purchase,Principal_Residence,Originated,1.0,2,0.5545279227175454,22.07
3,72.0,55000,175000.0,30.588,43%-<50%,White,Refinance,Principal_Residence,Originated,1.0,0,0.47164405285574595,28.76
3,122.0,235000,285000.0,81.92,36%-<43%,White,Refinance,Principal_Residence,Originated,1.0,0,0.3463911994317193,18.92
2,353.0,465000,1235000.0,38.08,20%-<30%,White,Refinance,Investment,Originated,1.0,1,0.5338410020246489,34.54
5,211.0,105000,1305000.0,60.5,43%-<50%,White,Home_Improvement,Principal_Residence,Originated,1.0,0,0.44299991964324764,31.48
3,95.0,185000,375000.0,78.353,Unknown,Black or African American,Refinance,Principal_Residence,Withdrawn,,0,0.39582288692452083,59.51
0,95.0,585000,375000.0,78.353,Unknown,Asian,Home_Purchase,Principal_Residence,Withdrawn,,0,0.4338828118937247,62.92
5,217.0,95000,185000.0,85.0,20%-<30%,Black or African American,Home_Improvement,Principal_Residence,Denied,0.0,0,0.48324424583379905,47.01
5,121.0,75000,415000.0,94.75,43%-<50%,White,Other,Principal_Residence,Originated,1.0,0,0.3899724587702642,65.92
6,39.0,165000,205000.0,80.0,50%-60%,Race Not Available,CashOut_Refinance,Principal_Residence,Originated,1.0,0,0.3865915923772227,4.54
4,112.0,165000,405000.0,78.353,20%-<30%,Race Not Available,Home_Purchase,Principal_Residence,Approved_NotAccepted,,0,0.3724503378278964,13.06
1,394.0,1065000,2655000.0,40.0,20%-<30%,White,Home_Purchase,Principal_Residence,Denied,0.0,1,0.57373738647439,23.06
3,84.0,365000,465000.0,78.64,20%-<30%,Native Hawaiian or Other Pacific Islander,CashOut_Refinance,Principal_Residence,Denied,0.0,0,0.35601108687432304,49.12
5,103.0,45000,385000.0,80.37,36%-<43%,White,Other,Principal_Residence,Originated,1.0,0,0.4545260076083637,21.89
2,116.0,205000,275000.0,75.0,36%-<43%,White,Home_Purchase,Investment,Originated,1.0,1,0.43359987579084247,26.38
3,108.0,95000,125000.0,80.0,<20%,White,CashOut_Refinance,Principal_Residence,Approved_NotAccepted,,0,0.35925069361061684,26.49
0,95.0,205000,215000.0,78.353,Unknown,Race Not Available,Home_Purchase,Principal_Residence,Purchased,,0,0.39266647989713294,78.94
0,69.0,135000,155000.0,90.0,20%-<30%,White,Home_Purchase,Principal_Residence,Preapproval_Denied,,1,0.520948444286126,0.0
6,95.0,165000,585000.0,75.47,50%-60%,White,Other,Principal_Residence,Denied,0.0,0,0.37898067749205566,56.58
5,65.0,35000,875000.0,46.92,43%-<50%,Race Not Available,Home_Improvement,Principal_Residence,Originated,1.0,1,0.4507694433617337,44.56
0,67.0,215000,235000.0,78.353,Unknown,Race Not Available,Home_Purchase,Principal_Residence,Purchased,,0,0.35641775046806384,30.35
6,94.0,175000,835000.0,70.491,>60%,Joint,Home_Improvement,Principal_Residence,Denied,0.0,0,0.44101577310269746,57.16
3,48.0,55000,375000.0,78.353,Exempt,Black or African American,CashOut_Refinance,Principal_Residence,Originated,1.0,0,0.38461379087229747,36.74
0,219.0,375000,465000.0,80.0,20%-<30%,Asian,Home_Purchase,Principal_Residence,Originated,1.0,0,0.4369282641258026,46.76
3,140.0,275000,525000.0,78.353,Unknown,Race Not Available,CashOut_Refinance,Principal_Residence,Purchased,,0,0.35670873480628484,35.16
2,90.0,125000,185000.0,70.0,43%-<50%,White,Home_Purchase,Investment,Originated,1.0,0,0.3701486205193956,65.38
3,89.0,65000,185000.0,80.0,20%-<30%,White,CashOut_Refinance,Principal_Residence,Originated,1.0,0,0.43038610434921365,4.69
0,247.0,555000,1025000.0,54.21,20%-<30%,White,Home_Purchase,Principal_Residence,Originated,1.0,0,0.4390606849868836,21.22
2,261.0,865000,1155000.0,75.0,30%-<36%,White,Home_Purchase,Investment,Originated,1.0,1,0.4653270205783848,8.68
5,176.0,55000,295000.0,52.859,<20%,White,Home_Improvement,Principal_Residence,Originated,1.0,0,0.38904690230156636,11.27
0,190.0,605000,375000.0,78.353,Unknown,White,Home_Purchase,Principal_Residence,Withdrawn,,0,0.3880666750390741,20.12
5,64.0,85000,215000.0,67.34,43%-<50%,Black or African American,Other,Principal_Residence,Approved_NotAccepted,,0,0.38949999089458814,72.65
0,92.0,165000,255000.0,64.0,<20%,White,Home_Purchase,Principal_Residence,Originated,1.0,0,0.36594918539013155,16.28
0,74.0,285000,465000.0,61.0,43%-<50%,White,Home_Purchase,Principal_Residence,Originated,1.0,0,0.3747903858658695,26.85
0,149.0,865000,965000.0,90.0,43%-<50%,Asian,Home_Purchase,Principal_Residence,Originated,1.0,0,0.4779956571690554,55.97
0,72.0,275000,375000.0,72.783,36%-<43%,White,Home_Purchase,Principal_Residence,Originated,1.0,0,0.35093749381305345,12.48
0,106.0,335000,375000.0,90.0,36%-<43%,Race Not Available,Home_Purchase,Principal_Residence,Preapproval_Denied,,1,0.5195088537322555,0.0
0,95.0,175000,185000.0,78.353,Unknown,Race Not Available,Home_Purchase,Principal_Residence,Purchased,,0,0.36300485877924654,15.9
3,52.0,185000,345000.0,55.0,43%-<50%,Race Not Available,Refinance,Principal_Residence,Approved_NotAccepted,,0,0.3774783433009041,31.94
0,74.0,185000,375000.0,78.353,Unknown,White,Home_Purchase,Principal_Residence,Withdrawn,,0,0.3526325510456832,35.61
3,170.0,645000,2495000.0,26.0,43%-<50%,White,Other,Principal_Residence,Originated,1.0,0,0.5635797359351544,4.85
5,156.0,85000,395000.0,76.07,20%-<30%,White,Other,Principal_Residence,Originated,1.0,0,0.36944865733661525,11.7
5,90.0,5000,375000.0,78.353,Exempt,White,Home_Improvement,Principal_Residence,Originated,1.0,0,0.3787931537140636,8.7
3,137.0,705000,835000.0,84.91,43%-<50%,Black or African American,Refinance,Principal_Residence,Denied,0.0,0,0.4781240725520809,81.23
0,241.0,395000,525000.0,75.0,43%-<50%,Asian,Home_Purchase,Second_Residence,Originated,1.0,0,0.40254705599809604,74.2
0,114.0,225000,315000.0,70.457,36%-<43%,White,Home_Purchase,Principal_Residence,Originated,1.0,0,0.35585579665196787,22.91
6,14.0,75000,95000.0,80.0,>60%,White,CashOut_Refinance,Principal_Residence,Denied,0.0,0,0.3768735710497068,13.36
2,136.0,195000,235000.0,85.0,30%-<36%,White,Home_Purchase,Investment,Originated,1.0,0,0.36612843942750056,13.47
0,47.0,225000,275000.0,80.0,43%-<50%,White,Home_Purchase,Principal_Residence,Originated,1.0,0,0.3911889582266302,4.33
0,125.0,345000,435000.0,80.0,<20%,White,Home_Purchase,Principal_Residence,Originated,1.0,0,0.36146967188937457,29.87
5,148.0,45000,525000.0,62.37,20%-<30%,White,Home_Improvement,Principal_Residence,Originated,1.0,0,0.3746271577024676,27.05
0,98.0,425000,375000.0,78.353,Unknown,White,Home_Purchase,Principal_Residence,Withdrawn,,0,0.3525070529620965,46.31
5,101.0,185000,375000.0,70.38,43%-<50%,Race Not Available,Refinance,Principal_Residence,Originated,1.0,0,0.34951849540538277,16.84
0,90.0,125000,145000.0,90.0,20%-<30%,White,Home_Purchase,Principal_Residence,Originated,1.0,0,0.4230439424731143,48.43
0,154.0,585000,725000.0,80.0,43%-<50%,White,Home_Purchase,Principal_Residence,Originated,1.0,0,0.3937104993845881,33.67
0,95.0,275000,275000.0,78.353,Unknown,Race Not Available,Home_Purchase,Principal_Residence,Purchased,,0,0.35295757752084955,11.44
3,88.0,95000,145000.0,70.0,43%-<50%,Black or African American,CashOut_Refinance,Principal_Residence,Originated,1.0,0,0.42529912473691345,62.05
3,87.0,215000,265000.0,81.132,20%-<30%,White,Refinance,Principal_Residence,Originated,1.0,0,0.3721786929009719,6.7
1,455.0,195000,245000.0,80.0,<20%,White,Home_Purchase,Principal_Residence,Originated,1.0,0,0.41494801733442427,47.49
0,81.0,315000,395000.0,80.0,20%-<30%,White,Home_Purchase,Principal_Residence,Originated,1.0,0,0.3481119833280246,27.49
5,105.0,45000,335000.0,54.359,36%-<43%,White,CashOut_Refinance,Principal_Residence,Originated,1.0,0,0.41371619787293185,6.84
0,77.0,165000,185000.0,92.329,43%-<50%,White,Home_Purchase,Principal_Residence,Originated,1.0,0,0.3732012452412889,6.08
3,200.0,645000,1175000.0,78.353,Unknown,White,CashOut_Refinance,Principal_Residence,Purchased,,0,0.4219189979729679,6.28
5,85.0,35000,435000.0,85.184,43%-<50%,Black or African American,Home_Improvement,Principal_Residence,Denied,0.0,0,0.4769640137603799,90.3
0,48.0,145000,175000.0,80.0,43%-<50%,White,Home_Purchase,Principal_Residence,Originated,1.0,0,0.3816876850052767,3.57
0,95.0,475000,535000.0,78.353,Unknown,Race Not Available,Home_Purchase,Second_Residence,Purchased,,0,0.3606933975027786,21.93
0,95.0,345000,355000.0,78.353,Unknown,Race Not Available,Home_Purchase,Principal_Residence,Purchased,,0,0.3613091692059419,8.74
2,95.0,975000,375000.0,78.353,Unknown,White,Home_Purchase,Investment,Withdrawn,,0,0.4126652077552771,34.76
0,112.0,305000,385000.0,80.01,36%-<43%,White,Home_Purchase,Principal_Residence,Originated,1.0,0,0.3567829171084182,12.76
3,137.0,155000,345000.0,43.478,36%-<43%,White,CashOut_Refinance,Principal_Residence,Originated,1.0,0,0.41397411984900645,10.59
0,144.0,145000,305000.0,47.267,<20%,White,Home_Purchase,Principal_Residence,Originated,1.0,0,0.38759428267193063,15.63
3,131.0,35000,1255000.0,42.4,<20%,White,CashOut_Refinance,Principal_Residence,Denied,0.0,1,0.4847212457368612,34.2
2,62.0,85000,105000.0,75.0,30%-<36%,Black or African American,CashOut_Refinance,Investment,Originated,1.0,0,0.38240604534641703,68.84
3,210.0,365000,375000.0,78.353,Unknown,White,CashOut_Refinance,Principal_Residence,Withdrawn,,0,0.37199022793507586,14.71
6,122.0,665000,675000.0,96.5,50%-60%,White,Home_Purchase,Principal_Residence,Originated,1.0,0,0.4124329580789987,20.38
6,64.0,25000,255000.0,80.0,>60%,White,Other,Principal_Residence,Originated,1.0,0,0.43094511434429816,71.76
3,99.0,295000,355000.0,84.571,20%-<30%,Race Not Available,CashOut_Refinance,Principal_Residence,Originated,1.0,0,0.3614663410883904,39.45
2,353.0,735000,375000.0,78.353,Exempt,White,Home_Purchase,Investment,Approved_NotAccepted,,0,0.47622574169272236,68.07
3,173.0,205000,285000.0,70.0,<20%,White,CashOut_Refinance,Principal_Residence,Denied,0.0,0,0.363993297696286,28.26
0,96.0,405000,505000.0,80.0,36%-<43%,White,Home_Purchase,Principal_Residence,Originated,1.0,0,0.3579501753028369,24.25
0,135.0,515000,375000.0,78.353,Unknown,Asian,Home_Purchase,Principal_Residence,Withdrawn,,0,0.36807709355693685,28.62
5,128.0,85000,555000.0,78.18,43%-<50%,Asian,Home_Improvement,Principal_Residence,Denied,0.0,0,0.3814487001935125,22.12
0,97.0,245000,375000.0,78.353,Unknown,White,Home_Purchase,Principal_Residence,Withdrawn,,0,0.3442282641449493,42.08
5,167.0,45000,645000.0,90.0,36%-<43%,White,Home_Improvement,Principal_Residence,Originated,1.0,0,0.4423576305397141,27.96
0,42.0,215000,265000.0,89.54,43%-<50%,White,Home_Purchase,Principal_Residence,Originated,1.0,0,0.35687665147268094,34.31
0,95.0,215000,245000.0,78.353,Unknown,Race Not Available,NotApplicable,Principal_Residence,Purchased,,0,0.34600816582866284,19.24
4,33.0,175000,375000.0,78.353,Unknown,White,Home_Purchase,Principal_Residence,Withdrawn,,0,0.3617966198770797,5.95
0,95.0,245000,255000.0,78.353,Unknown,Race Not Available,Home_Purchase,Principal_Residence,Purchased,,0,0.35324044666341564,18.7
3,131.0,495000,905000.0,55.461,36%-<43%,White,Refinance,Principal_Residence,Originated,1.0,0,0.42236067942891947,36.86
0,95.0,325000,335000.0,78.353,Unknown,Race Not Available,Home_Purchase,Principal_Residence,Purchased,,0,0.34629855023569933,19.08
0,100.0,5000,375000.0,78.353,Unknown,White,Home_Improvement,Principal_Residence,Withdrawn,,1,0.5214884887899179,15.47
3,134.0,395000,415000.0,95.181,20%-<30%,White,CashOut_Refinance,Principal_Residence,Originated,1.0,0,0.4072553372933257,53.54
0,68.0,185000,185000.0,102.3968,36%-<43%,White,Home_Purchase,Principal_Residence,Originated,1.0,0,0.3951644318977639,13.07
3,115.0,175000,375000.0,78.353,Unknown,Race Not Available,CashOut_Refinance,Principal_Residence,Withdrawn,,0,0.3873924089132739,92.82
5,122.0,55000,455000.0,68.528,36%-<43%,White,Home_Improvement,Principal_Residence,Originated,1.0,1,0.4770077249376988,8.65
0,71.0,375000,415000.0,90.0,43%-<50%,Asian,Home_Purchase,Principal_Residence,Originated,1.0,0,0.4087510947053547,60.69
4,62.0,165000,375000.0,78.353,Unknown,White,Refinance,Principal_Residence,Withdrawn,,0,0.42585378957544845,43.45
3,100.0,425000,535000.0,80.0,43%-<50%,Asian,CashOut_Refinance,Principal_Residence,Denied,0.0,0,0.4024955513136846,82.85
3,0.0,35000,495000.0,51.144,<20%,White,Refinance,Principal_Residence,Denied,0.0,0,0.4369269459412463,32.62
6,10.0,105000,555000.0,18.182,>60%,White,CashOut_Refinance,Principal_Residence,Denied,0.0,0,0.4591467696037073,21.93
0,192.0,345000,345000.0,100.0,36%-<43%,Race Not Available,Home_Purchase,Principal_Residence,Originated,1.0,0,0.40877323384080216,29.42
2,95.0,595000,795000.0,78.353,Unknown,Race Not Available,Home_Purchase,Investment,Purchased,,0,0.38361363506332813,11.04
5,142.0,105000,1155000.0,63.65,20%-<30%,White,Refinance,Principal_Residence,Originated,1.0,0,0.44906950419001657,7.88
0,64.0,155000,165000.0,97.0,20%-<30%,White,Home_Purchase,Principal_Residence,Originated,1.0,0,0.36492453969901717,25.37
4,97.0,135000,205000.0,78.353,Unknown,White,Refinance,Principal_Residence,Denied,0.0,0,0.3646355179877664,7.43
3,95.0,275000,375000.0,78.353,Unknown,Race Not Available,CashOut_Refinance,Principal_Residence,Incomplete,,0,0.3583064889583331,33.9
0,95.0,215000,215000.0,78.353,Unknown,Race Not Available,Home_Purchase,Principal_Residence,Purchased,,0,0.3716737930959288,12.62
2,95.0,935000,1205000.0,77.75,Unknown,Race Not Available,Refinance,Investment,Originated,1.0,2,0.5739299914195268,80.51
0,42.0,165000,375000.0,78.353,Unknown,Race Not Available,Home_Purchase,Principal_Residence,Withdrawn,,0,0.36219481999111375,49.24
3,20.0,35000,215000.0,78.353,Unknown,White,Refinance,Principal_Residence,Denied,0.0,0,0.3989705506053571,85.76
6,98.0,325000,365000.0,90.0,50%-60%,Race Not Available,CashOut_Refinance,Principal_Residence,Originated,1.0,0,0.36096473581434535,11.06
3,51.0,235000,295000.0,80.0,43%-<50%,Black or African American,CashOut_Refinance,Principal_Residence,Denied,0.0,0,0.3573986848901905,41.55
3,95.0,505000,755000.0,66.313,Unknown,White,CashOut_Refinance,Principal_Residence,Originated,1.0,0,0.4001119505909607,45.92
0,77.0,135000,145000.0,97.0,30%-<36%,Black or African American,Home_Purchase,Principal_Residence,Originated,1.0,0,0.36622046460222213,35.38
1,440.0,685000,855000.0,80.0,20%-<30%,White,Home_Purchase,Principal_Residence,Originated,1.0,1,0.4757247923247725,17.76
0,95.0,485000,705000.0,78.353,Unknown,Race Not Available,Home_Purchase,Principal_Residence,Purchased,,0,0.39555650061723424,54.79
5,120.0,45000,225000.0,55.65,Unknown,White,Refinance,Principal_Residence,Originated,1.0,1,0.4922432189862028,11.47
0,303.0,575000,645000.0,78.353,Unknown,Race Not Available,Home_Purchase,Principal_Residence,Purchased,,0,0.3997629837056022,13.53
2,95.0,105000,125000.0,78.353,Unknown,Race Not Available,Home_Purchase,Investment,Purchased,,0,0.3894326447413597,66.81
4,32.0,115000,135000.0,89.939,Unknown,White,Home_Purchase,Principal_Residence,Denied,0.0,2,0.57308214540209,0.0
6,48.0,135000,185000.0,96.499,50%-60%,Race Not Available,Home_Purchase,Principal_Residence,Denied,0.0,0,0.3732201802254515,32.14
3,104.0,225000,295000.0,74.25,43%-<50%,White,CashOut_Refinance,Principal_Residence,Denied,0.0,0,0.35481477815434637,17.19
0,298.0,1045000,375000.0,78.353,30%-<36%,Native Hawaiian or Other Pacific Islander,Home_Purchase,Principal_Residence,Denied,0.0,0,0.4683554687928262,86.49
3,67.0,155000,795000.0,18.963,36%-<43%,White,Refinance,Principal_Residence,Originated,1.0,0,0.5202131889616719,50.1
0,95.0,585000,645000.0,78.353,Unknown,Race Not Available,Home_Purchase,Principal_Residence,Purchased,,0,0.38902206698023534,44.51
0,205.0,425000,535000.0,80.0,20%-<30%,Asian,Home_Purchase,Principal_Residence,Originated,1.0,0,0.370817305855914,34.68
1,315.0,705000,375000.0,78.353,Unknown,Race Not Available,Home_Purchase,Second_Residence,Withdrawn,,0,0.46228532161949454,34.16
5,102.0,185000,395000.0,66.84,<20%,White,Home_Improvement,Principal_Residence,Denied,0.0,0,0.3875785877412919,57.38
0,109.0,215000,225000.0,95.0,36%-<43%,White,Home_Purchase,Principal_Residence,Originated,1.0,0,0.3878575479963851,8.26
0,86.0,135000,135000.0,101.01,20%-<30%,White,Home_Purchase,Principal_Residence,Originated,1.0,0,0.39419549264808856,32.19
5,207.0,245000,815000.0,71.02,30%-<36%,White,CashOut_Refinance,Principal_Residence,Originated,1.0,0,0.39407561431175925,20.14
0,105.0,155000,285000.0,53.0,<20%,Black or African American,Other,Principal_Residence,Originated,1.0,0,0.4090630830938274,84.97
0,62.0,195000,205000.0,102.91,20%-<30%,White,Home_Purchase,Principal_Residence,Originated,1.0,0,0.4528457395485955,98.08
4,11.0,75000,85000.0,78.353,>60%,Black or African American,Home_Purchase,Principal_Residence,Denied,0.0,0,0.4394333660833033,72.4
0,131.0,425000,445000.0,95.0,43%-<50%,White,Home_Purchase,Principal_Residence,Originated,1.0,0,0.367980784182328,10.67
2,225.0,325000,435000.0,75.0,43%-<50%,White,CashOut_Refinance,Investment,Originated,1.0,0,0.36469523320001623,35.17
0,127.0,415000,375000.0,78.353,Unknown,White,Home_Purchase,Principal_Residence,Incomplete,,0,0.3580209226602383,49.58
5,396.0,255000,1215000.0,69.83,20%-<30%,Race Not Available,Refinance,Principal_Residence,Originated,1.0,1,0.48294157357977496,32.53
0,88.0,315000,395000.0,80.0,36%-<43%,White,Other,Principal_Residence,Originated,1.0,0,0.3649668199166702,15.72
0,95.0,95000,195000.0,78.353,Unknown,Race Not Available,Home_Purchase,Principal_Residence,Purchased,,0,0.3768128750553848,10.83
5,76.0,55000,325000.0,69.92,43%-<50%,White,Home_Improvement,Principal_Residence,Originated,1.0,0,0.35495340378824314,35.54
0,155.0,605000,615000.0,80.0,36%-<43%,Black or African American,Home_Purchase,Principal_Residence,Originated,1.0,0,0.3957349336340552,60.22
4,84.0,285000,375000.0,78.353,Unknown,White,Home_Purchase,Principal_Residence,Incomplete,,0,0.35891541586623843,10.58
5,99.0,45000,275000.0,78.31,36%-<43%,White,Home_Improvement,Principal_Residence,Originated,1.0,0,0.3718803960809204,53.95
5,251.0,255000,955000.0,92.263,20%-<30%,Race Not Available,Home_Purchase,Principal_Residence,Originated,1.0,1,0.5381990231383439,76.55
0,93.0,415000,435000.0,95.0,43%-<50%,Asian,Home_Purchase,Principal_Residence,Originated,1.0,0,0.3828175861114042,39.95
3,211.0,515000,375000.0,78.353,Unknown,Race Not Available,Refinance,Principal_Residence,Withdrawn,,1,0.46588212601094336,21.5
0,118.0,495000,525000.0,95.0,43%-<50%,Race Not Available,Home_Purchase,Principal_Residence,Originated,1.0,0,0.3675605374496352,17.61
6,76.0,205000,785000.0,75.6,>60%,White,Home_Purchase,Principal_Residence,Denied,0.0,0,0.3645643827104194,33.95
4,32.0,65000,55000.0,78.353,20%-<30%,Black or African American,Home_Purchase,Principal_Residence,Denied,0.0,0,0.41202073612035356,50.29
0,49.0,235000,245000.0,95.1,43%-<50%,White,Home_Purchase,Principal_Residence,Originated,1.0,0,0.3695132934559209,49.76
0,146.0,365000,365000.0,78.353,43%-<50%,Race Not Available,Home_Purchase,Principal_Residence,Originated,1.0,0,0.3799137651619546,29.83
3,171.0,155000,295000.0,51.58,20%-<30%,White,Refinance,Principal_Residence,Originated,1.0,0,0.41088267904551584,49.64
0,50.0,145000,135000.0,101.01,36%-<43%,White,Home_Purchase,Principal_Residence,Originated,1.0,0,0.40723123058719485,9.48
2,95.0,155000,375000.0,78.353,Unknown,Black or African American,Home_Purchase,Investment,Withdrawn,,0,0.40431017205383296,84.01
2,93.0,245000,375000.0,78.353,Unknown,Asian,Home_Purchase,Investment,Withdrawn,,0,0.42224440723334944,95.32
3,95.0,215000,245000.0,78.353,Unknown,Race Not Available,CashOut_Refinance,Principal_Residence,Purchased,,0,0.36002174535635173,44.76
5,333.0,35000,375000.0,78.353,Unknown,Race Not Available,Home_Improvement,Principal_Residence,Withdrawn,,0,0.46253478548962296,49.49
6,52.0,105000,535000.0,64.0,>60%,White,Refinance,Principal_Residence,Originated,1.0,0,0.41927478774440596,29.51
3,38.0,155000,275000.0,56.67,30%-<36%,White,CashOut_Refinance,Principal_Residence,Originated,1.0,0,0.3805832873922222,36.3
2,95.0,255000,365000.0,104.24,Unknown,Race Not Available,Home_Purchase,Investment,Originated,1.0,1,0.5303770287733482,82.42
3,63.0,275000,505000.0,56.0,43%-<50%,Race Not Available,CashOut_Refinance,Principal_Residence,Originated,1.0,0,0.3724608602431374,12.42
3,158.0,645000,375000.0,78.353,Unknown,White,Refinance,Principal_Residence,Incomplete,,0,0.41338772080002284,30.13
0,95.0,535000,545000.0,78.353,Unknown,Race Not Available,Home_Purchase,Principal_Residence,Purchased,,0,0.41499319203961366,29.48
0,95.0,175000,475000.0,78.353,Unknown,Race Not Available,Home_Purchase,Principal_Residence,Purchased,,0,0.35124762272684446,37.92
0,95.0,155000,165000.0,78.353,Unknown,Race Not Available,Home_Purchase,Principal_Residence,Purchased,,0,0.3773867742112411,7.13
3,92.0,285000,425000.0,66.194,30%-<36%,White,CashOut_Refinance,Principal_Residence,Originated,1.0,0,0.4052847635229571,91.05
4,35.0,105000,105000.0,78.353,>60%,American Indian or Alaska Native,Home_Purchase,Principal_Residence,Denied,0.0,0,0.4576737309553353,99.67
0,72.0,295000,345000.0,85.0,30%-<36%,White,Home_Purchase,Principal_Residence,Originated,1.0,0,0.39591574118931744,84.43
2,73.0,85000,155000.0,59.0,30%-<36%,White,CashOut_Refinance,Investment,Originated,1.0,0,0.3894882099326649,16.89
6,119.0,615000,685000.0,90.0,50%-60%,Race Not Available,CashOut_Refinance,Principal_Residence,Originated,1.0,0,0.40913521645020356,37.68
2,105.0,85000,375000.0,78.353,Exempt,White,Home_Purchase,Investment,Originated,1.0,0,0.3719015478232249,4.75
3,228.0,155000,1205000.0,13.0,30%-<36%,White,CashOut_Refinance,Principal_Residence,Originated,1.0,1,0.5109969224223326,24.57
3,163.0,85000,135000.0,65.185,30%-<36%,White,CashOut_Refinance,Principal_Residence,Denied,0.0,0,0.4232381230617314,39.25
5,200.0,15000,395000.0,80.759,20%-<30%,White,Other,Principal_Residence,Denied,0.0,1,0.46829334648658444,35.26
4,100.0,175000,175000.0,78.353,>60%,Joint,Home_Purchase,Principal_Residence,Originated,1.0,0,0.3962460545255197,55.29
4,61.0,165000,165000.0,78.353,20%-<30%,White,Home_Purchase,Principal_Residence,Denied,0.0,0,0.36847937467584924,18.22
0,95.0,595000,655000.0,78.353,Unknown,Race Not Available,Home_Purchase,Principal_Residence,Purchased,,0,0.4565483992975411,96.57
5,105.0,85000,315000.0,64.707,20%-<30%,White,Home_Improvement,Principal_Residence,Originated,1.0,0,0.40301729509179285,9.02
0,113.0,535000,675000.0,80.0,43%-<50%,White,Home_Purchase,Principal_Residence,Originated,1.0,0,0.38911794593699117,67.55
3,61.0,175000,375000.0,78.353,Unknown,White,CashOut_Refinance,Principal_Residence,Withdrawn,,0,0.3556266775167069,22.4
0,95.0,495000,505000.0,78.353,Unknown,Race Not Available,Home_Purchase,Principal_Residence,Purchased,,0,0.3567073208118504,20.55
3,63.0,65000,295000.0,26.551,20%-<30%,White,Refinance,Principal_Residence,Originated,1.0,0,0.4763292899209431,12.82
3,61.0,275000,385000.0,72.63,36%-<43%,White,Refinance,Principal_Residence,Originated,1.0,0,0.35262840744935686,15.65
0,62.0,215000,245000.0,90.0,43%-<50%,White,Home_Purchase,Principal_Residence,Preapproval_Approved_NotAccepted,,0,0.4359949916364099,77.13
5,222.0,105000,445000.0,78.353,<20%,White,Home_Improvement,Principal_Residence,Originated,1.0,0,0.39587304482822677,11.56
5,110.0,45000,325000.0,84.88,36%-<43%,White,CashOut_Refinance,Principal_Residence,Originated,1.0,0,0.39244910092237717,34.22
0,92.0,345000,365000.0,95.0,36%-<43%,White,Home_Purchase,Principal_Residence,Originated,1.0,0,0.36176809681074845,29.19
0,107.0,205000,265000.0,77.17,20%-<30%,White,Home_Purchase,Principal_Residence,Originated,1.0,0,0.36147863929273827,9.61
3,70.0,65000,265000.0,24.915,<20%,White,CashOut_Refinance,Principal_Residence,Originated,1.0,0,0.47518736470718226,51.2
3,193.0,515000,615000.0,85.0,43%-<50%,Black or African American,CashOut_Refinance,Principal_Residence,Originated,1.0,0,0.3732914623430243,21.43
5,140.0,155000,375000.0,78.353,Unknown,White,Home_Purchase,Principal_Residence,Incomplete,,0,0.43967308003355143,71.1
6,55.0,385000,375000.0,78.353,>60%,White,Other,Principal_Residence,Denied,0.0,0,0.38236489448339617,48.82
6,83.0,395000,405000.0,96.5,50%-60%,Black or African American,Home_Purchase,Principal_Residence,Denied,0.0,0,0.3921628688378009,38.52
0,240.0,645000,375000.0,78.353,Unknown,White,Home_Purchase,Principal_Residence,Withdrawn,,0,0.4054197201025509,18.66
0,183.0,565000,605000.0,94.5,30%-<36%,White,Home_Purchase,Principal_Residence,Originated,1.0,0,0.4238407611012235,87.47
5,56.0,45000,255000.0,70.223,36%-<43%,White,Home_Improvement,Principal_Residence,Originated,1.0,0,0.46218414497812976,17.74
0,228.0,155000,375000.0,78.353,Unknown,Race Not Available,Home_Purchase,Principal_Residence,Withdrawn,,0,0.4397207235464071,10.3
4,86.0,175000,185000.0,78.353,50%-60%,Black or African American,Home_Purchase,Principal_Residence,Approved_NotAccepted,,0,0.4002583688773542,21.64
0,67.0,275000,265000.0,100.0,30%-<36%,White,Home_Purchase,Principal_Residence,Originated,1.0,0,0.43881339744044484,9.59
0,148.0,315000,395000.0,80.0,43%-<50%,White,Home_Purchase,Principal_Residence,Originated,1.0,0,0.36736869502219416,31.9
6,44.0,15000,375000.0,60.444,>60%,White,Other,Principal_Residence,Denied,0.0,0,0.4491297227401174,22.38
0,56.0,125000,195000.0,63.681,36%-<43%,White,Home_Improvement,Principal_Residence,Originated,1.0,0,0.48890537048207644,99.16
0,189.0,735000,865000.0,78.353,Unknown,White,Home_Purchase,Principal_Residence,Purchased,,0,0.40598449568092393,21.52
0,145.0,345000,365000.0,95.0,36%-<43%,White,Home_Purchase,Principal_Residence,Originated,1.0,0,0.38096523673863075,42.78
0,48.0,195000,185000.0,100.0,43%-<50%,White,Home_Purchase,Principal_Residence,Originated,1.0,0,0.3996282077668308,58.41
0,110.0,315000,395000.0,80.0,36%-<43%,Race Not Available,Home_Purchase,Principal_Residence,Originated,1.0,0,0.3609198658665265,12.88
2,95.0,115000,235000.0,0.5,Unknown,Race Not Available,Other,Investment,Originated,1.0,2,0.5864057541529107,0.0
0,95.0,115000,115000.0,78.353,Unknown,Race Not Available,Home_Purchase,Principal_Residence,Purchased,,0,0.40230160111433294,77.65
3,103.0,345000,565000.0,62.143,20%-<30%,White,Refinance,Principal_Residence,Originated,1.0,0,0.3794625212567497,56.32
5,121.0,95000,565000.0,69.94,36%-<43%,White,Home_Improvement,Principal_Residence,Originated,1.0,0,0.381750886440159,7.76
3,59.0,155000,225000.0,68.182,30%-<36%,Asian,Refinance,Principal_Residence,Originated,1.0,0,0.4357084092104647,30.17
0,33.0,35000,375000.0,78.353,Exempt,White,Home_Purchase,Principal_Residence,Withdrawn,,0,0.3899364293029402,5.23
5,171.0,15000,375000.0,78.353,Exempt,White,Home_Improvement,Principal_Residence,Originated,1.0,0,0.3802834348941092,20.06
0,260.0,555000,655000.0,84.78,<20%,White,Home_Purchase,Principal_Residence,Originated,1.0,0,0.4093393997515625,34.41
0,209.0,805000,1015000.0,80.0,36%-<43%,White,Home_Improvement,Principal_Residence,Originated,1.0,1,0.454381332267729,20.16
2,18.0,135000,325000.0,41.569,36%-<43%,White,Refinance,Investment,Originated,1.0,0,0.44136314504131263,93.63
3,42.0,145000,345000.0,42.58,36%-<43%,Joint,CashOut_Refinance,Principal_Residence,Originated,1.0,0,0.39685884574133184,13.36
0,95.0,185000,185000.0,78.353,Unknown,Race Not Available,Home_Purchase,Principal_Residence,Purchased,,0,0.36243843030051626,18.72
2,127.0,325000,375000.0,78.353,Unknown,White,CashOut_Refinance,Investment,Withdrawn,,0,0.41811034092639465,98.92
5,80.0,15000,295000.0,72.974,30%-<36%,White,Home_Improvement,Principal_Residence,Originated,1.0,0,0.40935557890563795,12.47
3,173.0,345000,475000.0,73.784,36%-<43%,White,CashOut_Refinance,Principal_Residence,Originated,1.0,0,0.3826625065153624,42.55
5,52.0,35000,305000.0,60.21,43%-<50%,Race Not Available,Home_Improvement,Principal_Residence,Denied,0.0,0,0.45508336077295297,86.75
6,37.0,45000,635000.0,39.66,>60%,White,Home_Improvement,Principal_Residence,Denied,0.0,1,0.49827930749085986,91.28
0,101.0,295000,375000.0,78.353,Unknown,Race Not Available,Home_Purchase,Principal_Residence,Withdrawn,,0,0.36967061865441947,77.13
0,25.0,85000,85000.0,97.0,43%-<50%,White,Home_Purchase,Principal_Residence,Originated,1.0,0,0.39886998960905157,8.83
0,145.0,295000,375000.0,78.353,Unknown,Race Not Available,Home_Purchase,Principal_Residence,Withdrawn,,0,0.38130251063517784,55.4
0,95.0,285000,285000.0,78.353,Unknown,Race Not Available,Home_Purchase,Principal_Residence,Purchased,,0,0.36768597598938624,55.39
6,130.0,355000,355000.0,100.0,50%-60%,White,Home_Purchase,Principal_Residence,Originated,1.0,0,0.3782155600343213,15.93
2,95.0,305000,555000.0,54.545,Unknown,Race Not Available,CashOut_Refinance,Investment,Denied,0.0,0,0.37990651882087345,11.14
2,269.0,1355000,1855000.0,72.97,36%-<43%,White,Home_Improvement,Investment,Originated,1.0,2,0.574781462051502,45.7
0,200.0,345000,435000.0,80.0,20%-<30%,White,Home_Purchase,Principal_Residence,Originated,1.0,0,0.39777114996224633,17.79
5,57.0,35000,375000.0,78.353,Unknown,White,Other,Principal_Residence,Withdrawn,,0,0.3772306410871225,6.92
3,150.0,195000,275000.0,70.55,20%-<30%,Black or African American,Refinance,Principal_Residence,Originated,1.0,0,0.38469583552831865,64.78
1,511.0,755000,4505000.0,39.09,20%-<30%,Asian,Other,Principal_Residence,Originated,1.0,3,0.6787587275471458,53.46
3,90.0,205000,325000.0,62.927,30%-<36%,White,Refinance,Principal_Residence,Originated,1.0,0,0.3822055194676436,7.45
0,46.0,125000,125000.0,78.353,Unknown,Black or African American,Home_Purchase,Principal_Residence,Purchased,,0,0.36423539098176283,41.08
0,120.0,355000,375000.0,95.0,43%-<50%,Black or African American,Home_Purchase,Principal_Residence,Originated,1.0,0,0.4105170909850062,93.46
1,655.0,155000,745000.0,73.239,20%-<30%,White,Home_Improvement,Principal_Residence,Originated,1.0,0,0.46556513644720826,22.29
0,100.0,135000,145000.0,98.19,43%-<50%,Race Not Available,Home_Purchase,Principal_Residence,Originated,1.0,0,0.3737522095529309,12.87
0,177.0,635000,855000.0,75.0,43%-<50%,Race Not Available,Home_Purchase,Principal_Residence,Originated,1.0,0,0.4798763965763446,62.54
2,224.0,365000,595000.0,60.6723,20%-<30%,White,CashOut_Refinance,Investment,Originated,1.0,0,0.4032959818390566,38.7
0,88.0,245000,245000.0,96.5,20%-<30%,Joint,Home_Purchase,Principal_Residence,Originated,1.0,0,0.39741849425373177,67.26
6,33.0,225000,325000.0,67.692,>60%,White,CashOut_Refinance,Principal_Residence,Denied,0.0,0,0.38330571612066716,4.46
0,82.0,415000,465000.0,90.0,43%-<50%,White,Home_Purchase,Principal_Residence,Originated,1.0,0,0.3597544375789887,30.64
5,199.0,95000,375000.0,78.353,Unknown,Race Not Available,Other,Principal_Residence,Withdrawn,,0,0.39240217216760964,45.63
5,27.0,45000,285000.0,36.82,36%-<43%,White,Refinance,Principal_Residence,Originated,1.0,0,0.42332470177432613,26.8
3,69.0,345000,375000.0,78.353,Unknown,Race Not Available,CashOut_Refinance,Principal_Residence,Withdrawn,,0,0.34666382401313656,37.42
0,169.0,365000,545000.0,76.8,30%-<36%,Joint,Home_Purchase,Principal_Residence,Originated,1.0,0,0.3752476566506949,11.43
3,128.0,335000,425000.0,79.86,36%-<43%,White,CashOut_Refinance,Principal_Residence,Originated,1.0,0,0.3979101097176808,50.8
0,270.0,615000,655000.0,95.0,36%-<43%,White,Home_Purchase,Principal_Residence,Originated,1.0,0,0.4148047531201249,29.45
5,123.0,55000,395000.0,79.778,36%-<43%,White,Other,Principal_Residence,Originated,1.0,0,0.3714487958120321,19.08
6,75.0,275000,335000.0,81.4,50%-60%,Race Not Available,CashOut_Refinance,Principal_Residence,Originated,1.0,0,0.3480057712841623,12.56
0,175.0,235000,335000.0,70.0,30%-<36%,White,Home_Purchase,Principal_Residence,Originated,1.0,0,0.36054289554609,15.52
0,95.0,285000,435000.0,78.353,Unknown,Race Not Available,Home_Purchase,Principal_Residence,Purchased,,0,0.3616718207526592,56.69
6,0.0,205000,205000.0,97.0,>60%,White,Home_Purchase,Principal_Residence,Denied,0.0,0,0.39122395882981453,21.37
3,36.0,145000,205000.0,70.0,36%-<43%,Race Not Available,CashOut_Refinance,Principal_Residence,Denied,0.0,0,0.36061655181467966,27.67
3,93.0,155000,305000.0,50.0,<20%,White,CashOut_Refinance,Principal_Residence,Denied,0.0,0,0.38420663973390434,9.12
5,265.0,145000,605000.0,70.27,20%-<30%,White,Home_Improvement,Principal_Residence,Originated,1.0,0,0.441617252764359,59.34
3,136.0,255000,455000.0,58.0,30%-<36%,Black or African American,Refinance,Principal_Residence,Originated,1.0,0,0.3755932078357363,41.4
0,109.0,305000,375000.0,78.353,Unknown,White,Home_Purchase,Principal_Residence,Withdrawn,,0,0.3525374927945037,17.7
3,129.0,615000,375000.0,78.353,Unknown,White,CashOut_Refinance,Principal_Residence,Withdrawn,,0,0.3719933273076579,19.46
1,408.0,1145000,1435000.0,80.0,20%-<30%,Joint,Home_Purchase,Principal_Residence,Originated,1.0,2,0.5464844476362636,24.31
0,136.0,525000,375000.0,78.353,Unknown,Joint,Home_Purchase,Principal_Residence,Withdrawn,,0,0.37211828853553186,51.51
0,41.0,145000,145000.0,103.397,36%-<43%,Black or African American,Home_Purchase,Principal_Residence,Originated,1.0,0,0.4580862928161486,95.93
0,169.0,365000,455000.0,80.0,<20%,White,Home_Purchase,Principal_Residence,Originated,1.0,0,0.37950702645642037,12.22
0,95.0,265000,275000.0,78.353,Unknown,Race Not Available,Home_Purchase,Principal_Residence,Purchased,,0,0.3491810303598353,22.34
0,95.0,145000,155000.0,78.353,Unknown,Race Not Available,NotApplicable,Principal_Residence,Purchased,,1,0.39827523074536153,55.99
2,95.0,395000,655000.0,60.0,Unknown,Asian,Home_Purchase,Investment,Originated,1.0,0,0.42694871075498425,59.58
0,48.0,155000,205000.0,75.0,43%-<50%,White,Home_Purchase,Principal_Residence,Approved_NotAccepted,,0,0.36401858483807203,25.44
3,2.0,255000,605000.0,42.16,30%-<36%,White,CashOut_Refinance,Principal_Residence,Originated,1.0,1,0.4748348132386906,18.18
3,74.0,235000,295000.0,79.0,30%-<36%,Race Not Available,CashOut_Refinance,Principal_Residence,Originated,1.0,0,0.4369372215734221,87.14
0,69.0,205000,205000.0,96.5,20%-<30%,White,Home_Purchase,Principal_Residence,Originated,1.0,0,0.37776560904004486,35.59
5,293.0,45000,645000.0,64.93,30%-<36%,Race Not Available,Other,Principal_Residence,Originated,1.0,0,0.47413771045431,23.87
0,188.0,645000,375000.0,78.353,Unknown,White,Home_Purchase,Principal_Residence,Withdrawn,,0,0.3985127760268329,23.37
3,17.0,105000,295000.0,33.784,36%-<43%,White,Home_Purchase,Principal_Residence,Originated,1.0,0,0.41463324671049856,24.69
3,28.0,145000,375000.0,78.353,Unknown,White,CashOut_Refinance,Principal_Residence,Withdrawn,,0,0.35805575982915583,17.14
2,77.0,235000,355000.0,78.353,Unknown,White,Refinance,Investment,Purchased,,0,0.3434100898449958,20.41
0,102.0,55000,375000.0,78.353,Unknown,White,Other,Principal_Residence,Withdrawn,,0,0.41931491457732684,41.9
0,201.0,325000,335000.0,96.5,43%-<50%,White,Home_Purchase,Principal_Residence,Originated,1.0,0,0.3802474471895965,21.43
3,120.0,525000,655000.0,80.0,43%-<50%,White,CashOut_Refinance,Principal_Residence,Originated,1.0,0,0.41590572778639634,80.0
0,95.0,85000,255000.0,78.353,Unknown,Race Not Available,NotApplicable,Principal_Residence,Purchased,,0,0.4420667362061567,9.37
5,121.0,105000,1055000.0,50.8265,43%-<50%,White,Other,Principal_Residence,Originated,1.0,1,0.4719912360780827,53.95
5,353.0,805000,1955000.0,79.88,43%-<50%,White,Other,Principal_Residence,Originated,1.0,1,0.518732398093399,47.63
0,103.0,445000,475000.0,95.0,43%-<50%,Race Not Available,Home_Purchase,Principal_Residence,Originated,1.0,0,0.37270943877471874,54.0
1,573.0,705000,785000.0,90.0,20%-<30%,White,Home_Purchase,Principal_Residence,Originated,1.0,0,0.522713695305881,94.69
3,50.0,205000,375000.0,55.0,36%-<43%,White,CashOut_Refinance,Principal_Residence,Originated,1.0,0,0.3824892023046182,53.85
0,46.0,215000,235000.0,93.478,36%-<43%,White,Home_Purchase,Principal_Residence,Originated,1.0,0,0.36600444786930025,27.27
3,84.0,255000,505000.0,52.0,43%-<50%,White,Refinance,Principal_Residence,Originated,1.0,0,0.41123417512000576,7.68
3,95.0,155000,1205000.0,78.353,Unknown,Race Not Available,CashOut_Refinance,Principal_Residence,Purchased,,0,0.3981227778361726,22.15
2,95.0,405000,585000.0,78.353,Unknown,Race Not Available,CashOut_Refinance,Investment,Purchased,,0,0.4539946304038438,86.32
0,84.0,245000,385000.0,62.042,20%-<30%,White,Home_Purchase,Principal_Residence,Originated,1.0,0,0.36812800293158227,6.15
0,67.0,345000,355000.0,97.0,43%-<50%,White,Home_Purchase,Principal_Residence,Originated,1.0,0,0.3612309931078671,28.51
0,69.0,95000,375000.0,78.353,Unknown,White,Other,Principal_Residence,Withdrawn,,0,0.35976126640938205,11.69
0,270.0,495000,375000.0,78.353,Unknown,Race Not Available,Home_Purchase,Principal_Residence,Denied,0.0,0,0.4020718147652207,58.23
3,95.0,245000,335000.0,78.353,Unknown,Race Not Available,CashOut_Refinance,Principal_Residence,Purchased,,0,0.3540401125491565,10.93
0,136.0,785000,825000.0,92.754,43%-<50%,Asian,Home_Purchase,Principal_Residence,Originated,1.0,0,0.46264675615799,92.94
6,37.0,265000,305000.0,86.885,>60%,Race Not Available,Refinance,Principal_Residence,Denied,0.0,0,0.38825340823127547,74.99
3,35.0,105000,375000.0,26.921,36%-<43%,White,Home_Purchase,Principal_Residence,Originated,1.0,1,0.4974615871677343,9.38
0,26.0,105000,105000.0,98.058,43%-<50%,White,Home_Purchase,Principal_Residence,Originated,1.0,0,0.5053776311702136,99.36
0,306.0,1005000,1265000.0,79.266,36%-<43%,White,Home_Purchase,Principal_Residence,Originated,1.0,1,0.4979934665505522,66.66
0,150.0,45000,265000.0,84.67,30%-<36%,White,Other,Principal_Residence,Originated,1.0,1,0.4729122693447719,10.48
6,30.0,25000,515000.0,33.851,>60%,White,Other,Principal_Residence,Denied,0.0,0,0.48846812921219807,94.7
6,104.0,45000,385000.0,80.0,>60%,White,CashOut_Refinance,Principal_Residence,Originated,1.0,0,0.4155463423535215,19.35
4,104.0,45000,255000.0,88.273,36%-<43%,White,Home_Improvement,Principal_Residence,Denied,0.0,0,0.43823061332394964,10.26
6,54.0,285000,295000.0,96.5,50%-60%,Black or African American,Home_Purchase,Principal_Residence,Originated,1.0,0,0.36061006654968425,24.63
4,68.0,215000,375000.0,78.353,Unknown,Race Not Available,Home_Purchase,Principal_Residence,Incomplete,,0,0.37449455116368063,29.14
6,120.0,365000,375000.0,95.0,50%-60%,White,Home_Purchase,Principal_Residence,Originated,1.0,0,0.37794900010405963,20.06
5,44.0,45000,225000.0,100.0,36%-<43%,Asian,Home_Purchase,Principal_Residence,Originated,1.0,0,0.46287983790273013,20.24
2,159.0,305000,325000.0,95.0,36%-<43%,White,Home_Purchase,Investment,Originated,1.0,0,0.3648601502740325,11.48
2,95.0,415000,375000.0,78.353,Unknown,Race Not Available,Home_Purchase,Investment,Denied,0.0,0,0.3559350643034515,46.6
2,95.0,305000,415000.0,72.29,Unknown,Race Not Available,CashOut_Refinance,Investment,Originated,1.0,1,0.449053907033702,28.09
6,76.0,365000,455000.0,80.0,>60%,White,Home_Purchase,Principal_Residence,Denied,0.0,0,0.3575412905098704,34.45
0,95.0,545000,785000.0,78.353,Unknown,Race Not Available,Home_Purchase,Principal_Residence,Purchased,,0,0.38863058548393387,53.55
0,95.0,205000,195000.0,78.353,Unknown,Race Not Available,Home_Purchase,Principal_Residence,Purchased,,0,0.4087767626963747,18.18
0,52.0,145000,155000.0,96.5,43%-<50%,Race Not Available,Home_Purchase,Principal_Residence,Denied,0.0,0,0.3978116088701501,79.64
5,279.0,405000,2135000.0,56.136,43%-<50%,White,Home_Improvement,Principal_Residence,Originated,1.0,2,0.5989557238462434,13.72
0,163.0,565000,705000.0,80.0,36%-<43%,Black or African American,Home_Purchase,Principal_Residence,Originated,1.0,0,0.44472971525395344,41.92
0,143.0,375000,425000.0,85.88,36%-<43%,White,Home_Purchase,Principal_Residence,Originated,1.0,0,0.3619942251350444,11.61
0,95.0,185000,245000.0,78.353,Unknown,Race Not Available,Home_Purchase,Principal_Residence,Purchased,,0,0.38399071735383944,60.72
3,20.0,55000,75000.0,78.0,30%-<36%,White,CashOut_Refinance,Principal_Residence,Originated,1.0,0,0.4195518736878359,65.96
0,95.0,775000,1055000.0,78.353,Unknown,Race Not Available,Home_Purchase,Principal_Residence,Purchased,,0,0.456626018687502,20.68
3,70.0,115000,165000.0,70.625,36%-<43%,Black or African American,CashOut_Refinance,Principal_Residence,Originated,1.0,0,0.40667162251424943,92.32
0,95.0,455000,565000.0,78.353,Unknown,Race Not Available,Home_Purchase,Principal_Residence,Purchased,,0,0.3589546338817936,13.94
0,95.0,245000,375000.0,78.353,Unknown,White,Home_Purchase,Principal_Residence,Incomplete,,0,0.36349039484717227,14.04
0,70.0,335000,355000.0,95.0,36%-<43%,Black or African American,Home_Purchase,Principal_Residence,Originated,1.0,0,0.3589029813756005,23.36
0,160.0,265000,275000.0,95.0,<20%,White,Home_Purchase,Principal_Residence,Approved_NotAccepted,,0,0.3680975673548755,28.38
3,209.0,465000,515000.0,90.0,30%-<36%,White,Refinance,Principal_Residence,Originated,1.0,0,0.3735918834376676,32.22
5,85.0,5000,265000.0,2.809,36%-<43%,White,Home_Purchase,Principal_Residence,Originated,1.0,0,0.4901226299203888,15.52
3,109.0,405000,375000.0,78.353,Unknown,White,Refinance,Principal_Residence,Incomplete,,0,0.4259998085130835,85.67
2,246.0,275000,365000.0,75.0,>60%,Joint,Home_Purchase,Investment,Denied,0.0,1,0.38466307740991956,58.4
0,71.0,225000,375000.0,78.353,Unknown,Black or African American,Home_Purchase,Principal_Residence,Incomplete,,0,0.3720207342699754,49.33
3,65.0,155000,375000.0,78.353,Unknown,Race Not Available,Refinance,Principal_Residence,Withdrawn,,0,0.36138660271161904,4.64
5,95.0,85000,345000.0,81.18,20%-<30%,White,Refinance,Principal_Residence,Originated,1.0,1,0.44729985852708354,11.38
2,246.0,175000,285000.0,61.0,Unknown,Asian,Home_Purchase,Investment,Originated,1.0,1,0.49653010851455603,55.3
6,13.0,65000,205000.0,30.0,>60%,White,Refinance,Principal_Residence,Denied,0.0,0,0.4498928111207997,7.06
6,48.0,475000,655000.0,73.231,>60%,White,CashOut_Refinance,Principal_Residence,Denied,0.0,0,0.3829244355654022,29.03
0,309.0,445000,555000.0,78.353,Unknown,Race Not Available,Home_Purchase,Second_Residence,Purchased,,0,0.3904590877173333,8.65
5,110.0,35000,435000.0,77.45,36%-<43%,White,Other,Principal_Residence,Approved_NotAccepted,,0,0.43248526043336316,46.9
6,90.0,55000,505000.0,84.8,>60%,White,Other,Principal_Residence,Denied,0.0,0,0.3829304757431961,15.89
6,8.0,125000,485000.0,44.62,>60%,White,Home_Improvement,Principal_Residence,Denied,0.0,0,0.40481562944907,19.61
0,37.0,105000,115000.0,93.0,30%-<36%,White,Home_Purchase,Principal_Residence,Denied,0.0,0,0.3845869805491979,6.8
0,64.0,65000,375000.0,78.353,Exempt,White,Home_Purchase,Principal_Residence,Originated,1.0,0,0.3861086656452856,48.9
3,126.0,355000,615000.0,56.634,43%-<50%,White,CashOut_Refinance,Principal_Residence,Originated,1.0,0,0.4262474659460211,25.34
3,36.0,75000,375000.0,78.353,Exempt,White,CashOut_Refinance,Principal_Residence,Denied,0.0,0,0.35910516327352726,24.34
3,143.0,215000,475000.0,45.0,20%-<30%,Black or African American,Refinance,Principal_Residence,Originated,1.0,1,0.4724901367326896,24.69
4,40.0,85000,155000.0,51.613,36%-<43%,White,CashOut_Refinance,Principal_Residence,Originated,1.0,0,0.42500807594834267,6.38
0,95.0,1365000,1705000.0,78.353,Unknown,Race Not Available,Home_Purchase,Principal_Residence,Purchased,,0,0.4993488659742944,27.54
0,135.0,415000,445000.0,93.217,36%-<43%,Black or African American,Home_Purchase,Principal_Residence,Originated,1.0,0,0.38590528481377523,77.49
5,212.0,55000,635000.0,58.73,20%-<30%,White,Home_Improvement,Principal_Residence,Originated,1.0,0,0.3940072819708608,15.37
0,160.0,545000,565000.0,95.0,36%-<43%,White,Home_Purchase,Principal_Residence,Originated,1.0,0,0.37920970683871297,18.13
3,42.0,125000,375000.0,78.353,Unknown,White,CashOut_Refinance,Principal_Residence,Incomplete,,0,0.3742166901790789,27.25
3,95.0,445000,475000.0,78.353,Unknown,Race Not Available,Refinance,Principal_Residence,Originated,1.0,0,0.40669100363065236,14.53
3,62.0,65000,205000.0,29.774,30%-<36%,White,Other,Principal_Residence,Originated,1.0,0,0.5003439095412868,10.71
6,70.0,445000,435000.0,101.75,>60%,Black or African American,Home_Purchase,Principal_Residence,Denied,0.0,0,0.4165919270387729,81.99
3,89.0,125000,375000.0,78.353,Unknown,Race Not Available,CashOut_Refinance,Principal_Residence,Withdrawn,,0,0.34546169005019645,22.0
0,95.0,275000,285000.0,78.353,Unknown,Race Not Available,Home_Purchase,Principal_Residence,Purchased,,0,0.34769377593680206,41.28
0,109.0,385000,515000.0,75.0,36%-<43%,White,Home_Purchase,Principal_Residence,Originated,1.0,0,0.35970164831003326,18.08
3,29.0,275000,375000.0,78.353,Unknown,White,CashOut_Refinance,Principal_Residence,Withdrawn,,0,0.3951957678304588,92.9
0,171.0,365000,455000.0,78.353,Unknown,Race Not Available,Home_Purchase,Principal_Residence,Purchased,,0,0.3800864344363403,51.49
4,57.0,45000,45000.0,78.353,>60%,White,Home_Purchase,Principal_Residence,Denied,0.0,0,0.43015596347518226,8.37
0,112.0,365000,375000.0,78.353,Unknown,Race Not Available,Home_Purchase,Principal_Residence,Preapproval_Approved_NotAccepted,,0,0.36277812070718524,41.38
4,65.0,85000,95000.0,78.353,30%-<36%,White,Home_Purchase,Principal_Residence,Denied,0.0,0,0.39689256031576314,29.7
0,95.0,385000,405000.0,78.353,Unknown,Race Not Available,Home_Purchase,Principal_Residence,Purchased,,0,0.3579172149313948,40.92
5,149.0,55000,625000.0,29.132,30%-<36%,Race Not Available,Home_Improvement,Principal_Residence,Originated,1.0,0,0.5025998677368169,22.0
0,163.0,605000,665000.0,90.606,30%-<36%,Race Not Available,Home_Purchase,Principal_Residence,Originated,1.0,0,0.411766037529223,43.55
0,95.0,175000,225000.0,80.0,20%-<30%,Joint,Home_Purchase,Principal_Residence,Originated,1.0,0,0.35955762665651414,9.24
3,95.0,145000,375000.0,78.353,Unknown,White,Refinance,Principal_Residence,Denied,0.0,0,0.3847518359427416,81.98
3,118.0,155000,555000.0,27.928,<20%,White,Home_Purchase,Principal_Residence,Preapproval_Approved_NotAccepted,,2,0.5760157357539873,0.0
2,223.0,255000,445000.0,56.306,43%-<50%,Race Not Available,Home_Purchase,Investment,Originated,1.0,0,0.3956987115042828,66.17
0,110.0,255000,455000.0,55.56,36%-<43%,Race Not Available,Home_Purchase,Principal_Residence,Originated,1.0,0,0.4098280154862062,86.89
0,95.0,945000,1265000.0,78.353,Unknown,Race Not Available,Home_Purchase,Principal_Residence,Purchased,,0,0.46973511259055856,56.98
1,377.0,855000,1015000.0,85.0,20%-<30%,White,Home_Purchase,Principal_Residence,Approved_NotAccepted,,1,0.4648115008257313,50.19
0,49.0,305000,405000.0,75.0,43%-<50%,White,Home_Purchase,Second_Residence,Originated,1.0,0,0.35864689891813656,44.66
5,168.0,105000,375000.0,78.353,Unknown,Race Not Available,Other,Principal_Residence,Incomplete,,0,0.38680171829575405,79.93
0,40.0,75000,75000.0,78.353,Unknown,Race Not Available,Home_Purchase,Principal_Residence,Purchased,,0,0.36712321132327874,31.98
3,37.0,105000,205000.0,53.0,30%-<36%,White,CashOut_Refinance,Principal_Residence,Originated,1.0,0,0.3829540051637088,23.85
6,93.0,675000,755000.0,90.0,50%-60%,White,CashOut_Refinance,Principal_Residence,Originated,1.0,0,0.40563679881650927,12.37
0,71.0,295000,375000.0,78.353,Exempt,Asian,Home_Purchase,Principal_Residence,Originated,1.0,0,0.3452448449321911,36.51
6,56.0,155000,425000.0,81.7,>60%,Race Not Available,Home_Purchase,Principal_Residence,Denied,0.0,0,0.407587982346117,95.53
0,178.0,615000,825000.0,75.0,36%-<43%,Race Not Available,Home_Purchase,Principal_Residence,Originated,1.0,0,0.4099832170673158,55.5
0,270.0,595000,945000.0,64.0,43%-<50%,White,Home_Purchase,Principal_Residence,Originated,1.0,0,0.4253969817409424,33.06
3,52.0,175000,175000.0,101.19,Unknown,White,Refinance,Principal_Residence,Originated,1.0,0,0.38894794704113206,18.51
0,146.0,895000,1345000.0,66.52,43%-<50%,Race Not Available,Home_Purchase,Principal_Residence,Originated,1.0,0,0.470018596059159,28.72
0,110.0,385000,405000.0,95.0,43%-<50%,Black or African American,Home_Purchase,Principal_Residence,Originated,1.0,0,0.37611418131067204,31.49
5,262.0,155000,885000.0,85.975,20%-<30%,White,CashOut_Refinance,Principal_Residence,Originated,1.0,1,0.520569213686201,94.07
0,65.0,275000,315000.0,90.0,36%-<43%,Race Not Available,Home_Purchase,Principal_Residence,Originated,1.0,0,0.3561092658125904,22.91
2,73.0,35000,55000.0,70.0,36%-<43%,Asian,Other,Investment,Originated,1.0,0,0.40861092593432025,79.72
0,82.0,325000,335000.0,100.743,36%-<43%,Asian,Home_Purchase,Principal_Residence,Originated,1.0,0,0.3964729308897381,13.25
5,40.0,25000,375000.0,78.353,Unknown,White,Home_Improvement,Principal_Residence,Withdrawn,,0,0.37748049102575315,26.0
6,19.0,95000,165000.0,58.125,>60%,Race Not Available,CashOut_Refinance,Principal_Residence,Denied,0.0,0,0.42769095885092495,59.71
0,227.0,925000,375000.0,78.353,Unknown,Asian,Home_Purchase,Principal_Residence,Withdrawn,,0,0.44416001162997926,73.35
3,91.0,545000,615000.0,89.583,36%-<43%,White,Refinance,Principal_Residence,Originated,1.0,0,0.3940478411190553,5.37
0,132.0,425000,435000.0,96.5,30%-<36%,White,Home_Purchase,Principal_Residence,Originated,1.0,0,0.36690798066232283,40.19
3,95.0,305000,405000.0,78.353,Unknown,Race Not Available,CashOut_Refinance,Principal_Residence,Purchased,,0,0.3482085556644494,49.67
3,80.0,105000,175000.0,62.284,<20%,White,Refinance,Principal_Residence,Originated,1.0,0,0.40484958438474905,30.89
5,192.0,205000,815000.0,75.5,36%-<43%,Race Not Available,Home_Improvement,Principal_Residence,Denied,0.0,0,0.3943584886551607,26.65
3,96.0,225000,455000.0,50.656,36%-<43%,White,Refinance,Principal_Residence,Originated,1.0,0,0.44020847708052285,7.76
3,150.0,405000,375000.0,78.353,Unknown,White,CashOut_Refinance,Principal_Residence,Withdrawn,,0,0.37035675902841925,17.39
3,121.0,365000,375000.0,78.353,Unknown,Race Not Available,CashOut_Refinance,Principal_Residence,Withdrawn,,0,0.3566384377646365,61.55
3,300.0,395000,375000.0,78.353,Unknown,Race Not Available,CashOut_Refinance,Principal_Residence,Withdrawn,,0,0.39905450551105104,53.2
2,62.0,45000,375000.0,78.353,Unknown,Race Not Available,Home_Purchase,Investment,Withdrawn,,0,0.42533260773560294,98.44
3,220.0,415000,515000.0,78.185,43%-<50%,Race Not Available,CashOut_Refinance,Principal_Residence,Originated,1.0,0,0.3756187991384096,5.83
0,95.0,305000,325000.0,78.353,Unknown,Race Not Available,Home_Purchase,Principal_Residence,Purchased,,0,0.3587271118559564,17.2
1,1206.0,1355000,1505000.0,90.0,20%-<30%,White,Home_Purchase,Second_Residence,Originated,1.0,3,0.6696321315544366,21.77
3,104.0,85000,185000.0,44.44,20%-<30%,White,Refinance,Principal_Residence,Originated,1.0,0,0.4140241619573569,58.38
0,79.0,475000,505000.0,93.75,43%-<50%,Race Not Available,Home_Purchase,Principal_Residence,Originated,1.0,0,0.3798107084104886,7.45
0,86.0,485000,795000.0,60.133,43%-<50%,White,Home_Purchase,Principal_Residence,Originated,1.0,0,0.38903970809012883,15.92
0,61.0,245000,255000.0,96.5,36%-<43%,Race Not Available,Home_Purchase,Principal_Residence,Preapproval_Denied,,2,0.5236843955900353,0.0
1,1969.0,3575000,5105000.0,70.0,<20%,Race Not Available,Home_Purchase,Principal_Residence,Originated,1.0,3,0.7258741606119544,23.89
3,124.0,205000,375000.0,78.353,Unknown,Race Not Available,CashOut_Refinance,Principal_Residence,Incomplete,,0,0.4269633891737438,6.24
3,184.0,215000,435000.0,78.353,Unknown,Race Not Available,Refinance,Principal_Residence,Purchased,,0,0.36905203087171556,45.33
0,95.0,375000,465000.0,78.353,Unknown,Race Not Available,Home_Purchase,Principal_Residence,Purchased,,0,0.35257383466170356,14.57
3,-139.0,75000,355000.0,23.0,<20%,Asian,Refinance,Principal_Residence,Denied,0.0,1,0.43584524303751976,35.83
0,101.0,155000,265000.0,58.491,36%-<43%,White,Home_Purchase,Principal_Residence,Originated,1.0,0,0.40190125068293375,65.46
0,39.0,55000,115000.0,43.86,36%-<43%,White,Other,Principal_Residence,Originated,1.0,0,0.5164483434915803,84.17
3,40.0,115000,145000.0,80.0,43%-<50%,Black or African American,Refinance,Principal_Residence,Originated,1.0,0,0.43448431277170557,95.37
3,54.0,255000,375000.0,78.353,Unknown,Black or African American,CashOut_Refinance,Principal_Residence,Withdrawn,,0,0.35534201115204145,32.56
5,79.0,65000,215000.0,73.81,<20%,White,Other,Principal_Residence,Originated,1.0,0,0.4360786555799929,6.16
3,173.0,665000,1155000.0,57.391,36%-<43%,Joint,CashOut_Refinance,Principal_Residence,Originated,1.0,0,0.46059158035882336,54.29
2,135.0,475000,635000.0,75.0,30%-<36%,White,CashOut_Refinance,Investment,Originated,1.0,0,0.39029184313379744,61.48
0,95.0,325000,315000.0,78.353,Unknown,Race Not Available,Home_Purchase,Principal_Residence,Purchased,,0,0.36643140066057284,9.31
6,125.0,435000,655000.0,67.312,50%-60%,White,Refinance,Principal_Residence,Denied,0.0,0,0.3804196621923601,34.4
2,95.0,155000,375000.0,78.353,Unknown,Race Not Available,CashOut_Refinance,Investment,Withdrawn,,0,0.3651613228549144,59.14
0,99.0,345000,375000.0,78.353,Unknown,Race Not Available,Home_Purchase,Principal_Residence,Originated,1.0,0,0.3829331102559711,87.77
0,36.0,145000,375000.0,78.353,Unknown,Race Not Available,Home_Purchase,Principal_Residence,Withdrawn,,0,0.3732863489071758,65.48
3,150.0,365000,375000.0,78.353,Unknown,White,CashOut_Refinance,Principal_Residence,Incomplete,,0,0.3517388126962355,18.5
3,135.0,545000,375000.0,78.353,Unknown,Race Not Available,CashOut_Refinance,Principal_Residence,Withdrawn,,0,0.39183276630557146,79.86
3,50.0,235000,425000.0,54.871,30%-<36%,White,CashOut_Refinance,Principal_Residence,Originated,1.0,0,0.36663864835829707,35.69
0,46.0,225000,375000.0,78.353,Unknown,Black or African American,Home_Purchase,Principal_Residence,Withdrawn,,0,0.37908068455642563,84.98
0,50.0,195000,375000.0,78.353,Unknown,White,Home_Purchase,Principal_Residence,Withdrawn,,0,0.35307145797256095,36.91
3,95.0,165000,375000.0,78.353,Unknown,White,Refinance,Principal_Residence,Withdrawn,,0,0.3883660153981273,87.8
5,265.0,85000,1385000.0,74.998,36%-<43%,Asian,Other,Principal_Residence,Originated,1.0,1,0.5272780450878654,39.58
2,73.0,305000,415000.0,73.171,43%-<50%,White,Home_Purchase,Investment,Originated,1.0,0,0.35845574777174394,30.4
3,65.0,155000,295000.0,53.621,20%-<30%,Black or African American,CashOut_Refinance,Principal_Residence,Originated,1.0,0,0.40681587955723275,45.23
5,65.0,75000,245000.0,73.963,30%-<36%,White,Other,Principal_Residence,Denied,0.0,0,0.3963136293421334,6.45
5,223.0,255000,1655000.0,66.15,36%-<43%,White,Home_Improvement,Principal_Residence,Originated,1.0,0,0.4560301535001512,51.46
6,17.0,45000,85000.0,47.059,50%-60%,White,Home_Purchase,Principal_Residence,Originated,1.0,0,0.41919584198596516,30.49
3,33.0,625000,1055000.0,78.353,Unknown,White,Refinance,Principal_Residence,Originated,1.0,0,0.41875930398322925,30.03
0,188.0,325000,555000.0,57.49,20%-<30%,White,Home_Purchase,Principal_Residence,Originated,1.0,0,0.3746553331050688,25.51
0,120.0,475000,495000.0,97.0,43%-<50%,2 or more minority races,Home_Purchase,Principal_Residence,Originated,1.0,0,0.4226129046525341,62.46
0,73.0,265000,255000.0,100.0,36%-<43%,White,Home_Purchase,Principal_Residence,Originated,1.0,0,0.3719759143933198,36.99
3,30.0,135000,165000.0,80.0,43%-<50%,White,CashOut_Refinance,Principal_Residence,Originated,1.0,0,0.3977605041151602,24.86
5,156.0,25000,495000.0,83.0,20%-<30%,White,Home_Improvement,Principal_Residence,Originated,1.0,1,0.49114353158759255,5.28
0,55.0,235000,235000.0,78.353,36%-<43%,Black or African American,Home_Purchase,Principal_Residence,Originated,1.0,0,0.3834705231211035,46.17
4,88.0,185000,185000.0,96.5,50%-60%,White,Home_Purchase,Principal_Residence,Originated,1.0,0,0.38877553763641026,8.52
3,128.0,165000,675000.0,24.0,<20%,White,Home_Improvement,Principal_Residence,Originated,1.0,0,0.44146427492983265,18.98
3,93.0,375000,545000.0,70.0,36%-<43%,Asian,CashOut_Refinance,Principal_Residence,Originated,1.0,0,0.3657696340273306,43.5
0,212.0,205000,215000.0,95.0,36%-<43%,White,Home_Purchase,Principal_Residence,Originated,1.0,0,0.4022281255057623,46.34
6,65.0,305000,325000.0,95.0,50%-60%,White,Home_Purchase,Principal_Residence,Originated,1.0,0,0.42390043526568616,15.77
5,120.0,45000,245000.0,98.274,Unknown,White,Home_Improvement,Principal_Residence,Denied,0.0,0,0.4329718606686376,18.39
4,93.0,205000,375000.0,78.353,Unknown,White,Home_Purchase,Principal_Residence,Withdrawn,,0,0.3478408571399284,14.18
0,103.0,375000,375000.0,78.353,Unknown,Black or African American,Home_Purchase,Principal_Residence,Withdrawn,,0,0.4015692814741349,84.08
5,152.0,105000,475000.0,27.38,<20%,White,Refinance,Principal_Residence,Originated,1.0,0,0.4338336828975755,9.41
3,113.0,185000,265000.0,69.0,36%-<43%,Race Not Available,Refinance,Principal_Residence,Originated,1.0,0,0.3565652874796075,21.08
5,28.0,45000,205000.0,56.349,43%-<50%,White,Refinance,Principal_Residence,Originated,1.0,0,0.38320680655725897,15.45
3,56.0,35000,315000.0,9.56,20%-<30%,White,Home_Improvement,Principal_Residence,Approved_NotAccepted,,0,0.4819622367716924,18.59
0,96.0,305000,325000.0,95.0,36%-<43%,White,Home_Purchase,Principal_Residence,Originated,1.0,0,0.3667087517640332,9.17
6,23.0,55000,425000.0,43.456,>60%,White,Other,Principal_Residence,Denied,0.0,0,0.4256199651646647,8.31
0,49.0,185000,235000.0,80.0,30%-<36%,White,Home_Purchase,Principal_Residence,Originated,1.0,0,0.40067003258569195,90.13
0,168.0,565000,705000.0,79.1,36%-<43%,Asian,Home_Purchase,Principal_Residence,Originated,1.0,0,0.4251282991985736,68.84
5,69.0,55000,485000.0,75.694,43%-<50%,Race Not Available,Other,Principal_Residence,Originated,1.0,0,0.3869820583278695,20.9
3,35.0,175000,375000.0,78.353,Unknown,Race Not Available,CashOut_Refinance,Principal_Residence,Withdrawn,,0,0.3663902611413641,62.12
3,39.0,245000,515000.0,78.353,Unknown,White,Refinance,Principal_Residence,Originated,1.0,0,0.38759122711451627,15.36
6,63.0,265000,415000.0,62.802,50%-60%,White,CashOut_Refinance,Principal_Residence,Denied,0.0,0,0.3645566840173197,44.14
0,153.0,355000,375000.0,78.353,Unknown,Black or African American,Home_Purchase,Principal_Residence,Withdrawn,,0,0.36174503812633535,67.29
1,430.0,705000,885000.0,80.0,20%-<30%,Race Not Available,Home_Purchase,Principal_Residence,Originated,1.0,3,0.5303672061484319,69.53
0,96.0,245000,255000.0,95.0,36%-<43%,White,Home_Purchase,Principal_Residence,Originated,1.0,0,0.4134703012556251,24.15
3,31.0,495000,1145000.0,78.353,Unknown,White,Refinance,Principal_Residence,Denied,0.0,0,0.3967255024494452,18.02
1,671.0,1005000,2995000.0,33.0,<20%,White,Other,Principal_Residence,Originated,1.0,4,0.6638668746325899,31.16
6,142.0,255000,1865000.0,13.441,50%-60%,White,Home_Improvement,Principal_Residence,Originated,1.0,3,0.6284317455450065,76.49
3,82.0,335000,465000.0,71.087,36%-<43%,Race Not Available,CashOut_Refinance,Principal_Residence,Denied,0.0,0,0.3640609172754245,14.08
5,82.0,105000,605000.0,60.342,43%-<50%,White,Other,Principal_Residence,Denied,0.0,0,0.4083068690873206,13.19
1,280.0,545000,375000.0,78.353,Unknown,Race Not Available,Home_Purchase,Principal_Residence,Withdrawn,,0,0.4009992675299938,39.95
4,64.0,35000,185000.0,17.071,<20%,White,Refinance,Principal_Residence,Approved_NotAccepted,,0,0.4969220633842808,15.07
6,150.0,335000,345000.0,95.0,50%-60%,Race Not Available,Home_Purchase,Principal_Residence,Originated,1.0,0,0.362328217566171,30.01
3,34.0,45000,375000.0,78.353,Unknown,White,CashOut_Refinance,Principal_Residence,Withdrawn,,0,0.41272803320788887,36.78
0,95.0,235000,275000.0,78.353,Unknown,Race Not Available,Home_Purchase,Principal_Residence,Purchased,,0,0.36514506156847,27.79
5,95.0,55000,365000.0,72.68,30%-<36%,White,Home_Improvement,Principal_Residence,Originated,1.0,0,0.3922936847441582,12.94
2,108.0,155000,375000.0,78.353,Unknown,Black or African American,CashOut_Refinance,Investment,Withdrawn,,0,0.3843421717003284,92.02
1,380.0,495000,615000.0,80.0,36%-<43%,White,Refinance,Principal_Residence,Originated,1.0,0,0.3989569357400924,19.51
1,394.0,495000,695000.0,71.22,20%-<30%,White,Home_Purchase,Principal_Residence,Originated,1.0,1,0.5393249723305702,10.28
3,78.0,295000,375000.0,80.0,36%-<43%,American Indian or Alaska Native,CashOut_Refinance,Principal_Residence,Originated,1.0,0,0.347575567353842,35.24
6,43.0,175000,705000.0,24.286,>60%,White,CashOut_Refinance,Principal_Residence,Denied,0.0,0,0.4482740279942786,44.73
6,30.0,25000,275000.0,75.93,>60%,Black or African American,Home_Improvement,Principal_Residence,Denied,0.0,0,0.43069973860488936,97.07
0,5.0,225000,495000.0,78.353,Unknown,White,Home_Purchase,Principal_Residence,Originated,1.0,1,0.46003197895556003,45.81
6,52.0,25000,165000.0,59.5,50%-60%,White,Other,Principal_Residence,Originated,1.0,0,0.4085698310122941,25.51
2,34.0,5000,375000.0,78.353,Exempt,Race Not Available,Home_Purchase,Investment,Originated,1.0,0,0.369778427709173,21.65
0,31.0,185000,205000.0,78.353,Unknown,Race Not Available,Home_Purchase,Principal_Residence,Purchased,,0,0.37917833241205146,60.61
0,78.0,325000,335000.0,96.5,43%-<50%,White,Home_Purchase,Principal_Residence,Originated,1.0,0,0.3628881565717176,15.84
5,257.0,65000,375000.0,78.353,Unknown,Black or African American,Other,Principal_Residence,Withdrawn,,0,0.3720689698603492,37.84
0,143.0,595000,625000.0,95.0,36%-<43%,Race Not Available,Home_Purchase,Principal_Residence,Originated,1.0,0,0.4005973269696909,54.55
0,45.0,185000,255000.0,75.0,43%-<50%,White,Home_Purchase,Principal_Residence,Originated,1.0,0,0.3674272829617587,11.52
3,137.0,645000,785000.0,82.446,36%-<43%,Race Not Available,CashOut_Refinance,Principal_Residence,Originated,1.0,0,0.3998693588523165,36.71
0,48.0,135000,175000.0,74.286,20%-<30%,White,Home_Purchase,Principal_Residence,Originated,1.0,0,0.36569483817581255,29.66
5,64.0,25000,295000.0,69.53,20%-<30%,White,Other,Principal_Residence,Originated,1.0,0,0.3678964409963885,10.04
0,36.0,165000,165000.0,96.5,36%-<43%,White,Home_Purchase,Principal_Residence,Originated,1.0,0,0.39308114427131874,12.33
5,250.0,45000,795000.0,74.989,20%-<30%,White,Home_Improvement,Principal_Residence,Denied,0.0,0,0.41442784255165904,32.66
5,196.0,5000,455000.0,62.33,20%-<30%,White,Home_Improvement,Principal_Residence,Originated,1.0,1,0.4809332518951808,19.25
3,288.0,245000,425000.0,57.0,36%-<43%,Black or African American,Refinance,Principal_Residence,Originated,1.0,0,0.4478777490495732,98.31
3,65.0,425000,375000.0,78.353,Unknown,Race Not Available,CashOut_Refinance,Principal_Residence,Incomplete,,0,0.354227418876729,25.69
3,30.0,95000,155000.0,66.0,30%-<36%,White,Refinance,Principal_Residence,Originated,1.0,0,0.3882371719986379,22.93
3,181.0,165000,455000.0,36.67,20%-<30%,White,CashOut_Refinance,Second_Residence,Originated,1.0,0,0.425381876077356,16.31
5,49.0,55000,365000.0,70.341,36%-<43%,White,CashOut_Refinance,Principal_Residence,Denied,0.0,0,0.3632268922516365,44.71
1,450.0,1395000,1745000.0,80.0,20%-<30%,White,Home_Purchase,Principal_Residence,Originated,1.0,1,0.5397502681698703,24.51
3,95.0,365000,455000.0,78.353,Unknown,Race Not Available,CashOut_Refinance,Principal_Residence,Purchased,,0,0.3912324463834511,24.81
4,11.0,5000,375000.0,78.353,Exempt,White,Other,Principal_Residence,Originated,1.0,0,0.393362296099728,53.66
6,35.0,125000,555000.0,58.3,>60%,Race Not Available,Home_Improvement,Principal_Residence,Denied,0.0,0,0.4084888474893879,22.26
5,173.0,125000,955000.0,65.138,36%-<43%,Race Not Available,Home_Improvement,Principal_Residence,Denied,0.0,0,0.4280941260298853,42.91
5,162.0,55000,505000.0,90.0,30%-<36%,White,Home_Purchase,Principal_Residence,Preapproval_Approved_NotAccepted,,3,0.5634398407154075,0.0
0,78.0,245000,305000.0,80.0,43%-<50%,White,Home_Purchase,Principal_Residence,Originated,1.0,0,0.3596127707745358,64.56
3,297.0,525000,375000.0,78.353,Unknown,White,Refinance,Second_Residence,Withdrawn,,0,0.39576380269278877,23.25
0,75.0,185000,375000.0,78.353,Unknown,White,Other,Principal_Residence,Withdrawn,,0,0.34790478903388633,22.75
1,428.0,435000,585000.0,75.0,30%-<36%,Race Not Available,Other,Second_Residence,Originated,1.0,0,0.4272309196967931,18.03
3,150.0,445000,615000.0,71.59,36%-<43%,White,Refinance,Principal_Residence,Originated,1.0,0,0.37525186274142214,6.87
0,42.0,55000,185000.0,52.778,<20%,White,Other,Principal_Residence,Originated,1.0,0,0.46080354574519894,3.09
5,215.0,65000,625000.0,43.412,30%-<36%,White,Home_Improvement,Principal_Residence,Originated,1.0,0,0.4166743211486587,29.16
0,90.0,135000,155000.0,90.0,20%-<30%,Black or African American,Home_Purchase,Principal_Residence,Originated,1.0,0,0.3607940747721487,32.8
0,73.0,245000,375000.0,78.353,Unknown,Black or African American,Home_Purchase,Principal_Residence,Withdrawn,,0,0.360037562130813,58.42
0,70.0,225000,235000.0,101.0,43%-<50%,White,Home_Purchase,Principal_Residence,Originated,1.0,0,0.3983286674786824,24.47
3,39.0,85000,155000.0,51.613,36%-<43%,White,Refinance,Principal_Residence,Originated,1.0,0,0.4037556839233595,36.9
4,26.0,125000,195000.0,65.0,>60%,Race Not Available,CashOut_Refinance,Principal_Residence,Denied,0.0,0,0.40720391968697034,31.03
0,54.0,165000,165000.0,78.353,36%-<43%,White,Home_Purchase,Principal_Residence,Originated,1.0,0,0.4241301139841681,95.71
0,101.0,295000,315000.0,95.0,43%-<50%,White,Home_Purchase,Principal_Residence,Originated,1.0,0,0.3769289349799653,21.78
0,82.0,165000,205000.0,80.249,20%-<30%,White,Home_Purchase,Principal_Residence,Originated,1.0,0,0.3526743010266726,13.51
5,147.0,65000,525000.0,75.736,30%-<36%,White,Other,Principal_Residence,Originated,1.0,0,0.3886134845991293,50.19
2,124.0,305000,405000.0,75.0,43%-<50%,Race Not Available,Refinance,Investment,Originated,1.0,0,0.37417840128584934,69.95
0,46.0,125000,165000.0,80.0,30%-<36%,White,Home_Purchase,Principal_Residence,Originated,1.0,0,0.39093588641397664,21.69
2,95.0,135000,215000.0,64.29,Unknown,Race Not Available,Home_Purchase,Investment,Originated,1.0,0,0.4437230087752694,83.59
3,135.0,555000,375000.0,78.353,Unknown,White,CashOut_Refinance,Principal_Residence,Incomplete,,0,0.3871520106891841,23.16
3,165.0,345000,555000.0,62.0,36%-<43%,Joint,Refinance,Principal_Residence,Originated,1.0,0,0.4368943640012227,28.89
2,95.0,335000,375000.0,78.353,Exempt,Race Not Available,Home_Purchase,Investment,Denied,0.0,0,0.34887236160081264,50.7
0,76.0,295000,285000.0,100.0,43%-<50%,Black or African American,Home_Purchase,Principal_Residence,Approved_NotAccepted,,0,0.4007854445440492,62.44
0,50.0,225000,245000.0,90.0,36%-<43%,Race Not Available,Home_Purchase,Principal_Residence,Originated,1.0,0,0.38239759401100776,55.11
3,95.0,245000,925000.0,26.149,20%-<30%,White,Refinance,Principal_Residence,Originated,1.0,3,0.644179638487738,0.0
3,66.0,125000,155000.0,80.0,20%-<30%,White,CashOut_Refinance,Principal_Residence,Originated,1.0,0,0.423392503884671,4.34
6,40.0,1215000,625000.0,193.939,>60%,White,CashOut_Refinance,Principal_Residence,Denied,0.0,0,0.5065702534258615,48.06
1,372.0,605000,1105000.0,54.348,20%-<30%,White,Other,Principal_Residence,Originated,1.0,1,0.5463206594145303,13.26
3,112.0,275000,395000.0,70.254,30%-<36%,White,Refinance,Principal_Residence,Originated,1.0,0,0.35744458254307016,8.56
0,95.0,285000,335000.0,78.353,Unknown,Race Not Available,Home_Purchase,Principal_Residence,Purchased,,0,0.38320910922950185,16.22
3,82.0,155000,435000.0,37.0,43%-<50%,White,Refinance,Principal_Residence,Originated,1.0,0,0.44645315575724154,30.99
3,50.0,205000,525000.0,39.238,36%-<43%,Asian,Refinance,Principal_Residence,Originated,1.0,0,0.4219685534831917,8.69
3,95.0,375000,545000.0,78.353,Unknown,Race Not Available,CashOut_Refinance,Principal_Residence,Purchased,,0,0.43273468426329553,67.49
5,160.0,55000,275000.0,88.369,20%-<30%,White,Refinance,Principal_Residence,Originated,1.0,0,0.39357279044150184,26.16
0,71.0,365000,455000.0,80.0,36%-<43%,Asian,Home_Purchase,Principal_Residence,Originated,1.0,0,0.3815034467807633,50.17
3,100.0,225000,315000.0,70.0,43%-<50%,Black or African American,CashOut_Refinance,Principal_Residence,Denied,0.0,0,0.38395408995390967,85.08
0,95.0,195000,195000.0,100.0,36%-<43%,White,Home_Purchase,Principal_Residence,Originated,1.0,0,0.38174735200044724,16.75
0,55.0,155000,155000.0,97.0,30%-<36%,Black or African American,Home_Purchase,Principal_Residence,Originated,1.0,0,0.3953358535758835,64.18
4,49.0,155000,175000.0,90.0,36%-<43%,White,Home_Purchase,Principal_Residence,Originated,1.0,0,0.38532100562123545,9.33
3,131.0,755000,375000.0,78.353,Unknown,Joint,CashOut_Refinance,Principal_Residence,Withdrawn,,0,0.42414971688562136,31.99
0,70.0,115000,125000.0,95.0,20%-<30%,Race Not Available,Home_Purchase,Principal_Residence,Originated,1.0,0,0.3705383926029256,38.65
6,85.0,95000,375000.0,78.353,50%-60%,White,Other,Principal_Residence,Denied,0.0,0,0.43442249503293767,50.16
3,86.0,235000,295000.0,79.828,36%-<43%,White,Refinance,Principal_Residence,Originated,1.0,0,0.3474059248066366,44.83
6,12.0,255000,435000.0,57.87,>60%,White,Other,Principal_Residence,Approved_NotAccepted,,0,0.40683999988818303,24.89
3,76.0,415000,655000.0,64.0,43%-<50%,White,CashOut_Refinance,Principal_Residence,Originated,1.0,0,0.3795680821634502,22.64
3,78.0,375000,375000.0,78.353,Unknown,Black or African American,CashOut_Refinance,Principal_Residence,Incomplete,,0,0.3509460815586995,50.25
6,82.0,345000,605000.0,79.815,>60%,Asian,Other,Principal_Residence,Denied,0.0,0,0.3830464701164876,50.74
0,137.0,325000,345000.0,97.0,30%-<36%,Race Not Available,Home_Purchase,Principal_Residence,Originated,1.0,0,0.3807889896073715,56.63
2,96.0,265000,375000.0,78.353,Unknown,White,CashOut_Refinance,Investment,Withdrawn,,0,0.3537473837978749,57.67
0,198.0,875000,1095000.0,80.0,36%-<43%,White,Home_Purchase,Principal_Residence,Originated,1.0,1,0.4745423470647554,18.92
3,204.0,195000,245000.0,80.0,36%-<43%,Race Not Available,CashOut_Refinance,Principal_Residence,Originated,1.0,0,0.4296377731487336,48.49
4,95.0,105000,185000.0,78.353,Unknown,Race Not Available,CashOut_Refinance,Principal_Residence,Purchased,,0,0.35044601033087763,22.18
0,182.0,995000,1115000.0,90.0,36%-<43%,Race Not Available,Home_Purchase,Principal_Residence,Originated,1.0,0,0.4594990158506742,25.3
0,83.0,195000,225000.0,90.0,43%-<50%,Black or African American,Home_Purchase,Principal_Residence,Denied,0.0,0,0.3680002691185462,31.49
4,36.0,95000,95000.0,78.353,20%-<30%,Black or African American,Home_Purchase,Principal_Residence,Denied,0.0,0,0.40057890327369894,46.68
5,76.0,25000,375000.0,78.353,Unknown,2 or more minority races,Home_Purchase,Principal_Residence,Withdrawn,,0,0.4183817300986903,33.76
1,281.0,885000,1105000.0,80.0,43%-<50%,White,Home_Purchase,Principal_Residence,Originated,1.0,1,0.4586535180988707,42.96
3,73.0,175000,455000.0,38.667,<20%,White,CashOut_Refinance,Principal_Residence,Originated,1.0,0,0.4037593078647922,41.46
6,103.0,305000,375000.0,80.0,50%-60%,White,CashOut_Refinance,Principal_Residence,Denied,0.0,0,0.3824267838442565,10.37
3,124.0,155000,375000.0,78.353,30%-<36%,White,CashOut_Refinance,Principal_Residence,Originated,1.0,0,0.35345332949267105,8.02
3,125.0,105000,365000.0,27.778,43%-<50%,Asian,Home_Improvement,Second_Residence,Originated,1.0,0,0.4722493210689793,67.92
2,106.0,165000,205000.0,80.0,Unknown,White,CashOut_Refinance,Investment,Originated,1.0,0,0.46884712449265853,57.63
0,90.0,205000,375000.0,78.353,Unknown,White,Home_Purchase,Principal_Residence,Withdrawn,,0,0.34675443693701824,44.79
3,77.0,215000,285000.0,74.913,36%-<43%,White,Refinance,Principal_Residence,Originated,1.0,0,0.3617145084254121,6.62
6,99.0,385000,395000.0,96.5,50%-60%,White,Home_Purchase,Principal_Residence,Originated,1.0,0,0.364264598791941,15.68
0,89.0,525000,745000.0,70.0,43%-<50%,Asian,Home_Purchase,Principal_Residence,Originated,1.0,0,0.39840667226532755,22.43
6,81.0,255000,585000.0,101.295,>60%,White,Other,Principal_Residence,Denied,0.0,0,0.4565782790858384,36.21
3,60.0,45000,375000.0,78.353,Exempt,White,Refinance,Principal_Residence,Originated,1.0,0,0.368366867641167,13.39
4,53.0,125000,135000.0,95.0,43%-<50%,White,Home_Purchase,Principal_Residence,Denied,0.0,0,0.3782953903965953,5.44
5,125.0,85000,375000.0,78.353,Unknown,White,Refinance,Principal_Residence,Incomplete,,0,0.3783666018696005,87.32
3,145.0,245000,275000.0,89.95,20%-<30%,White,CashOut_Refinance,Principal_Residence,Approved_NotAccepted,,0,0.35764409957464804,12.47
2,123.0,45000,265000.0,82.376,43%-<50%,White,Home_Purchase,Investment,Originated,1.0,0,0.4313698420599851,17.94
0,24.0,115000,115000.0,96.5,43%-<50%,White,Home_Purchase,Principal_Residence,Originated,1.0,0,0.4071382283669108,69.11
6,93.0,65000,1255000.0,25.558,50%-60%,White,Other,Principal_Residence,Denied,0.0,0,0.46214544023092174,38.74
5,192.0,95000,375000.0,78.353,Unknown,Black or African American,Home_Improvement,Principal_Residence,Withdrawn,,0,0.3745768861440336,43.58
6,97.0,55000,525000.0,69.324,50%-60%,White,Home_Improvement,Principal_Residence,Originated,1.0,0,0.4576277300172218,43.97
6,33.0,125000,315000.0,41.19,50%-60%,White,CashOut_Refinance,Principal_Residence,Originated,1.0,0,0.40585377596117506,28.65
6,85.0,55000,325000.0,93.906,50%-60%,White,Other,Principal_Residence,Denied,0.0,0,0.36657316885881314,39.74
2,95.0,735000,1155000.0,72.0,Unknown,Race Not Available,Refinance,Investment,Originated,1.0,0,0.4819696138834448,10.47
0,160.0,435000,375000.0,78.353,Unknown,White,Home_Purchase,Principal_Residence,Incomplete,,0,0.35295157106285263,31.16
3,78.0,125000,295000.0,43.0,43%-<50%,Black or African American,Refinance,Principal_Residence,Originated,1.0,0,0.491493022998706,95.4
0,96.0,65000,375000.0,78.353,Unknown,Race Not Available,Other,Principal_Residence,Withdrawn,,0,0.37490258261658976,64.43
2,85.0,205000,255000.0,80.0,36%-<43%,White,Home_Purchase,Investment,Preapproval_Approved_NotAccepted,,0,0.37522320598943293,66.71
1,432.0,1905000,3005000.0,78.353,Unknown,Race Not Available,Home_Purchase,Principal_Residence,Purchased,,1,0.597653695872112,13.89
2,69.0,105000,155000.0,65.0,20%-<30%,White,Home_Purchase,Investment,Denied,0.0,0,0.3611779218480971,33.76
5,85.0,55000,445000.0,33.837,36%-<43%,White,Other,Principal_Residence,Originated,1.0,0,0.48086950164225917,30.29
0,95.0,355000,445000.0,78.353,Unknown,Race Not Available,Home_Purchase,Principal_Residence,Purchased,,0,0.35520342099218716,27.54
3,72.0,365000,375000.0,78.353,Unknown,Race Not Available,CashOut_Refinance,Principal_Residence,Withdrawn,,0,0.42208892972755124,82.33
6,43.0,35000,405000.0,62.343,>60%,White,Other,Principal_Residence,Denied,0.0,0,0.4570255094994064,42.15
3,162.0,305000,675000.0,46.0,43%-<50%,White,CashOut_Refinance,Principal_Residence,Denied,0.0,0,0.4448534803428376,10.64
3,121.0,265000,335000.0,77.4,36%-<43%,White,CashOut_Refinance,Principal_Residence,Originated,1.0,0,0.36951515582364786,43.85
0,215.0,715000,935000.0,76.898,43%-<50%,White,Home_Purchase,Principal_Residence,Originated,1.0,0,0.43285199288240245,54.94
3,240.0,185000,375000.0,78.353,Unknown,White,Refinance,Principal_Residence,Withdrawn,,0,0.36742684233540107,21.31
0,165.0,155000,305000.0,50.0,43%-<50%,White,Home_Improvement,Principal_Residence,Denied,0.0,0,0.3943800959964883,44.76
0,95.0,315000,325000.0,78.353,Unknown,Race Not Available,Home_Purchase,Principal_Residence,Purchased,,0,0.35021584659635313,47.15
0,71.0,295000,425000.0,69.882,36%-<43%,White,Home_Purchase,Principal_Residence,Originated,1.0,0,0.3639735836264459,46.25
0,77.0,225000,345000.0,65.0,30%-<36%,Asian,Home_Purchase,Principal_Residence,Approved_NotAccepted,,1,0.4253984194320153,17.87
0,95.0,355000,345000.0,78.353,Unknown,Race Not Available,Home_Purchase,Principal_Residence,Purchased,,0,0.3443013684965927,34.3
2,95.0,285000,375000.0,78.353,Exempt,Race Not Available,Home_Purchase,Investment,Originated,1.0,0,0.37705222435931735,11.85
1,750.0,105000,865000.0,85.94,<20%,White,Home_Improvement,Principal_Residence,Denied,0.0,0,0.47463474447195475,17.78
3,0.0,485000,475000.0,103.83,Unknown,Race Not Available,Refinance,Principal_Residence,Denied,0.0,0,0.4408385998527105,66.03
0,134.0,355000,375000.0,78.353,Unknown,White,Home_Purchase,Principal_Residence,Withdrawn,,0,0.3614297814409526,15.63
3,180.0,385000,525000.0,74.231,<20%,White,Refinance,Principal_Residence,Denied,0.0,0,0.367008051651087,34.45
3,47.0,95000,165000.0,56.88,43%-<50%,Black or African American,CashOut_Refinance,Principal_Residence,Originated,1.0,0,0.4433661817133824,99.84
3,88.0,295000,505000.0,73.0,43%-<50%,White,Refinance,Principal_Residence,Originated,1.0,0,0.3860024333427644,23.48
3,117.0,195000,255000.0,75.0,43%-<50%,Race Not Available,CashOut_Refinance,Principal_Residence,Originated,1.0,0,0.3663403801150511,40.74
3,40.0,155000,375000.0,78.353,Unknown,White,CashOut_Refinance,Principal_Residence,Incomplete,,0,0.3901832827878213,62.2
6,75.0,75000,375000.0,108.91,50%-60%,Asian,Other,Principal_Residence,Denied,0.0,0,0.46670680091905675,81.28
0,101.0,305000,325000.0,95.0,43%-<50%,Black or African American,Home_Purchase,Principal_Residence,Originated,1.0,0,0.37697919195063484,77.57
3,80.0,125000,285000.0,44.778,36%-<43%,White,CashOut_Refinance,Principal_Residence,Originated,1.0,0,0.45651251491995853,29.87
5,96.0,55000,285000.0,84.96,30%-<36%,White,Home_Improvement,Principal_Residence,Originated,1.0,0,0.4132874035088161,88.78
5,280.0,205000,1095000.0,47.348,20%-<30%,White,Other,Principal_Residence,Originated,1.0,1,0.4979316168008491,46.4
3,120.0,135000,375000.0,78.353,Unknown,White,Refinance,Principal_Residence,Withdrawn,,0,0.37190135260768514,60.32
0,195.0,325000,325000.0,100.0,<20%,Black or African American,Home_Purchase,Principal_Residence,Approved_NotAccepted,,0,0.47294328335836555,98.9
3,98.0,225000,375000.0,78.353,36%-<43%,Race Not Available,CashOut_Refinance,Principal_Residence,Originated,1.0,0,0.34560062676517156,19.2
0,0.0,5000,375000.0,78.353,Unknown,Black or African American,NotApplicable,Principal_Residence,Incomplete,,1,0.5350028886974769,0.0
2,95.0,215000,305000.0,68.852,Unknown,Race Not Available,Refinance,Investment,Originated,1.0,0,0.3514642161588176,25.66
0,27.0,85000,85000.0,96.5,43%-<50%,Black or African American,Home_Purchase,Principal_Residence,Originated,1.0,0,0.3860770790078854,23.92
0,147.0,275000,475000.0,57.45,36%-<43%,Asian,Home_Purchase,Principal_Residence,Originated,1.0,1,0.48616923244996874,71.82
6,154.0,565000,705000.0,80.0,50%-60%,Race Not Available,Home_Purchase,Principal_Residence,Preapproval_Approved_NotAccepted,,1,0.5440202757225204,0.0
0,114.0,465000,785000.0,58.599,43%-<50%,Race Not Available,Home_Purchase,Principal_Residence,Originated,1.0,0,0.4019569081327678,31.85
0,130.0,235000,255000.0,78.353,Unknown,White,Home_Purchase,Principal_Residence,Purchased,,0,0.3555099276602541,10.24
3,144.0,905000,1405000.0,64.286,36%-<43%,Asian,Refinance,Principal_Residence,Originated,1.0,0,0.5181658210505411,87.98
4,143.0,305000,355000.0,90.0,36%-<43%,White,Home_Purchase,Second_Residence,Denied,0.0,0,0.3714445329612629,6.0
3,90.0,435000,575000.0,74.983,36%-<43%,Race Not Available,CashOut_Refinance,Principal_Residence,Denied,0.0,0,0.36998371371394606,22.98
0,70.0,285000,635000.0,78.353,Unknown,White,Home_Purchase,Principal_Residence,Purchased,,0,0.35460043226964744,27.9
0,95.0,305000,315000.0,78.353,Unknown,Race Not Available,Home_Purchase,Principal_Residence,Purchased,,0,0.35944531115756967,53.5
3,75.0,155000,265000.0,60.0,43%-<50%,White,CashOut_Refinance,Principal_Residence,Originated,1.0,0,0.39009258303296995,65.02
5,119.0,55000,695000.0,28.51,20%-<30%,White,Other,Principal_Residence,Originated,1.0,0,0.44963597882050776,18.82
3,95.0,305000,425000.0,78.353,Unknown,Race Not Available,CashOut_Refinance,Principal_Residence,Purchased,,0,0.3866066821631375,19.81
2,95.0,275000,385000.0,70.0,Unknown,Asian,Home_Purchase,Investment,Denied,0.0,0,0.374820796515451,59.38
2,100.0,455000,605000.0,73.825,43%-<50%,White,Home_Purchase,Investment,Originated,1.0,0,0.3641927855375424,42.67
3,213.0,385000,375000.0,78.353,Unknown,White,Refinance,Principal_Residence,Incomplete,,0,0.39130606800477463,10.2
0,177.0,715000,905000.0,80.0,36%-<43%,Joint,Home_Purchase,Principal_Residence,Originated,1.0,0,0.4168502190316379,22.98
6,125.0,205000,725000.0,80.95,>60%,White,Home_Improvement,Principal_Residence,Approved_NotAccepted,,0,0.46119568514842024,16.91
5,143.0,65000,455000.0,16.2,43%-<50%,White,CashOut_Refinance,Principal_Residence,Denied,0.0,0,0.4949337486558331,18.66
4,95.0,295000,295000.0,78.353,Unknown,Race Not Available,Home_Purchase,Principal_Residence,Purchased,,0,0.3478433654306043,29.21
0,93.0,305000,375000.0,80.0,43%-<50%,Black or African American,Home_Purchase,Principal_Residence,Originated,1.0,0,0.3502298701968696,22.96
6,217.0,235000,1095000.0,55.05,50%-60%,Race Not Available,Refinance,Principal_Residence,Originated,1.0,0,0.4267019842370104,7.36
3,150.0,345000,345000.0,100.0,30%-<36%,Black or African American,CashOut_Refinance,Principal_Residence,Originated,1.0,0,0.3792048767021978,13.15
0,49.0,125000,185000.0,68.849,20%-<30%,White,Home_Purchase,Principal_Residence,Originated,1.0,0,0.362942224999495,12.66
0,70.0,175000,225000.0,79.921,20%-<30%,White,Home_Purchase,Second_Residence,Originated,1.0,0,0.39542559515267556,6.94
3,220.0,645000,965000.0,78.353,Unknown,Race Not Available,CashOut_Refinance,Principal_Residence,Purchased,,0,0.4110117707295393,48.18
0,50.0,95000,375000.0,78.353,Unknown,Black or African American,Home_Purchase,Principal_Residence,Withdrawn,,0,0.3968775732598934,81.4
3,95.0,175000,295000.0,78.353,Unknown,Race Not Available,CashOut_Refinance,Principal_Residence,Purchased,,0,0.39169275390961295,93.47
3,73.0,375000,375000.0,78.353,Unknown,Race Not Available,CashOut_Refinance,Principal_Residence,Withdrawn,,0,0.3616878476279584,72.48
2,101.0,85000,375000.0,78.353,Unknown,White,Home_Purchase,Investment,Withdrawn,,0,0.4157752091829334,92.34
2,5.0,245000,375000.0,78.353,Unknown,White,CashOut_Refinance,Investment,Withdrawn,,0,0.36302332948499444,30.92
2,95.0,215000,275000.0,80.0,Unknown,Race Not Available,Home_Purchase,Investment,Originated,1.0,0,0.38328558199939594,22.34
0,89.0,205000,255000.0,80.627,20%-<30%,White,Home_Purchase,Principal_Residence,Denied,0.0,0,0.34930740645182995,31.56
3,40.0,115000,375000.0,78.353,Exempt,White,Refinance,Principal_Residence,Denied,0.0,0,0.3845082033038965,6.8
0,56.0,225000,225000.0,100.0,20%-<30%,White,Home_Purchase,Principal_Residence,Originated,1.0,0,0.37135465790369804,17.7
0,113.0,185000,185000.0,96.5,20%-<30%,Race Not Available,Home_Purchase,Principal_Residence,Preapproval_Approved_NotAccepted,,0,0.3735708414782282,10.74
5,90.0,55000,305000.0,79.92,43%-<50%,Race Not Available,Other,Principal_Residence,Denied,0.0,0,0.363981641575456,32.45
3,99.0,185000,275000.0,66.594,36%-<43%,White,Refinance,Principal_Residence,Originated,1.0,0,0.4318305273894822,96.01
5,101.0,45000,735000.0,76.914,43%-<50%,White,CashOut_Refinance,Principal_Residence,Denied,0.0,0,0.385388426085444,51.94
0,135.0,455000,625000.0,73.0,36%-<43%,White,Home_Purchase,Principal_Residence,Originated,1.0,0,0.3771281904519839,24.7
6,82.0,415000,415000.0,96.5,50%-60%,Black or African American,Home_Purchase,Principal_Residence,Originated,1.0,0,0.3774412036118509,36.55
5,98.0,75000,435000.0,80.24,36%-<43%,White,Home_Improvement,Principal_Residence,Originated,1.0,0,0.424242904005837,13.87
3,81.0,155000,375000.0,40.0,43%-<50%,White,Refinance,Principal_Residence,Originated,1.0,0,0.4392811963126762,21.31
0,80.0,115000,375000.0,78.353,Exempt,White,Home_Purchase,Principal_Residence,Originated,1.0,0,0.3774491725499451,9.62
3,52.0,105000,375000.0,78.353,Unknown,White,CashOut_Refinance,Principal_Residence,Incomplete,,0,0.43357229880676224,81.51
1,587.0,805000,1905000.0,42.106,30%-<36%,Joint,Other,Principal_Residence,Originated,1.0,1,0.5664094054171367,26.24
2,71.0,65000,105000.0,60.0,43%-<50%,White,Home_Improvement,Investment,Denied,0.0,0,0.43084930156013607,11.73
3,29.0,235000,375000.0,78.353,Unknown,White,CashOut_Refinance,Principal_Residence,Withdrawn,,0,0.3647749918729056,52.8
5,195.0,155000,375000.0,78.353,Unknown,White,Home_Improvement,Principal_Residence,Incomplete,,0,0.3868787965037579,78.11
0,109.0,425000,375000.0,78.353,Unknown,White,Home_Purchase,Principal_Residence,Withdrawn,,1,0.5237494125968157,0.0
3,107.0,155000,225000.0,78.353,Unknown,Race Not Available,CashOut_Refinance,Principal_Residence,Purchased,,0,0.4218135482963725,85.07
0,95.0,175000,175000.0,78.353,Unknown,Race Not Available,Home_Purchase,Principal_Residence,Purchased,,0,0.3513179668753652,26.61
1,351.0,255000,685000.0,36.691,<20%,Asian,Home_Purchase,Principal_Residence,Originated,1.0,1,0.5065775657471966,9.83
0,53.0,235000,395000.0,60.305,43%-<50%,White,Home_Purchase,Principal_Residence,Originated,1.0,0,0.42131703191091807,57.64
3,75.0,105000,205000.0,78.353,Unknown,White,Refinance,Principal_Residence,Purchased,,0,0.40647201454665965,21.34
2,55.0,245000,375000.0,78.353,Unknown,White,Refinance,Investment,Withdrawn,,0,0.4060197207236923,98.27
0,155.0,395000,375000.0,78.353,Unknown,White,Home_Purchase,Principal_Residence,Withdrawn,,0,0.37087595076673463,24.93
0,166.0,445000,495000.0,90.0,43%-<50%,White,Home_Purchase,Principal_Residence,Originated,1.0,0,0.4168466101488246,22.75
3,111.0,275000,375000.0,78.353,Unknown,Race Not Available,CashOut_Refinance,Principal_Residence,Withdrawn,,0,0.35245711739660013,6.92
0,218.0,195000,275000.0,80.0,<20%,Race Not Available,Home_Purchase,Principal_Residence,Originated,1.0,0,0.3826098449721126,45.07
6,107.0,235000,345000.0,68.836,>60%,White,CashOut_Refinance,Principal_Residence,Originated,1.0,0,0.3836404482394458,39.92
0,131.0,405000,615000.0,66.0,36%-<43%,Asian,Home_Purchase,Principal_Residence,Originated,1.0,0,0.4103949939638038,36.42
4,24.0,75000,75000.0,78.353,50%-60%,Race Not Available,Home_Purchase,Principal_Residence,Denied,0.0,0,0.4087363924392909,3.74
5,171.0,55000,375000.0,78.353,Exempt,White,Home_Improvement,Principal_Residence,Originated,1.0,0,0.3966283140894517,77.57
0,52.0,155000,165000.0,97.0,36%-<43%,American Indian or Alaska Native,Home_Purchase,Principal_Residence,Originated,1.0,0,0.3716802570447438,36.41
0,95.0,275000,275000.0,78.353,Unknown,Race Not Available,Home_Purchase,Principal_Residence,Purchased,,0,0.3451990711821537,29.34
0,309.0,345000,365000.0,95.0,30%-<36%,Race Not Available,Home_Purchase,Principal_Residence,Originated,1.0,0,0.44000434998304744,94.48
5,78.0,105000,225000.0,85.95,43%-<50%,White,Other,Principal_Residence,Originated,1.0,0,0.43100331443794376,23.89
6,7.0,105000,135000.0,71.8,>60%,Race Not Available,Refinance,Principal_Residence,Denied,0.0,0,0.3844376376834099,55.01
0,160.0,355000,355000.0,100.0,43%-<50%,White,Home_Purchase,Principal_Residence,Originated,1.0,0,0.3949638850618185,62.44
0,156.0,365000,365000.0,96.5,36%-<43%,White,Home_Purchase,Principal_Residence,Originated,1.0,0,0.3748956335253962,10.52
0,109.0,255000,375000.0,78.353,Unknown,White,Home_Purchase,Principal_Residence,Withdrawn,,1,0.512908425085646,0.0
3,120.0,255000,355000.0,74.0,36%-<43%,White,CashOut_Refinance,Principal_Residence,Originated,1.0,0,0.44514657190270174,93.29
0,170.0,585000,985000.0,59.184,36%-<43%,Asian,Home_Purchase,Principal_Residence,Originated,1.0,0,0.4596837353523695,31.29
3,95.0,255000,495000.0,78.353,Unknown,Race Not Available,Refinance,Principal_Residence,Purchased,,0,0.4265249816552164,21.05
0,60.0,265000,265000.0,96.5,43%-<50%,White,Home_Purchase,Principal_Residence,Originated,1.0,0,0.37236265973817784,6.47
3,117.0,255000,375000.0,78.353,Unknown,White,CashOut_Refinance,Principal_Residence,Incomplete,,0,0.4013321153969913,31.37
0,119.0,385000,375000.0,78.353,Unknown,White,Home_Purchase,Principal_Residence,Withdrawn,,0,0.3541025543546738,9.35
1,1018.0,255000,375000.0,78.353,Unknown,Asian,Other,Principal_Residence,Withdrawn,,0,0.5320815249293457,27.79
6,103.0,375000,615000.0,65.12,50%-60%,White,Home_Purchase,Principal_Residence,Originated,1.0,0,0.4226649942589591,11.3
5,253.0,75000,785000.0,93.8,30%-<36%,White,Other,Principal_Residence,Originated,1.0,1,0.47999356478567223,13.09
0,75.0,105000,125000.0,80.0,20%-<30%,White,Home_Purchase,Principal_Residence,Originated,1.0,0,0.3834055449374699,5.55
6,57.0,225000,235000.0,99.45,50%-60%,White,Home_Purchase,Principal_Residence,Originated,1.0,0,0.43735261460609165,91.75
4,33.0,185000,185000.0,100.0,Unknown,Black or African American,Home_Purchase,Principal_Residence,Denied,0.0,2,0.5705618044733493,0.0
3,54.0,105000,145000.0,71.575,43%-<50%,White,Refinance,Principal_Residence,Originated,1.0,0,0.3598591047281906,13.72
2,95.0,265000,495000.0,54.08,Unknown,Race Not Available,Refinance,Investment,Originated,1.0,1,0.4653990970983128,32.55
3,134.0,335000,415000.0,80.0,30%-<36%,White,CashOut_Refinance,Principal_Residence,Originated,1.0,0,0.3514328652925827,12.16
6,141.0,595000,575000.0,100.0,50%-60%,White,Home_Purchase,Principal_Residence,Originated,1.0,0,0.41420431499906524,5.34
3,95.0,115000,145000.0,78.353,Unknown,Race Not Available,Refinance,Principal_Residence,Purchased,,0,0.359356040732955,30.31
1,1000.0,1185000,1205000.0,100.0,20%-<30%,White,Home_Purchase,Principal_Residence,Originated,1.0,2,0.6106986995408722,12.2
0,100.0,185000,235000.0,80.0,43%-<50%,White,Home_Purchase,Second_Residence,Originated,1.0,0,0.3496023047665861,16.38
0,85.0,515000,375000.0,78.353,Unknown,Black or African American,Home_Purchase,Principal_Residence,Withdrawn,,0,0.3619125474469314,39.87
1,517.0,1235000,1305000.0,95.0,30%-<36%,Joint,Home_Purchase,Principal_Residence,Preapproval_Approved_NotAccepted,,4,0.6305131228814357,0.0
3,95.0,245000,375000.0,78.353,Unknown,White,CashOut_Refinance,Principal_Residence,Withdrawn,,0,0.3688520980594375,81.06
5,93.0,45000,195000.0,47.65,20%-<30%,White,Home_Improvement,Principal_Residence,Denied,0.0,0,0.3901520272513758,27.75
5,150.0,55000,855000.0,69.99,30%-<36%,Native Hawaiian or Other Pacific Islander,Home_Improvement,Principal_Residence,Denied,0.0,0,0.39622353679155997,22.0
3,93.0,425000,535000.0,78.918,43%-<50%,White,Refinance,Principal_Residence,Denied,0.0,0,0.4042320439007947,50.0
2,95.0,335000,455000.0,75.0,Unknown,Race Not Available,Home_Purchase,Investment,Approved_NotAccepted,,0,0.37883327865352895,13.31
3,104.0,365000,375000.0,78.353,Unknown,White,CashOut_Refinance,Principal_Residence,Withdrawn,,0,0.3523768831553681,7.66
4,19.0,45000,375000.0,78.353,>60%,White,Home_Purchase,Principal_Residence,Denied,0.0,0,0.3936559289437159,31.07
6,37.0,25000,275000.0,72.53,50%-60%,White,Home_Improvement,Principal_Residence,Denied,0.0,0,0.421085060168345,9.2
5,71.0,55000,195000.0,29.41,20%-<30%,White,Home_Improvement,Principal_Residence,Denied,0.0,0,0.4432713612371287,10.86
3,161.0,125000,375000.0,78.353,Unknown,Race Not Available,Refinance,Principal_Residence,Incomplete,,0,0.4242561489235159,44.72
0,84.0,335000,415000.0,80.0,36%-<43%,White,Home_Purchase,Principal_Residence,Originated,1.0,0,0.35944634948502957,19.76
5,72.0,45000,515000.0,69.852,43%-<50%,White,Other,Principal_Residence,Denied,0.0,0,0.4481107579343514,24.23
6,20.0,145000,185000.0,73.228,50%-60%,White,CashOut_Refinance,Principal_Residence,Originated,1.0,0,0.3625206826746016,19.45
0,119.0,405000,585000.0,78.353,Unknown,White,Home_Purchase,Principal_Residence,Purchased,,0,0.3620282137594708,18.45
3,100.0,315000,455000.0,70.0,36%-<43%,Race Not Available,CashOut_Refinance,Principal_Residence,Originated,1.0,0,0.35854947954453736,36.16
0,34.0,85000,95000.0,105.0,36%-<43%,Black or African American,Home_Purchase,Principal_Residence,Originated,1.0,0,0.4381244902689905,67.67
0,60.0,155000,155000.0,98.188,36%-<43%,White,Home_Purchase,Principal_Residence,Denied,0.0,0,0.3773815320786392,8.29
0,95.0,285000,305000.0,78.353,Unknown,Race Not Available,Home_Purchase,Principal_Residence,Purchased,,0,0.34801447792653945,13.98
3,100.0,265000,335000.0,80.0,30%-<36%,White,CashOut_Refinance,Principal_Residence,Originated,1.0,0,0.36351495931919087,63.36
1,1427.0,205000,405000.0,50.0,<20%,White,Home_Purchase,Investment,Originated,1.0,1,0.5256976628860651,15.78
3,70.0,265000,535000.0,78.353,Unknown,White,Refinance,Principal_Residence,Originated,1.0,0,0.35776272036918255,23.75
0,100.0,245000,355000.0,70.0,30%-<36%,White,Home_Purchase,Principal_Residence,Originated,1.0,0,0.3648940988403683,34.98
5,176.0,105000,745000.0,77.01,20%-<30%,White,Other,Principal_Residence,Originated,1.0,0,0.3849484368393274,21.7
0,126.0,355000,675000.0,51.85,36%-<43%,White,Home_Purchase,Principal_Residence,Originated,1.0,0,0.3828046678961743,25.69
0,95.0,415000,435000.0,78.353,Unknown,Race Not Available,Home_Purchase,Principal_Residence,Purchased,,0,0.3872034498005204,69.74
6,44.0,275000,385000.0,71.053,50%-60%,White,CashOut_Refinance,Principal_Residence,Denied,0.0,0,0.35575564629454814,15.62
5,55.0,15000,315000.0,101.5,43%-<50%,Black or African American,Home_Purchase,Principal_Residence,Originated,1.0,0,0.4030091579481947,61.97
2,95.0,1235000,1705000.0,80.0,Unknown,Race Not Available,Home_Purchase,Investment,Originated,1.0,1,0.5531355996477298,59.36
3,31.0,105000,185000.0,55.833,36%-<43%,White,Refinance,Principal_Residence,Denied,0.0,0,0.3813326149637622,10.77
2,65.0,65000,135000.0,49.077,36%-<43%,White,Refinance,Investment,Originated,1.0,0,0.4012616261135597,10.44
3,132.0,165000,415000.0,40.67,20%-<30%,White,Refinance,Principal_Residence,Originated,1.0,0,0.4637734333162851,77.56
3,131.0,655000,735000.0,89.454,36%-<43%,Black or African American,CashOut_Refinance,Principal_Residence,Originated,1.0,0,0.3952109961866592,31.77
4,95.0,25000,35000.0,78.353,Unknown,Race Not Available,NotApplicable,Principal_Residence,Purchased,,0,0.38365204015087107,24.53
3,58.0,95000,235000.0,39.13,36%-<43%,White,CashOut_Refinance,Principal_Residence,Originated,1.0,0,0.43449807137554364,12.98
4,66.0,95000,375000.0,78.353,Unknown,White,Home_Purchase,Principal_Residence,Incomplete,,0,0.38975979123210525,8.87
2,95.0,515000,375000.0,78.353,Exempt,Race Not Available,Home_Purchase,Investment,Withdrawn,,0,0.37598102717034515,34.52
0,112.0,545000,675000.0,80.0,43%-<50%,White,Home_Purchase,Principal_Residence,Originated,1.0,0,0.4197559804050323,90.48
2,170.0,195000,215000.0,95.0,43%-<50%,Race Not Available,Home_Purchase,Investment,Originated,1.0,0,0.45440388609421584,51.41
0,205.0,705000,785000.0,78.353,Unknown,Race Not Available,Home_Purchase,Principal_Residence,Purchased,,0,0.45869953083927495,51.45
5,48.0,35000,205000.0,69.66,30%-<36%,American Indian or Alaska Native,Other,Principal_Residence,Originated,1.0,0,0.39124364689213115,68.75
0,235.0,675000,865000.0,82.696,43%-<50%,Asian,Home_Purchase,Principal_Residence,Denied,0.0,0,0.4517032890835138,84.38
0,140.0,495000,525000.0,95.0,43%-<50%,White,Home_Purchase,Principal_Residence,Originated,1.0,0,0.38983706193700024,6.36
2,138.0,85000,115000.0,75.0,36%-<43%,White,Home_Purchase,Investment,Originated,1.0,0,0.36452979794284956,32.27
0,120.0,285000,355000.0,80.0,36%-<43%,White,Home_Purchase,Principal_Residence,Originated,1.0,0,0.36270696419766324,60.5
0,180.0,695000,705000.0,96.5,43%-<50%,Asian,Home_Purchase,Principal_Residence,Originated,1.0,0,0.46434796201537193,41.63
2,0.0,925000,1505000.0,61.67,<20%,White,CashOut_Refinance,Investment,Denied,0.0,0,0.5131208959472832,75.02
3,31.0,135000,175000.0,78.0,36%-<43%,Race Not Available,CashOut_Refinance,Principal_Residence,Denied,0.0,0,0.41852677134639743,33.2
3,94.0,325000,375000.0,78.353,Unknown,White,Refinance,Principal_Residence,Withdrawn,,0,0.421326676965685,51.17
3,12.0,85000,305000.0,26.667,36%-<43%,Native Hawaiian or Other Pacific Islander,CashOut_Refinance,Principal_Residence,Originated,1.0,0,0.4539797949694,69.78
3,69.0,365000,375000.0,78.353,Unknown,White,Refinance,Principal_Residence,Withdrawn,,0,0.34381116430909237,35.86
4,21.0,205000,365000.0,78.353,Unknown,White,Refinance,Principal_Residence,Originated,1.0,0,0.37335877521364214,63.6
3,49.0,225000,375000.0,78.353,Unknown,White,CashOut_Refinance,Principal_Residence,Incomplete,,0,0.36012650972531385,35.19
3,15.0,35000,55000.0,70.0,36%-<43%,White,CashOut_Refinance,Principal_Residence,Approved_NotAccepted,,0,0.39330463658167436,30.01
3,192.0,285000,365000.0,79.167,43%-<50%,White,CashOut_Refinance,Principal_Residence,Originated,1.0,0,0.4079252755584089,23.32
3,175.0,245000,375000.0,78.353,Exempt,White,Refinance,Principal_Residence,Originated,1.0,0,0.36098488401028883,35.98
0,95.0,205000,295000.0,68.227,20%-<30%,White,Home_Purchase,Principal_Residence,Originated,1.0,0,0.36632025159611376,7.45
0,80.0,395000,425000.0,93.0,43%-<50%,White,Home_Purchase,Principal_Residence,Originated,1.0,0,0.40674015099862615,13.81
2,52.0,165000,375000.0,78.353,Exempt,White,Home_Purchase,Investment,Originated,1.0,0,0.36968158501640286,9.82
6,127.0,355000,365000.0,96.24,>60%,White,CashOut_Refinance,Principal_Residence,Originated,1.0,0,0.35879995562412165,33.66
4,18.0,185000,185000.0,78.353,>60%,Joint,Home_Purchase,Principal_Residence,Denied,0.0,0,0.3769418368585249,23.86
5,66.0,35000,375000.0,78.353,Unknown,Race Not Available,Other,Principal_Residence,Incomplete,,0,0.35865470897902085,48.12
6,57.0,255000,255000.0,78.353,50%-60%,Asian,Home_Purchase,Principal_Residence,Originated,1.0,0,0.3511271175074008,34.16
5,68.0,55000,345000.0,61.9,43%-<50%,White,Home_Improvement,Principal_Residence,Originated,1.0,1,0.4638298615502068,20.23
4,37.0,95000,95000.0,89.98,50%-60%,White,Home_Purchase,Principal_Residence,Originated,1.0,0,0.3873960789935729,17.38
1,1025.0,2505000,375000.0,78.353,Unknown,White,Other,Principal_Residence,Withdrawn,,4,0.6473487529426835,26.82
0,132.0,355000,425000.0,85.0,20%-<30%,White,Home_Purchase,Principal_Residence,Originated,1.0,0,0.369950165260451,5.5
1,380.0,2205000,2765000.0,80.0,36%-<43%,Asian,Home_Purchase,Principal_Residence,Originated,1.0,3,0.6469306291969222,66.44
1,413.0,375000,425000.0,90.0,<20%,White,Home_Purchase,Principal_Residence,Originated,1.0,0,0.4100432787811488,32.93
0,99.0,345000,345000.0,100.0,36%-<43%,White,Home_Purchase,Principal_Residence,Originated,1.0,0,0.3786777597992202,25.83
0,49.0,215000,225000.0,97.0,36%-<43%,White,Home_Purchase,Principal_Residence,Originated,1.0,0,0.37932876275649463,18.44
0,138.0,285000,285000.0,96.5,20%-<30%,Race Not Available,Home_Purchase,Principal_Residence,Originated,1.0,0,0.36058349005700624,18.2
3,120.0,395000,375000.0,78.353,Unknown,Black or African American,CashOut_Refinance,Principal_Residence,Withdrawn,,0,0.40694223045328437,64.11
0,234.0,825000,865000.0,78.353,Unknown,White,Home_Purchase,Principal_Residence,Purchased,,0,0.45281491446364897,82.69
4,174.0,375000,345000.0,110.368,36%-<43%,Race Not Available,Home_Purchase,Principal_Residence,Denied,0.0,0,0.42314117057304124,29.54
0,86.0,225000,565000.0,40.151,43%-<50%,White,Home_Purchase,Principal_Residence,Originated,1.0,0,0.41614158268150053,13.07
3,97.0,485000,375000.0,78.353,Unknown,Asian,CashOut_Refinance,Principal_Residence,Incomplete,,0,0.41005549987244555,23.8
0,156.0,575000,715000.0,80.0,36%-<43%,White,Home_Purchase,Principal_Residence,Originated,1.0,0,0.3770816374716399,30.38
6,86.0,265000,265000.0,98.321,50%-60%,White,Home_Purchase,Principal_Residence,Denied,0.0,0,0.4052624973417427,89.38
1,450.0,685000,375000.0,78.353,Unknown,White,Home_Purchase,Principal_Residence,Withdrawn,,0,0.42140871819312364,36.45
0,75.0,305000,385000.0,80.0,Unknown,White,Home_Purchase,Principal_Residence,Originated,1.0,0,0.34678903716716025,39.08
0,135.0,505000,1105000.0,45.249,30%-<36%,Joint,Home_Purchase,Principal_Residence,Originated,1.0,0,0.4772731151552355,87.73
3,55.0,185000,315000.0,58.149,36%-<43%,Black or African American,Refinance,Principal_Residence,Denied,0.0,0,0.39433296177512667,70.21
3,21.0,65000,375000.0,78.353,Unknown,White,CashOut_Refinance,Principal_Residence,Withdrawn,,0,0.3712259860685536,30.4
0,95.0,555000,855000.0,64.706,Unknown,White,Home_Purchase,Principal_Residence,Originated,1.0,0,0.4232840339546242,15.58
6,79.0,395000,405000.0,96.5,50%-60%,Race Not Available,Home_Purchase,Principal_Residence,Originated,1.0,0,0.36744947443303777,52.03
0,112.0,205000,255000.0,80.0,20%-<30%,White,Home_Purchase,Principal_Residence,Originated,1.0,0,0.3559186246395851,53.73
3,80.0,315000,375000.0,78.353,Unknown,White,Refinance,Principal_Residence,Withdrawn,,0,0.3804598025421421,66.62
0,145.0,405000,455000.0,90.0,20%-<30%,Asian,Home_Purchase,Principal_Residence,Originated,1.0,0,0.3775040338341651,65.83
0,47.0,125000,135000.0,90.0,20%-<30%,White,Home_Purchase,Principal_Residence,Originated,1.0,0,0.36996615766595703,23.57
3,191.0,135000,215000.0,64.29,<20%,White,CashOut_Refinance,Principal_Residence,Originated,1.0,0,0.39001445728087025,36.06
2,54.0,325000,545000.0,59.89,<20%,Asian,CashOut_Refinance,Investment,Denied,0.0,0,0.3876893696234318,63.19
3,80.0,415000,555000.0,74.841,43%-<50%,White,CashOut_Refinance,Principal_Residence,Originated,1.0,0,0.37443798452635396,6.09
6,35.0,275000,405000.0,68.125,>60%,Race Not Available,CashOut_Refinance,Principal_Residence,Denied,0.0,0,0.35922471130055117,24.94
3,67.0,345000,475000.0,71.579,43%-<50%,White,CashOut_Refinance,Principal_Residence,Originated,1.0,0,0.3652551569312842,23.49
0,143.0,365000,415000.0,86.747,20%-<30%,White,Home_Purchase,Principal_Residence,Originated,1.0,0,0.371725767433589,39.69
4,62.0,85000,85000.0,78.353,30%-<36%,Race Not Available,Home_Purchase,Principal_Residence,Approved_NotAccepted,,0,0.410154795328304,39.58
3,87.0,305000,375000.0,78.353,Unknown,Race Not Available,CashOut_Refinance,Principal_Residence,Incomplete,,0,0.368214972142895,32.4
5,109.0,125000,405000.0,58.617,36%-<43%,White,Home_Improvement,Principal_Residence,Originated,1.0,0,0.4047646923889528,63.97
0,66.0,165000,205000.0,80.0,43%-<50%,Race Not Available,Home_Purchase,Principal_Residence,Originated,1.0,0,0.41582541632667874,24.41
0,66.0,65000,375000.0,78.353,Exempt,White,Home_Purchase,Principal_Residence,Purchased,,0,0.37394082341120105,3.93
3,95.0,355000,435000.0,78.353,Unknown,Race Not Available,CashOut_Refinance,Principal_Residence,Purchased,,0,0.35457206541372,12.42
3,78.0,545000,865000.0,63.721,43%-<50%,Race Not Available,Refinance,Principal_Residence,Originated,1.0,0,0.39614085997884735,32.42
0,83.0,215000,225000.0,96.5,20%-<30%,Black or African American,Home_Purchase,Principal_Residence,Originated,1.0,0,0.3931112569478585,62.39
3,29.0,255000,375000.0,78.353,Unknown,White,CashOut_Refinance,Principal_Residence,Incomplete,,0,0.3674332108073268,6.2
6,58.0,195000,275000.0,69.853,50%-60%,White,CashOut_Refinance,Principal_Residence,Denied,0.0,0,0.35727362314462424,9.48
3,166.0,405000,805000.0,49.69,20%-<30%,White,CashOut_Refinance,Principal_Residence,Originated,1.0,0,0.440549378113646,77.25
0,132.0,185000,215000.0,90.0,43%-<50%,Race Not Available,Home_Purchase,Second_Residence,Originated,1.0,0,0.42696543570278433,98.66
0,264.0,705000,1005000.0,70.0,43%-<50%,White,Home_Purchase,Principal_Residence,Denied,0.0,0,0.4501971724733632,46.61
0,63.0,185000,195000.0,97.0,43%-<50%,White,Home_Purchase,Principal_Residence,Originated,1.0,0,0.3798393081926042,25.83
0,147.0,255000,455000.0,54.945,36%-<43%,White,Other,Second_Residence,Originated,1.0,0,0.3910422749812791,58.66
2,95.0,85000,165000.0,50.0,Unknown,Race Not Available,CashOut_Refinance,Investment,Originated,1.0,1,0.48753743131442717,44.14
6,91.0,95000,375000.0,95.0,50%-60%,Race Not Available,Home_Purchase,Principal_Residence,Preapproval_Denied,,2,0.5206492688081393,0.0
4,91.0,355000,365000.0,96.5,36%-<43%,White,Home_Purchase,Principal_Residence,Originated,1.0,0,0.36064578207676623,15.39
0,95.0,505000,525000.0,78.353,Unknown,Race Not Available,Home_Purchase,Principal_Residence,Purchased,,0,0.3845973466666132,62.22
3,88.0,175000,375000.0,78.353,Unknown,White,CashOut_Refinance,Principal_Residence,Withdrawn,,0,0.38930269744034496,20.85
0,120.0,325000,405000.0,80.0,20%-<30%,White,Home_Purchase,Principal_Residence,Originated,1.0,0,0.3810408309411806,14.14
4,55.0,225000,225000.0,78.353,>60%,Joint,Home_Purchase,Principal_Residence,Denied,0.0,0,0.45905947867694064,0.0
0,30.0,135000,175000.0,80.0,43%-<50%,White,Home_Purchase,Principal_Residence,Originated,1.0,0,0.3764206213220806,5.34
0,98.0,165000,375000.0,78.353,Unknown,Race Not Available,Home_Purchase,Principal_Residence,Withdrawn,,0,0.40487739952370544,50.77
0,58.0,295000,295000.0,96.5,43%-<50%,White,Home_Purchase,Principal_Residence,Originated,1.0,0,0.4187779199785595,94.49
5,84.0,75000,515000.0,71.994,43%-<50%,Race Not Available,CashOut_Refinance,Principal_Residence,Originated,1.0,0,0.40696426055730944,93.1
5,114.0,95000,545000.0,77.713,36%-<43%,White,Other,Principal_Residence,Originated,1.0,0,0.38345784503054486,12.39
3,93.0,205000,255000.0,80.0,30%-<36%,White,CashOut_Refinance,Principal_Residence,Denied,0.0,0,0.3647953607880358,25.17
3,41.0,45000,195000.0,23.511,<20%,White,Refinance,Principal_Residence,Originated,1.0,0,0.4590284496349639,7.02
0,32.0,85000,95000.0,88.89,36%-<43%,White,Home_Purchase,Principal_Residence,Originated,1.0,0,0.38128637611690647,13.65
5,94.0,55000,255000.0,90.403,<20%,White,Home_Improvement,Principal_Residence,Denied,0.0,0,0.36111491388556394,40.43
5,143.0,105000,525000.0,99.0,30%-<36%,White,Other,Principal_Residence,Originated,1.0,0,0.3975181449487017,18.91
5,154.0,75000,375000.0,78.353,Unknown,White,Home_Improvement,Principal_Residence,Incomplete,,0,0.37347362565943526,33.8
2,95.0,5000,95000.0,80.0,Unknown,Race Not Available,CashOut_Refinance,Investment,Originated,1.0,1,0.4509702775229171,77.95
2,95.0,285000,395000.0,72.9798,Unknown,Race Not Available,Home_Purchase,Investment,Originated,1.0,1,0.4798015633593722,14.47
3,35.0,135000,255000.0,52.0,30%-<36%,White,CashOut_Refinance,Principal_Residence,Denied,0.0,0,0.38330345011732775,11.64
0,129.0,285000,305000.0,95.0,30%-<36%,Black or African American,Home_Purchase,Principal_Residence,Preapproval_Approved_NotAccepted,,2,0.5212597485605558,0.0
1,1320.0,1465000,375000.0,78.353,Unknown,White,Refinance,Principal_Residence,Withdrawn,,2,0.5602693014727993,23.51
3,145.0,155000,375000.0,78.353,Unknown,White,CashOut_Refinance,Principal_Residence,Withdrawn,,0,0.35054453786810796,28.64
3,90.0,185000,375000.0,78.353,Unknown,White,Refinance,Principal_Residence,Withdrawn,,0,0.3921991754336235,20.53
6,24.0,305000,405000.0,77.0,>60%,Race Not Available,CashOut_Refinance,Principal_Residence,Denied,0.0,0,0.3803404559783938,47.45
3,166.0,515000,695000.0,75.0,36%-<43%,White,CashOut_Refinance,Principal_Residence,Originated,1.0,0,0.37832417313066896,17.47
3,95.0,255000,725000.0,34.483,20%-<30%,White,Other,Principal_Residence,Originated,1.0,0,0.4260116683389456,11.98
3,65.0,275000,385000.0,69.588,20%-<30%,White,CashOut_Refinance,Principal_Residence,Originated,1.0,0,0.3565399514888334,19.65
3,175.0,375000,475000.0,78.353,Unknown,Race Not Available,CashOut_Refinance,Principal_Residence,Purchased,,0,0.3821271720341752,75.48
0,95.0,445000,645000.0,78.353,Unknown,Race Not Available,Home_Purchase,Principal_Residence,Purchased,,0,0.37501170024244745,20.32
0,160.0,645000,685000.0,94.161,36%-<43%,White,Home_Purchase,Principal_Residence,Originated,1.0,0,0.40249713043650986,24.38
3,70.0,135000,165000.0,81.4,43%-<50%,White,CashOut_Refinance,Principal_Residence,Denied,0.0,0,0.3512872168480194,41.06
3,43.0,205000,275000.0,75.0,43%-<50%,White,Refinance,Principal_Residence,Originated,1.0,0,0.3676604101806628,9.24
0,44.0,145000,145000.0,100.299,30%-<36%,White,Home_Purchase,Principal_Residence,Originated,1.0,0,0.3930124446223998,6.89
3,65.0,165000,375000.0,78.353,Unknown,Black or African American,CashOut_Refinance,Principal_Residence,Withdrawn,,0,0.36684895246260435,60.52
3,102.0,535000,725000.0,73.794,43%-<50%,White,CashOut_Refinance,Principal_Residence,Denied,0.0,0,0.3866349874853097,28.59
6,59.0,25000,375000.0,53.08,50%-60%,Black or African American,Home_Improvement,Principal_Residence,Denied,0.0,0,0.4109404156770846,79.53
0,40.0,125000,195000.0,65.21,30%-<36%,Black or African American,Home_Purchase,Principal_Residence,Denied,0.0,0,0.39138761842261777,6.22
0,140.0,285000,375000.0,78.353,Unknown,White,Home_Purchase,Second_Residence,Withdrawn,,0,0.3493460948021587,12.04
3,59.0,75000,655000.0,12.0,20%-<30%,Race Not Available,Home_Improvement,Principal_Residence,Denied,0.0,0,0.4736191246164915,20.71
1,364.0,385000,855000.0,89.9,36%-<43%,Asian,Home_Improvement,Principal_Residence,Originated,1.0,0,0.4505030311568965,64.42
0,80.0,395000,405000.0,96.5,43%-<50%,White,Home_Purchase,Principal_Residence,Originated,1.0,0,0.36600534768797316,18.54
0,95.0,205000,725000.0,78.353,Unknown,Race Not Available,Home_Purchase,Principal_Residence,Purchased,,0,0.39487269440580236,30.18
0,77.0,205000,465000.0,78.353,Unknown,White,Home_Purchase,Principal_Residence,Purchased,,0,0.36695349481899975,27.59
0,52.0,235000,245000.0,97.0,30%-<36%,Race Not Available,Home_Purchase,Principal_Residence,Originated,1.0,0,0.38233624518701315,73.43
0,100.0,405000,415000.0,97.0,43%-<50%,Race Not Available,Home_Purchase,Principal_Residence,Originated,1.0,0,0.3845166886214072,71.55
6,101.0,105000,665000.0,76.3,50%-60%,Black or African American,Home_Improvement,Principal_Residence,Originated,1.0,0,0.44445246037324254,79.45
5,103.0,165000,565000.0,29.4,43%-<50%,Race Not Available,Refinance,Principal_Residence,Originated,1.0,0,0.4199460613133624,18.88
0,70.0,425000,375000.0,78.353,Unknown,Joint,Home_Purchase,Principal_Residence,Withdrawn,,0,0.3540046750104877,26.98
0,95.0,295000,375000.0,78.353,Unknown,Black or African American,Home_Purchase,Principal_Residence,Withdrawn,,0,0.36599723509596294,16.18
3,79.0,235000,285000.0,83.8,20%-<30%,White,CashOut_Refinance,Principal_Residence,Originated,1.0,0,0.35428674639333674,18.98
3,87.0,315000,425000.0,74.0,30%-<36%,White,Refinance,Principal_Residence,Originated,1.0,0,0.35553999015332444,24.39
6,14.0,205000,615000.0,35.0,>60%,Race Not Available,Refinance,Principal_Residence,Denied,0.0,0,0.4355368215651862,13.95
3,28.0,185000,225000.0,79.986,36%-<43%,Black or African American,Refinance,Principal_Residence,Originated,1.0,0,0.3828874858448032,54.1
0,95.0,565000,565000.0,78.353,Unknown,Race Not Available,Home_Purchase,Principal_Residence,Purchased,,0,0.36739720378534113,27.85
0,88.0,385000,485000.0,80.0,36%-<43%,White,Home_Purchase,Principal_Residence,Originated,1.0,0,0.37960104541312567,22.21
3,115.0,325000,445000.0,78.353,Unknown,Race Not Available,Refinance,Principal_Residence,Purchased,,0,0.36148213225892656,11.49
2,95.0,285000,425000.0,78.353,Unknown,White,Home_Purchase,Investment,Originated,1.0,0,0.3766635382302531,11.52
6,80.0,35000,245000.0,84.9,50%-60%,Black or African American,Home_Purchase,Principal_Residence,Denied,0.0,0,0.3860640684585693,54.69
0,110.0,355000,555000.0,62.74,20%-<30%,Asian,Home_Improvement,Principal_Residence,Denied,0.0,0,0.40439403828850334,46.61
5,173.0,205000,975000.0,71.403,43%-<50%,White,Home_Improvement,Principal_Residence,Originated,1.0,0,0.39222110500591884,9.06
5,171.0,255000,375000.0,78.353,Exempt,White,Refinance,Principal_Residence,Originated,1.0,0,0.3703216016949972,14.66
2,95.0,535000,1235000.0,78.353,Unknown,Race Not Available,CashOut_Refinance,Investment,Purchased,,0,0.43658197483999656,57.0
3,95.0,155000,185000.0,82.15,Unknown,White,Refinance,Principal_Residence,Denied,0.0,0,0.3626551350431538,48.18
2,95.0,40705000,1955000.0,55.0,Unknown,Race Not Available,NotApplicable,Investment,Originated,1.0,3,0.6907147630814412,65.29
3,77.0,255000,375000.0,78.353,Unknown,White,CashOut_Refinance,Principal_Residence,Withdrawn,,0,0.34467371348506665,42.37
3,43.0,225000,395000.0,78.353,36%-<43%,Race Not Available,Refinance,Principal_Residence,Denied,0.0,0,0.3586841581225552,18.82
3,60.0,105000,415000.0,24.096,20%-<30%,White,CashOut_Refinance,Principal_Residence,Originated,1.0,0,0.4509780421748361,38.13
0,107.0,165000,375000.0,78.353,Unknown,White,Home_Purchase,Principal_Residence,Withdrawn,,0,0.401930194507284,52.58
0,175.0,565000,705000.0,80.0,20%-<30%,White,Home_Purchase,Principal_Residence,Originated,1.0,0,0.3789555816232956,28.9
0,58.0,215000,465000.0,45.652,36%-<43%,Asian,Home_Purchase,Principal_Residence,Originated,1.0,0,0.4182731290004541,84.16
5,66.0,95000,315000.0,72.68,36%-<43%,White,Home_Improvement,Principal_Residence,Denied,0.0,0,0.4014833043119094,69.92
1,1588.0,4485000,375000.0,78.353,Unknown,White,Home_Purchase,Principal_Residence,Withdrawn,,2,0.6224836831443626,25.01
1,340.0,505000,2805000.0,49.7,43%-<50%,White,Other,Principal_Residence,Denied,0.0,4,0.6277111061400225,33.46
3,95.0,545000,925000.0,78.353,Unknown,Race Not Available,Refinance,Principal_Residence,Purchased,,0,0.4086545568272194,42.16
0,80.0,325000,375000.0,78.353,Exempt,White,Home_Purchase,Principal_Residence,Originated,1.0,0,0.3591286304045308,7.4
5,149.0,105000,455000.0,86.605,20%-<30%,Joint,Refinance,Principal_Residence,Originated,1.0,0,0.45834443803336067,12.21
0,54.0,175000,185000.0,95.0,30%-<36%,White,Home_Purchase,Principal_Residence,Originated,1.0,0,0.380312696020625,7.84
2,386.0,405000,515000.0,80.0,43%-<50%,White,Home_Purchase,Investment,Approved_NotAccepted,,0,0.4162882506157029,39.71
5,81.0,65000,455000.0,79.941,43%-<50%,White,Other,Principal_Residence,Originated,1.0,0,0.36743993619579157,26.93
0,65.0,75000,135000.0,51.852,36%-<43%,White,Home_Improvement,Principal_Residence,Denied,0.0,0,0.45806426096644526,3.72
5,127.0,65000,655000.0,64.746,36%-<43%,Race Not Available,Other,Principal_Residence,Denied,0.0,0,0.45733515888012805,90.12
0,42.0,105000,375000.0,78.353,Unknown,Black or African American,Home_Purchase,Principal_Residence,Withdrawn,,0,0.4120957435551595,96.89
0,165.0,335000,415000.0,80.0,<20%,White,Home_Purchase,Principal_Residence,Originated,1.0,0,0.3612302471228661,21.34
5,185.0,75000,385000.0,80.978,36%-<43%,White,Home_Improvement,Principal_Residence,Denied,0.0,0,0.3840117376494995,26.96
0,276.0,425000,525000.0,80.0,43%-<50%,White,Home_Purchase,Principal_Residence,Originated,1.0,1,0.5171146534482496,31.06
0,63.0,205000,175000.0,115.44,30%-<36%,White,Home_Purchase,Principal_Residence,Denied,0.0,0,0.5005665575401499,99.61
1,436.0,595000,795000.0,75.0,30%-<36%,Race Not Available,Home_Purchase,Principal_Residence,Originated,1.0,0,0.43455109681438264,16.81
0,180.0,1485000,1655000.0,90.0,43%-<50%,Race Not Available,Home_Purchase,Principal_Residence,Originated,1.0,0,0.5297453898841762,43.72
3,137.0,385000,845000.0,45.379,43%-<50%,White,CashOut_Refinance,Principal_Residence,Originated,1.0,0,0.4140764666353477,38.34
1,359.0,1385000,1725000.0,80.0,30%-<36%,White,Home_Purchase,Principal_Residence,Originated,1.0,1,0.5468191439012827,34.44
0,71.0,315000,525000.0,59.048,36%-<43%,White,Home_Purchase,Principal_Residence,Originated,1.0,0,0.37904759991864545,6.88
5,136.0,105000,1065000.0,79.284,43%-<50%,Race Not Available,Home_Improvement,Principal_Residence,Originated,1.0,2,0.5115002068160112,38.41
5,162.0,105000,1025000.0,60.22,36%-<43%,Joint,Home_Improvement,Principal_Residence,Originated,1.0,0,0.4152923141302336,19.66
3,78.0,75000,145000.0,53.19,20%-<30%,White,Refinance,Principal_Residence,Originated,1.0,0,0.48986418127943127,97.07
0,94.0,135000,135000.0,100.0,43%-<50%,White,Home_Purchase,Principal_Residence,Originated,1.0,0,0.38947852719853604,4.71
0,172.0,265000,515000.0,50.101,30%-<36%,White,Home_Purchase,Principal_Residence,Originated,1.0,0,0.3964738775493302,12.78
6,63.0,75000,635000.0,72.734,>60%,White,Other,Principal_Residence,Denied,0.0,0,0.41085209844571435,80.7
0,24.0,65000,85000.0,75.0,36%-<43%,Black or African American,Home_Purchase,Principal_Residence,Originated,1.0,0,0.44500579788034283,98.1
3,64.0,275000,375000.0,78.353,Unknown,White,CashOut_Refinance,Principal_Residence,Withdrawn,,0,0.35123737271965194,33.13
0,195.0,645000,685000.0,94.773,20%-<30%,White,Home_Purchase,Principal_Residence,Originated,1.0,0,0.40821717351136383,11.63
3,129.0,145000,195000.0,75.0,30%-<36%,Race Not Available,Refinance,Principal_Residence,Originated,1.0,0,0.38678979234423494,23.97
2,95.0,525000,705000.0,75.0,Unknown,Race Not Available,Refinance,Investment,Originated,1.0,1,0.4894971036116904,29.84
0,70.0,65000,375000.0,78.353,Unknown,American Indian or Alaska Native,Home_Improvement,Principal_Residence,Withdrawn,,1,0.4449897651574165,32.47
5,196.0,15000,785000.0,70.869,43%-<50%,White,Home_Improvement,Principal_Residence,Approved_NotAccepted,,1,0.4971249020814861,39.09
2,95.0,115000,155000.0,79.47,Unknown,Race Not Available,Home_Purchase,Investment,Originated,1.0,1,0.46620307415210377,18.68
6,52.0,295000,285000.0,103.069,50%-60%,Black or African American,Home_Purchase,Principal_Residence,Originated,1.0,0,0.4260214278764294,85.13
2,112.0,245000,335000.0,75.0,43%-<50%,Race Not Available,Home_Purchase,Investment,Originated,1.0,0,0.3752637449048438,27.59
0,60.0,205000,205000.0,100.976,20%-<30%,Race Not Available,Home_Purchase,Principal_Residence,Originated,1.0,0,0.40550559076650033,79.88
6,25.0,195000,465000.0,41.04,50%-60%,White,CashOut_Refinance,Principal_Residence,Originated,1.0,0,0.4068496468284798,35.37
2,78.0,335000,375000.0,78.353,Unknown,Race Not Available,Home_Purchase,Investment,Withdrawn,,0,0.35014161948966643,40.02
6,142.0,455000,665000.0,67.66,>60%,Asian,Refinance,Principal_Residence,Denied,0.0,0,0.45226713616148234,85.26
3,95.0,375000,505000.0,78.353,Unknown,Race Not Available,CashOut_Refinance,Principal_Residence,Purchased,,0,0.37147078972742836,11.79
6,59.0,205000,415000.0,48.78,50%-60%,White,Other,Principal_Residence,Originated,1.0,0,0.4047788919677825,15.44
3,135.0,525000,705000.0,78.353,Unknown,White,CashOut_Refinance,Principal_Residence,Purchased,,0,0.3980404325994615,29.3
5,112.0,55000,585000.0,55.754,36%-<43%,White,Refinance,Principal_Residence,Originated,1.0,0,0.45279190941179304,21.14
0,95.0,335000,345000.0,78.353,Unknown,Race Not Available,Home_Purchase,Principal_Residence,Purchased,,0,0.3656783812128507,39.13
0,57.0,215000,225000.0,97.0,43%-<50%,White,Home_Purchase,Principal_Residence,Originated,1.0,0,0.414160513976713,31.87
0,61.0,275000,285000.0,97.0,43%-<50%,White,Home_Purchase,Principal_Residence,Denied,0.0,0,0.3791750351458319,72.5
3,112.0,255000,445000.0,56.64,36%-<43%,White,Refinance,Principal_Residence,Originated,1.0,0,0.3762994672942245,37.53
6,351.0,275000,2755000.0,85.0,50%-60%,Asian,Home_Purchase,Principal_Residence,Originated,1.0,1,0.5776318039285094,85.67
0,95.0,105000,105000.0,78.353,Unknown,Race Not Available,Home_Purchase,Principal_Residence,Purchased,,0,0.4054172362644625,9.91
3,153.0,255000,365000.0,70.0,20%-<30%,White,Refinance,Principal_Residence,Originated,1.0,0,0.38985499830367454,9.58
0,76.0,265000,265000.0,78.353,36%-<43%,Black or African American,Home_Purchase,Principal_Residence,Originated,1.0,0,0.3600289532590383,47.81
6,88.0,225000,235000.0,96.5,50%-60%,White,Home_Purchase,Principal_Residence,Originated,1.0,0,0.36782832304752994,17.46
0,224.0,375000,395000.0,78.353,Unknown,Race Not Available,Home_Purchase,Principal_Residence,Purchased,,0,0.38371298580212443,14.53
5,127.0,105000,375000.0,78.353,36%-<43%,White,Home_Improvement,Principal_Residence,Denied,0.0,0,0.3588459897827485,12.35
0,140.0,605000,635000.0,95.0,30%-<36%,White,Home_Purchase,Principal_Residence,Originated,1.0,0,0.3897958408855647,33.92
0,62.0,95000,375000.0,78.353,Unknown,Race Not Available,Other,Principal_Residence,Withdrawn,,0,0.40786987530946217,27.56
2,95.0,95000,375000.0,78.353,Unknown,Race Not Available,Refinance,Investment,Originated,1.0,1,0.4729205987670638,35.13
3,124.0,505000,665000.0,77.045,30%-<36%,American Indian or Alaska Native,CashOut_Refinance,Principal_Residence,Originated,1.0,0,0.4060539130255723,86.52
0,105.0,485000,615000.0,80.0,30%-<36%,White,Home_Purchase,Principal_Residence,Originated,1.0,0,0.39052167413824984,44.07
5,43.0,5000,375000.0,78.353,Unknown,White,Home_Purchase,Principal_Residence,Withdrawn,,0,0.4872328692353638,77.68
0,111.0,205000,215000.0,95.0,36%-<43%,White,Home_Purchase,Principal_Residence,Originated,1.0,0,0.3671278977248643,13.03
5,185.0,35000,505000.0,67.232,20%-<30%,White,Other,Principal_Residence,Denied,0.0,0,0.38588357230270925,27.45
0,61.0,105000,125000.0,80.0,36%-<43%,Black or African American,Other,Principal_Residence,Originated,1.0,0,0.41998919325551465,97.92
5,134.0,35000,705000.0,84.429,30%-<36%,White,Other,Principal_Residence,Originated,1.0,0,0.428795595657653,13.25
3,165.0,155000,375000.0,78.353,Unknown,Race Not Available,Refinance,Principal_Residence,Withdrawn,,0,0.36126289547919016,8.63
3,254.0,505000,805000.0,63.0,20%-<30%,Race Not Available,CashOut_Refinance,Principal_Residence,Originated,1.0,0,0.4014052616972753,18.41
3,65.0,345000,375000.0,78.353,Unknown,White,CashOut_Refinance,Principal_Residence,Withdrawn,,0,0.3619967645347557,13.28
5,275.0,395000,1975000.0,60.26,43%-<50%,Asian,Home_Improvement,Principal_Residence,Originated,1.0,2,0.5648711013481226,66.04
0,37.0,95000,375000.0,78.353,Unknown,White,Other,Principal_Residence,Withdrawn,,0,0.36259993086514053,50.85
0,194.0,255000,455000.0,78.353,Unknown,Asian,Home_Purchase,Principal_Residence,Purchased,,0,0.3602277794213996,20.2
3,155.0,195000,285000.0,69.89,20%-<30%,Race Not Available,CashOut_Refinance,Principal_Residence,Originated,1.0,0,0.37051286319749505,25.57
3,49.0,145000,375000.0,78.353,Unknown,White,CashOut_Refinance,Principal_Residence,Withdrawn,,0,0.3641378040727854,12.97
3,59.0,205000,225000.0,90.0,30%-<36%,White,CashOut_Refinance,Principal_Residence,Originated,1.0,0,0.3637422638055267,15.57
3,144.0,505000,975000.0,51.282,43%-<50%,Black or African American,Refinance,Principal_Residence,Originated,1.0,0,0.49275546842886075,98.36
5,161.0,105000,425000.0,66.47,20%-<30%,White,Other,Principal_Residence,Originated,1.0,0,0.41863475641393816,14.62
0,87.0,265000,275000.0,95.0,36%-<43%,Black or African American,Home_Purchase,Principal_Residence,Originated,1.0,0,0.3825869099969396,69.45
0,95.0,255000,265000.0,78.353,Unknown,Race Not Available,Home_Purchase,Principal_Residence,Purchased,,0,0.3530022090129738,19.8
5,117.0,305000,795000.0,48.45,36%-<43%,Race Not Available,Home_Improvement,Principal_Residence,Originated,1.0,0,0.43836182948901853,90.44
4,48.0,85000,375000.0,78.353,Unknown,Black or African American,Home_Purchase,Principal_Residence,Incomplete,,0,0.459989636105202,0.0
0,95.0,185000,375000.0,78.353,Unknown,White,Home_Purchase,Principal_Residence,Withdrawn,,1,0.5098769024351089,0.0
0,95.0,145000,285000.0,48.543,Unknown,White,Home_Purchase,Principal_Residence,Originated,1.0,0,0.38556768091003035,30.15
3,46.0,55000,375000.0,78.353,Unknown,Black or African American,CashOut_Refinance,Principal_Residence,Withdrawn,,0,0.4115707938730567,49.05
6,20.0,135000,165000.0,80.0,>60%,White,CashOut_Refinance,Principal_Residence,Denied,0.0,0,0.3701957797776585,12.82
0,95.0,145000,175000.0,78.353,Unknown,Race Not Available,NotApplicable,Principal_Residence,Purchased,,1,0.46884337123014774,93.62
0,236.0,195000,215000.0,78.353,Unknown,White,Home_Purchase,Principal_Residence,Purchased,,0,0.42913795606257554,33.09
0,125.0,355000,375000.0,78.353,Unknown,White,Home_Purchase,Principal_Residence,Withdrawn,,0,0.37461318790997267,53.81
0,95.0,75000,75000.0,78.353,Unknown,Race Not Available,Home_Purchase,Principal_Residence,Purchased,,0,0.3732918839190404,6.45
2,95.0,195000,325000.0,61.56,Unknown,Race Not Available,Refinance,Investment,Originated,1.0,1,0.4826325311100807,18.05
6,32.0,225000,285000.0,80.0,>60%,Race Not Available,Home_Purchase,Principal_Residence,Denied,0.0,0,0.39675129216302496,83.93
5,158.0,155000,645000.0,56.682,30%-<36%,White,Home_Improvement,Principal_Residence,Originated,1.0,0,0.4489007727085611,33.49
3,215.0,175000,375000.0,78.353,Unknown,White,CashOut_Refinance,Principal_Residence,Withdrawn,,0,0.4243482099652219,44.67
2,180.0,225000,305000.0,73.203,20%-<30%,White,Home_Purchase,Investment,Originated,1.0,0,0.3686027754845519,31.24
0,53.0,85000,375000.0,78.353,Exempt,White,Home_Purchase,Principal_Residence,Originated,1.0,0,0.3499185577318956,26.62
5,87.0,25000,235000.0,69.093,20%-<30%,White,Home_Improvement,Principal_Residence,Originated,1.0,0,0.43021831052488324,35.96
0,279.0,825000,915000.0,90.0,36%-<43%,White,Home_Purchase,Principal_Residence,Originated,1.0,1,0.4402248587559015,27.0
0,126.0,385000,405000.0,95.0,30%-<36%,White,Home_Purchase,Principal_Residence,Originated,1.0,0,0.37994400866265643,12.54
1,380.0,2005000,375000.0,78.353,Unknown,White,Home_Purchase,Principal_Residence,Withdrawn,,2,0.5332800741213145,20.36
3,197.0,305000,375000.0,78.353,Unknown,White,CashOut_Refinance,Principal_Residence,Withdrawn,,0,0.3723252282917636,72.92
3,93.0,485000,375000.0,78.353,Unknown,Race Not Available,CashOut_Refinance,Principal_Residence,Denied,0.0,0,0.3843781006541122,87.32
6,134.0,2205000,2905000.0,75.862,>60%,White,Refinance,Principal_Residence,Approved_NotAccepted,,1,0.6000447804227,15.64
0,102.0,435000,375000.0,78.353,Unknown,Asian,Home_Purchase,Principal_Residence,Incomplete,,0,0.3695386675200604,76.76
0,21.0,165000,375000.0,78.353,Unknown,White,Home_Purchase,Principal_Residence,Incomplete,,1,0.5203113662556016,0.0
0,222.0,805000,375000.0,78.353,Unknown,Asian,Home_Purchase,Principal_Residence,Withdrawn,,0,0.43037774633946724,57.9
6,58.0,385000,485000.0,80.0,>60%,Black or African American,Home_Purchase,Principal_Residence,Denied,0.0,0,0.37251757803626195,21.81
6,38.0,175000,235000.0,75.64,50%-60%,Race Not Available,Refinance,Principal_Residence,Denied,0.0,0,0.37206146146360597,60.63
1,396.0,405000,1485000.0,72.613,43%-<50%,Asian,Other,Principal_Residence,Originated,1.0,1,0.5104197343726324,72.76
0,95.0,355000,365000.0,78.353,Unknown,Race Not Available,Home_Purchase,Principal_Residence,Purchased,,0,0.3538548657110439,35.48
3,105.0,305000,635000.0,48.42,43%-<50%,White,Refinance,Principal_Residence,Originated,1.0,0,0.4087334033341913,39.63
3,63.0,285000,375000.0,78.353,Unknown,White,CashOut_Refinance,Principal_Residence,Withdrawn,,0,0.3695738373900158,8.39
2,95.0,105000,135000.0,0.75,Unknown,Race Not Available,Home_Purchase,Investment,Originated,1.0,2,0.5908467632200249,0.0
5,95.0,5000,165000.0,78.353,Unknown,Race Not Available,Home_Purchase,Principal_Residence,Purchased,,1,0.5311572454034426,97.58
0,80.0,205000,245000.0,85.0,36%-<43%,Race Not Available,Home_Purchase,Principal_Residence,Originated,1.0,0,0.3647960052101047,52.77
3,111.0,135000,235000.0,60.0,<20%,Black or African American,Refinance,Principal_Residence,Originated,1.0,0,0.3949143341553121,54.38
2,194.0,245000,325000.0,75.0,<20%,White,Home_Purchase,Investment,Originated,1.0,0,0.3570941859096846,16.65
3,109.0,245000,315000.0,76.06,36%-<43%,Race Not Available,CashOut_Refinance,Principal_Residence,Originated,1.0,0,0.34606808619546386,26.09
5,150.0,135000,375000.0,78.353,Unknown,White,Other,Principal_Residence,Incomplete,,0,0.3539389296343659,14.17
3,69.0,345000,385000.0,90.39,36%-<43%,White,CashOut_Refinance,Principal_Residence,Denied,0.0,0,0.37934378867225577,79.13
3,85.0,35000,285000.0,70.175,36%-<43%,Asian,CashOut_Refinance,Principal_Residence,Denied,0.0,0,0.3910765330759494,38.53
0,47.0,105000,275000.0,36.0,36%-<43%,White,Home_Improvement,Principal_Residence,Approved_NotAccepted,,0,0.4612392473510894,18.16
1,1050.0,2265000,375000.0,78.353,Unknown,White,Home_Purchase,Second_Residence,Incomplete,,0,0.5632726796413153,8.55
3,73.0,405000,425000.0,94.826,36%-<43%,White,Refinance,Principal_Residence,Originated,1.0,0,0.3647042201694424,25.51
4,86.0,205000,465000.0,43.29,<20%,White,Refinance,Principal_Residence,Denied,0.0,0,0.394269213947566,10.38
0,65.0,235000,255000.0,95.0,30%-<36%,Black or African American,Home_Purchase,Principal_Residence,Originated,1.0,0,0.38555599210584873,48.45
0,315.0,205000,255000.0,80.0,20%-<30%,White,Home_Purchase,Second_Residence,Approved_NotAccepted,,0,0.38015553891669623,20.34
0,95.0,315000,325000.0,78.353,Unknown,Race Not Available,Home_Purchase,Principal_Residence,Purchased,,0,0.3570765772176797,14.65
3,73.0,215000,285000.0,73.345,36%-<43%,White,Refinance,Principal_Residence,Originated,1.0,0,0.36883221125272087,13.88
0,93.0,205000,375000.0,78.353,Exempt,White,Home_Purchase,Principal_Residence,Originated,1.0,0,0.3535686232358243,10.67
0,144.0,185000,375000.0,78.353,Unknown,White,Home_Purchase,Second_Residence,Withdrawn,,0,0.3759295097336834,10.24
2,210.0,405000,705000.0,57.45,36%-<43%,Race Not Available,Home_Purchase,Investment,Originated,1.0,0,0.39895218455861287,26.1
0,196.0,535000,375000.0,78.353,Unknown,White,Home_Purchase,Principal_Residence,Withdrawn,,0,0.41212366404503875,72.35
0,95.0,705000,375000.0,78.353,Exempt,Race Not Available,Home_Purchase,Principal_Residence,Purchased,,0,0.41357604922965396,45.52
4,61.0,5000,235000.0,100.427,<20%,White,Home_Purchase,Principal_Residence,Originated,1.0,0,0.3876070618930819,44.33
0,54.0,155000,375000.0,78.353,Unknown,Race Not Available,Home_Purchase,Principal_Residence,Withdrawn,,0,0.37240594273734584,48.46
0,129.0,355000,355000.0,78.353,36%-<43%,Asian,Home_Purchase,Principal_Residence,Originated,1.0,0,0.34996951079198224,21.42
4,68.0,155000,375000.0,78.353,Exempt,White,Home_Purchase,Principal_Residence,Originated,1.0,0,0.35869939991886995,33.55
5,158.0,85000,685000.0,79.69,43%-<50%,White,Other,Principal_Residence,Originated,1.0,0,0.3989863987837192,43.22
3,95.0,185000,255000.0,78.353,Unknown,Race Not Available,CashOut_Refinance,Principal_Residence,Purchased,,0,0.352741113914833,18.31
0,95.0,305000,315000.0,78.353,Unknown,Race Not Available,Home_Purchase,Principal_Residence,Purchased,,0,0.34345865081462607,28.38
3,136.0,305000,385000.0,78.353,Unknown,White,CashOut_Refinance,Principal_Residence,Approved_NotAccepted,,0,0.40019707317845066,14.22
4,112.0,95000,95000.0,78.353,30%-<36%,White,Home_Purchase,Principal_Residence,Originated,1.0,0,0.4134136323825743,60.78
6,150.0,105000,1245000.0,66.686,50%-60%,White,CashOut_Refinance,Principal_Residence,Originated,1.0,0,0.47063436824774074,34.78
4,28.0,155000,345000.0,78.353,Unknown,White,Home_Purchase,Principal_Residence,Originated,1.0,0,0.35575679522311787,29.53
0,75.0,155000,195000.0,80.0,20%-<30%,Race Not Available,Home_Purchase,Principal_Residence,Originated,1.0,0,0.4543681118392158,15.81
0,65.0,335000,375000.0,78.353,Unknown,White,Home_Purchase,Principal_Residence,Withdrawn,,0,0.38070437195016327,68.09
5,27.0,35000,185000.0,83.941,43%-<50%,White,Other,Principal_Residence,Originated,1.0,0,0.4132131818552966,7.46
5,60.0,55000,375000.0,78.353,Unknown,White,Home_Improvement,Principal_Residence,Incomplete,,0,0.3569688306304185,7.88
0,120.0,485000,615000.0,80.0,43%-<50%,White,Home_Purchase,Principal_Residence,Denied,0.0,0,0.38315379550318024,58.25
3,97.0,85000,105000.0,80.0,36%-<43%,White,CashOut_Refinance,Principal_Residence,Originated,1.0,0,0.3611650994892308,26.43
3,73.0,255000,445000.0,57.955,36%-<43%,White,Refinance,Principal_Residence,Originated,1.0,0,0.36860136663933246,38.56
3,118.0,195000,305000.0,64.962,36%-<43%,Race Not Available,Refinance,Principal_Residence,Originated,1.0,0,0.40989070454303606,9.16
0,37.0,95000,95000.0,101.0,30%-<36%,White,Home_Purchase,Principal_Residence,Originated,1.0,0,0.5107606188341767,100.0
0,186.0,885000,1105000.0,80.0,43%-<50%,White,Home_Purchase,Principal_Residence,Preapproval_Denied,,2,0.5689592836251929,0.0
0,37.0,95000,375000.0,78.353,Unknown,White,Home_Purchase,Principal_Residence,Withdrawn,,0,0.37859905874811844,6.76
2,95.0,125000,205000.0,57.21,Unknown,Race Not Available,Home_Purchase,Investment,Originated,1.0,1,0.47107015930128965,49.03
4,103.0,195000,195000.0,96.5,30%-<36%,White,Home_Purchase,Principal_Residence,Denied,0.0,0,0.37706773270356647,6.48
1,485.0,1425000,375000.0,78.353,Unknown,White,Home_Purchase,Principal_Residence,Withdrawn,,0,0.5105770349982365,7.28
5,129.0,65000,405000.0,77.95,20%-<30%,Race Not Available,Other,Principal_Residence,Originated,1.0,0,0.4008867637906993,27.07
0,72.0,85000,135000.0,61.54,43%-<50%,White,Other,Principal_Residence,Originated,1.0,0,0.39679038305330067,9.7
0,95.0,35000,45000.0,78.353,Unknown,Race Not Available,NotApplicable,Principal_Residence,Purchased,,2,0.4452709468889461,25.67
3,40.0,285000,405000.0,72.3,43%-<50%,White,CashOut_Refinance,Principal_Residence,Originated,1.0,0,0.3785972124279955,20.39
0,21.0,65000,375000.0,38.71,36%-<43%,White,Home_Purchase,Principal_Residence,Originated,1.0,0,0.4566797412365665,5.32
0,68.0,275000,305000.0,88.421,36%-<43%,White,Home_Purchase,Principal_Residence,Originated,1.0,0,0.35919133710739287,31.5
6,46.0,15000,235000.0,85.0,50%-60%,White,Home_Purchase,Principal_Residence,Denied,0.0,0,0.4694953113459269,10.89
3,95.0,75000,85000.0,78.353,Unknown,Race Not Available,CashOut_Refinance,Principal_Residence,Purchased,,0,0.40942900415101513,33.11
0,95.0,655000,775000.0,78.353,Unknown,Race Not Available,Home_Purchase,Principal_Residence,Purchased,,0,0.42117699446540974,12.43
0,161.0,155000,315000.0,47.17,43%-<50%,Native Hawaiian or Other Pacific Islander,Other,Second_Residence,Originated,1.0,0,0.4153455129094421,10.19
3,95.0,295000,605000.0,78.353,Unknown,White,Refinance,Principal_Residence,Originated,1.0,0,0.37008610738198294,41.0
0,269.0,725000,375000.0,78.353,Unknown,White,Home_Purchase,Principal_Residence,Preapproval_Approved_NotAccepted,,2,0.5521978606752229,0.0
2,95.0,495000,485000.0,1.03,Unknown,Race Not Available,Home_Purchase,Investment,Originated,1.0,3,0.6520456389516853,0.0
0,69.0,215000,265000.0,80.0,30%-<36%,White,Home_Purchase,Principal_Residence,Originated,1.0,0,0.34704568412750997,20.01
0,37.0,95000,375000.0,78.353,Unknown,White,Home_Purchase,Second_Residence,Withdrawn,,0,0.38265721982256,63.52
0,63.0,175000,225000.0,80.0,30%-<36%,White,Home_Purchase,Principal_Residence,Preapproval_Approved_NotAccepted,,1,0.517409225632355,0.0
6,57.0,305000,305000.0,96.5,50%-60%,Race Not Available,Home_Purchase,Principal_Residence,Originated,1.0,0,0.37204452863278886,56.53
0,174.0,395000,585000.0,67.241,20%-<30%,Joint,Home_Purchase,Principal_Residence,Originated,1.0,0,0.38941219202807625,37.74
5,112.0,15000,195000.0,90.0,20%-<30%,White,Other,Principal_Residence,Originated,1.0,0,0.3996478457681445,19.26
6,60.0,335000,335000.0,96.5,50%-60%,White,Home_Purchase,Principal_Residence,Denied,0.0,0,0.41193437384903925,94.15
1,451.0,725000,855000.0,84.971,20%-<30%,White,Home_Purchase,Principal_Residence,Originated,1.0,0,0.4395200191611875,19.01
0,95.0,615000,645000.0,78.353,Unknown,Race Not Available,Home_Purchase,Principal_Residence,Purchased,,0,0.37665254868416415,25.73
5,80.0,105000,685000.0,73.82,43%-<50%,White,Home_Improvement,Principal_Residence,Originated,1.0,0,0.4512431073809983,77.38
1,282.0,1005000,1345000.0,75.0,36%-<43%,Race Not Available,Home_Purchase,Principal_Residence,Originated,1.0,1,0.4800607205724183,23.86
3,95.0,335000,375000.0,78.353,Unknown,Race Not Available,Refinance,Principal_Residence,Withdrawn,,0,0.4049420608679581,75.49
1,1054.0,465000,555000.0,85.0,<20%,White,Home_Purchase,Principal_Residence,Originated,1.0,1,0.5019227844181325,81.48
4,102.0,115000,375000.0,78.353,Unknown,Black or African American,Home_Purchase,Principal_Residence,Incomplete,,0,0.40838117765328746,66.16
2,140.0,125000,205000.0,60.49,30%-<36%,Race Not Available,Refinance,Investment,Originated,1.0,0,0.37347150270209595,9.52
3,69.0,205000,375000.0,78.353,Unknown,White,Refinance,Principal_Residence,Incomplete,,0,0.40571734913859026,41.44
5,275.0,35000,375000.0,78.353,Unknown,Black or African American,Other,Principal_Residence,Incomplete,,0,0.4673502371101781,59.48
3,95.0,295000,385000.0,78.353,Unknown,White,Refinance,Principal_Residence,Originated,1.0,0,0.36234430097027653,4.64
0,225.0,325000,385000.0,84.416,20%-<30%,White,Home_Purchase,Second_Residence,Originated,1.0,0,0.3729568925212097,32.68
3,80.0,185000,305000.0,61.803,43%-<50%,White,CashOut_Refinance,Principal_Residence,Originated,1.0,0,0.3881209853202097,80.19
5,51.0,45000,275000.0,78.899,43%-<50%,Black or African American,Other,Principal_Residence,Denied,0.0,0,0.3960872954433097,15.07
0,148.0,245000,325000.0,75.0,36%-<43%,White,Home_Purchase,Principal_Residence,Denied,0.0,0,0.3668701031595135,11.33
5,132.0,35000,635000.0,79.964,36%-<43%,Joint,Other,Principal_Residence,Originated,1.0,0,0.4449947075711755,42.32
0,129.0,415000,375000.0,78.353,Unknown,White,Home_Purchase,Principal_Residence,Withdrawn,,0,0.3825153763541996,39.71
0,190.0,465000,375000.0,78.353,Unknown,Race Not Available,Home_Purchase,Principal_Residence,Withdrawn,,0,0.3948100759763627,41.58
4,41.0,65000,375000.0,78.353,>60%,Black or African American,Home_Purchase,Principal_Residence,Denied,0.0,0,0.434165169971693,90.95
3,114.0,255000,375000.0,78.353,Unknown,Black or African American,CashOut_Refinance,Principal_Residence,Withdrawn,,0,0.374962068797111,69.16
1,515.0,225000,805000.0,80.0,30%-<36%,White,Home_Improvement,Principal_Residence,Originated,1.0,1,0.4904286916156866,17.75
4,71.0,85000,375000.0,78.353,Unknown,White,Home_Purchase,Principal_Residence,Incomplete,,2,0.5351622219504463,0.0
3,95.0,235000,245000.0,97.063,Unknown,Race Not Available,Refinance,Principal_Residence,Approved_NotAccepted,,0,0.389777281661482,57.79
0,96.0,505000,675000.0,75.0,43%-<50%,Asian,Home_Purchase,Principal_Residence,Originated,1.0,0,0.410771096029285,82.67
5,75.0,165000,325000.0,79.564,30%-<36%,White,Refinance,Principal_Residence,Originated,1.0,0,0.4284574831993557,21.02
0,83.0,235000,245000.0,96.5,30%-<36%,White,Home_Purchase,Principal_Residence,Originated,1.0,0,0.36097232600565876,23.46
1,480.0,365000,505000.0,73.36,<20%,Joint,Home_Purchase,Principal_Residence,Originated,1.0,0,0.43334241112841176,15.83
3,95.0,335000,415000.0,80.552,Unknown,White,Refinance,Principal_Residence,Originated,1.0,0,0.35645317564079465,8.08
3,85.0,235000,295000.0,80.479,36%-<43%,Race Not Available,CashOut_Refinance,Principal_Residence,Originated,1.0,0,0.35304780495591875,10.16
1,346.0,1785000,375000.0,78.353,Unknown,Race Not Available,Home_Purchase,Principal_Residence,Withdrawn,,0,0.4837408065129063,25.27
3,72.0,255000,375000.0,78.353,Unknown,Race Not Available,CashOut_Refinance,Principal_Residence,Withdrawn,,0,0.43621159747757016,97.95
3,15.0,65000,135000.0,45.36,36%-<43%,White,CashOut_Refinance,Principal_Residence,Originated,1.0,0,0.40657365776398574,17.83
0,77.0,315000,305000.0,100.0,43%-<50%,White,Home_Purchase,Principal_Residence,Originated,1.0,0,0.3810174480863899,24.34
3,250.0,1405000,2405000.0,58.667,36%-<43%,Asian,CashOut_Refinance,Principal_Residence,Denied,0.0,1,0.5809645544254258,63.52
5,92.0,25000,255000.0,75.576,43%-<50%,White,Other,Principal_Residence,Originated,1.0,1,0.45373463075220105,23.59
5,95.0,75000,315000.0,78.353,Unknown,Race Not Available,CashOut_Refinance,Principal_Residence,Purchased,,0,0.37977207211336345,24.78
6,68.0,365000,405000.0,90.0,50%-60%,Black or African American,Home_Purchase,Principal_Residence,Denied,0.0,0,0.4322587371590311,86.75
0,169.0,455000,375000.0,69.23,20%-<30%,White,Home_Purchase,Second_Residence,Approved_NotAccepted,,0,0.39128946481710186,5.24
0,129.0,405000,425000.0,95.0,20%-<30%,White,Home_Purchase,Principal_Residence,Originated,1.0,0,0.3647816366010584,14.05
5,122.0,25000,375000.0,78.353,Unknown,White,Other,Principal_Residence,Incomplete,,1,0.4664618269982487,31.42
6,75.0,455000,465000.0,96.5,50%-60%,Race Not Available,Home_Purchase,Principal_Residence,Originated,1.0,0,0.393945340993381,69.62
0,95.0,245000,255000.0,78.353,Unknown,Race Not Available,Home_Purchase,Principal_Residence,Purchased,,0,0.37509199003798593,26.8
0,124.0,255000,295000.0,86.52,30%-<36%,White,Home_Purchase,Principal_Residence,Originated,1.0,0,0.37110834836292234,8.84
1,1036.0,2935000,5105000.0,57.549,36%-<43%,White,Home_Purchase,Second_Residence,Originated,1.0,2,0.6990225504321225,4.02
3,29.0,135000,185000.0,73.0,43%-<50%,White,CashOut_Refinance,Principal_Residence,Originated,1.0,0,0.37463073413788905,54.42
0,58.0,145000,375000.0,78.353,Exempt,White,Home_Purchase,Second_Residence,Originated,1.0,0,0.3474411391418152,17.4
3,110.0,205000,365000.0,55.264,<20%,White,Refinance,Principal_Residence,Originated,1.0,1,0.4565916134434541,16.59
0,101.0,335000,335000.0,100.0,36%-<43%,Race Not Available,Home_Purchase,Principal_Residence,Originated,1.0,0,0.37108888630358877,31.31
2,95.0,1085000,1455000.0,78.353,Unknown,Race Not Available,Home_Purchase,Investment,Originated,1.0,2,0.5954025963378919,0.0
2,106.0,85000,105000.0,75.0,36%-<43%,White,Home_Purchase,Investment,Originated,1.0,0,0.3641572802478331,17.06
6,23.0,265000,325000.0,78.799,>60%,Asian,Home_Purchase,Principal_Residence,Denied,0.0,0,0.4123897092652487,96.26
2,116.0,85000,105000.0,80.0,20%-<30%,White,Home_Purchase,Investment,Originated,1.0,0,0.3684606483123795,44.16
0,200.0,415000,465000.0,90.0,36%-<43%,White,Home_Purchase,Principal_Residence,Originated,1.0,0,0.3987398384289595,15.15
5,162.0,105000,645000.0,48.869,30%-<36%,White,Home_Improvement,Second_Residence,Originated,1.0,0,0.4676252726501264,8.17
2,91.0,135000,435000.0,30.698,36%-<43%,White,Refinance,Investment,Originated,1.0,0,0.4477977764770014,28.64
3,69.0,235000,305000.0,77.85,36%-<43%,White,CashOut_Refinance,Principal_Residence,Originated,1.0,0,0.40706495948976973,51.38
0,58.0,185000,375000.0,78.353,Unknown,Race Not Available,Home_Purchase,Principal_Residence,Withdrawn,,0,0.35908872111824924,11.87
3,86.0,275000,375000.0,78.353,Unknown,White,CashOut_Refinance,Principal_Residence,Incomplete,,0,0.3591465729844085,5.66
1,255.0,585000,375000.0,78.353,Unknown,White,Home_Purchase,Second_Residence,Withdrawn,,1,0.44105355988439426,21.16
0,95.0,205000,205000.0,78.353,Unknown,Race Not Available,Home_Purchase,Principal_Residence,Purchased,,0,0.38142004927338224,13.86
2,95.0,175000,375000.0,78.353,Unknown,Race Not Available,Home_Purchase,Investment,Denied,0.0,0,0.3773777694318696,14.63
5,325.0,125000,575000.0,115.368,<20%,Race Not Available,Other,Principal_Residence,Denied,0.0,0,0.4336050099922883,26.88
0,95.0,225000,225000.0,78.353,Unknown,Race Not Available,Home_Purchase,Principal_Residence,Purchased,,0,0.3508853323063957,36.17
3,102.0,225000,305000.0,75.082,36%-<43%,White,CashOut_Refinance,Principal_Residence,Originated,1.0,0,0.39268272376057817,16.52
1,403.0,705000,375000.0,78.353,Unknown,White,CashOut_Refinance,Principal_Residence,Withdrawn,,0,0.4480434122533596,20.2
0,147.0,645000,375000.0,78.353,Unknown,White,Home_Purchase,Principal_Residence,Withdrawn,,0,0.37430671839387897,41.33
3,57.0,165000,555000.0,30.0,36%-<43%,White,CashOut_Refinance,Second_Residence,Originated,1.0,0,0.4090155701726138,25.28
0,78.0,225000,375000.0,78.353,Unknown,White,Home_Purchase,Principal_Residence,Withdrawn,,0,0.35505357539406335,21.37
1,531.0,1125000,375000.0,78.353,Unknown,White,Home_Purchase,Principal_Residence,Withdrawn,,0,0.49048698522620454,28.63
2,211.0,245000,335000.0,73.88,30%-<36%,Asian,Home_Purchase,Investment,Originated,1.0,0,0.3796739074849173,60.76
3,53.0,135000,375000.0,78.353,Unknown,White,CashOut_Refinance,Principal_Residence,Withdrawn,,0,0.3494800017727231,16.64
3,159.0,315000,525000.0,60.0,43%-<50%,White,CashOut_Refinance,Principal_Residence,Originated,1.0,0,0.43440362537052096,22.62
5,0.0,55000,375000.0,78.353,Unknown,Race Not Available,Home_Improvement,Principal_Residence,Incomplete,,0,0.4527546881880848,59.78
0,108.0,425000,375000.0,78.353,Unknown,White,Home_Purchase,Principal_Residence,Incomplete,,0,0.36024298749424943,12.08
0,169.0,475000,485000.0,101.96,36%-<43%,Race Not Available,Home_Purchase,Principal_Residence,Originated,1.0,0,0.44415088461380525,94.15
3,114.0,285000,365000.0,76.92,36%-<43%,White,Refinance,Principal_Residence,Originated,1.0,0,0.3692286994312182,30.28
0,46.0,135000,155000.0,90.0,36%-<43%,White,Home_Purchase,Principal_Residence,Originated,1.0,0,0.42705522043179817,43.3
1,425.0,505000,625000.0,80.0,20%-<30%,White,Home_Purchase,Second_Residence,Originated,1.0,0,0.4188514748350278,20.16
1,328.0,945000,3555000.0,26.676,36%-<43%,White,Refinance,Principal_Residence,Originated,1.0,2,0.6159022203344249,21.86
0,95.0,245000,255000.0,78.353,Unknown,Race Not Available,Home_Purchase,Principal_Residence,Purchased,,0,0.35287297424909153,8.59
0,95.0,355000,365000.0,78.353,Unknown,Race Not Available,Home_Purchase,Principal_Residence,Purchased,,0,0.4026247606524448,27.15
0,244.0,735000,985000.0,75.0,36%-<43%,Race Not Available,Home_Purchase,Principal_Residence,Originated,1.0,0,0.4341786807864213,49.42
3,61.0,165000,325000.0,50.154,36%-<43%,Black or African American,CashOut_Refinance,Principal_Residence,Originated,1.0,0,0.44621964852428464,96.49
5,183.0,305000,1455000.0,62.13,43%-<50%,White,Home_Improvement,Principal_Residence,Originated,1.0,0,0.46623622291327377,51.04
2,91.0,255000,345000.0,75.0,Unknown,White,Refinance,Investment,Originated,1.0,0,0.4125811599169264,15.02
5,104.0,105000,455000.0,44.157,36%-<43%,White,Home_Improvement,Principal_Residence,Originated,1.0,0,0.4002407921836111,9.21
6,118.0,165000,165000.0,100.0,50%-60%,White,Home_Purchase,Principal_Residence,Originated,1.0,0,0.40581168174198246,78.62
0,127.0,375000,375000.0,100.0,36%-<43%,White,Home_Purchase,Principal_Residence,Originated,1.0,0,0.38632729801816584,14.54
0,140.0,145000,375000.0,78.353,Unknown,Asian,Home_Purchase,Principal_Residence,Incomplete,,0,0.3551221691817999,32.73
0,90.0,235000,245000.0,95.0,30%-<36%,White,Home_Purchase,Principal_Residence,Originated,1.0,0,0.35663629385747914,26.25
4,53.0,55000,195000.0,84.887,30%-<36%,White,Home_Improvement,Principal_Residence,Originated,1.0,0,0.4026520169350499,8.32
0,86.0,295000,315000.0,96.613,36%-<43%,Race Not Available,Home_Purchase,Principal_Residence,Originated,1.0,0,0.36952086412982826,63.3
3,66.0,215000,355000.0,59.819,36%-<43%,Race Not Available,CashOut_Refinance,Principal_Residence,Originated,1.0,0,0.41109635667529687,9.19
0,44.0,195000,275000.0,70.0,43%-<50%,White,Home_Purchase,Principal_Residence,Originated,1.0,0,0.376307534927839,4.34
0,95.0,305000,395000.0,78.353,Unknown,Race Not Available,Home_Purchase,Principal_Residence,Purchased,,0,0.3553007254696674,32.15
3,223.0,275000,675000.0,40.448,30%-<36%,White,Refinance,Principal_Residence,Denied,0.0,1,0.5601769171226967,99.61
0,93.0,195000,195000.0,100.0,43%-<50%,White,Home_Purchase,Principal_Residence,Originated,1.0,0,0.378512407526478,49.87
0,123.0,405000,505000.0,80.0,43%-<50%,White,Home_Purchase,Principal_Residence,Originated,1.0,1,0.4214808465052504,14.93
3,0.0,755000,1025000.0,74.314,Unknown,White,Refinance,Principal_Residence,Denied,0.0,0,0.43662087262942345,56.09
5,162.0,85000,335000.0,66.412,36%-<43%,White,Other,Principal_Residence,Originated,1.0,0,0.42266803264512726,26.98
3,68.0,365000,375000.0,78.353,Unknown,Black or African American,CashOut_Refinance,Principal_Residence,Withdrawn,,0,0.36650224213275534,54.85
3,64.0,295000,375000.0,78.353,Unknown,Race Not Available,CashOut_Refinance,Principal_Residence,Withdrawn,,0,0.35618372705080414,42.92
5,43.0,5000,375000.0,78.353,Unknown,Black or African American,Home_Purchase,Principal_Residence,Withdrawn,,0,0.4825909403121106,65.58
6,10.0,25000,65000.0,30.76,>60%,White,Other,Principal_Residence,Denied,0.0,0,0.46041573351610093,30.34
3,95.0,235000,265000.0,87.269,Unknown,White,Refinance,Principal_Residence,Denied,0.0,0,0.351917844443419,32.19
0,95.0,455000,505000.0,78.353,Unknown,Race Not Available,Home_Purchase,Principal_Residence,Purchased,,0,0.39516281395291697,24.49
0,102.0,295000,375000.0,78.353,Unknown,White,Home_Purchase,Principal_Residence,Withdrawn,,0,0.35343901019076557,8.17
3,39.0,155000,375000.0,78.353,Unknown,White,CashOut_Refinance,Principal_Residence,Withdrawn,,0,0.361562334072003,6.18
0,113.0,625000,895000.0,70.0,43%-<50%,White,Home_Purchase,Principal_Residence,Originated,1.0,0,0.4192194258547284,17.93
2,0.0,145000,205000.0,71.25,Unknown,Race Not Available,CashOut_Refinance,Investment,Originated,1.0,0,0.4477699340205889,39.28
0,80.0,535000,525000.0,100.0,43%-<50%,White,Home_Purchase,Principal_Residence,Originated,1.0,0,0.4227691715014985,21.09
4,51.0,155000,195000.0,77.35,30%-<36%,White,Refinance,Principal_Residence,Originated,1.0,0,0.3671560698038263,5.2
0,150.0,255000,375000.0,78.353,Unknown,Black or African American,NotApplicable,Principal_Residence,Withdrawn,,0,0.3480025659794344,27.05
0,61.0,345000,385000.0,90.0,43%-<50%,White,Home_Purchase,Principal_Residence,Originated,1.0,0,0.377571333477958,64.63
6,153.0,615000,685000.0,90.0,50%-60%,Black or African American,CashOut_Refinance,Principal_Residence,Denied,0.0,0,0.4789391167012261,94.84
0,95.0,235000,245000.0,78.353,Unknown,Race Not Available,Home_Purchase,Principal_Residence,Purchased,,0,0.38635585585708426,44.44
3,67.0,265000,375000.0,78.353,Unknown,White,CashOut_Refinance,Principal_Residence,Withdrawn,,0,0.34516007381530506,20.83
2,255.0,195000,245000.0,80.0,<20%,Asian,Home_Purchase,Investment,Originated,1.0,0,0.39888118367530173,63.89
0,90.0,405000,425000.0,95.0,43%-<50%,White,Home_Purchase,Principal_Residence,Originated,1.0,0,0.38672539216727525,31.1
4,152.0,105000,375000.0,32.981,20%-<30%,White,Home_Improvement,Investment,Denied,0.0,0,0.4322831383374324,29.61
3,125.0,215000,375000.0,78.353,Unknown,White,Refinance,Second_Residence,Incomplete,,0,0.4115143268260755,45.15
0,95.0,385000,475000.0,78.353,Unknown,Race Not Available,Home_Purchase,Principal_Residence,Purchased,,0,0.37142873180740854,37.13
0,132.0,415000,515000.0,80.0,43%-<50%,Race Not Available,Home_Purchase,Principal_Residence,Originated,1.0,0,0.3728421746900954,22.95
2,144.0,255000,325000.0,80.0,30%-<36%,White,Home_Purchase,Investment,Originated,1.0,0,0.3816324904278796,13.1
5,203.0,105000,595000.0,71.74,20%-<30%,White,Home_Improvement,Principal_Residence,Approved_NotAccepted,,0,0.4449967852491858,72.24
3,95.0,205000,375000.0,78.353,Unknown,White,Refinance,Principal_Residence,Incomplete,,1,0.3779587664448751,36.45
0,165.0,165000,185000.0,90.0,30%-<36%,White,Home_Purchase,Second_Residence,Originated,1.0,0,0.36754935890416857,29.05
3,35.0,105000,175000.0,57.143,36%-<43%,Race Not Available,CashOut_Refinance,Principal_Residence,Denied,0.0,0,0.4260803587289245,77.53
3,15.0,475000,375000.0,78.353,Unknown,Race Not Available,CashOut_Refinance,Principal_Residence,Withdrawn,,0,0.36818100262353615,30.84
3,43.0,115000,375000.0,78.353,Unknown,White,CashOut_Refinance,Principal_Residence,Withdrawn,,0,0.3797419215605402,10.54
6,25.0,55000,195000.0,25.641,>60%,White,Other,Principal_Residence,Denied,0.0,1,0.543928334190641,4.37
0,67.0,205000,255000.0,82.107,36%-<43%,White,Home_Purchase,Principal_Residence,Originated,1.0,0,0.38923870231485963,13.0
0,116.0,315000,315000.0,100.0,43%-<50%,White,Home_Purchase,Principal_Residence,Originated,1.0,0,0.3767885363185527,8.18
0,189.0,645000,825000.0,78.353,Unknown,White,Home_Purchase,Principal_Residence,Purchased,,0,0.42644017645388455,37.33
0,66.0,125000,135000.0,95.0,36%-<43%,White,Home_Purchase,Principal_Residence,Originated,1.0,0,0.3735642444779414,6.41
5,210.0,245000,995000.0,90.0,30%-<36%,White,Other,Principal_Residence,Originated,1.0,0,0.44752842463119646,11.49
5,75.0,55000,305000.0,77.0,43%-<50%,White,Refinance,Principal_Residence,Originated,1.0,0,0.3551275613588827,17.69
3,135.0,485000,765000.0,78.353,Unknown,Race Not Available,CashOut_Refinance,Principal_Residence,Purchased,,0,0.4663737845078997,97.54
0,72.0,285000,375000.0,78.353,Unknown,2 or more minority races,Home_Purchase,Principal_Residence,Withdrawn,,0,0.3445382950653639,43.07
0,133.0,255000,315000.0,80.0,20%-<30%,White,Home_Purchase,Principal_Residence,Originated,1.0,0,0.34947630575621086,42.77
0,95.0,315000,315000.0,78.353,Unknown,Race Not Available,Home_Purchase,Principal_Residence,Purchased,,0,0.3649949224539721,27.5
0,120.0,305000,445000.0,69.886,43%-<50%,White,Home_Purchase,Principal_Residence,Originated,1.0,0,0.3715587093355354,29.4
2,256.0,125000,165000.0,75.0,43%-<50%,Joint,Home_Purchase,Investment,Originated,1.0,0,0.374638045943629,29.92
3,74.0,225000,255000.0,90.0,36%-<43%,White,CashOut_Refinance,Principal_Residence,Originated,1.0,0,0.3578761537763295,37.98
5,286.0,35000,375000.0,78.353,Exempt,White,Home_Purchase,Principal_Residence,Originated,1.0,0,0.39032400887790675,6.36
2,95.0,105000,375000.0,117.65,Unknown,Race Not Available,Home_Purchase,Investment,Denied,0.0,1,0.5505737506715563,86.61
3,95.0,235000,295000.0,78.353,Unknown,Race Not Available,CashOut_Refinance,Principal_Residence,Purchased,,0,0.3735409209161962,59.86
0,221.0,435000,435000.0,100.0,43%-<50%,White,Home_Purchase,Principal_Residence,Originated,1.0,0,0.39331205700010563,49.36
5,56.0,105000,2155000.0,4.63,43%-<50%,White,Home_Improvement,Principal_Residence,Originated,1.0,1,0.5931134714080613,26.42
0,94.0,135000,235000.0,57.826,30%-<36%,White,Home_Purchase,Principal_Residence,Originated,1.0,0,0.3799877822031636,4.78
3,62.0,255000,375000.0,78.353,Unknown,White,Refinance,Principal_Residence,Withdrawn,,0,0.3466414750173651,46.69
0,197.0,385000,405000.0,95.0,30%-<36%,White,Home_Purchase,Principal_Residence,Originated,1.0,0,0.3758443314185932,15.81
2,140.0,305000,985000.0,41.868,<20%,White,Home_Improvement,Investment,Approved_NotAccepted,,1,0.4850654935698458,35.92
0,110.0,305000,475000.0,65.0,36%-<43%,Race Not Available,Home_Purchase,Principal_Residence,Originated,1.0,0,0.3649584307237381,32.68
5,35.0,15000,185000.0,85.96,36%-<43%,White,Home_Improvement,Principal_Residence,Originated,1.0,0,0.3757345390195349,17.31
3,209.0,525000,585000.0,89.846,36%-<43%,White,CashOut_Refinance,Principal_Residence,Originated,1.0,0,0.4236600211682246,33.19
2,235.0,105000,375000.0,78.353,Unknown,White,Home_Improvement,Investment,Withdrawn,,0,0.38605811203842527,20.43
0,230.0,745000,995000.0,75.0,43%-<50%,Race Not Available,Home_Purchase,Principal_Residence,Originated,1.0,0,0.441844139429906,15.35
0,95.0,375000,395000.0,78.353,Unknown,Race Not Available,Home_Purchase,Principal_Residence,Purchased,,0,0.35956869780918715,8.6
3,95.0,285000,325000.0,78.353,Unknown,Race Not Available,Refinance,Principal_Residence,Purchased,,0,0.3547855728292421,27.77
0,218.0,225000,255000.0,89.804,20%-<30%,White,Home_Purchase,Principal_Residence,Originated,1.0,0,0.3949635589244257,49.22
3,250.0,125000,185000.0,68.89,20%-<30%,White,Refinance,Principal_Residence,Originated,1.0,0,0.39256490751394757,8.03
6,22.0,165000,215000.0,74.89,>60%,White,Home_Purchase,Principal_Residence,Approved_NotAccepted,,2,0.5638209772795941,0.0
0,95.0,405000,435000.0,95.0,43%-<50%,White,Home_Purchase,Principal_Residence,Originated,1.0,0,0.3634430413726125,30.48
3,85.0,355000,375000.0,78.353,Unknown,Race Not Available,CashOut_Refinance,Principal_Residence,Incomplete,,0,0.35603211990411704,58.08
6,150.0,75000,255000.0,76.4,>60%,White,Other,Principal_Residence,Denied,0.0,0,0.423813623006578,75.37
6,160.0,255000,255000.0,100.0,50%-60%,Race Not Available,Home_Purchase,Principal_Residence,Originated,1.0,0,0.3828273149739811,41.67
3,116.0,405000,1685000.0,23.8,36%-<43%,White,Other,Principal_Residence,Originated,1.0,1,0.5655197281154015,27.79
6,61.0,155000,655000.0,79.51,>60%,White,Home_Improvement,Principal_Residence,Denied,0.0,0,0.48270422390530043,31.11
3,44.0,135000,375000.0,78.353,Unknown,White,Refinance,Principal_Residence,Withdrawn,,0,0.3519509978858409,27.39
0,95.0,285000,305000.0,78.353,Unknown,Race Not Available,Home_Purchase,Principal_Residence,Purchased,,0,0.3595894991343227,60.44
3,116.0,185000,375000.0,38.91,20%-<30%,White,Refinance,Principal_Residence,Originated,1.0,0,0.4042191073562265,9.17
5,80.0,5000,165000.0,101.0,36%-<43%,Black or African American,Home_Purchase,Principal_Residence,Originated,1.0,0,0.5009139379272567,69.03
3,131.0,435000,615000.0,70.0,43%-<50%,White,Refinance,Principal_Residence,Originated,1.0,0,0.39515518079545686,13.58
3,146.0,235000,375000.0,78.353,Unknown,White,CashOut_Refinance,Principal_Residence,Withdrawn,,0,0.384861619720342,23.33
4,40.0,75000,375000.0,78.353,Unknown,White,Home_Purchase,Principal_Residence,Incomplete,,0,0.42279752923049624,86.63
0,120.0,145000,375000.0,78.353,Unknown,White,Other,Principal_Residence,Withdrawn,,0,0.3635278913813334,57.67
3,77.0,455000,565000.0,80.0,43%-<50%,White,CashOut_Refinance,Principal_Residence,Originated,1.0,0,0.36718002402306565,22.9
0,62.0,145000,145000.0,96.5,30%-<36%,White,Home_Purchase,Principal_Residence,Originated,1.0,0,0.4745578507394173,99.43
6,85.0,105000,565000.0,82.734,50%-60%,Asian,Other,Principal_Residence,Denied,0.0,0,0.3939920867952315,86.34
3,95.0,325000,505000.0,78.353,Unknown,White,CashOut_Refinance,Principal_Residence,Purchased,,0,0.38770187385190547,67.54
0,200.0,645000,775000.0,84.052,20%-<30%,White,Home_Purchase,Principal_Residence,Originated,1.0,0,0.4104691970128788,18.65
5,90.0,35000,685000.0,74.497,43%-<50%,White,Other,Principal_Residence,Originated,1.0,0,0.45587159176509995,25.44
0,174.0,385000,425000.0,90.0,20%-<30%,White,Home_Purchase,Principal_Residence,Originated,1.0,0,0.383427627355077,12.9
0,138.0,265000,375000.0,78.353,Unknown,Race Not Available,Home_Purchase,Principal_Residence,Withdrawn,,0,0.34986777831896837,19.71
3,58.0,255000,325000.0,79.0,30%-<36%,Race Not Available,CashOut_Refinance,Principal_Residence,Originated,1.0,0,0.3991139615125218,96.61
3,163.0,295000,515000.0,57.0,43%-<50%,White,CashOut_Refinance,Principal_Residence,Originated,1.0,1,0.47064873654134154,11.19
0,95.0,165000,175000.0,78.353,Unknown,Race Not Available,Home_Purchase,Principal_Residence,Purchased,,0,0.3501062410087546,33.07
4,77.0,215000,215000.0,100.0,50%-60%,White,Home_Purchase,Principal_Residence,Approved_NotAccepted,,0,0.39493750609579986,4.11
2,89.0,255000,725000.0,74.0,>60%,White,Refinance,Investment,Originated,1.0,2,0.4666349769961424,22.57
0,111.0,375000,375000.0,78.353,Unknown,White,Home_Purchase,Principal_Residence,Withdrawn,,0,0.36033720129157126,26.93
0,95.0,315000,355000.0,89.997,43%-<50%,White,Home_Purchase,Principal_Residence,Originated,1.0,0,0.3546985327930889,39.38
5,250.0,205000,815000.0,90.77,30%-<36%,White,Other,Principal_Residence,Denied,0.0,0,0.47642276324287197,43.55
1,332.0,625000,775000.0,80.0,36%-<43%,Race Not Available,Home_Purchase,Second_Residence,Originated,1.0,0,0.4414892859910199,8.99
6,28.0,55000,375000.0,13.514,50%-60%,Race Not Available,Other,Principal_Residence,Denied,0.0,0,0.5020716837243853,32.24
3,88.0,265000,375000.0,78.353,Unknown,Race Not Available,Refinance,Principal_Residence,Denied,0.0,0,0.3801388449056256,88.86
0,55.0,195000,195000.0,100.0,30%-<36%,White,Home_Purchase,Principal_Residence,Originated,1.0,0,0.37652530952293184,48.4
0,130.0,605000,675000.0,90.0,36%-<43%,Asian,Home_Purchase,Principal_Residence,Originated,1.0,0,0.40742175477796994,52.18
3,95.0,375000,415000.0,90.723,Unknown,White,Refinance,Principal_Residence,Originated,1.0,0,0.35972705312518477,12.46
2,0.0,365000,455000.0,80.0,Unknown,White,Home_Purchase,Investment,Originated,1.0,0,0.38078545811072717,55.78
3,76.0,205000,505000.0,40.0,36%-<43%,Black or African American,CashOut_Refinance,Principal_Residence,Denied,0.0,0,0.4206364156441694,77.12
5,266.0,255000,1965000.0,44.09,43%-<50%,Black or African American,Other,Principal_Residence,Originated,1.0,2,0.5486157531684851,21.41
6,39.0,105000,565000.0,17.62,50%-60%,Asian,Refinance,Principal_Residence,Denied,0.0,0,0.4555562038800729,48.47
0,95.0,155000,165000.0,78.353,Unknown,Race Not Available,Home_Purchase,Principal_Residence,Purchased,,0,0.3509746072831808,20.56
2,95.0,495000,745000.0,78.353,Unknown,Race Not Available,Refinance,Investment,Originated,1.0,1,0.5480840480431035,98.19
0,102.0,475000,505000.0,95.0,43%-<50%,White,Home_Purchase,Principal_Residence,Originated,1.0,0,0.37502793253554917,23.07
0,115.0,295000,285000.0,100.0,43%-<50%,White,Home_Purchase,Principal_Residence,Originated,1.0,0,0.3701889370723869,30.58
6,73.0,105000,435000.0,81.14,50%-60%,Race Not Available,Home_Improvement,Principal_Residence,Originated,1.0,0,0.4147244416984994,14.72
5,125.0,355000,1515000.0,31.83,30%-<36%,Joint,Home_Purchase,Principal_Residence,Originated,1.0,2,0.54333330426688,24.82
0,233.0,675000,845000.0,80.0,30%-<36%,White,Home_Purchase,Principal_Residence,Originated,1.0,0,0.40996114658648614,16.62
3,70.0,125000,375000.0,78.353,Unknown,Black or African American,CashOut_Refinance,Principal_Residence,Incomplete,,0,0.36761941691026256,51.03
3,166.0,315000,375000.0,78.353,20%-<30%,White,Refinance,Principal_Residence,Approved_NotAccepted,,0,0.3559774817112311,23.29
0,79.0,245000,645000.0,78.353,Unknown,Race Not Available,Home_Purchase,Principal_Residence,Purchased,,0,0.3679471358528291,45.63
0,73.0,275000,315000.0,90.0,43%-<50%,White,Home_Purchase,Principal_Residence,Preapproval_Approved_NotAccepted,,0,0.36938630840863035,8.4
0,75.0,255000,375000.0,78.353,30%-<36%,White,Home_Purchase,Principal_Residence,Denied,0.0,0,0.3675306517534186,66.37
3,336.0,335000,375000.0,78.353,Unknown,Race Not Available,Refinance,Principal_Residence,Withdrawn,,0,0.38463670533388206,46.41
0,228.0,405000,525000.0,76.952,<20%,Asian,Home_Purchase,Principal_Residence,Originated,1.0,0,0.4393697770196709,9.32
0,95.0,745000,955000.0,78.353,Unknown,Race Not Available,Home_Purchase,Principal_Residence,Purchased,,0,0.43135039773793055,36.47
5,190.0,165000,735000.0,73.06,30%-<36%,White,Other,Principal_Residence,Originated,1.0,0,0.4353837101670751,6.32
0,264.0,995000,1305000.0,76.462,36%-<43%,Asian,Home_Purchase,Principal_Residence,Originated,1.0,1,0.48153281244421486,7.8
0,53.0,275000,375000.0,78.353,Unknown,Black or African American,Home_Purchase,Principal_Residence,Withdrawn,,0,0.3664336897991984,57.07
3,44.0,65000,105000.0,65.0,30%-<36%,White,CashOut_Refinance,Principal_Residence,Approved_NotAccepted,,0,0.5165585376880194,98.95
0,66.0,195000,335000.0,58.811,43%-<50%,Race Not Available,Home_Purchase,Principal_Residence,Originated,1.0,0,0.39525059533012696,11.97
3,75.0,325000,375000.0,78.353,Unknown,White,CashOut_Refinance,Principal_Residence,Originated,1.0,0,0.3520473240041485,19.49
0,102.0,355000,755000.0,46.358,43%-<50%,Race Not Available,Home_Improvement,Principal_Residence,Approved_NotAccepted,,0,0.48174174904824235,64.98
2,125.0,285000,385000.0,75.0,43%-<50%,Asian,Home_Purchase,Investment,Originated,1.0,0,0.35235521415191934,43.19
0,111.0,265000,375000.0,78.353,Unknown,Race Not Available,Home_Purchase,Principal_Residence,Withdrawn,,0,0.3524356611613201,7.63
6,38.0,105000,325000.0,33.292,50%-60%,Race Not Available,CashOut_Refinance,Principal_Residence,Denied,0.0,0,0.49965089135867036,97.48
3,190.0,435000,375000.0,78.353,Unknown,Joint,CashOut_Refinance,Principal_Residence,Withdrawn,,0,0.35524690473080506,44.26
0,95.0,265000,275000.0,78.353,Unknown,Race Not Available,Home_Purchase,Principal_Residence,Purchased,,0,0.35133535264741905,22.27
2,196.0,695000,1605000.0,44.0,>60%,Asian,Refinance,Investment,Originated,1.0,0,0.5341233979102964,74.3
5,102.0,155000,625000.0,70.828,36%-<43%,White,Home_Improvement,Principal_Residence,Denied,0.0,0,0.3658523738734719,39.11
2,424.0,585000,785000.0,75.0,30%-<36%,White,Home_Purchase,Investment,Originated,1.0,0,0.42902844066095674,6.43
3,28.0,135000,375000.0,78.353,Unknown,White,CashOut_Refinance,Principal_Residence,Incomplete,,0,0.3681289339303012,22.42
2,74.0,75000,375000.0,78.353,Unknown,Race Not Available,CashOut_Refinance,Investment,Withdrawn,,0,0.3548782928208054,9.62
0,190.0,295000,365000.0,80.0,<20%,Asian,Home_Purchase,Principal_Residence,Originated,1.0,0,0.4356893506485471,61.35
0,65.0,335000,345000.0,78.353,43%-<50%,White,Home_Purchase,Principal_Residence,Originated,1.0,0,0.3698553028008393,51.74
0,57.0,215000,345000.0,61.988,43%-<50%,Race Not Available,Home_Purchase,Principal_Residence,Originated,1.0,0,0.39132690634631667,79.15
1,393.0,545000,375000.0,78.353,Unknown,White,Home_Purchase,Principal_Residence,Withdrawn,,0,0.4266147446643581,72.03
3,32.0,85000,125000.0,68.68,30%-<36%,Race Not Available,Refinance,Principal_Residence,Originated,1.0,0,0.4381446906443122,32.09
5,89.0,125000,535000.0,69.51,20%-<30%,White,Home_Purchase,Principal_Residence,Originated,1.0,0,0.4032808557552967,7.65
2,266.0,235000,335000.0,70.0,Unknown,White,CashOut_Refinance,Investment,Approved_NotAccepted,,0,0.3954105710181461,75.77
5,90.0,25000,355000.0,89.9955,30%-<36%,Joint,Home_Improvement,Principal_Residence,Originated,1.0,0,0.4367568938063252,58.26
5,58.0,25000,375000.0,78.353,Unknown,Black or African American,Home_Improvement,Principal_Residence,Withdrawn,,0,0.47383619420955114,90.45
3,95.0,365000,375000.0,97.03,Unknown,White,Refinance,Principal_Residence,Originated,1.0,0,0.3931746480411006,58.84
5,142.0,35000,515000.0,71.115,30%-<36%,White,Other,Principal_Residence,Originated,1.0,0,0.41028162572467863,9.63
6,42.0,285000,335000.0,30.303,>60%,Asian,CashOut_Refinance,Principal_Residence,Denied,0.0,0,0.42112180066609384,47.58
0,78.0,325000,325000.0,100.0,30%-<36%,Black or African American,Home_Purchase,Principal_Residence,Originated,1.0,0,0.4032840625385882,17.97
3,111.0,365000,485000.0,75.31,36%-<43%,Joint,CashOut_Refinance,Principal_Residence,Originated,1.0,0,0.3809746555742434,61.15
5,168.0,155000,895000.0,60.145,20%-<30%,White,Other,Principal_Residence,Denied,0.0,0,0.40759976897539013,50.39
3,160.0,285000,375000.0,78.353,Unknown,White,CashOut_Refinance,Principal_Residence,Withdrawn,,0,0.36798210713930746,20.9
3,67.0,275000,415000.0,66.29,36%-<43%,White,CashOut_Refinance,Principal_Residence,Originated,1.0,0,0.3631431038530263,25.79
0,127.0,335000,345000.0,96.5,43%-<50%,Race Not Available,Home_Purchase,Principal_Residence,Originated,1.0,0,0.3768187218109752,29.79
0,164.0,605000,375000.0,78.353,Unknown,White,Home_Purchase,Principal_Residence,Withdrawn,,0,0.4420326969372956,76.23
0,152.0,645000,805000.0,80.374,43%-<50%,Race Not Available,Home_Purchase,Principal_Residence,Approved_NotAccepted,,0,0.39420533218084475,14.81
3,95.0,275000,365000.0,78.353,Unknown,Race Not Available,CashOut_Refinance,Principal_Residence,Purchased,,0,0.3429549949901464,30.39
0,90.0,275000,295000.0,91.97,30%-<36%,White,Home_Purchase,Principal_Residence,Originated,1.0,0,0.3633588559488418,38.65
0,95.0,105000,205000.0,78.353,Unknown,Race Not Available,Home_Purchase,Principal_Residence,Purchased,,0,0.3596168559810281,14.61
6,63.0,235000,245000.0,95.0,50%-60%,Race Not Available,Home_Purchase,Principal_Residence,Originated,1.0,0,0.39383375530873527,62.49
0,80.0,205000,215000.0,96.5,20%-<30%,White,Home_Purchase,Principal_Residence,Originated,1.0,0,0.46846591509613955,95.1
0,116.0,285000,565000.0,50.0,36%-<43%,White,Home_Purchase,Principal_Residence,Originated,1.0,1,0.4737785047885346,22.84
1,1056.0,55000,205000.0,25.0,<20%,Black or African American,Home_Improvement,Principal_Residence,Denied,0.0,0,0.5547010698785819,52.7
3,43.0,75000,155000.0,50.0,20%-<30%,White,CashOut_Refinance,Principal_Residence,Originated,1.0,0,0.3988029476226009,9.38
0,77.0,265000,375000.0,70.0,43%-<50%,Asian,Home_Purchase,Principal_Residence,Originated,1.0,0,0.34872393437122395,12.51
0,80.0,245000,305000.0,79.333,30%-<36%,White,Home_Purchase,Principal_Residence,Originated,1.0,0,0.34903627911711477,14.13
3,55.0,185000,235000.0,80.0,43%-<50%,White,CashOut_Refinance,Principal_Residence,Originated,1.0,0,0.3899141005377889,54.09
3,53.0,135000,235000.0,56.956,36%-<43%,White,Refinance,Principal_Residence,Originated,1.0,0,0.44943853517943166,28.76
0,95.0,185000,195000.0,78.353,Unknown,Race Not Available,Home_Purchase,Principal_Residence,Purchased,,0,0.35795885579605696,13.43
1,285.0,505000,3105000.0,16.129,20%-<30%,White,Home_Improvement,Second_Residence,Originated,1.0,1,0.5810514001194841,6.61
0,184.0,595000,375000.0,78.353,Unknown,Asian,Home_Purchase,Principal_Residence,Withdrawn,,0,0.37726656754323795,15.32
0,67.0,25000,25000.0,95.0,36%-<43%,White,Home_Purchase,Principal_Residence,Denied,0.0,0,0.44498366579633825,9.82
4,39.0,45000,55000.0,78.353,>60%,White,Home_Purchase,Principal_Residence,Denied,0.0,0,0.4317463475271149,42.31
0,170.0,455000,475000.0,95.0,36%-<43%,White,Home_Purchase,Principal_Residence,Originated,1.0,0,0.37399655681137883,25.62
5,176.0,65000,315000.0,67.0,<20%,White,Refinance,Principal_Residence,Originated,1.0,0,0.4237530886523574,12.92
6,76.0,495000,615000.0,80.0,>60%,White,Home_Purchase,Second_Residence,Originated,1.0,0,0.3851848253203306,13.83
0,156.0,315000,355000.0,90.0,20%-<30%,White,Home_Purchase,Principal_Residence,Originated,1.0,0,0.3827198745187495,18.15
3,65.0,245000,375000.0,78.353,Unknown,White,CashOut_Refinance,Principal_Residence,Withdrawn,,0,0.36913738795578327,7.24
0,94.0,315000,335000.0,78.353,Unknown,White,Home_Purchase,Principal_Residence,Purchased,,0,0.3805591776240544,84.69
3,67.0,175000,375000.0,78.353,Unknown,Race Not Available,Refinance,Principal_Residence,Incomplete,,1,0.42914751117941285,5.15
0,153.0,455000,375000.0,78.353,Unknown,White,Home_Purchase,Principal_Residence,Withdrawn,,0,0.3704970445690407,42.72
1,510.0,2805000,4005000.0,70.0,43%-<50%,Asian,Home_Purchase,Principal_Residence,Preapproval_Approved_NotAccepted,,3,0.701990998551679,0.0
0,79.0,235000,335000.0,70.23,36%-<43%,White,Home_Purchase,Principal_Residence,Originated,1.0,0,0.3541508258528642,15.65
5,131.0,45000,385000.0,19.682,20%-<30%,White,Home_Improvement,Principal_Residence,Originated,1.0,0,0.4377254121658835,7.87
1,485.0,655000,2755000.0,63.964,36%-<43%,White,Refinance,Principal_Residence,Originated,1.0,2,0.6209748680929069,19.63
4,44.0,195000,375000.0,78.353,Exempt,White,Refinance,Principal_Residence,Originated,1.0,0,0.3701292851098894,7.73
6,65.0,135000,555000.0,76.094,50%-60%,Race Not Available,Other,Principal_Residence,Originated,1.0,0,0.4328041252136215,44.18
5,166.0,105000,1035000.0,72.543,36%-<43%,White,Home_Improvement,Principal_Residence,Originated,1.0,0,0.4072898107451836,19.7
0,95.0,185000,245000.0,78.353,Unknown,Race Not Available,NotApplicable,Principal_Residence,Purchased,,0,0.3718651474907555,39.29
3,158.0,275000,585000.0,46.724,20%-<30%,White,Refinance,Principal_Residence,Originated,1.0,0,0.40583780940590813,49.17
3,140.0,105000,585000.0,17.08,<20%,White,Home_Purchase,Principal_Residence,Approved_NotAccepted,,0,0.4608605424700341,20.56
1,400.0,335000,375000.0,78.353,Unknown,White,Refinance,Principal_Residence,Incomplete,,0,0.4131554416784445,76.72
3,126.0,305000,385000.0,78.947,43%-<50%,Race Not Available,CashOut_Refinance,Principal_Residence,Denied,0.0,0,0.35691577049507056,8.3
3,88.0,275000,365000.0,75.0,36%-<43%,Black or African American,CashOut_Refinance,Principal_Residence,Originated,1.0,0,0.37498871703634995,77.62
0,78.0,45000,375000.0,78.353,Unknown,White,Other,Second_Residence,Denied,0.0,1,0.4564683720569628,34.47
0,127.0,355000,375000.0,78.353,Unknown,White,Home_Purchase,Principal_Residence,Withdrawn,,0,0.34744695694217015,32.32
0,61.0,155000,255000.0,62.0,30%-<36%,White,Home_Purchase,Principal_Residence,Originated,1.0,0,0.36941942727816185,10.54
5,139.0,205000,785000.0,55.45,43%-<50%,White,Refinance,Principal_Residence,Originated,1.0,0,0.38141781690552146,31.29
2,86.0,305000,375000.0,78.353,Unknown,Race Not Available,CashOut_Refinance,Investment,Withdrawn,,0,0.3498926994714635,50.28
0,107.0,565000,375000.0,78.353,Unknown,White,Home_Purchase,Principal_Residence,Withdrawn,,0,0.40572519431006054,82.15
3,83.0,295000,375000.0,78.353,Unknown,White,CashOut_Refinance,Principal_Residence,Withdrawn,,0,0.402691430942818,28.17
0,64.0,165000,175000.0,95.0,43%-<50%,White,Home_Purchase,Principal_Residence,Originated,1.0,0,0.3634738615458191,41.27
0,120.0,315000,355000.0,90.0,43%-<50%,White,Home_Purchase,Principal_Residence,Originated,1.0,0,0.3573755635930341,10.47
1,353.0,1025000,1275000.0,80.0,36%-<43%,White,Home_Purchase,Principal_Residence,Approved_NotAccepted,,1,0.4859146477300453,7.94
0,95.0,185000,235000.0,78.353,Unknown,Race Not Available,Home_Purchase,Principal_Residence,Purchased,,0,0.3573149274906068,25.83
3,100.0,325000,375000.0,78.353,Unknown,Joint,CashOut_Refinance,Principal_Residence,Withdrawn,,0,0.35059126116371037,13.23
3,63.0,165000,225000.0,74.324,43%-<50%,White,CashOut_Refinance,Principal_Residence,Denied,0.0,0,0.49020144377864633,97.04
3,42.0,15000,165000.0,10.976,<20%,White,Other,Principal_Residence,Originated,1.0,0,0.5128397839261041,10.01
0,120.0,655000,375000.0,78.353,Unknown,White,Home_Purchase,Principal_Residence,Withdrawn,,0,0.3891497019689032,35.73
2,95.0,25000,45000.0,72.0,Unknown,Race Not Available,Home_Purchase,Investment,Originated,1.0,0,0.45468716765948397,10.02
0,64.0,195000,375000.0,78.353,Unknown,White,Home_Purchase,Principal_Residence,Withdrawn,,0,0.39502429974584513,70.61
0,95.0,115000,115000.0,78.353,Unknown,Race Not Available,Home_Purchase,Principal_Residence,Purchased,,0,0.3674155598301965,8.8
0,179.0,645000,715000.0,90.0,36%-<43%,Race Not Available,Home_Purchase,Principal_Residence,Originated,1.0,0,0.4169406698277259,37.4
3,95.0,265000,375000.0,78.353,Unknown,Race Not Available,Refinance,Principal_Residence,Incomplete,,0,0.35808421147154734,20.75
0,119.0,175000,175000.0,100.0,36%-<43%,Race Not Available,Home_Purchase,Principal_Residence,Denied,0.0,0,0.42404223197164775,93.53
5,124.0,135000,405000.0,58.525,36%-<43%,White,Home_Improvement,Principal_Residence,Denied,0.0,0,0.37868926698962135,26.1
3,54.0,165000,375000.0,78.353,Unknown,Race Not Available,Refinance,Principal_Residence,Withdrawn,,0,0.3519053620213949,17.1
3,203.0,425000,375000.0,78.353,Unknown,White,Refinance,Principal_Residence,Withdrawn,,0,0.3721786627639537,35.15
0,38.0,135000,375000.0,78.353,Unknown,White,Home_Purchase,Principal_Residence,Withdrawn,,0,0.3800496765937601,5.45
0,106.0,365000,385000.0,95.0,30%-<36%,White,Home_Purchase,Principal_Residence,Originated,1.0,0,0.38359117269526366,42.11
1,600.0,635000,785000.0,80.0,<20%,Black or African American,Home_Purchase,Principal_Residence,Originated,1.0,0,0.48631022685051134,9.15
5,62.0,25000,485000.0,67.432,20%-<30%,White,Home_Improvement,Principal_Residence,Denied,0.0,0,0.41925407989662117,58.75
3,78.0,175000,375000.0,78.353,Unknown,White,Refinance,Principal_Residence,Incomplete,,0,0.4323025829290608,12.08
0,95.0,185000,185000.0,78.353,Unknown,Race Not Available,Home_Purchase,Principal_Residence,Purchased,,0,0.3481376713726903,20.32
0,95.0,175000,185000.0,78.353,Unknown,Race Not Available,Home_Purchase,Principal_Residence,Purchased,,0,0.3577862018553591,49.71
0,95.0,245000,255000.0,78.353,Unknown,Race Not Available,Home_Purchase,Principal_Residence,Purchased,,0,0.3528525940546861,45.64
3,95.0,185000,405000.0,78.353,Unknown,Race Not Available,Refinance,Principal_Residence,Purchased,,0,0.3659227018182466,75.77
0,74.0,515000,375000.0,78.353,Unknown,White,Home_Purchase,Principal_Residence,Withdrawn,,0,0.38156808503064377,68.59
0,86.0,215000,375000.0,78.353,Unknown,White,Home_Purchase,Principal_Residence,Withdrawn,,0,0.34226719395971417,34.93
0,86.0,355000,355000.0,100.0,43%-<50%,White,Home_Purchase,Principal_Residence,Denied,0.0,0,0.3738953864985324,23.99
3,48.0,115000,145000.0,79.429,30%-<36%,Race Not Available,Refinance,Principal_Residence,Originated,1.0,0,0.40485042206304017,12.44
0,95.0,275000,275000.0,78.353,Unknown,Race Not Available,Home_Purchase,Principal_Residence,Purchased,,0,0.3507554982823715,29.87
0,51.0,185000,195000.0,103.079,43%-<50%,Race Not Available,Home_Purchase,Principal_Residence,Originated,1.0,0,0.42986098748215057,73.15
3,100.0,175000,375000.0,78.353,Unknown,White,CashOut_Refinance,Principal_Residence,Incomplete,,0,0.3579466541309614,7.43
0,81.0,305000,375000.0,78.353,Unknown,White,Home_Purchase,Principal_Residence,Withdrawn,,0,0.3741124806003837,68.38
0,41.0,195000,375000.0,78.353,Unknown,White,Home_Purchase,Principal_Residence,Withdrawn,,0,0.3575975600377622,14.99
5,100.0,145000,375000.0,78.353,Unknown,Asian,Other,Principal_Residence,Incomplete,,1,0.42763277891826595,33.89
2,247.0,215000,275000.0,80.0,20%-<30%,Race Not Available,Home_Purchase,Investment,Originated,1.0,0,0.40977436793538125,82.19
3,80.0,205000,375000.0,78.353,Unknown,White,Refinance,Principal_Residence,Withdrawn,,0,0.3456997286293757,10.51
0,234.0,485000,545000.0,90.0,30%-<36%,Black or African American,Home_Purchase,Principal_Residence,Originated,1.0,0,0.3941724449094543,44.98
0,130.0,235000,285000.0,80.0,43%-<50%,White,Home_Purchase,Principal_Residence,Originated,1.0,0,0.3586043235826582,12.44
0,115.0,215000,265000.0,80.0,20%-<30%,Race Not Available,Home_Purchase,Principal_Residence,Originated,1.0,0,0.36128369248338593,15.58
0,159.0,645000,755000.0,86.267,43%-<50%,White,Home_Purchase,Principal_Residence,Originated,1.0,0,0.4283814229749048,10.94
0,97.0,285000,375000.0,78.353,Exempt,White,Home_Purchase,Principal_Residence,Originated,1.0,0,0.38618894981824486,21.31
0,225.0,665000,725000.0,90.0,20%-<30%,White,Home_Purchase,Principal_Residence,Originated,1.0,0,0.4484832172483692,28.41
3,95.0,95000,375000.0,78.353,Unknown,White,Refinance,Principal_Residence,Withdrawn,,0,0.36049755451484694,49.84
0,23.0,95000,105000.0,96.5,30%-<36%,White,Home_Purchase,Principal_Residence,Originated,1.0,0,0.49442409599537224,99.37
3,75.0,355000,375000.0,78.353,Unknown,Race Not Available,CashOut_Refinance,Principal_Residence,Incomplete,,0,0.3540668786460715,57.12
5,95.0,135000,685000.0,78.353,Unknown,Race Not Available,NotApplicable,Principal_Residence,Purchased,,0,0.39554363244915214,12.18
0,95.0,215000,275000.0,78.353,Unknown,Race Not Available,Home_Purchase,Principal_Residence,Purchased,,0,0.39565425823729694,93.77
5,149.0,55000,635000.0,64.086,43%-<50%,White,Refinance,Principal_Residence,Originated,1.0,1,0.5017817262189855,33.68
0,68.0,205000,375000.0,78.353,Unknown,White,Home_Purchase,Principal_Residence,Withdrawn,,0,0.3556369513925718,8.09
5,245.0,205000,625000.0,79.77,30%-<36%,White,Home_Improvement,Principal_Residence,Originated,1.0,1,0.5005179928466889,17.76
2,334.0,345000,695000.0,50.0,30%-<36%,White,Refinance,Investment,Originated,1.0,0,0.43050557872367906,35.34
3,50.0,135000,165000.0,86.67,Unknown,White,Refinance,Principal_Residence,Approved_NotAccepted,,0,0.37983823114742915,5.0
6,48.0,235000,615000.0,38.374,50%-60%,Race Not Available,CashOut_Refinance,Principal_Residence,Denied,0.0,1,0.5475147227178644,96.2
4,46.0,115000,135000.0,90.0,43%-<50%,Race Not Available,Home_Purchase,Principal_Residence,Denied,0.0,2,0.5620374776773958,0.0
0,95.0,255000,235000.0,78.353,Unknown,Race Not Available,Home_Purchase,Principal_Residence,Purchased,,0,0.4337871824826302,82.25
6,154.0,285000,845000.0,112.023,50%-60%,Race Not Available,Home_Improvement,Principal_Residence,Denied,0.0,0,0.46080089895898313,89.42
0,34.0,65000,375000.0,78.353,Unknown,Black or African American,Home_Purchase,Principal_Residence,Preapproval_Approved_NotAccepted,,1,0.524428324207424,0.0
3,26.0,95000,385000.0,24.0,30%-<36%,White,CashOut_Refinance,Principal_Residence,Originated,1.0,0,0.4415486345364102,31.66
0,113.0,635000,715000.0,88.252,43%-<50%,Black or African American,Home_Purchase,Principal_Residence,Originated,1.0,0,0.4308880264106466,76.35
0,95.0,735000,925000.0,78.353,Unknown,Race Not Available,Home_Purchase,Principal_Residence,Purchased,,0,0.4087744051187496,29.37
5,120.0,15000,165000.0,43.7,<20%,White,Other,Principal_Residence,Originated,1.0,0,0.40818586167484344,12.6
3,99.0,305000,425000.0,73.0,30%-<36%,White,Refinance,Principal_Residence,Originated,1.0,0,0.42352584658334735,86.75
6,134.0,365000,375000.0,95.0,50%-60%,White,Home_Purchase,Principal_Residence,Originated,1.0,0,0.3852390122776138,72.59
5,116.0,55000,375000.0,78.353,Unknown,Black or African American,Home_Improvement,Principal_Residence,Incomplete,,0,0.4915377016341771,84.71
5,341.0,425000,1295000.0,30.783,43%-<50%,White,CashOut_Refinance,Principal_Residence,Originated,1.0,1,0.5031449384943216,21.6
6,41.0,35000,305000.0,9.836,>60%,Native Hawaiian or Other Pacific Islander,Home_Improvement,Principal_Residence,Denied,0.0,1,0.5642359314672123,87.34
0,97.0,425000,475000.0,90.0,43%-<50%,White,Home_Purchase,Principal_Residence,Originated,1.0,0,0.38005308290809053,14.06
0,68.0,125000,155000.0,80.0,20%-<30%,White,Home_Purchase,Principal_Residence,Originated,1.0,0,0.37819318730576157,50.03
0,165.0,275000,375000.0,78.353,Unknown,White,Home_Purchase,Principal_Residence,Withdrawn,,0,0.3654798312772304,29.8
5,148.0,85000,515000.0,62.088,36%-<43%,Race Not Available,Other,Principal_Residence,Originated,1.0,0,0.477094999219978,51.18
1,676.0,805000,1305000.0,61.538,36%-<43%,White,Other,Second_Residence,Originated,1.0,1,0.5248862845362241,41.29
0,127.0,565000,375000.0,78.353,Unknown,Race Not Available,Home_Purchase,Principal_Residence,Incomplete,,0,0.37413222989854245,53.55
5,164.0,85000,175000.0,70.89,20%-<30%,White,CashOut_Refinance,Principal_Residence,Originated,1.0,0,0.44703668485627596,8.41
2,21.0,115000,375000.0,78.353,Unknown,White,Home_Purchase,Investment,Withdrawn,,0,0.37704898756795713,48.0
3,55.0,115000,375000.0,78.353,Unknown,White,CashOut_Refinance,Principal_Residence,Withdrawn,,0,0.35284646503034356,39.35
2,221.0,135000,345000.0,40.735,20%-<30%,White,Refinance,Investment,Originated,1.0,1,0.4072982977768413,35.17
3,47.0,145000,375000.0,78.353,Unknown,White,CashOut_Refinance,Principal_Residence,Denied,0.0,0,0.36012518794254883,10.59
5,95.0,135000,415000.0,89.99,30%-<36%,Race Not Available,Refinance,Principal_Residence,Originated,1.0,0,0.3726755575992323,21.42
3,117.0,265000,265000.0,100.0,20%-<30%,White,CashOut_Refinance,Principal_Residence,Denied,0.0,0,0.3802953123482204,7.65
6,42.0,45000,375000.0,78.353,50%-60%,Race Not Available,Home_Improvement,Principal_Residence,Denied,0.0,0,0.4211465036493552,10.69
5,53.0,55000,235000.0,69.972,36%-<43%,White,Other,Principal_Residence,Originated,1.0,0,0.3935969256910151,9.06
3,46.0,95000,95000.0,100.0,<20%,White,Refinance,Principal_Residence,Denied,0.0,0,0.39779754286874314,5.78
3,108.0,305000,425000.0,71.0,43%-<50%,White,CashOut_Refinance,Principal_Residence,Originated,1.0,0,0.35967222521866704,12.91
6,68.0,35000,425000.0,103.612,>60%,White,Home_Improvement,Principal_Residence,Denied,0.0,0,0.44235974638850867,42.84
6,62.0,295000,335000.0,86.49,50%-60%,White,Home_Purchase,Principal_Residence,Originated,1.0,0,0.38554707472724825,26.12
3,44.0,295000,335000.0,90.0,43%-<50%,White,CashOut_Refinance,Principal_Residence,Originated,1.0,0,0.3844923098827266,16.94
0,62.0,145000,375000.0,78.353,Unknown,White,Home_Purchase,Principal_Residence,Withdrawn,,0,0.35447646348478973,13.23
0,93.0,315000,335000.0,95.0,30%-<36%,White,Home_Purchase,Principal_Residence,Originated,1.0,0,0.3567208519906164,30.47
6,133.0,645000,675000.0,95.0,50%-60%,Black or African American,Home_Purchase,Principal_Residence,Denied,0.0,0,0.4233286058842272,23.19
0,99.0,275000,345000.0,80.0,20%-<30%,White,Home_Purchase,Principal_Residence,Originated,1.0,0,0.3582907688273077,31.22
0,66.0,195000,205000.0,95.0,43%-<50%,White,Home_Purchase,Principal_Residence,Originated,1.0,0,0.3587597813460286,29.28
0,95.0,205000,335000.0,59.88,30%-<36%,White,Home_Improvement,Principal_Residence,Originated,1.0,0,0.40910359078396324,9.54
3,129.0,315000,355000.0,90.0,43%-<50%,White,CashOut_Refinance,Principal_Residence,Originated,1.0,0,0.3595409929248903,9.87
5,103.0,105000,235000.0,54.58,<20%,White,CashOut_Refinance,Principal_Residence,Originated,1.0,0,0.376141070636212,16.19
3,100.0,355000,375000.0,78.353,Unknown,White,Refinance,Principal_Residence,Withdrawn,,0,0.3747987174150433,20.56
2,200.0,435000,375000.0,78.353,Unknown,White,Refinance,Investment,Withdrawn,,0,0.4096658981559731,42.84
0,75.0,225000,305000.0,74.073,43%-<50%,Race Not Available,Home_Purchase,Principal_Residence,Originated,1.0,0,0.3504788514991334,41.43
3,34.0,175000,375000.0,78.353,Unknown,White,CashOut_Refinance,Principal_Residence,Withdrawn,,0,0.4006241692793048,26.76
2,95.0,4005000,375000.0,78.353,Unknown,Race Not Available,Refinance,Investment,Withdrawn,,0,0.49401713159335464,34.88
5,120.0,55000,385000.0,81.28,30%-<36%,Asian,Home_Improvement,Principal_Residence,Originated,1.0,0,0.3841693392097019,38.51
0,113.0,105000,375000.0,78.353,Unknown,Race Not Available,Other,Principal_Residence,Withdrawn,,0,0.43427287336099357,93.02
4,28.0,45000,55000.0,78.353,36%-<43%,Race Not Available,Home_Purchase,Principal_Residence,Approved_NotAccepted,,0,0.4008534256979625,14.99
5,242.0,185000,475000.0,89.9,20%-<30%,Race Not Available,Home_Improvement,Principal_Residence,Originated,1.0,0,0.382879609733925,14.33
1,540.0,1025000,375000.0,78.353,Unknown,Race Not Available,Home_Purchase,Principal_Residence,Withdrawn,,0,0.4950456999240729,55.47
3,64.0,185000,375000.0,78.353,Unknown,White,CashOut_Refinance,Principal_Residence,Withdrawn,,0,0.34709661539801,36.23
0,220.0,435000,375000.0,78.353,Unknown,White,Home_Purchase,Principal_Residence,Withdrawn,,0,0.38117473393982737,72.92
5,192.0,205000,465000.0,78.56,36%-<43%,White,Refinance,Principal_Residence,Originated,1.0,0,0.4171394575999239,93.67
5,154.0,155000,1255000.0,60.196,43%-<50%,White,Home_Improvement,Principal_Residence,Originated,1.0,0,0.4606328744778394,26.01
3,80.0,605000,375000.0,78.353,Unknown,Race Not Available,Refinance,Principal_Residence,Withdrawn,,0,0.3801759183756611,58.25
5,80.0,15000,275000.0,89.9,36%-<43%,White,Other,Principal_Residence,Denied,0.0,0,0.3726832770063671,9.75
0,87.0,275000,325000.0,85.0,43%-<50%,Race Not Available,Home_Purchase,Principal_Residence,Originated,1.0,0,0.3486277153986929,30.88
0,95.0,225000,235000.0,78.353,Unknown,Race Not Available,Home_Purchase,Principal_Residence,Purchased,,0,0.35956116100336166,63.4
6,39.0,105000,125000.0,90.0,50%-60%,White,Home_Purchase,Principal_Residence,Originated,1.0,0,0.3954834447912799,6.55
4,34.0,155000,335000.0,47.88,36%-<43%,White,Refinance,Principal_Residence,Denied,0.0,1,0.3908935582870052,45.7
0,215.0,445000,555000.0,80.0,36%-<43%,White,Home_Purchase,Principal_Residence,Originated,1.0,0,0.4171038692105299,64.35
6,92.0,495000,535000.0,90.187,50%-60%,White,Home_Purchase,Principal_Residence,Originated,1.0,0,0.3772786118345343,27.88
0,95.0,215000,215000.0,78.353,Unknown,Race Not Available,Home_Purchase,Principal_Residence,Purchased,,0,0.3584614514622127,11.78
0,27.0,165000,205000.0,80.0,43%-<50%,White,Home_Purchase,Principal_Residence,Originated,1.0,0,0.37984265670687123,14.19
3,67.0,135000,195000.0,70.0,36%-<43%,White,CashOut_Refinance,Principal_Residence,Originated,1.0,0,0.4072504746860962,8.94
0,213.0,615000,785000.0,78.297,30%-<36%,White,Home_Purchase,Principal_Residence,Originated,1.0,0,0.39560416967192485,25.53
4,147.0,475000,375000.0,78.353,Unknown,White,Home_Purchase,Principal_Residence,Withdrawn,,0,0.3591762002163414,19.48
3,60.0,85000,375000.0,78.353,Unknown,White,CashOut_Refinance,Principal_Residence,Incomplete,,0,0.3560331607907757,13.23
3,48.0,95000,245000.0,78.353,Unknown,White,Refinance,Principal_Residence,Purchased,,0,0.37243974007694336,9.86
5,149.0,45000,525000.0,71.262,20%-<30%,White,Home_Improvement,Principal_Residence,Originated,1.0,0,0.46906821573572843,35.48
6,29.0,305000,725000.0,85.28,>60%,White,Other,Principal_Residence,Denied,0.0,0,0.45969829909619103,26.9
5,226.0,405000,985000.0,80.0,36%-<43%,White,Home_Purchase,Principal_Residence,Originated,1.0,1,0.45897458747863085,9.79
6,113.0,105000,745000.0,67.806,50%-60%,Asian,Refinance,Principal_Residence,Denied,0.0,0,0.42856935242488137,7.33
0,95.0,105000,445000.0,78.353,Unknown,Race Not Available,Home_Purchase,Principal_Residence,Purchased,,0,0.3496892337031031,19.41
6,70.0,305000,535000.0,88.411,50%-60%,White,CashOut_Refinance,Principal_Residence,Denied,0.0,0,0.3625769115421139,44.2
3,175.0,125000,375000.0,78.353,Unknown,White,CashOut_Refinance,Principal_Residence,Denied,0.0,0,0.41077797958907264,43.58
5,379.0,255000,375000.0,78.353,Unknown,Asian,Other,Principal_Residence,Incomplete,,1,0.4517450745949817,47.53
0,54.0,315000,535000.0,58.59,43%-<50%,White,Home_Improvement,Principal_Residence,Originated,1.0,0,0.4089682806570286,88.56
0,218.0,435000,445000.0,96.5,36%-<43%,White,Home_Purchase,Principal_Residence,Denied,0.0,0,0.4304464816766857,71.45
6,52.0,25000,155000.0,72.281,50%-60%,White,Other,Principal_Residence,Originated,1.0,1,0.4743717751563591,23.51
0,167.0,555000,655000.0,84.96,43%-<50%,Race Not Available,Home_Purchase,Principal_Residence,Originated,1.0,0,0.38702226331046324,10.04
0,156.0,555000,635000.0,87.055,20%-<30%,White,Home_Purchase,Principal_Residence,Originated,1.0,0,0.40111019005309356,9.82
3,91.0,265000,315000.0,78.353,Unknown,Race Not Available,Refinance,Principal_Residence,Purchased,,0,0.37236391797713286,52.51
0,31.0,115000,215000.0,52.381,43%-<50%,White,Home_Purchase,Principal_Residence,Originated,1.0,0,0.45280804116102075,92.3
0,78.0,115000,125000.0,78.353,30%-<36%,White,Home_Purchase,Principal_Residence,Originated,1.0,0,0.37071426177371,8.59
0,28.0,85000,225000.0,37.75,43%-<50%,Black or African American,Home_Purchase,Principal_Residence,Originated,1.0,0,0.4268758900488163,9.77
0,174.0,285000,375000.0,75.0,20%-<30%,Asian,Home_Purchase,Principal_Residence,Originated,1.0,0,0.44632005105986794,80.26
3,111.0,265000,375000.0,78.353,Unknown,White,CashOut_Refinance,Principal_Residence,Incomplete,,0,0.37558908341398145,12.29
5,208.0,135000,375000.0,78.353,Unknown,White,Home_Improvement,Principal_Residence,Incomplete,,0,0.37932778830650776,15.91
0,66.0,165000,185000.0,89.19,36%-<43%,White,Home_Purchase,Principal_Residence,Originated,1.0,0,0.437993521603868,67.54
1,386.0,625000,665000.0,95.0,43%-<50%,White,Home_Purchase,Principal_Residence,Originated,1.0,0,0.4552827670202565,17.27
3,90.0,185000,705000.0,27.0,43%-<50%,White,CashOut_Refinance,Principal_Residence,Originated,1.0,1,0.5111257224918131,14.77
3,38.0,125000,175000.0,72.941,36%-<43%,White,CashOut_Refinance,Principal_Residence,Originated,1.0,0,0.3723797354118383,21.79
3,64.0,195000,375000.0,78.353,Unknown,White,CashOut_Refinance,Principal_Residence,Withdrawn,,0,0.3509718299781123,9.63
3,69.0,225000,375000.0,78.353,Unknown,White,Refinance,Principal_Residence,Incomplete,,0,0.35310170094462223,13.54
3,65.0,335000,375000.0,78.353,Unknown,White,CashOut_Refinance,Principal_Residence,Withdrawn,,0,0.3570038254836978,15.29
0,68.0,285000,375000.0,78.353,Exempt,White,Home_Purchase,Principal_Residence,Withdrawn,,0,0.34799072960194566,43.33
3,54.0,25000,65000.0,32.195,20%-<30%,White,Refinance,Principal_Residence,Originated,1.0,1,0.5017675094786855,31.35
3,43.0,105000,265000.0,40.385,30%-<36%,White,Refinance,Principal_Residence,Originated,1.0,0,0.41723837572041084,9.76
0,238.0,425000,505000.0,85.0,43%-<50%,White,Home_Purchase,Principal_Residence,Originated,1.0,0,0.39875431694956764,45.85
0,77.0,415000,595000.0,78.353,Unknown,White,Home_Purchase,Principal_Residence,Purchased,,0,0.3608772581465663,31.13
2,23.0,25000,35000.0,75.17,Unknown,White,Home_Purchase,Investment,Originated,1.0,0,0.45261975194851645,23.67
3,56.0,25000,275000.0,9.124,30%-<36%,White,Other,Principal_Residence,Originated,1.0,0,0.46761367115304775,9.65
5,208.0,675000,675000.0,100.0,20%-<30%,Race Not Available,Other,Principal_Residence,Denied,0.0,0,0.423576789734336,24.77
3,58.0,125000,225000.0,58.86,43%-<50%,White,Refinance,Principal_Residence,Originated,1.0,0,0.4230477242285091,94.71
0,73.0,365000,435000.0,85.0,43%-<50%,White,Home_Purchase,Principal_Residence,Originated,1.0,0,0.3558356581893136,14.9
0,95.0,2885000,3605000.0,80.0,20%-<30%,Joint,Home_Purchase,Principal_Residence,Originated,1.0,3,0.6411966642105518,13.51
2,173.0,155000,225000.0,70.0,36%-<43%,Black or African American,CashOut_Refinance,Investment,Originated,1.0,0,0.428895767864374,83.59
0,88.0,395000,445000.0,90.0,30%-<36%,White,Home_Purchase,Principal_Residence,Originated,1.0,0,0.36456965024077936,40.07
0,65.0,195000,205000.0,96.5,43%-<50%,Black or African American,Home_Purchase,Principal_Residence,Originated,1.0,0,0.3703962371681154,17.03
0,117.0,105000,135000.0,80.0,20%-<30%,White,Home_Purchase,Principal_Residence,Originated,1.0,0,0.43490797869781755,70.23
1,288.0,35000,335000.0,28.42,20%-<30%,White,Home_Improvement,Principal_Residence,Originated,1.0,2,0.5534251663148708,4.81
0,36.0,145000,155000.0,104.42,30%-<36%,White,Home_Purchase,Principal_Residence,Originated,1.0,0,0.39627795507304503,24.22
4,43.0,115000,115000.0,78.353,>60%,Black or African American,Home_Purchase,Principal_Residence,Denied,0.0,0,0.4442948521605348,83.32
4,95.0,145000,295000.0,78.353,Unknown,Race Not Available,Home_Purchase,Principal_Residence,Purchased,,0,0.3509981187149658,28.54
0,39.0,195000,215000.0,95.0,43%-<50%,White,Home_Purchase,Principal_Residence,Originated,1.0,0,0.3674422152775961,12.01
5,200.0,105000,1255000.0,24.21456,30%-<36%,White,Home_Improvement,Principal_Residence,Originated,1.0,1,0.4896602605912546,32.25
0,87.0,315000,425000.0,75.0,36%-<43%,White,Home_Purchase,Principal_Residence,Originated,1.0,0,0.36091886959094144,35.43
3,39.0,115000,305000.0,78.353,Unknown,White,CashOut_Refinance,Principal_Residence,Purchased,,0,0.35979331941093823,33.72
0,95.0,65000,65000.0,78.353,Unknown,Race Not Available,Home_Purchase,Principal_Residence,Purchased,,0,0.37911176737786334,27.34
0,95.0,245000,475000.0,78.353,Unknown,Race Not Available,Home_Purchase,Principal_Residence,Purchased,,0,0.3672242212310554,71.44
0,63.0,265000,275000.0,78.353,36%-<43%,White,Home_Purchase,Principal_Residence,Originated,1.0,0,0.3850627892721326,82.95
4,101.0,105000,375000.0,78.353,Unknown,Black or African American,Home_Purchase,Second_Residence,Withdrawn,,1,0.4466218669414083,42.66
0,91.0,275000,265000.0,100.0,30%-<36%,White,Home_Purchase,Principal_Residence,Originated,1.0,0,0.38119020638566203,45.64
3,72.0,75000,375000.0,78.353,Unknown,White,Refinance,Principal_Residence,Withdrawn,,0,0.4246480444779815,20.98
0,64.0,265000,285000.0,95.0,30%-<36%,White,Home_Purchase,Principal_Residence,Originated,1.0,0,0.37284398201470104,53.29
0,95.0,45000,75000.0,78.353,Unknown,Race Not Available,NotApplicable,Principal_Residence,Purchased,,0,0.39512392200957513,62.94
3,164.0,545000,375000.0,78.353,Unknown,Race Not Available,CashOut_Refinance,Principal_Residence,Withdrawn,,0,0.40057389422002354,88.04
5,84.0,105000,375000.0,78.353,Unknown,White,Other,Principal_Residence,Incomplete,,0,0.34619339055683923,25.25
0,61.0,155000,155000.0,99.354,20%-<30%,White,Home_Purchase,Principal_Residence,Originated,1.0,0,0.37733071498003007,12.29
2,95.0,425000,615000.0,78.353,Unknown,Race Not Available,CashOut_Refinance,Investment,Purchased,,0,0.4019804489198206,17.39
6,70.0,155000,495000.0,80.166,>60%,White,Home_Improvement,Principal_Residence,Denied,0.0,0,0.37274249605361515,20.62
3,104.0,145000,305000.0,48.0,36%-<43%,Race Not Available,Refinance,Principal_Residence,Originated,1.0,0,0.4668583955696949,19.31
0,48.0,105000,155000.0,64.103,43%-<50%,White,Home_Improvement,Principal_Residence,Originated,1.0,0,0.3724941809092557,24.36
3,57.0,175000,375000.0,78.353,Unknown,White,CashOut_Refinance,Principal_Residence,Withdrawn,,0,0.348784463859993,31.35
0,48.0,175000,185000.0,97.0,43%-<50%,White,Home_Purchase,Principal_Residence,Originated,1.0,0,0.3961928599795425,76.92
3,88.0,275000,375000.0,78.353,Unknown,Race Not Available,CashOut_Refinance,Principal_Residence,Denied,0.0,0,0.3928515500960536,94.41
1,270.0,395000,1195000.0,32.718,20%-<30%,White,Home_Purchase,Principal_Residence,Originated,1.0,1,0.4993969016044587,21.37
0,98.0,255000,255000.0,100.0,43%-<50%,Black or African American,Home_Purchase,Principal_Residence,Denied,0.0,0,0.42399919024434946,90.02
5,130.0,95000,485000.0,89.38,36%-<43%,White,Home_Improvement,Principal_Residence,Originated,1.0,0,0.41526595466405136,10.76
2,147.0,645000,1805000.0,78.353,Unknown,White,Home_Purchase,Investment,Purchased,,0,0.4909121187126776,18.85
3,105.0,105000,375000.0,78.353,Unknown,Black or African American,Refinance,Principal_Residence,Withdrawn,,0,0.4067553994975636,87.02
0,43.0,85000,85000.0,96.5,36%-<43%,White,Home_Purchase,Principal_Residence,Originated,1.0,0,0.3943704352900595,11.76
0,83.0,155000,465000.0,66.106,36%-<43%,White,Home_Improvement,Principal_Residence,Originated,1.0,0,0.368440395140536,48.49
3,106.0,345000,675000.0,50.74,20%-<30%,White,CashOut_Refinance,Principal_Residence,Originated,1.0,0,0.4043007378256999,19.33
3,77.0,295000,375000.0,78.353,Unknown,White,CashOut_Refinance,Principal_Residence,Withdrawn,,0,0.3979071639875033,14.81
6,19.0,165000,165000.0,100.0,>60%,White,Home_Purchase,Principal_Residence,Denied,0.0,0,0.3833522512744875,16.52
5,119.0,135000,1065000.0,38.935,43%-<50%,Race Not Available,Other,Principal_Residence,Originated,1.0,1,0.48506647336048003,78.42
2,87.0,145000,195000.0,74.999,20%-<30%,White,Home_Purchase,Investment,Originated,1.0,0,0.43597192713157773,33.6
1,353.0,475000,525000.0,92.0,20%-<30%,White,Home_Purchase,Principal_Residence,Originated,1.0,0,0.4135801103583616,31.98
0,235.0,535000,675000.0,80.0,<20%,Race Not Available,Home_Purchase,Second_Residence,Originated,1.0,0,0.3862574005006439,13.1
6,259.0,165000,995000.0,56.069,50%-60%,White,Home_Purchase,Principal_Residence,Originated,1.0,1,0.4861799809831545,65.59
3,50.0,245000,365000.0,78.353,Unknown,White,CashOut_Refinance,Principal_Residence,Purchased,,0,0.3590802411172604,56.53
0,214.0,565000,705000.0,80.0,20%-<30%,White,Home_Purchase,Principal_Residence,Preapproval_Approved_NotAccepted,,1,0.5504431512343564,0.0
5,105.0,105000,255000.0,69.969,20%-<30%,White,Home_Improvement,Principal_Residence,Originated,1.0,0,0.3683357309283025,12.6
0,114.0,65000,155000.0,39.05,36%-<43%,White,Other,Second_Residence,Denied,0.0,0,0.41055739179674894,19.3
0,95.0,4595000,6125000.0,78.353,Unknown,Race Not Available,Home_Purchase,Principal_Residence,Purchased,,2,0.6749932960422065,13.98
5,80.0,25000,495000.0,41.32,43%-<50%,White,Other,Principal_Residence,Denied,0.0,0,0.4083797385890592,6.62
3,114.0,105000,525000.0,19.194,<20%,White,Refinance,Principal_Residence,Originated,1.0,0,0.4425720554482777,5.93
0,50.0,175000,185000.0,95.0,36%-<43%,Race Not Available,Home_Purchase,Principal_Residence,Denied,0.0,0,0.4122878074200836,82.27
0,185.0,625000,375000.0,78.353,Unknown,White,Home_Purchase,Principal_Residence,Withdrawn,,0,0.3880377493650864,16.88
5,175.0,185000,715000.0,81.39,36%-<43%,Asian,Home_Improvement,Principal_Residence,Denied,0.0,0,0.3908467451049016,73.02
5,342.0,255000,655000.0,74.162,<20%,White,Home_Improvement,Principal_Residence,Originated,1.0,0,0.5019763711717539,19.04
5,277.0,105000,555000.0,82.79,20%-<30%,Race Not Available,Other,Principal_Residence,Originated,1.0,0,0.412743477858336,26.93
4,33.0,25000,25000.0,78.353,43%-<50%,White,Home_Purchase,Principal_Residence,Originated,1.0,0,0.509335794612395,12.06
0,95.0,35000,55000.0,78.353,Unknown,Race Not Available,NotApplicable,Principal_Residence,Purchased,,0,0.3803385888468805,6.8
0,156.0,455000,505000.0,90.0,43%-<50%,White,Home_Purchase,Second_Residence,Originated,1.0,0,0.3639122066519071,27.36
0,95.0,475000,565000.0,78.353,Unknown,Race Not Available,Home_Purchase,Principal_Residence,Purchased,,0,0.3632297505915768,42.39
2,95.0,315000,455000.0,78.353,Unknown,Race Not Available,Other,Investment,Purchased,,0,0.4006816037421149,90.47
0,95.0,495000,495000.0,78.353,Unknown,Race Not Available,Home_Purchase,Principal_Residence,Purchased,,0,0.3639288836421822,49.72
3,149.0,215000,605000.0,34.483,<20%,Asian,CashOut_Refinance,Principal_Residence,Originated,1.0,0,0.44192141543966396,79.64
3,162.0,335000,375000.0,78.353,Unknown,White,Refinance,Principal_Residence,Withdrawn,,0,0.3578014377838073,32.45
3,52.0,315000,355000.0,89.19,43%-<50%,Black or African American,CashOut_Refinance,Principal_Residence,Denied,0.0,0,0.370008624815396,60.65
4,45.0,135000,125000.0,78.353,>60%,Race Not Available,Home_Purchase,Principal_Residence,Denied,0.0,0,0.4673383063810315,72.34
3,102.0,455000,575000.0,79.965,36%-<43%,White,CashOut_Refinance,Principal_Residence,Originated,1.0,0,0.3644253657811209,28.06
0,55.0,325000,325000.0,96.5,43%-<50%,Race Not Available,Home_Purchase,Principal_Residence,Approved_NotAccepted,,0,0.3821456008506683,13.84
1,298.0,635000,785000.0,80.0,<20%,Asian,Home_Purchase,Principal_Residence,Originated,1.0,0,0.42178258171610883,15.35
3,95.0,175000,205000.0,89.69,Unknown,White,Refinance,Principal_Residence,Denied,0.0,0,0.356512820177352,12.73
0,278.0,1445000,375000.0,78.353,Unknown,Race Not Available,Home_Purchase,Principal_Residence,Withdrawn,,0,0.4743316330111382,26.91
3,22.0,205000,375000.0,78.353,Unknown,White,Refinance,Principal_Residence,Withdrawn,,0,0.35473745629194353,40.03
2,95.0,225000,375000.0,78.353,Unknown,Black or African American,Home_Purchase,Investment,Withdrawn,,0,0.348527361461579,44.88
0,51.0,125000,135000.0,97.0,30%-<36%,White,Home_Purchase,Principal_Residence,Denied,0.0,0,0.39164238634532544,63.7
2,95.0,125000,375000.0,78.353,Exempt,Race Not Available,Home_Purchase,Investment,Originated,1.0,0,0.3460275882620532,25.58
0,69.0,135000,135000.0,105.0,20%-<30%,White,Home_Purchase,Principal_Residence,Originated,1.0,0,0.38591698830863364,12.56
2,95.0,505000,375000.0,78.353,Unknown,Race Not Available,CashOut_Refinance,Investment,Incomplete,,0,0.36341285997678957,15.33
3,110.0,185000,185000.0,94.149,36%-<43%,White,CashOut_Refinance,Principal_Residence,Denied,0.0,0,0.37193622571824864,19.17
3,97.0,215000,775000.0,27.317,20%-<30%,White,Refinance,Principal_Residence,Originated,1.0,0,0.4704167586335439,47.0
3,125.0,245000,375000.0,78.353,Unknown,White,Refinance,Principal_Residence,Withdrawn,,0,0.3777394424697978,32.47
3,236.0,795000,1405000.0,56.643,36%-<43%,White,CashOut_Refinance,Principal_Residence,Denied,0.0,1,0.5149371607184354,48.85
0,288.0,765000,1025000.0,75.0,36%-<43%,White,Home_Purchase,Principal_Residence,Originated,1.0,1,0.5305667994883274,7.24
3,100.0,335000,375000.0,78.353,Unknown,Black or African American,CashOut_Refinance,Principal_Residence,Withdrawn,,0,0.3495091640492535,30.31
6,163.0,415000,535000.0,77.75,>60%,Asian,Home_Purchase,Principal_Residence,Denied,0.0,0,0.35714013201669925,29.36
0,119.0,205000,375000.0,78.353,Unknown,White,Home_Purchase,Second_Residence,Withdrawn,,0,0.3674418387666892,76.12
3,93.0,235000,335000.0,71.212,20%-<30%,White,CashOut_Refinance,Principal_Residence,Originated,1.0,0,0.35256524856850296,41.15
0,89.0,295000,325000.0,90.0,36%-<43%,Asian,Home_Purchase,Principal_Residence,Approved_NotAccepted,,0,0.3692295251604246,33.4
3,50.0,115000,175000.0,62.857,36%-<43%,White,Refinance,Principal_Residence,Approved_NotAccepted,,0,0.43075846865012524,6.33
5,138.0,85000,455000.0,99.95,30%-<36%,Race Not Available,Home_Improvement,Principal_Residence,Originated,1.0,0,0.45400591903870624,82.19
6,9.0,105000,355000.0,50.578,>60%,White,Refinance,Principal_Residence,Denied,0.0,0,0.3856755997182264,24.46
3,93.0,185000,295000.0,61.433,36%-<43%,Black or African American,CashOut_Refinance,Principal_Residence,Originated,1.0,0,0.41153362524005416,91.33
1,1566.0,935000,1175000.0,79.57,<20%,Race Not Available,Home_Purchase,Principal_Residence,Originated,1.0,3,0.6108612483049288,11.31
0,57.0,55000,85000.0,67.335,20%-<30%,White,Home_Purchase,Principal_Residence,Originated,1.0,0,0.3886771745055398,5.92
0,137.0,835000,375000.0,78.353,Unknown,Asian,Home_Purchase,Principal_Residence,Withdrawn,,0,0.43607095173707244,68.36
2,30.0,495000,665000.0,75.0,20%-<30%,Race Not Available,Home_Purchase,Investment,Originated,1.0,0,0.39643990035642135,41.33
0,81.0,245000,205000.0,96.5,36%-<43%,Black or African American,Home_Purchase,Principal_Residence,Denied,0.0,0,0.3752207131319319,59.71
0,95.0,435000,375000.0,78.353,Unknown,White,Home_Purchase,Principal_Residence,Withdrawn,,0,0.383581007926919,13.47
0,84.0,245000,255000.0,99.5,43%-<50%,Race Not Available,Home_Purchase,Principal_Residence,Preapproval_Approved_NotAccepted,,2,0.5279151552793869,0.0
0,95.0,505000,555000.0,78.353,Unknown,Race Not Available,Home_Purchase,Principal_Residence,Purchased,,0,0.4001702422797698,16.57
0,173.0,175000,375000.0,78.353,Unknown,White,Home_Improvement,Principal_Residence,Incomplete,,0,0.4365828014856288,18.86
5,56.0,75000,375000.0,78.353,Unknown,White,CashOut_Refinance,Principal_Residence,Withdrawn,,0,0.35716691429726116,20.51
0,55.0,125000,135000.0,96.5,20%-<30%,White,Home_Purchase,Principal_Residence,Originated,1.0,0,0.4209982239345797,79.67
2,287.0,255000,505000.0,79.0,Unknown,White,Home_Purchase,Investment,Originated,1.0,1,0.5033628237407145,8.74
1,500.0,525000,375000.0,78.353,<20%,White,Home_Purchase,Principal_Residence,Originated,1.0,0,0.5102861737214066,23.91
0,107.0,145000,375000.0,78.353,Unknown,Asian,Home_Purchase,Principal_Residence,Withdrawn,,0,0.3563827754752398,38.96
3,110.0,415000,495000.0,86.63,30%-<36%,White,Refinance,Principal_Residence,Approved_NotAccepted,,0,0.37414509220590275,29.59
0,163.0,465000,375000.0,78.353,Unknown,Race Not Available,Home_Purchase,Principal_Residence,Withdrawn,,0,0.3812505034197671,58.23
2,95.0,335000,375000.0,78.353,Unknown,Asian,Home_Purchase,Investment,Withdrawn,,0,0.34753114176908356,38.59
3,95.0,315000,655000.0,78.353,Unknown,Race Not Available,Refinance,Principal_Residence,Purchased,,0,0.43755828702807664,95.12
1,398.0,315000,1295000.0,69.991,20%-<30%,Asian,Home_Improvement,Principal_Residence,Originated,1.0,0,0.5048569744634848,64.25
0,61.0,165000,175000.0,97.0,30%-<36%,Asian,Home_Purchase,Principal_Residence,Denied,0.0,0,0.36722153759884174,23.48
0,236.0,505000,515000.0,78.353,Unknown,White,Home_Purchase,Principal_Residence,Purchased,,0,0.3736202246037763,19.63
6,153.0,205000,505000.0,39.45,50%-60%,White,Refinance,Principal_Residence,Originated,1.0,0,0.39632038490212124,26.98
0,103.0,305000,375000.0,78.353,Unknown,White,Home_Purchase,Principal_Residence,Withdrawn,,0,0.37882780542045585,30.53
0,95.0,285000,285000.0,101.75,30%-<36%,White,Home_Purchase,Principal_Residence,Originated,1.0,0,0.39272154106580676,19.88
0,109.0,195000,205000.0,95.0,30%-<36%,Black or African American,Home_Purchase,Principal_Residence,Originated,1.0,0,0.37051856386988846,48.43
5,105.0,55000,375000.0,42.243,<20%,White,Other,Principal_Residence,Originated,1.0,0,0.4109584511733095,27.02
3,72.0,325000,375000.0,78.353,Unknown,White,Refinance,Principal_Residence,Withdrawn,,0,0.370323763290644,45.5
5,188.0,135000,955000.0,70.0,30%-<36%,White,Other,Principal_Residence,Originated,1.0,0,0.3866152724676302,28.03
3,47.0,255000,375000.0,78.353,Unknown,White,Refinance,Principal_Residence,Withdrawn,,0,0.3463974568391073,25.38
0,225.0,805000,1005000.0,80.0,36%-<43%,Asian,Home_Purchase,Principal_Residence,Originated,1.0,0,0.4716926908155566,67.89
1,327.0,1085000,375000.0,78.353,Unknown,White,Home_Purchase,Principal_Residence,Incomplete,,0,0.4477517176902987,16.39
0,83.0,245000,305000.0,80.0,36%-<43%,White,Home_Purchase,Principal_Residence,Originated,1.0,0,0.36831360245233014,34.82
3,82.0,75000,95000.0,80.15,<20%,Black or African American,CashOut_Refinance,Principal_Residence,Originated,1.0,0,0.36049979241389113,35.4
3,114.0,385000,475000.0,80.0,36%-<43%,White,CashOut_Refinance,Principal_Residence,Originated,1.0,0,0.3652685332645403,61.45
3,68.0,115000,165000.0,69.69,20%-<30%,White,Refinance,Principal_Residence,Originated,1.0,0,0.360571171608654,34.42
2,105.0,405000,375000.0,78.353,Unknown,White,CashOut_Refinance,Investment,Incomplete,,0,0.3912775198920252,66.16
0,114.0,465000,445000.0,100.0,36%-<43%,White,Home_Purchase,Principal_Residence,Originated,1.0,0,0.3810934622080378,20.71
0,120.0,355000,375000.0,78.353,Unknown,Black or African American,Home_Purchase,Principal_Residence,Withdrawn,,0,0.4464751594698673,17.56
3,96.0,145000,325000.0,44.21,30%-<36%,Race Not Available,Refinance,Principal_Residence,Originated,1.0,0,0.43183710312915813,9.16
3,108.0,75000,375000.0,78.353,Unknown,White,Refinance,Principal_Residence,Withdrawn,,0,0.4022636065109861,85.65
1,354.0,465000,575000.0,80.0,36%-<43%,White,Home_Purchase,Principal_Residence,Originated,1.0,0,0.39833026772242397,7.24
3,48.0,95000,375000.0,78.353,Unknown,Race Not Available,CashOut_Refinance,Principal_Residence,Incomplete,,0,0.363671187965969,61.33
1,1943.0,735000,985000.0,75.0,<20%,White,Home_Improvement,Second_Residence,Originated,1.0,0,0.5580399758509129,12.4
0,241.0,645000,785000.0,82.895,36%-<43%,White,Home_Purchase,Principal_Residence,Originated,1.0,0,0.4060293833520625,43.78
3,54.0,175000,375000.0,78.353,Unknown,Race Not Available,Refinance,Principal_Residence,Withdrawn,,0,0.4039126863719929,97.88
2,95.0,515000,1165000.0,44.62,Unknown,Race Not Available,Home_Purchase,Investment,Originated,1.0,2,0.5655272316145036,28.84
3,162.0,625000,375000.0,78.353,Unknown,Race Not Available,CashOut_Refinance,Principal_Residence,Incomplete,,0,0.4114670868486464,27.08
5,169.0,65000,785000.0,62.435,30%-<36%,White,Home_Improvement,Principal_Residence,Originated,1.0,0,0.47334139388254004,15.42
0,95.0,445000,375000.0,78.353,Exempt,Race Not Available,Other,Second_Residence,Purchased,,0,0.3614971830167267,8.16
3,119.0,145000,375000.0,78.353,Unknown,White,Refinance,Principal_Residence,Incomplete,,0,0.35261475959899385,21.15
0,115.0,475000,595000.0,80.0,43%-<50%,Asian,Home_Purchase,Principal_Residence,Approved_NotAccepted,,0,0.3875363925173013,20.38
6,92.0,215000,325000.0,68.272,>60%,Race Not Available,Home_Purchase,Second_Residence,Denied,0.0,0,0.4184895752584357,90.95
2,95.0,785000,1215000.0,64.0,Unknown,Race Not Available,Home_Purchase,Investment,Originated,1.0,1,0.5765015511645896,23.24
2,72.0,225000,375000.0,78.353,Unknown,White,CashOut_Refinance,Investment,Incomplete,,0,0.3529550395334567,20.62
3,105.0,305000,375000.0,78.353,Unknown,White,CashOut_Refinance,Principal_Residence,Withdrawn,,0,0.3483774545959194,14.57
4,62.0,105000,105000.0,78.353,50%-60%,Race Not Available,Home_Purchase,Principal_Residence,Originated,1.0,0,0.3941088560533411,64.83
3,73.0,155000,225000.0,68.636,30%-<36%,Race Not Available,CashOut_Refinance,Second_Residence,Denied,0.0,0,0.36891016532502025,47.53
0,95.0,195000,375000.0,78.353,Unknown,Race Not Available,Home_Purchase,Principal_Residence,Withdrawn,,0,0.3664196331421987,58.13
6,55.0,15000,115000.0,79.237,50%-60%,Black or African American,Home_Improvement,Principal_Residence,Denied,0.0,0,0.4089392146377065,13.33
0,81.0,335000,355000.0,95.0,43%-<50%,Race Not Available,Home_Purchase,Principal_Residence,Originated,1.0,0,0.3563023403489605,18.24
3,228.0,455000,375000.0,78.353,Unknown,White,CashOut_Refinance,Principal_Residence,Incomplete,,0,0.4032529972828158,19.28
0,127.0,585000,785000.0,75.0,43%-<50%,Black or African American,Home_Purchase,Principal_Residence,Originated,1.0,0,0.385079037332737,15.13
5,129.0,35000,355000.0,79.972,20%-<30%,White,Home_Improvement,Principal_Residence,Originated,1.0,0,0.41481888991970167,20.33
0,164.0,265000,295000.0,90.0,<20%,White,Home_Purchase,Principal_Residence,Originated,1.0,0,0.36035021286893515,24.12
0,87.0,265000,265000.0,78.353,36%-<43%,Race Not Available,Home_Purchase,Principal_Residence,Originated,1.0,0,0.37731442662362663,21.88
5,223.0,205000,375000.0,78.353,Unknown,Race Not Available,Home_Improvement,Principal_Residence,Withdrawn,,0,0.4321086134766057,8.57
3,22.0,105000,155000.0,67.0,36%-<43%,American Indian or Alaska Native,CashOut_Refinance,Principal_Residence,Originated,1.0,0,0.37554094240425107,17.11
5,78.0,115000,175000.0,89.963,30%-<36%,White,Home_Improvement,Principal_Residence,Denied,0.0,0,0.360373581807961,17.72
0,86.0,315000,375000.0,78.353,Unknown,White,Home_Purchase,Principal_Residence,Withdrawn,,0,0.350578076304195,16.82
6,114.0,465000,495000.0,78.353,50%-60%,White,Home_Purchase,Principal_Residence,Preapproval_Approved_NotAccepted,,1,0.5315894900368225,0.0
3,95.0,65000,105000.0,68.39,Unknown,White,Refinance,Principal_Residence,Originated,1.0,0,0.38867580830641213,18.76
5,95.0,105000,585000.0,78.353,Unknown,Race Not Available,Other,Principal_Residence,Purchased,,0,0.3722874569312791,40.28
0,186.0,175000,255000.0,70.0,43%-<50%,Black or African American,Home_Improvement,Principal_Residence,Denied,0.0,0,0.39548632097919206,79.88
0,105.0,295000,375000.0,78.353,Unknown,Black or African American,Home_Purchase,Principal_Residence,Withdrawn,,0,0.3999489382994174,97.16
3,275.0,825000,1925000.0,43.0,36%-<43%,White,CashOut_Refinance,Principal_Residence,Denied,0.0,1,0.5294696482126019,24.85
5,114.0,65000,375000.0,78.353,Exempt,White,Home_Improvement,Principal_Residence,Originated,1.0,0,0.36451299938946236,12.81
0,240.0,275000,305000.0,90.0,<20%,White,Home_Purchase,Second_Residence,Approved_NotAccepted,,1,0.529121281556418,0.0
1,780.0,215000,1705000.0,69.94,20%-<30%,White,Home_Improvement,Investment,Approved_NotAccepted,,0,0.5140559656397836,16.79
5,95.0,105000,455000.0,78.353,Unknown,Race Not Available,Other,Principal_Residence,Purchased,,0,0.40696994381262147,21.99
0,117.0,305000,385000.0,80.0,36%-<43%,White,Home_Purchase,Principal_Residence,Originated,1.0,0,0.34970334733312136,25.18
1,556.0,355000,2165000.0,58.145,36%-<43%,White,Other,Principal_Residence,Originated,1.0,2,0.5401809809957296,23.9
5,127.0,65000,625000.0,65.893,36%-<43%,Race Not Available,Other,Principal_Residence,Originated,1.0,0,0.49158520967672037,88.35
0,55.0,175000,375000.0,78.353,Unknown,White,Home_Purchase,Principal_Residence,Withdrawn,,0,0.368599790992715,58.73
0,34.0,155000,195000.0,78.353,Unknown,White,Home_Purchase,Principal_Residence,Purchased,,0,0.3696628276740931,31.36
0,61.0,355000,475000.0,75.0,43%-<50%,Asian,Home_Purchase,Principal_Residence,Originated,1.0,0,0.40787979523971934,52.99
3,139.0,155000,415000.0,36.58,20%-<30%,White,Refinance,Principal_Residence,Originated,1.0,0,0.3927415879824872,31.96
0,95.0,55000,85000.0,78.353,Unknown,Race Not Available,NotApplicable,Principal_Residence,Purchased,,1,0.4545783974906081,6.2
3,31.0,115000,295000.0,39.381,36%-<43%,White,Refinance,Principal_Residence,Originated,1.0,0,0.4046056791902394,15.1
0,169.0,795000,895000.0,87.89,36%-<43%,White,Home_Purchase,Principal_Residence,Originated,1.0,1,0.4469684244451807,28.09
0,235.0,395000,405000.0,96.5,43%-<50%,White,Home_Purchase,Principal_Residence,Originated,1.0,0,0.39800577204886795,22.71
3,41.0,85000,175000.0,51.0,30%-<36%,White,Refinance,Principal_Residence,Originated,1.0,0,0.4150973812099567,4.03
3,130.0,155000,245000.0,64.113,20%-<30%,Black or African American,CashOut_Refinance,Principal_Residence,Originated,1.0,0,0.4454758609644142,99.34
3,95.0,175000,265000.0,78.353,Unknown,Race Not Available,CashOut_Refinance,Principal_Residence,Purchased,,0,0.38073472659079,8.52
3,29.0,275000,425000.0,78.353,Unknown,White,Refinance,Principal_Residence,Originated,1.0,0,0.3605659910200728,38.31
3,51.0,145000,175000.0,80.0,36%-<43%,Asian,Refinance,Principal_Residence,Originated,1.0,0,0.42322393074099546,55.07
0,140.0,545000,575000.0,95.0,30%-<36%,White,Home_Purchase,Principal_Residence,Originated,1.0,0,0.4127987537656148,54.68
5,154.0,155000,455000.0,50.177,36%-<43%,White,Refinance,Principal_Residence,Originated,1.0,0,0.4035469834679968,9.7
6,70.0,205000,655000.0,30.769,>60%,Joint,Other,Principal_Residence,Denied,0.0,0,0.4386155506498208,28.64
6,122.0,585000,575000.0,100.0,50%-60%,Race Not Available,Home_Purchase,Principal_Residence,Preapproval_Approved_NotAccepted,,2,0.5581467746807983,0.0
0,109.0,275000,375000.0,78.353,Unknown,Race Not Available,Home_Purchase,Principal_Residence,Withdrawn,,0,0.3725688968158871,10.32
0,40.0,85000,95000.0,78.353,Unknown,White,Home_Purchase,Principal_Residence,Purchased,,0,0.3850583252975138,49.74
2,50.0,25000,45000.0,41.918,>60%,American Indian or Alaska Native,CashOut_Refinance,Investment,Denied,0.0,0,0.5218649785369656,96.11
0,146.0,305000,545000.0,55.556,20%-<30%,Asian,Home_Purchase,Principal_Residence,Originated,1.0,0,0.3924471152052181,58.84
1,815.0,1005000,1025000.0,97.76,43%-<50%,White,Home_Purchase,Principal_Residence,Originated,1.0,1,0.5444422181712217,29.83
3,119.0,225000,375000.0,78.353,Unknown,White,Refinance,Principal_Residence,Incomplete,,0,0.36606060027193915,31.52
1,603.0,1485000,1975000.0,75.0,30%-<36%,White,Home_Purchase,Principal_Residence,Originated,1.0,2,0.602571824444024,17.73
6,21.0,155000,575000.0,83.092,>60%,White,Other,Principal_Residence,Denied,0.0,0,0.40698079558036726,89.06
0,100.0,215000,305000.0,69.055,36%-<43%,White,Home_Purchase,Principal_Residence,Originated,1.0,0,0.3583378208468854,13.66
4,93.0,55000,265000.0,33.528,<20%,White,Other,Principal_Residence,Originated,1.0,0,0.4373763111312605,4.04
1,760.0,905000,1575000.0,57.15,30%-<36%,White,Home_Improvement,Second_Residence,Originated,1.0,1,0.5490551921233063,11.52
4,95.0,75000,375000.0,78.353,Unknown,White,Refinance,Principal_Residence,Denied,0.0,0,0.37126453743290605,4.03
0,55.0,195000,375000.0,78.353,Unknown,White,Home_Purchase,Principal_Residence,Withdrawn,,0,0.34981994412244566,10.73
4,189.0,145000,195000.0,75.0,36%-<43%,White,Home_Purchase,Investment,Originated,1.0,0,0.41954757899636785,16.12
3,55.0,25000,205000.0,10.0,<20%,White,Home_Improvement,Principal_Residence,Denied,0.0,0,0.47343873074453907,40.21
0,87.0,285000,415000.0,70.0,36%-<43%,White,Home_Purchase,Principal_Residence,Originated,1.0,0,0.36135828778731555,62.89
0,71.0,295000,375000.0,78.353,Unknown,Black or African American,Home_Purchase,Principal_Residence,Incomplete,,0,0.36713149940751866,70.84
3,280.0,615000,375000.0,78.353,Unknown,White,CashOut_Refinance,Principal_Residence,Incomplete,,0,0.4139229889088481,14.9
6,49.0,215000,325000.0,66.214,>60%,Black or African American,Refinance,Principal_Residence,Denied,0.0,0,0.4040888806031752,91.97
0,28.0,95000,95000.0,94.75,43%-<50%,White,Home_Purchase,Principal_Residence,Originated,1.0,0,0.3993081274060839,6.13
3,95.0,125000,135000.0,95.1092,<20%,Race Not Available,Refinance,Principal_Residence,Originated,1.0,0,0.38953077924100293,45.94
0,59.0,195000,305000.0,62.723,30%-<36%,White,Home_Purchase,Principal_Residence,Originated,1.0,0,0.36332826556784376,26.77
3,117.0,395000,495000.0,80.0,30%-<36%,Race Not Available,Refinance,Principal_Residence,Originated,1.0,0,0.4165300307762988,68.75
4,59.0,95000,375000.0,78.353,Unknown,White,Home_Purchase,Principal_Residence,Incomplete,,0,0.4006812113983981,34.42
0,95.0,175000,175000.0,78.353,Unknown,Race Not Available,Home_Purchase,Principal_Residence,Purchased,,0,0.37641956989167324,4.9
0,115.0,355000,465000.0,76.087,36%-<43%,White,Home_Purchase,Principal_Residence,Originated,1.0,0,0.36890152733490844,15.31
3,90.0,305000,375000.0,78.353,Unknown,White,CashOut_Refinance,Principal_Residence,Incomplete,,0,0.37060556676298523,82.2
0,65.0,195000,205000.0,95.96,36%-<43%,Black or African American,Home_Purchase,Principal_Residence,Originated,1.0,0,0.3909800634377725,71.99
6,144.0,385000,1085000.0,65.0,50%-60%,White,CashOut_Refinance,Principal_Residence,Originated,1.0,0,0.45827439865906044,50.84
0,308.0,1235000,1455000.0,85.0,36%-<43%,White,Home_Purchase,Principal_Residence,Originated,1.0,1,0.4892867065303149,26.77
0,126.0,385000,375000.0,78.353,Unknown,Race Not Available,Home_Purchase,Principal_Residence,Withdrawn,,0,0.3566128091975209,37.6
2,86.0,135000,165000.0,85.0,Unknown,White,Refinance,Investment,Originated,1.0,0,0.42015801851492673,19.77
0,55.0,185000,185000.0,97.0,30%-<36%,White,Home_Purchase,Principal_Residence,Originated,1.0,0,0.37856370962566344,22.56
0,95.0,325000,335000.0,78.353,Unknown,Race Not Available,Home_Purchase,Principal_Residence,Purchased,,0,0.37334238827651656,56.16
0,95.0,175000,185000.0,78.353,Unknown,Race Not Available,Home_Purchase,Principal_Residence,Purchased,,0,0.3505307505029221,25.67
0,49.0,85000,95000.0,97.0,20%-<30%,Race Not Available,Home_Purchase,Principal_Residence,Originated,1.0,0,0.3985331675960312,52.49
0,119.0,515000,655000.0,79.54,43%-<50%,Race Not Available,Home_Purchase,Principal_Residence,Originated,1.0,0,0.4679427417008526,77.51
0,95.0,175000,265000.0,78.353,Unknown,Race Not Available,NotApplicable,Principal_Residence,Purchased,,0,0.357201800309654,27.7
0,81.0,265000,345000.0,78.353,Unknown,Black or African American,Home_Purchase,Principal_Residence,Purchased,,0,0.3777949097549383,65.63
3,235.0,155000,305000.0,70.0,20%-<30%,White,Refinance,Principal_Residence,Originated,1.0,0,0.4333321949219577,6.43
5,102.0,95000,435000.0,79.99,43%-<50%,White,Refinance,Principal_Residence,Originated,1.0,0,0.35551792097678625,17.08
4,189.0,445000,595000.0,74.998,43%-<50%,White,Home_Purchase,Principal_Residence,Originated,1.0,0,0.3971975418747645,17.79
0,95.0,365000,385000.0,78.353,Unknown,Race Not Available,Home_Purchase,Principal_Residence,Purchased,,0,0.38345757648294193,87.6
2,126.0,105000,385000.0,27.261,36%-<43%,Race Not Available,Home_Improvement,Investment,Denied,0.0,0,0.4705951414321012,25.98
3,83.0,175000,375000.0,78.353,Unknown,Race Not Available,Refinance,Principal_Residence,Withdrawn,,0,0.3489945642461221,41.88
3,95.0,55000,375000.0,78.353,Unknown,Race Not Available,Refinance,Principal_Residence,Incomplete,,0,0.36430959352009357,54.79
3,201.0,535000,735000.0,72.517,36%-<43%,White,Refinance,Principal_Residence,Originated,1.0,0,0.39309661872633633,9.33
5,109.0,35000,605000.0,46.805,30%-<36%,White,Home_Improvement,Principal_Residence,Originated,1.0,0,0.44335591777531635,11.25
3,102.0,275000,375000.0,78.353,Unknown,Black or African American,Refinance,Principal_Residence,Incomplete,,0,0.37075021267849934,71.35
3,33.0,145000,215000.0,67.99,43%-<50%,White,CashOut_Refinance,Principal_Residence,Originated,1.0,0,0.3722831349505962,23.2
5,106.0,95000,235000.0,89.964,30%-<36%,White,Home_Purchase,Principal_Residence,Originated,1.0,0,0.36030769911484556,27.39
3,76.0,275000,465000.0,58.913,20%-<30%,White,Refinance,Principal_Residence,Originated,1.0,0,0.3656582306656853,15.63
2,53.0,65000,215000.0,27.907,36%-<43%,White,CashOut_Refinance,Investment,Originated,1.0,0,0.4774596864489288,64.33
3,151.0,595000,745000.0,78.353,Unknown,White,CashOut_Refinance,Principal_Residence,Purchased,,0,0.3961864696919475,26.65
0,71.0,385000,385000.0,78.353,43%-<50%,Black or African American,Home_Purchase,Principal_Residence,Originated,1.0,0,0.3600571057459322,64.56
2,136.0,75000,375000.0,78.353,Unknown,Race Not Available,CashOut_Refinance,Investment,Denied,0.0,0,0.4042585773209748,24.67
0,186.0,775000,855000.0,90.0,30%-<36%,White,Home_Purchase,Principal_Residence,Originated,1.0,0,0.4494308730467259,42.98
6,118.0,35000,245000.0,15.0,50%-60%,White,Home_Improvement,Principal_Residence,Denied,0.0,0,0.46193250622055043,6.18
3,94.0,75000,335000.0,21.212,20%-<30%,White,Home_Improvement,Principal_Residence,Originated,1.0,1,0.5430867029018586,85.88
3,40.0,125000,235000.0,52.61,43%-<50%,White,CashOut_Refinance,Principal_Residence,Originated,1.0,0,0.3868775142716228,22.17
0,71.0,175000,175000.0,96.5,30%-<36%,White,Home_Purchase,Principal_Residence,Denied,0.0,0,0.3799372941800387,6.45
0,134.0,485000,545000.0,90.0,20%-<30%,Asian,Home_Purchase,Principal_Residence,Originated,1.0,0,0.3766319069707452,49.37
0,78.0,285000,295000.0,95.0,43%-<50%,White,Home_Purchase,Principal_Residence,Originated,1.0,0,0.3635181212049345,9.15
6,118.0,525000,535000.0,102.391,50%-60%,White,Home_Purchase,Principal_Residence,Originated,1.0,0,0.40020364051127566,15.32
5,232.0,85000,1175000.0,73.798,20%-<30%,White,Home_Improvement,Principal_Residence,Originated,1.0,1,0.5203671419125762,26.42
6,117.0,465000,475000.0,96.5,50%-60%,White,Home_Purchase,Principal_Residence,Originated,1.0,0,0.3834411396509003,58.1
3,188.0,205000,325000.0,61.92,36%-<43%,White,CashOut_Refinance,Principal_Residence,Originated,1.0,0,0.3713027509917402,34.37
3,80.0,175000,385000.0,46.0,36%-<43%,Black or African American,Refinance,Principal_Residence,Originated,1.0,0,0.4626457948690178,86.81
0,45.0,165000,215000.0,80.0,36%-<43%,White,Home_Purchase,Principal_Residence,Originated,1.0,0,0.35574891696227706,22.46
3,95.0,155000,175000.0,87.161,Unknown,White,Refinance,Principal_Residence,Originated,1.0,0,0.35963765126777664,37.83
3,46.0,165000,375000.0,78.353,Unknown,White,CashOut_Refinance,Principal_Residence,Withdrawn,,0,0.36876860221235175,51.45
0,95.0,335000,445000.0,78.353,Unknown,Race Not Available,Home_Purchase,Second_Residence,Purchased,,0,0.3678682420025005,69.07
1,408.0,1525000,2825000.0,54.078,36%-<43%,White,Other,Principal_Residence,Originated,1.0,2,0.6118735739839277,12.28
3,110.0,375000,375000.0,78.353,Unknown,White,CashOut_Refinance,Principal_Residence,Withdrawn,,0,0.37465503176950243,21.41
3,102.0,265000,305000.0,86.8,36%-<43%,White,Refinance,Principal_Residence,Originated,1.0,0,0.388581812156522,80.27
0,75.0,75000,85000.0,90.0,36%-<43%,White,Home_Purchase,Principal_Residence,Originated,1.0,0,0.4251763110789802,88.3
6,51.0,85000,125000.0,66.67,50%-60%,Black or African American,Home_Improvement,Principal_Residence,Denied,0.0,0,0.4424359282031449,97.31
3,52.0,155000,275000.0,57.27,30%-<36%,White,Refinance,Principal_Residence,Approved_NotAccepted,,0,0.4199522830622314,21.43
3,275.0,445000,2155000.0,39.302,20%-<30%,White,Refinance,Principal_Residence,Originated,1.0,1,0.5274555700479213,31.64
0,76.0,335000,365000.0,93.75,43%-<50%,Black or African American,Home_Purchase,Principal_Residence,Originated,1.0,0,0.4208174438800938,72.73
0,66.0,345000,405000.0,85.0,43%-<50%,Race Not Available,Home_Purchase,Principal_Residence,Originated,1.0,0,0.3791141281280697,43.56
0,78.0,355000,365000.0,96.999,43%-<50%,Race Not Available,Home_Purchase,Principal_Residence,Originated,1.0,0,0.39148325263876627,42.11
0,120.0,285000,385000.0,81.0,20%-<30%,Race Not Available,Home_Purchase,Principal_Residence,Originated,1.0,0,0.34748023958215474,17.71
0,95.0,325000,405000.0,78.353,Unknown,Race Not Available,Home_Purchase,Principal_Residence,Purchased,,0,0.351340838440188,23.87
4,54.0,355000,405000.0,87.65,50%-60%,Asian,Home_Purchase,Principal_Residence,Originated,1.0,0,0.3716561494725371,41.15
2,123.0,195000,265000.0,75.0,36%-<43%,White,Home_Purchase,Investment,Originated,1.0,0,0.4074922190672703,98.14
2,73.0,185000,245000.0,75.0,36%-<43%,Asian,Home_Purchase,Investment,Originated,1.0,0,0.37037420603862803,69.83
6,120.0,255000,375000.0,78.353,50%-60%,White,Home_Improvement,Principal_Residence,Denied,0.0,0,0.3596267977029126,13.05
6,40.0,45000,425000.0,74.52,>60%,White,Other,Principal_Residence,Denied,0.0,0,0.43284076741896804,92.7
2,122.0,265000,325000.0,80.0,36%-<43%,White,Home_Purchase,Investment,Approved_NotAccepted,,0,0.36453137989488266,50.29
3,283.0,225000,375000.0,78.353,Unknown,White,Refinance,Principal_Residence,Withdrawn,,0,0.4248263910644133,16.93
2,128.0,305000,435000.0,69.284,43%-<50%,White,CashOut_Refinance,Investment,Originated,1.0,0,0.3575552898225247,18.66
0,95.0,185000,205000.0,78.353,Unknown,Race Not Available,Home_Purchase,Principal_Residence,Purchased,,0,0.34786223053450643,39.69
3,95.0,225000,345000.0,78.353,Unknown,Race Not Available,CashOut_Refinance,Principal_Residence,Purchased,,0,0.3502934426436067,18.02
2,95.0,955000,1005000.0,95.2117,Unknown,Race Not Available,Home_Purchase,Investment,Originated,1.0,2,0.556205308037419,15.35
3,59.0,75000,235000.0,32.0,36%-<43%,White,Home_Purchase,Principal_Residence,Originated,1.0,0,0.42181787985544955,11.93
5,129.0,75000,565000.0,13.274,<20%,White,Home_Improvement,Principal_Residence,Originated,1.0,0,0.4546547240565513,9.26
0,78.0,495000,515000.0,97.0,43%-<50%,White,Home_Purchase,Principal_Residence,Originated,1.0,0,0.3956300349272672,20.8
5,290.0,85000,755000.0,81.127,36%-<43%,Joint,Other,Principal_Residence,Originated,1.0,0,0.4900402531489051,15.05
6,128.0,485000,605000.0,80.0,>60%,White,Home_Purchase,Principal_Residence,Originated,1.0,1,0.479992548908189,17.92
5,148.0,55000,655000.0,80.165,43%-<50%,White,Home_Improvement,Principal_Residence,Denied,0.0,0,0.4224940061777306,31.25
1,565.0,505000,375000.0,78.353,Unknown,White,Home_Purchase,Principal_Residence,Withdrawn,,0,0.42439957668473266,24.28
0,62.0,125000,135000.0,95.0,36%-<43%,White,Home_Purchase,Principal_Residence,Originated,1.0,0,0.3874724219560526,34.93
0,52.0,335000,335000.0,100.0,43%-<50%,Race Not Available,Home_Purchase,Principal_Residence,Originated,1.0,0,0.5002196706338525,91.48
3,31.0,65000,995000.0,6.574,36%-<43%,Race Not Available,Other,Principal_Residence,Originated,1.0,0,0.49766183278600806,21.9
6,78.0,295000,305000.0,96.5,50%-60%,White,Home_Purchase,Principal_Residence,Originated,1.0,0,0.3619099326206896,22.65
5,126.0,45000,725000.0,67.47,43%-<50%,White,Other,Principal_Residence,Originated,1.0,0,0.41032938087019466,12.79
3,58.0,95000,145000.0,64.286,<20%,White,CashOut_Refinance,Principal_Residence,Originated,1.0,0,0.38513981895162697,8.3
5,75.0,5000,185000.0,98.333,30%-<36%,White,Home_Purchase,Principal_Residence,Originated,1.0,0,0.46207132281513597,7.65
3,180.0,645000,375000.0,78.353,Unknown,White,CashOut_Refinance,Principal_Residence,Incomplete,,0,0.396406337335397,11.41
4,99.0,145000,375000.0,78.353,Unknown,Race Not Available,Home_Purchase,Principal_Residence,Incomplete,,0,0.45158644658204683,0.0
3,44.0,205000,1685000.0,11.87,43%-<50%,White,Refinance,Principal_Residence,Originated,1.0,0,0.5355213409693301,22.17
5,51.0,155000,375000.0,78.353,Unknown,White,Other,Principal_Residence,Incomplete,,0,0.44094461591954487,38.76
0,120.0,475000,595000.0,80.0,20%-<30%,Asian,Home_Purchase,Principal_Residence,Denied,0.0,0,0.36695895734806305,42.7
0,50.0,65000,65000.0,95.0,30%-<36%,White,Home_Purchase,Principal_Residence,Originated,1.0,0,0.3804990870502582,17.33
0,83.0,245000,375000.0,78.353,Unknown,White,Home_Purchase,Principal_Residence,Withdrawn,,0,0.3456164616395703,20.55
0,82.0,105000,125000.0,84.29,<20%,Race Not Available,Home_Purchase,Principal_Residence,Originated,1.0,0,0.39512282415160804,82.71
5,280.0,105000,415000.0,104.748,36%-<43%,White,Home_Improvement,Principal_Residence,Denied,0.0,0,0.4282677183884165,58.29
6,95.0,1085000,1355000.0,80.0,50%-60%,Race Not Available,Other,Second_Residence,Originated,1.0,1,0.5121310608306554,53.35
2,76.0,185000,375000.0,48.677,43%-<50%,White,CashOut_Refinance,Investment,Originated,1.0,0,0.37511316869573375,30.7
0,102.0,175000,205000.0,85.0,36%-<43%,Race Not Available,Home_Purchase,Principal_Residence,Originated,1.0,0,0.3748860868020696,76.31
3,0.0,205000,375000.0,78.353,Unknown,Race Not Available,CashOut_Refinance,Principal_Residence,Denied,0.0,0,0.36582459636403997,23.28
6,83.0,215000,225000.0,95.0,50%-60%,Race Not Available,Home_Purchase,Principal_Residence,Approved_NotAccepted,,1,0.45129063557785315,19.6
5,105.0,15000,175000.0,82.53,<20%,White,Home_Improvement,Principal_Residence,Originated,1.0,0,0.44260704746811286,6.8
3,103.0,215000,375000.0,78.353,Unknown,White,CashOut_Refinance,Principal_Residence,Withdrawn,,0,0.3944072796530146,54.51
3,179.0,455000,715000.0,65.0,20%-<30%,White,CashOut_Refinance,Principal_Residence,Denied,0.0,0,0.3895005092645961,36.11
0,136.0,475000,505000.0,95.0,36%-<43%,Joint,Home_Purchase,Principal_Residence,Originated,1.0,0,0.3802874489909496,39.66
5,238.0,175000,765000.0,80.0,<20%,White,Other,Principal_Residence,Originated,1.0,0,0.3906815433846818,46.8
1,360.0,825000,375000.0,78.353,Unknown,White,Refinance,Principal_Residence,Incomplete,,2,0.5041533990712992,15.45
3,152.0,425000,375000.0,78.353,Unknown,White,Refinance,Principal_Residence,Withdrawn,,0,0.4161136740886975,13.41
0,105.0,325000,375000.0,78.353,Unknown,White,Home_Purchase,Principal_Residence,Withdrawn,,0,0.34741674100995845,12.52
5,160.0,155000,375000.0,78.353,Unknown,White,Refinance,Principal_Residence,Incomplete,,0,0.38299722875374126,34.4
0,148.0,285000,295000.0,95.0,43%-<50%,White,Home_Purchase,Principal_Residence,Originated,1.0,0,0.3674776567542967,13.43
3,270.0,215000,445000.0,48.0,43%-<50%,Asian,Refinance,Principal_Residence,Originated,1.0,1,0.4512586223268418,24.16
3,21.0,145000,175000.0,71.795,43%-<50%,Race Not Available,CashOut_Refinance,Principal_Residence,Originated,1.0,0,0.4106146952447414,93.29
6,120.0,785000,825000.0,93.939,50%-60%,Black or African American,Home_Purchase,Principal_Residence,Denied,0.0,1,0.45035060493912055,41.35
3,125.0,245000,355000.0,70.0,36%-<43%,Black or African American,Refinance,Principal_Residence,Denied,0.0,0,0.39132999487569536,86.92
0,95.0,155000,165000.0,78.353,Unknown,Race Not Available,Home_Purchase,Principal_Residence,Purchased,,0,0.36573079343585857,29.25
0,74.0,255000,245000.0,100.0,36%-<43%,White,Home_Purchase,Principal_Residence,Originated,1.0,0,0.3701787789666557,13.28
0,133.0,645000,375000.0,78.353,Unknown,White,Home_Purchase,Principal_Residence,Withdrawn,,0,0.37928109436475604,13.59
0,60.0,305000,375000.0,80.0,36%-<43%,White,Home_Purchase,Principal_Residence,Originated,1.0,0,0.35587561706319026,6.31
5,213.0,55000,585000.0,74.853,20%-<30%,Race Not Available,Home_Improvement,Principal_Residence,Originated,1.0,0,0.3868484932746024,26.68
6,52.0,225000,485000.0,57.56,>60%,White,Refinance,Principal_Residence,Originated,1.0,0,0.4480876237472077,71.65
6,121.0,235000,295000.0,80.0,50%-60%,White,CashOut_Refinance,Principal_Residence,Denied,0.0,0,0.3799019383645473,9.9
0,112.0,385000,405000.0,95.0,36%-<43%,Race Not Available,Home_Purchase,Principal_Residence,Preapproval_Denied,,2,0.5268465100264478,0.0
0,81.0,415000,585000.0,78.353,Unknown,Race Not Available,Home_Purchase,Principal_Residence,Purchased,,0,0.4134533026842386,42.86
4,96.0,135000,375000.0,78.353,Unknown,White,Home_Purchase,Principal_Residence,Incomplete,,0,0.4034978113751195,57.88
3,113.0,485000,1025000.0,62.927,43%-<50%,White,CashOut_Refinance,Principal_Residence,Denied,0.0,0,0.4567592826026618,92.3
4,20.0,65000,65000.0,78.353,36%-<43%,White,Home_Purchase,Principal_Residence,Approved_NotAccepted,,0,0.42705623004454024,4.04
0,86.0,425000,375000.0,78.353,Unknown,White,Home_Purchase,Principal_Residence,Incomplete,,0,0.34982213966994763,18.77
3,72.0,245000,375000.0,78.353,Unknown,Race Not Available,CashOut_Refinance,Principal_Residence,Withdrawn,,0,0.3460020552806242,10.04
6,95.0,415000,405000.0,101.24,>60%,White,Home_Purchase,Principal_Residence,Denied,0.0,0,0.3884668017545644,64.25
5,95.0,25000,255000.0,82.59,20%-<30%,White,Other,Principal_Residence,Originated,1.0,0,0.3920993152940223,14.57
3,92.0,305000,375000.0,78.353,Unknown,Race Not Available,CashOut_Refinance,Principal_Residence,Incomplete,,0,0.36901893423728954,63.49
5,60.0,45000,305000.0,84.46,43%-<50%,White,Other,Principal_Residence,Originated,1.0,0,0.3755721991740532,32.01
6,85.0,65000,695000.0,65.316,50%-60%,White,Home_Improvement,Principal_Residence,Originated,1.0,1,0.47404404527849175,18.4
0,127.0,165000,175000.0,95.0,36%-<43%,White,Home_Purchase,Principal_Residence,Originated,1.0,0,0.40708010080901286,84.01
0,266.0,645000,1155000.0,56.287,36%-<43%,White,Home_Purchase,Principal_Residence,Originated,1.0,1,0.4426146649669516,10.78
3,335.0,265000,365000.0,74.0,<20%,Race Not Available,Refinance,Principal_Residence,Originated,1.0,0,0.3763868330607165,36.06
6,55.0,105000,855000.0,62.37,>60%,White,Home_Improvement,Principal_Residence,Denied,0.0,0,0.4400147263776768,13.98
0,95.0,235000,245000.0,78.353,Unknown,Race Not Available,Home_Purchase,Principal_Residence,Purchased,,0,0.34614860343751597,19.77
3,81.0,165000,245000.0,68.755,43%-<50%,Black or African American,CashOut_Refinance,Principal_Residence,Originated,1.0,0,0.3666581775432937,48.83
0,66.0,155000,375000.0,78.353,Unknown,White,Home_Purchase,Principal_Residence,Withdrawn,,0,0.3525440981026508,39.91
0,52.0,175000,175000.0,97.0,30%-<36%,White,Home_Purchase,Principal_Residence,Originated,1.0,0,0.3818171878026152,48.92
2,189.0,95000,425000.0,50.82,20%-<30%,Race Not Available,Refinance,Investment,Approved_NotAccepted,,0,0.4373521540170406,79.53
4,33.0,75000,75000.0,78.353,20%-<30%,White,Home_Purchase,Principal_Residence,Originated,1.0,0,0.43109631815753835,5.68
5,297.0,175000,735000.0,94.98,30%-<36%,Race Not Available,Home_Improvement,Principal_Residence,Originated,1.0,1,0.45325005354064307,28.03
0,88.0,425000,455000.0,100.0,43%-<50%,Black or African American,Home_Purchase,Principal_Residence,Denied,0.0,0,0.3892836747183952,21.77
3,37.0,135000,175000.0,78.353,Unknown,White,CashOut_Refinance,Principal_Residence,Purchased,,0,0.3653096712546089,52.47
5,102.0,15000,105000.0,84.913,20%-<30%,White,Home_Improvement,Principal_Residence,Originated,1.0,0,0.3802415444426971,7.56
0,122.0,425000,375000.0,78.353,Unknown,Black or African American,Home_Purchase,Principal_Residence,Withdrawn,,0,0.3499998935366865,22.74
0,185.0,375000,375000.0,78.353,Unknown,White,Home_Purchase,Principal_Residence,Withdrawn,,0,0.4242673576849635,95.22
0,95.0,165000,375000.0,78.353,Unknown,Race Not Available,Home_Purchase,Principal_Residence,Purchased,,0,0.36394430439607356,8.18
0,71.0,185000,195000.0,95.83,20%-<30%,White,Home_Purchase,Principal_Residence,Originated,1.0,0,0.38125905155014184,22.7
4,60.0,85000,95000.0,80.4,30%-<36%,White,Home_Purchase,Principal_Residence,Originated,1.0,0,0.39870199005807994,34.89
4,73.0,175000,175000.0,78.353,>60%,White,Home_Purchase,Principal_Residence,Denied,0.0,0,0.3833399230155853,10.6
2,97.0,335000,425000.0,80.0,36%-<43%,White,Home_Purchase,Investment,Originated,1.0,0,0.3612890799672038,15.85
0,163.0,975000,1235000.0,78.927,43%-<50%,White,Home_Purchase,Principal_Residence,Originated,1.0,0,0.46441062235159913,43.57
3,172.0,275000,385000.0,73.606,20%-<30%,Black or African American,Refinance,Principal_Residence,Originated,1.0,0,0.3738164045594703,75.96
5,140.0,205000,375000.0,78.353,Unknown,Joint,Other,Principal_Residence,Incomplete,,0,0.38255052591948846,16.82
0,171.0,445000,555000.0,80.0,30%-<36%,White,Home_Purchase,Principal_Residence,Originated,1.0,0,0.36728613128903265,8.82
2,95.0,325000,435000.0,78.353,Unknown,Race Not Available,Home_Purchase,Investment,Purchased,,0,0.35864427679873717,37.06
2,53.0,95000,165000.0,56.013,20%-<30%,White,Home_Purchase,Investment,Originated,1.0,0,0.3917614647914937,35.62
5,100.0,65000,205000.0,79.71,30%-<36%,White,Home_Improvement,Principal_Residence,Originated,1.0,1,0.44798264178815395,28.61
0,67.0,275000,305000.0,94.5,43%-<50%,White,Home_Purchase,Principal_Residence,Originated,1.0,0,0.35998647941565837,43.95
3,34.0,25000,785000.0,3.21,36%-<43%,Asian,Refinance,Principal_Residence,Approved_NotAccepted,,0,0.5417523881686908,17.23
0,50.0,145000,375000.0,78.353,Unknown,White,Home_Purchase,Principal_Residence,Withdrawn,,0,0.3780056805691103,61.32
3,55.0,205000,455000.0,44.25,43%-<50%,White,CashOut_Refinance,Principal_Residence,Originated,1.0,0,0.3968189139040426,13.69
3,78.0,165000,375000.0,78.353,Unknown,Black or African American,Refinance,Principal_Residence,Withdrawn,,0,0.46247962529147346,95.12
0,76.0,225000,295000.0,75.913,30%-<36%,Race Not Available,Home_Purchase,Principal_Residence,Originated,1.0,0,0.3597314037774566,43.75
2,139.0,385000,505000.0,75.0,36%-<43%,Joint,CashOut_Refinance,Investment,Originated,1.0,0,0.36386799374526435,21.82
0,95.0,375000,385000.0,78.353,Unknown,Race Not Available,Home_Purchase,Principal_Residence,Purchased,,0,0.35306390035010227,35.12
2,92.0,245000,375000.0,78.353,Unknown,American Indian or Alaska Native,Home_Improvement,Investment,Withdrawn,,0,0.3720655347231283,48.45
1,899.0,595000,845000.0,70.224,36%-<43%,White,Refinance,Principal_Residence,Originated,1.0,1,0.5667363182797035,60.07
1,341.0,675000,975000.0,78.353,Unknown,Race Not Available,Home_Purchase,Second_Residence,Purchased,,0,0.46942314928309115,4.31
0,100.0,365000,375000.0,78.353,Unknown,White,Home_Purchase,Principal_Residence,Withdrawn,,0,0.3472046653781824,23.34
5,127.0,25000,375000.0,78.353,Unknown,White,Home_Improvement,Principal_Residence,Withdrawn,,0,0.3591589034975652,15.95
6,120.0,45000,355000.0,99.292,50%-60%,White,Other,Principal_Residence,Denied,0.0,0,0.43456021837957454,92.22
3,40.0,115000,295000.0,38.448,30%-<36%,White,Refinance,Principal_Residence,Originated,1.0,0,0.45226199836289005,32.08
1,1989.0,2495000,375000.0,78.353,Unknown,Race Not Available,Home_Purchase,Investment,Withdrawn,,1,0.6125172429305877,16.53
0,95.0,5000,225000.0,78.353,Unknown,Race Not Available,NotApplicable,Principal_Residence,Purchased,,0,0.37690376095451034,41.08
4,95.0,135000,375000.0,78.353,Unknown,Black or African American,Home_Purchase,Principal_Residence,Denied,0.0,0,0.384831727932293,53.37
0,74.0,195000,245000.0,80.0,30%-<36%,White,Home_Purchase,Principal_Residence,Originated,1.0,0,0.35845537519225773,8.32
6,60.0,245000,255000.0,96.5,50%-60%,White,Home_Purchase,Principal_Residence,Originated,1.0,2,0.5233260081979931,0.0
0,88.0,255000,375000.0,78.353,Unknown,Race Not Available,Home_Purchase,Principal_Residence,Withdrawn,,0,0.34698469117888886,23.29
2,95.0,265000,345000.0,80.0,Unknown,Race Not Available,Home_Purchase,Investment,Originated,1.0,1,0.446012580772309,26.39
3,95.0,195000,225000.0,89.11,Unknown,Black or African American,Refinance,Principal_Residence,Denied,0.0,0,0.3951285257368119,62.42
2,95.0,265000,505000.0,78.353,Unknown,Race Not Available,Other,Investment,Originated,1.0,2,0.591360259787907,0.0
0,64.0,275000,345000.0,80.0,30%-<36%,Black or African American,Home_Purchase,Principal_Residence,Originated,1.0,0,0.36525000743083774,66.25
0,152.0,645000,685000.0,95.0,36%-<43%,White,Home_Purchase,Principal_Residence,Originated,1.0,0,0.4054916239272069,34.77
0,84.0,285000,355000.0,80.0,36%-<43%,White,Home_Purchase,Principal_Residence,Approved_NotAccepted,,0,0.35085637610521037,20.41
0,63.0,225000,225000.0,97.0,36%-<43%,Race Not Available,Home_Purchase,Principal_Residence,Originated,1.0,0,0.38265320364272243,72.21
2,48.0,15000,375000.0,78.353,Exempt,Black or African American,Refinance,Investment,Originated,1.0,0,0.3766296236812108,40.17
0,61.0,455000,375000.0,78.353,Exempt,White,Home_Purchase,Principal_Residence,Originated,1.0,0,0.39796429585765913,19.28
6,16.0,15000,205000.0,42.927,>60%,Black or African American,Home_Improvement,Principal_Residence,Denied,0.0,0,0.5132124181819314,80.42
0,197.0,635000,635000.0,78.353,36%-<43%,Race Not Available,Home_Purchase,Principal_Residence,Originated,1.0,0,0.4211237649765934,5.23
0,0.0,455000,475000.0,95.0,36%-<43%,White,Home_Purchase,Principal_Residence,Originated,1.0,0,0.41597188382300315,42.86
5,125.0,95000,455000.0,88.09,43%-<50%,Black or African American,Other,Principal_Residence,Denied,0.0,0,0.4467356591939962,84.4
3,202.0,545000,375000.0,78.353,Unknown,White,CashOut_Refinance,Principal_Residence,Incomplete,,0,0.42166730887010456,41.85
2,307.0,195000,245000.0,80.99,Unknown,Asian,Home_Purchase,Investment,Originated,1.0,0,0.41195576848321036,26.39
3,47.0,95000,375000.0,78.353,Unknown,Race Not Available,CashOut_Refinance,Principal_Residence,Withdrawn,,0,0.41092677975012876,53.73
3,75.0,235000,315000.0,75.0,30%-<36%,White,CashOut_Refinance,Principal_Residence,Originated,1.0,0,0.3625807339984614,17.15
0,58.0,225000,235000.0,97.0,30%-<36%,White,Home_Purchase,Principal_Residence,Originated,1.0,0,0.3631062088950898,17.07
4,29.0,115000,375000.0,78.353,>60%,Race Not Available,Home_Purchase,Principal_Residence,Denied,0.0,0,0.4054682796523199,17.11
3,150.0,155000,325000.0,46.88,20%-<30%,Race Not Available,CashOut_Refinance,Principal_Residence,Originated,1.0,0,0.44387972400955666,17.64
0,93.0,335000,345000.0,101.964,43%-<50%,White,Home_Purchase,Principal_Residence,Originated,1.0,0,0.40394508503232446,68.45
0,250.0,645000,795000.0,82.025,36%-<43%,White,Home_Purchase,Principal_Residence,Originated,1.0,0,0.43328928776761677,21.66
0,95.0,765000,1165000.0,78.353,Unknown,Race Not Available,Home_Purchase,Principal_Residence,Purchased,,0,0.43357801882205405,17.96
5,264.0,355000,1385000.0,57.12,36%-<43%,White,CashOut_Refinance,Principal_Residence,Originated,1.0,2,0.4923787687652206,57.75
3,85.0,235000,435000.0,78.353,Unknown,White,CashOut_Refinance,Principal_Residence,Purchased,,0,0.3713198313308649,24.39
0,384.0,1305000,1625000.0,78.353,Unknown,Joint,Home_Purchase,Principal_Residence,Purchased,,2,0.602427147604066,87.61
0,160.0,655000,735000.0,90.0,36%-<43%,White,Home_Purchase,Principal_Residence,Denied,0.0,0,0.42093277698747145,61.73
4,44.0,95000,75000.0,125.714,50%-60%,Black or African American,Refinance,Principal_Residence,Denied,0.0,0,0.5473067862768446,98.61
0,36.0,215000,375000.0,78.353,Unknown,White,Home_Purchase,Principal_Residence,Withdrawn,,0,0.3634770618342092,45.73
3,120.0,185000,225000.0,80.0,20%-<30%,Race Not Available,CashOut_Refinance,Principal_Residence,Originated,1.0,0,0.3524935254318981,31.76
3,22.0,105000,375000.0,78.353,Unknown,Black or African American,CashOut_Refinance,Principal_Residence,Withdrawn,,0,0.37916982219877293,69.72
3,43.0,125000,755000.0,16.667,43%-<50%,White,Other,Principal_Residence,Originated,1.0,0,0.4744655071716152,58.19
3,95.0,95000,375000.0,78.353,Unknown,White,Refinance,Principal_Residence,Incomplete,,0,0.4076445794444968,12.45
0,81.0,265000,465000.0,57.44,30%-<36%,White,Home_Purchase,Principal_Residence,Originated,1.0,0,0.3888707846683947,16.28
5,287.0,505000,3175000.0,48.486,36%-<43%,White,Refinance,Principal_Residence,Denied,0.0,1,0.5716130689406297,14.94
3,51.0,105000,235000.0,44.703,30%-<36%,White,CashOut_Refinance,Principal_Residence,Originated,1.0,0,0.43662870953456495,4.37
5,98.0,105000,455000.0,77.82,36%-<43%,White,Other,Principal_Residence,Originated,1.0,0,0.3809434014024386,55.88
0,129.0,215000,245000.0,87.0,20%-<30%,White,Home_Purchase,Principal_Residence,Originated,1.0,0,0.36754642240174223,34.9
6,19.0,145000,215000.0,68.458,50%-60%,White,Refinance,Principal_Residence,Denied,0.0,0,0.3751985438318847,11.52
1,465.0,1045000,1315000.0,78.353,Unknown,Race Not Available,Home_Purchase,Principal_Residence,Purchased,,1,0.5158024236297578,56.88
3,182.0,295000,325000.0,90.0,43%-<50%,Black or African American,CashOut_Refinance,Principal_Residence,Originated,1.0,0,0.36966832887123047,33.57
5,85.0,75000,685000.0,59.8,43%-<50%,White,Home_Improvement,Principal_Residence,Approved_NotAccepted,,0,0.3867780377092228,16.19
0,39.0,105000,275000.0,37.04,43%-<50%,White,Home_Purchase,Principal_Residence,Originated,1.0,0,0.4210178133860265,14.17
3,54.0,205000,375000.0,78.353,Unknown,White,CashOut_Refinance,Principal_Residence,Withdrawn,,0,0.3643496719608718,17.26
0,95.0,255000,255000.0,78.353,Unknown,Race Not Available,Home_Purchase,Principal_Residence,Purchased,,0,0.35151814746771176,42.1
3,148.0,815000,1255000.0,65.0,43%-<50%,White,CashOut_Refinance,Principal_Residence,Originated,1.0,0,0.4488514141693787,10.76
3,144.0,385000,375000.0,78.353,Unknown,Asian,Refinance,Principal_Residence,Incomplete,,1,0.5000808957360844,38.6
3,102.0,205000,345000.0,59.0,20%-<30%,Joint,CashOut_Refinance,Principal_Residence,Originated,1.0,0,0.4072345570401258,54.8
5,56.0,125000,165000.0,78.32,43%-<50%,White,Refinance,Principal_Residence,Denied,0.0,0,0.37282624881679666,26.45
3,95.0,335000,515000.0,63.83,Unknown,White,Refinance,Principal_Residence,Denied,0.0,0,0.43044996498595106,78.82
0,72.0,535000,515000.0,100.0,43%-<50%,White,Home_Purchase,Principal_Residence,Originated,1.0,0,0.38729041051413954,25.71
1,625.0,1485000,1655000.0,89.99,<20%,White,Home_Purchase,Principal_Residence,Originated,1.0,1,0.5669129184678087,24.39
0,112.0,235000,375000.0,78.353,Unknown,White,Home_Purchase,Principal_Residence,Withdrawn,,0,0.3976379755928905,76.89
3,97.0,155000,215000.0,74.892,30%-<36%,White,CashOut_Refinance,Principal_Residence,Originated,1.0,0,0.3569119291105937,31.16
2,246.0,275000,365000.0,75.0,43%-<50%,Asian,CashOut_Refinance,Investment,Originated,1.0,0,0.38567897496868997,22.36
3,125.0,385000,525000.0,72.7,36%-<43%,Black or African American,CashOut_Refinance,Principal_Residence,Originated,1.0,0,0.4002660336824172,39.26
0,95.0,305000,315000.0,78.353,Unknown,Race Not Available,Home_Purchase,Principal_Residence,Purchased,,0,0.34602932687403437,25.24
5,76.0,75000,265000.0,83.964,20%-<30%,White,Other,Principal_Residence,Originated,1.0,0,0.38603130772830374,36.23
1,1773.0,225000,1465000.0,85.0,<20%,Race Not Available,Home_Improvement,Principal_Residence,Originated,1.0,2,0.6185281648540049,19.05
0,9.0,105000,375000.0,78.353,Unknown,Black or African American,Home_Purchase,Principal_Residence,Withdrawn,,1,0.5249959233814372,0.0
0,191.0,805000,1305000.0,61.53,36%-<43%,Race Not Available,Home_Purchase,Principal_Residence,Denied,0.0,0,0.45553236381951295,19.4
0,233.0,695000,375000.0,78.353,Unknown,White,Home_Purchase,Principal_Residence,Withdrawn,,0,0.410842196068162,27.95
0,173.0,565000,375000.0,78.353,Unknown,Asian,Home_Purchase,Principal_Residence,Preapproval_Approved_NotAccepted,,0,0.38365492155104114,33.37
0,149.0,235000,605000.0,38.42,20%-<30%,White,Home_Purchase,Principal_Residence,Originated,1.0,0,0.4280557180367827,5.59
3,143.0,325000,615000.0,52.459,36%-<43%,White,Refinance,Principal_Residence,Originated,1.0,0,0.3952623456407927,5.79
0,95.0,225000,225000.0,78.353,Unknown,Race Not Available,Home_Purchase,Principal_Residence,Purchased,,0,0.4107113781463857,46.65
3,82.0,275000,375000.0,78.353,Unknown,White,CashOut_Refinance,Principal_Residence,Incomplete,,0,0.40503162223847267,60.42
3,44.0,165000,215000.0,76.19,36%-<43%,White,CashOut_Refinance,Principal_Residence,Originated,1.0,0,0.36298342659776583,25.21
0,95.0,275000,345000.0,78.353,Unknown,Race Not Available,Home_Purchase,Principal_Residence,Purchased,,0,0.34410155649058605,18.66
3,70.0,235000,375000.0,78.353,Unknown,White,CashOut_Refinance,Principal_Residence,Withdrawn,,0,0.3431835140714307,28.1
0,73.0,355000,405000.0,87.5,43%-<50%,White,Home_Purchase,Principal_Residence,Preapproval_Denied,,1,0.5248244748365002,0.0
3,91.0,185000,235000.0,80.0,36%-<43%,White,CashOut_Refinance,Principal_Residence,Originated,1.0,0,0.3615229362073518,16.99
3,50.0,195000,275000.0,71.852,36%-<43%,White,CashOut_Refinance,Principal_Residence,Denied,0.0,0,0.3596745315784768,24.54
0,69.0,75000,375000.0,78.353,Unknown,White,Other,Principal_Residence,Incomplete,,0,0.39976118293457796,47.27
5,181.0,55000,615000.0,81.23,36%-<43%,Race Not Available,Other,Principal_Residence,Originated,1.0,0,0.38673841188631347,39.41
5,42.0,5000,95000.0,70.14,43%-<50%,Black or African American,Home_Improvement,Principal_Residence,Denied,0.0,0,0.43249025354891263,15.17
3,62.0,145000,375000.0,78.353,Unknown,Race Not Available,CashOut_Refinance,Principal_Residence,Incomplete,,0,0.3931206294505082,77.98
0,196.0,415000,525000.0,80.0,20%-<30%,White,Home_Purchase,Principal_Residence,Originated,1.0,0,0.3605634701598883,24.74
0,56.0,325000,335000.0,97.0,43%-<50%,White,Home_Purchase,Principal_Residence,Originated,1.0,0,0.3831525984962961,72.15
2,95.0,1805000,6005000.0,30.0,Unknown,Race Not Available,Refinance,Investment,Approved_NotAccepted,,4,0.7177116918889216,76.49
2,95.0,195000,205000.0,93.21,Unknown,White,Refinance,Investment,Originated,1.0,0,0.36290423997074506,50.3
3,137.0,555000,615000.0,89.99,36%-<43%,Black or African American,CashOut_Refinance,Principal_Residence,Approved_NotAccepted,,0,0.3773940401746094,14.58
3,185.0,285000,385000.0,75.0,<20%,White,Refinance,Principal_Residence,Originated,1.0,0,0.39404560136453104,9.88
5,150.0,155000,365000.0,42.0,Unknown,Asian,Home_Improvement,Principal_Residence,Denied,0.0,0,0.4573875456434654,17.88
0,95.0,135000,135000.0,78.353,Unknown,Race Not Available,Home_Purchase,Principal_Residence,Purchased,,0,0.3548459912457723,34.79
6,59.0,55000,415000.0,78.32,50%-60%,Black or African American,Other,Principal_Residence,Denied,0.0,0,0.3961415277583671,91.3
5,121.0,95000,375000.0,78.353,Unknown,Asian,Refinance,Principal_Residence,Withdrawn,,0,0.4119870677442383,42.37
5,56.0,55000,405000.0,44.0,20%-<30%,Race Not Available,CashOut_Refinance,Principal_Residence,Originated,1.0,0,0.41976445329372514,22.66
0,50.0,165000,175000.0,95.0,43%-<50%,White,Home_Purchase,Principal_Residence,Originated,1.0,0,0.37844852226491943,18.89
0,169.0,435000,575000.0,75.613,20%-<30%,White,Home_Purchase,Principal_Residence,Originated,1.0,0,0.37569224503944837,27.57
0,36.0,95000,135000.0,70.0,30%-<36%,White,Other,Principal_Residence,Originated,1.0,0,0.37818390712605177,22.67
3,95.0,95000,375000.0,78.353,Unknown,Race Not Available,Refinance,Principal_Residence,Originated,1.0,0,0.3736344937051052,31.33
0,40.0,165000,165000.0,96.479,43%-<50%,White,Home_Purchase,Principal_Residence,Originated,1.0,0,0.41044468312807386,81.74
2,245.0,295000,625000.0,46.4,<20%,Race Not Available,Home_Purchase,Investment,Originated,1.0,0,0.4306040911120022,20.84
3,154.0,105000,155000.0,66.667,<20%,White,CashOut_Refinance,Principal_Residence,Originated,1.0,0,0.42316919521168367,7.08
2,95.0,445000,375000.0,78.353,Unknown,Asian,Home_Purchase,Investment,Preapproval_Approved_NotAccepted,,0,0.36880475904173193,19.77
0,59.0,185000,185000.0,103.0,36%-<43%,White,Home_Purchase,Principal_Residence,Originated,1.0,0,0.388299432401105,10.75
0,105.0,365000,405000.0,90.0,36%-<43%,White,Home_Purchase,Principal_Residence,Originated,1.0,0,0.3856692781308745,35.86
0,51.0,75000,375000.0,78.353,Unknown,White,Home_Improvement,Principal_Residence,Withdrawn,,0,0.36504107727496193,12.73
6,48.0,25000,125000.0,17.55,50%-60%,White,Refinance,Principal_Residence,Denied,0.0,1,0.5028046608332051,53.69
0,47.0,165000,175000.0,95.0,43%-<50%,American Indian or Alaska Native,Home_Purchase,Principal_Residence,Originated,1.0,0,0.3643777421838968,40.38
0,78.0,445000,375000.0,78.353,Exempt,White,Home_Purchase,Principal_Residence,Originated,1.0,0,0.353832608489212,11.13
3,68.0,145000,375000.0,78.353,Unknown,Asian,CashOut_Refinance,Principal_Residence,Withdrawn,,0,0.42691339934255956,8.92
5,225.0,35000,305000.0,90.0,<20%,Race Not Available,Home_Improvement,Principal_Residence,Originated,1.0,0,0.3762133537598594,24.65
0,95.0,155000,155000.0,78.353,Unknown,Race Not Available,Home_Purchase,Principal_Residence,Purchased,,0,0.3896284027241125,75.87
6,15.0,55000,375000.0,13.192,>60%,White,Other,Principal_Residence,Denied,0.0,0,0.47043948325753215,5.74
3,55.0,385000,475000.0,80.0,43%-<50%,White,CashOut_Refinance,Principal_Residence,Originated,1.0,0,0.3690494648399736,67.94
4,46.0,175000,185000.0,100.944,43%-<50%,White,Home_Purchase,Principal_Residence,Originated,1.0,0,0.4290856871333379,90.57
5,211.0,105000,375000.0,78.353,Exempt,White,Home_Improvement,Principal_Residence,Originated,1.0,0,0.39149932051865755,66.42
5,81.0,55000,575000.0,63.779,36%-<43%,Race Not Available,Other,Principal_Residence,Originated,1.0,0,0.3774136930649108,41.14
0,83.0,375000,395000.0,97.0,30%-<36%,Race Not Available,Home_Purchase,Principal_Residence,Originated,1.0,0,0.4028478091682558,90.0
0,104.0,245000,375000.0,78.353,Unknown,White,Home_Purchase,Principal_Residence,Preapproval_Approved_NotAccepted,,1,0.5124496128260723,0.0
3,49.0,275000,355000.0,76.771,43%-<50%,Race Not Available,CashOut_Refinance,Principal_Residence,Originated,1.0,0,0.3615164492686176,9.7
3,117.0,215000,285000.0,75.0,20%-<30%,White,CashOut_Refinance,Second_Residence,Originated,1.0,0,0.36985411405391094,7.9
3,86.0,255000,1675000.0,14.9254,36%-<43%,White,Refinance,Principal_Residence,Originated,1.0,2,0.5708041195543408,55.27
3,102.0,485000,995000.0,48.6,43%-<50%,White,CashOut_Refinance,Principal_Residence,Originated,1.0,0,0.4216895673460134,25.94
0,0.0,105000,165000.0,60.606,<20%,White,Home_Improvement,Principal_Residence,Denied,0.0,0,0.473332680162923,5.46
1,510.0,505000,3175000.0,54.596,20%-<30%,White,Refinance,Principal_Residence,Originated,1.0,1,0.5689590305670655,8.09
0,77.0,275000,555000.0,48.825,43%-<50%,White,Home_Purchase,Principal_Residence,Originated,1.0,0,0.3949782942613972,18.26
0,215.0,285000,355000.0,80.0,30%-<36%,White,Home_Purchase,Principal_Residence,Originated,1.0,0,0.46138014252624077,30.76
6,74.0,245000,365000.0,66.7,50%-60%,White,CashOut_Refinance,Principal_Residence,Originated,1.0,0,0.40339666096347565,76.58
3,129.0,405000,855000.0,78.353,Unknown,Race Not Available,Refinance,Principal_Residence,Purchased,,0,0.40254730930609217,19.15
6,28.0,55000,155000.0,32.28,>60%,White,Home_Improvement,Principal_Residence,Denied,0.0,0,0.44198185810267565,56.96
0,60.0,235000,295000.0,80.0,30%-<36%,White,Home_Purchase,Principal_Residence,Originated,1.0,0,0.37615519028774097,80.32
0,95.0,155000,185000.0,78.353,Unknown,Race Not Available,NotApplicable,Principal_Residence,Purchased,,0,0.3524852522997161,28.26
1,271.0,1125000,1405000.0,80.0,36%-<43%,Asian,Home_Purchase,Principal_Residence,Originated,1.0,1,0.5140551754371011,35.66
3,42.0,35000,205000.0,17.06,20%-<30%,White,Other,Principal_Residence,Originated,1.0,0,0.5070326716756569,85.85
5,378.0,505000,1675000.0,73.1,43%-<50%,White,Home_Purchase,Principal_Residence,Originated,1.0,2,0.5365610088307506,59.32
3,97.0,275000,755000.0,36.66,30%-<36%,White,CashOut_Refinance,Principal_Residence,Originated,1.0,0,0.4399678920454641,22.74
5,44.0,25000,295000.0,44.963,43%-<50%,White,Other,Principal_Residence,Originated,1.0,0,0.4162999385637906,9.16
0,100.0,525000,675000.0,78.353,Unknown,White,Home_Purchase,Principal_Residence,Purchased,,0,0.38327157173729315,21.59
6,138.0,515000,985000.0,52.55,>60%,Asian,CashOut_Refinance,Principal_Residence,Denied,0.0,2,0.5290104357988441,89.2
1,1500.0,4025000,375000.0,78.353,Unknown,White,Home_Purchase,Principal_Residence,Incomplete,,3,0.6336162815759261,34.13
0,95.0,395000,405000.0,78.353,Unknown,Race Not Available,Home_Purchase,Principal_Residence,Purchased,,0,0.3570471785083689,43.37
3,95.0,195000,375000.0,78.353,Unknown,White,Refinance,Principal_Residence,Incomplete,,0,0.39495468470294254,92.81
0,71.0,215000,365000.0,60.02,30%-<36%,Race Not Available,Home_Purchase,Principal_Residence,Originated,1.0,0,0.39195893712528945,67.19
0,140.0,455000,375000.0,78.353,Unknown,White,Home_Purchase,Principal_Residence,Withdrawn,,0,0.360097672636493,9.35
2,131.0,155000,275000.0,54.54,36%-<43%,Race Not Available,Refinance,Investment,Originated,1.0,0,0.48510150498586635,96.25
0,59.0,245000,255000.0,78.353,Unknown,Race Not Available,Home_Purchase,Principal_Residence,Purchased,,0,0.4094508282569499,96.53
3,116.0,65000,245000.0,27.213,30%-<36%,White,Refinance,Principal_Residence,Originated,1.0,0,0.4933737834830041,8.23
0,8.0,75000,125000.0,65.68,Unknown,Black or African American,Home_Purchase,Principal_Residence,Denied,0.0,0,0.3983494876006487,57.67
4,34.0,145000,135000.0,100.86,50%-60%,White,Home_Purchase,Principal_Residence,Denied,0.0,0,0.4443220370869031,7.27
0,59.0,175000,165000.0,78.353,30%-<36%,White,Home_Purchase,Principal_Residence,Originated,1.0,0,0.3859444688662938,23.75
3,200.0,615000,1025000.0,59.971,20%-<30%,Asian,Refinance,Principal_Residence,Originated,1.0,0,0.4962917844639776,85.82
0,131.0,785000,825000.0,94.667,43%-<50%,White,Home_Purchase,Principal_Residence,Originated,1.0,1,0.4954458065155429,78.77
5,49.0,5000,375000.0,78.353,Unknown,White,Home_Purchase,Principal_Residence,Withdrawn,,0,0.4062152327959661,91.59
2,95.0,425000,625000.0,94.24,Unknown,Race Not Available,Home_Purchase,Investment,Originated,1.0,1,0.5480601134833191,96.56
0,84.0,175000,185000.0,97.74,30%-<36%,White,Home_Purchase,Principal_Residence,Originated,1.0,0,0.396549941652653,45.94
5,72.0,25000,325000.0,73.868,36%-<43%,White,Home_Improvement,Principal_Residence,Originated,1.0,0,0.3855281371641013,8.4
0,86.0,185000,505000.0,36.0,20%-<30%,White,Home_Improvement,Principal_Residence,Originated,1.0,0,0.44271148244301295,38.66
0,38.0,75000,145000.0,55.0,20%-<30%,White,Home_Improvement,Principal_Residence,Originated,1.0,0,0.4001269102876394,23.75
6,46.0,65000,375000.0,78.353,50%-60%,White,Refinance,Principal_Residence,Approved_NotAccepted,,0,0.40388078685928674,13.77
4,95.0,35000,375000.0,78.353,Unknown,Race Not Available,NotApplicable,Principal_Residence,Purchased,,0,0.47708735594115587,86.67
0,260.0,375000,505000.0,75.0,36%-<43%,White,Home_Purchase,Principal_Residence,Approved_NotAccepted,,0,0.40321364240086677,81.93
5,304.0,115000,675000.0,89.92,<20%,White,Home_Improvement,Principal_Residence,Originated,1.0,0,0.4365956892607347,14.28
5,60.0,125000,195000.0,61.856,20%-<30%,White,Other,Principal_Residence,Denied,0.0,0,0.4884446263074319,93.55
3,149.0,195000,235000.0,80.0,20%-<30%,White,CashOut_Refinance,Principal_Residence,Originated,1.0,0,0.3968861306978063,17.74
3,80.0,335000,375000.0,78.353,Unknown,White,CashOut_Refinance,Principal_Residence,Withdrawn,,0,0.3705547850487694,25.41
5,53.0,45000,245000.0,60.035,30%-<36%,Race Not Available,Home_Improvement,Principal_Residence,Originated,1.0,0,0.41553851750581305,21.56
5,135.0,65000,375000.0,78.353,Unknown,Race Not Available,Home_Improvement,Principal_Residence,Withdrawn,,0,0.4284110567157299,29.22
0,36.0,165000,165000.0,96.5,43%-<50%,White,Home_Purchase,Principal_Residence,Originated,1.0,0,0.4369517368171493,89.18
5,77.0,35000,455000.0,75.053,43%-<50%,White,Other,Principal_Residence,Originated,1.0,0,0.3929977029792468,9.06
3,78.0,195000,755000.0,25.76,36%-<43%,White,CashOut_Refinance,Principal_Residence,Originated,1.0,0,0.44282669939042946,4.69
4,55.0,135000,375000.0,78.353,Unknown,White,Home_Purchase,Principal_Residence,Incomplete,,0,0.4832674275705217,0.0
3,95.0,135000,225000.0,78.353,Unknown,Race Not Available,CashOut_Refinance,Principal_Residence,Purchased,,0,0.3727556094593761,22.67
6,108.0,325000,325000.0,98.19,50%-60%,White,Home_Purchase,Principal_Residence,Denied,0.0,0,0.4075965454144049,91.93
0,38.0,115000,205000.0,58.0,36%-<43%,Black or African American,Home_Improvement,Principal_Residence,Denied,0.0,0,0.38875626382521805,66.05
2,157.0,305000,375000.0,78.353,Unknown,Joint,Home_Purchase,Investment,Withdrawn,,0,0.3606356018191188,36.07
3,263.0,265000,315000.0,86.516,<20%,White,Refinance,Principal_Residence,Originated,1.0,0,0.46452580905118757,58.69
1,596.0,165000,555000.0,96.761,<20%,Black or African American,CashOut_Refinance,Principal_Residence,Denied,0.0,0,0.4694034942451519,72.34
6,134.0,505000,1105000.0,45.455,50%-60%,White,Other,Principal_Residence,Originated,1.0,1,0.5457375864909625,21.06
0,186.0,695000,775000.0,90.0,36%-<43%,2 or more minority races,Home_Purchase,Principal_Residence,Originated,1.0,0,0.45566847013745115,40.34
5,240.0,175000,625000.0,89.608,36%-<43%,Race Not Available,Home_Improvement,Principal_Residence,Denied,0.0,0,0.4783456433306736,91.41
0,112.0,355000,445000.0,80.0,30%-<36%,White,Home_Purchase,Principal_Residence,Originated,1.0,0,0.40543053106292726,58.85
0,79.0,345000,345000.0,96.5,43%-<50%,White,Home_Purchase,Principal_Residence,Originated,1.0,0,0.368907583769861,38.19
4,96.0,255000,255000.0,96.5,36%-<43%,White,Home_Purchase,Principal_Residence,Originated,1.0,0,0.3810494673796886,22.64
2,79.0,295000,425000.0,70.0,43%-<50%,White,Other,Investment,Originated,1.0,0,0.35148058956399975,15.66
1,875.0,1795000,2245000.0,80.0,20%-<30%,White,Home_Purchase,Principal_Residence,Originated,1.0,3,0.6499567592556402,16.21
0,44.0,175000,215000.0,85.0,43%-<50%,White,Home_Purchase,Principal_Residence,Originated,1.0,0,0.3613474388283366,19.7
6,288.0,1285000,1605000.0,80.0,50%-60%,White,Home_Purchase,Principal_Residence,Originated,1.0,1,0.5094312973375714,22.29
5,286.0,175000,835000.0,80.4,20%-<30%,Race Not Available,Home_Improvement,Principal_Residence,Originated,1.0,1,0.4727525116600869,19.32
0,35.0,85000,75000.0,117.786,36%-<43%,White,Home_Purchase,Principal_Residence,Denied,0.0,0,0.43302096340386104,59.57
3,51.0,225000,355000.0,64.773,20%-<30%,White,CashOut_Refinance,Second_Residence,Originated,1.0,0,0.3684617564608843,48.12
5,130.0,25000,605000.0,67.281,30%-<36%,Race Not Available,Home_Improvement,Principal_Residence,Originated,1.0,0,0.4454183148576438,14.92
1,354.0,155000,805000.0,18.71,<20%,White,Home_Improvement,Principal_Residence,Originated,1.0,1,0.4894490281973668,10.72
4,46.0,125000,205000.0,63.75,20%-<30%,White,Home_Purchase,Principal_Residence,Originated,1.0,0,0.3837584710817229,5.49
0,66.0,345000,375000.0,80.0,36%-<43%,Asian,Home_Purchase,Principal_Residence,Preapproval_Approved_NotAccepted,,1,0.517109855834505,0.0
2,185.0,265000,405000.0,65.0,43%-<50%,Race Not Available,Refinance,Investment,Originated,1.0,0,0.44354753844966577,83.34
3,63.0,185000,305000.0,60.0,43%-<50%,Race Not Available,Refinance,Principal_Residence,Approved_NotAccepted,,0,0.36693550403137337,9.21
0,114.0,315000,375000.0,78.353,Unknown,Asian,Home_Purchase,Principal_Residence,Withdrawn,,0,0.40798874659392126,15.24
0,95.0,385000,375000.0,78.353,Unknown,Asian,Home_Purchase,Principal_Residence,Withdrawn,,0,0.3584101299952767,42.37
3,58.0,155000,205000.0,74.0,36%-<43%,Race Not Available,CashOut_Refinance,Principal_Residence,Originated,1.0,0,0.36645561071837285,26.15
0,89.0,375000,465000.0,80.0,30%-<36%,Asian,Home_Purchase,Principal_Residence,Originated,1.0,0,0.40059137211041695,57.77
5,95.0,205000,555000.0,68.478,30%-<36%,White,Refinance,Principal_Residence,Originated,1.0,0,0.3595371653422729,19.09
0,68.0,415000,695000.0,61.0,43%-<50%,Asian,Home_Purchase,Principal_Residence,Originated,1.0,0,0.4216034165583603,43.61
0,105.0,365000,375000.0,78.353,Unknown,Race Not Available,Home_Purchase,Principal_Residence,Withdrawn,,0,0.3523733177386435,44.0
3,207.0,645000,835000.0,76.647,43%-<50%,Race Not Available,CashOut_Refinance,Principal_Residence,Originated,1.0,2,0.5274969701307327,35.86
0,180.0,235000,375000.0,78.353,Unknown,Black or African American,Home_Purchase,Principal_Residence,Withdrawn,,0,0.4062615829417837,82.62
3,8.0,395000,375000.0,78.353,Unknown,Black or African American,CashOut_Refinance,Principal_Residence,Withdrawn,,0,0.3853018414219779,43.03
0,200.0,245000,415000.0,58.323,20%-<30%,White,Home_Purchase,Principal_Residence,Originated,1.0,0,0.3848334734410595,14.94
0,180.0,505000,635000.0,80.0,43%-<50%,Race Not Available,Home_Purchase,Principal_Residence,Originated,1.0,0,0.37863398735756876,15.96
6,66.0,55000,395000.0,70.73,50%-60%,Race Not Available,Other,Principal_Residence,Originated,1.0,0,0.38235393016788377,44.19
5,48.0,5000,125000.0,78.353,Unknown,Black or African American,Home_Purchase,Principal_Residence,Purchased,,0,0.5010819434712676,93.19
0,118.0,265000,275000.0,95.0,30%-<36%,Race Not Available,Home_Purchase,Principal_Residence,Originated,1.0,0,0.3845881057948247,4.3
1,590.0,775000,865000.0,89.9,30%-<36%,Joint,Home_Purchase,Second_Residence,Originated,1.0,1,0.5069326447225029,6.76
4,90.0,375000,385000.0,78.353,43%-<50%,White,Home_Purchase,Principal_Residence,Originated,1.0,0,0.3702823278931631,19.23
3,95.0,285000,665000.0,78.353,Unknown,Race Not Available,Refinance,Principal_Residence,Purchased,,0,0.4152325646694239,11.09
0,95.0,45000,65000.0,78.353,Unknown,Race Not Available,NotApplicable,Principal_Residence,Purchased,,0,0.36927313494050995,50.71
3,192.0,225000,275000.0,80.0,30%-<36%,White,CashOut_Refinance,Principal_Residence,Originated,1.0,0,0.35841862240706135,19.24
0,175.0,395000,405000.0,97.0,20%-<30%,White,Home_Purchase,Principal_Residence,Originated,1.0,0,0.4010446420352715,67.77
0,80.0,265000,285000.0,92.857,20%-<30%,White,Home_Purchase,Principal_Residence,Originated,1.0,0,0.3649020633793613,17.37
4,29.0,75000,75000.0,78.353,>60%,White,Home_Purchase,Principal_Residence,Denied,0.0,0,0.42420937284609966,70.19
5,192.0,35000,275000.0,85.882,20%-<30%,White,Other,Principal_Residence,Originated,1.0,0,0.38281401055202674,14.77
1,330.0,395000,495000.0,78.353,Unknown,White,Home_Purchase,Principal_Residence,Purchased,,0,0.39317003682831847,40.67
0,51.0,115000,125000.0,97.0,36%-<43%,White,Home_Purchase,Principal_Residence,Preapproval_Denied,,2,0.529763492900182,0.0
3,121.0,525000,375000.0,78.353,Unknown,White,Refinance,Principal_Residence,Withdrawn,,0,0.3837872902686685,9.55
3,46.0,165000,375000.0,78.353,Unknown,White,Refinance,Principal_Residence,Incomplete,,0,0.4045164628947553,42.02
0,95.0,215000,215000.0,78.353,Unknown,Race Not Available,Home_Purchase,Principal_Residence,Purchased,,0,0.36788422882416,19.54
6,122.0,215000,205000.0,100.0,>60%,White,Home_Purchase,Principal_Residence,Originated,1.0,0,0.3783322818038136,11.85
5,71.0,55000,305000.0,55.52,36%-<43%,Race Not Available,Other,Principal_Residence,Denied,0.0,0,0.39504457444232877,79.16
6,111.0,55000,625000.0,72.16,50%-60%,Race Not Available,Home_Improvement,Principal_Residence,Originated,1.0,0,0.43280484002842196,83.77
3,97.0,495000,375000.0,78.353,Unknown,Race Not Available,CashOut_Refinance,Principal_Residence,Incomplete,,0,0.3905393912089168,17.06
2,95.0,5675000,39355000.0,14.41,Unknown,Race Not Available,Home_Purchase,Investment,Originated,1.0,3,0.7477803368892982,90.44
5,231.0,155000,855000.0,79.71,36%-<43%,White,Home_Improvement,Principal_Residence,Originated,1.0,0,0.39655155855012136,12.79
3,269.0,665000,1205000.0,55.17,<20%,Asian,Refinance,Principal_Residence,Originated,1.0,1,0.5008054978403085,43.41
0,59.0,125000,225000.0,53.54,43%-<50%,Race Not Available,Home_Purchase,Principal_Residence,Originated,1.0,0,0.37587539099580763,18.78
0,67.0,215000,225000.0,97.0,43%-<50%,Black or African American,Home_Purchase,Principal_Residence,Originated,1.0,0,0.44509233258364456,95.0
6,31.0,365000,455000.0,79.83,>60%,White,Home_Improvement,Principal_Residence,Denied,0.0,0,0.42161443808163884,8.78
4,50.0,115000,115000.0,78.353,20%-<30%,White,Home_Purchase,Principal_Residence,Originated,1.0,0,0.37905859703175143,13.67
0,95.0,165000,165000.0,78.353,Unknown,Race Not Available,Home_Purchase,Principal_Residence,Purchased,,0,0.3617301822174404,49.43
5,54.0,25000,175000.0,87.145,43%-<50%,Black or African American,Home_Improvement,Principal_Residence,Denied,0.0,0,0.4386466193441437,90.33
0,180.0,465000,375000.0,78.353,Unknown,Black or African American,Home_Purchase,Principal_Residence,Withdrawn,,0,0.3728254087566291,13.33
0,101.0,345000,355000.0,97.0,30%-<36%,Asian,Home_Purchase,Principal_Residence,Originated,1.0,0,0.3906493552667715,35.43
3,135.0,135000,225000.0,62.727,20%-<30%,White,Refinance,Principal_Residence,Originated,1.0,0,0.4301964143061996,37.97
6,79.0,355000,365000.0,96.5,50%-60%,Black or African American,Home_Purchase,Principal_Residence,Originated,1.0,0,0.36024836419378137,40.21
3,45.0,95000,125000.0,80.0,43%-<50%,White,CashOut_Refinance,Principal_Residence,Originated,1.0,0,0.37086461119400865,14.53
3,46.0,235000,375000.0,78.353,Unknown,White,CashOut_Refinance,Principal_Residence,Withdrawn,,0,0.37405906458468724,23.2
0,162.0,595000,745000.0,80.0,43%-<50%,White,Home_Purchase,Principal_Residence,Originated,1.0,0,0.3808394553130105,27.28
5,100.0,35000,455000.0,56.59,43%-<50%,Race Not Available,Other,Principal_Residence,Denied,0.0,0,0.48424044264071336,56.27
0,129.0,295000,375000.0,78.353,Unknown,White,Home_Purchase,Principal_Residence,Withdrawn,,0,0.3453103008080985,35.74
0,155.0,265000,275000.0,78.353,Unknown,White,Home_Purchase,Principal_Residence,Purchased,,0,0.3744133867565603,53.23
3,95.0,435000,585000.0,75.0,36%-<43%,Asian,CashOut_Refinance,Principal_Residence,Denied,0.0,0,0.41057113799116446,47.44
5,115.0,95000,465000.0,93.31,36%-<43%,White,Other,Principal_Residence,Denied,0.0,0,0.39573336311911195,33.75
0,105.0,355000,525000.0,67.0,36%-<43%,White,Home_Purchase,Principal_Residence,Originated,1.0,0,0.3824750937003556,11.66
6,43.0,205000,265000.0,75.47,>60%,Black or African American,Refinance,Principal_Residence,Denied,0.0,0,0.37092065635075305,57.88
3,40.0,175000,275000.0,63.889,36%-<43%,White,CashOut_Refinance,Principal_Residence,Originated,1.0,0,0.36853936576701984,21.86
3,48.0,75000,445000.0,18.0,20%-<30%,White,Home_Improvement,Principal_Residence,Originated,1.0,2,0.5603711432066204,48.78
5,81.0,15000,495000.0,43.97,36%-<43%,White,Other,Principal_Residence,Denied,0.0,1,0.5025957192532177,10.57
2,83.0,255000,345000.0,75.0,43%-<50%,Black or African American,Home_Purchase,Investment,Originated,1.0,0,0.37310485924257747,83.88
3,135.0,145000,175000.0,84.63,20%-<30%,White,Refinance,Principal_Residence,Denied,0.0,0,0.36537324136875127,7.97
0,95.0,215000,235000.0,78.353,Unknown,Race Not Available,NotApplicable,Principal_Residence,Purchased,,0,0.3545152606872093,16.9
5,158.0,65000,375000.0,89.81,20%-<30%,Race Not Available,Other,Principal_Residence,Originated,1.0,0,0.4261544223830153,9.16
0,125.0,575000,635000.0,90.0,43%-<50%,Asian,Home_Purchase,Principal_Residence,Originated,1.0,0,0.3990744265814639,12.53
0,96.0,465000,375000.0,78.353,Unknown,White,Home_Purchase,Principal_Residence,Withdrawn,,0,0.3759174847979242,39.34
1,564.0,545000,675000.0,80.0,36%-<43%,White,Home_Purchase,Second_Residence,Approved_NotAccepted,,0,0.5118715255848374,34.17
4,79.0,395000,375000.0,78.353,Unknown,Race Not Available,Home_Purchase,Principal_Residence,Withdrawn,,0,0.37487111791469746,20.98
3,122.0,285000,365000.0,78.08,43%-<50%,White,CashOut_Refinance,Principal_Residence,Originated,1.0,0,0.3688449188700844,16.89
0,28.0,85000,95000.0,78.353,20%-<30%,White,Home_Purchase,Principal_Residence,Originated,1.0,0,0.49695261439256316,99.5
3,285.0,335000,485000.0,70.0,20%-<30%,White,Refinance,Principal_Residence,Originated,1.0,0,0.4770489738082646,53.71
3,118.0,225000,335000.0,78.353,Unknown,Race Not Available,CashOut_Refinance,Principal_Residence,Purchased,,0,0.35181620495465654,46.3
0,92.0,395000,495000.0,80.0,43%-<50%,White,Home_Purchase,Principal_Residence,Originated,1.0,0,0.36487781777005657,12.76
2,159.0,465000,375000.0,78.353,Unknown,White,CashOut_Refinance,Investment,Withdrawn,,0,0.4038882531807911,94.77
0,259.0,505000,375000.0,78.353,Unknown,White,Home_Purchase,Principal_Residence,Withdrawn,,0,0.4387267701705825,90.57
0,142.0,105000,225000.0,44.44,30%-<36%,Race Not Available,Home_Improvement,Second_Residence,Denied,0.0,0,0.40491586878198754,27.95
0,150.0,495000,685000.0,72.059,20%-<30%,Race Not Available,Home_Purchase,Principal_Residence,Originated,1.0,0,0.37818019334725234,9.51
3,84.0,135000,605000.0,23.0,30%-<36%,White,Refinance,Principal_Residence,Originated,1.0,0,0.4291571093856277,41.01
0,21.0,195000,385000.0,78.353,Unknown,White,Other,Principal_Residence,Approved_NotAccepted,,0,0.3549104404423296,46.69
0,220.0,635000,665000.0,95.0,43%-<50%,Joint,Home_Purchase,Principal_Residence,Originated,1.0,0,0.4058864147061713,25.53
5,82.0,95000,615000.0,59.11,43%-<50%,White,Home_Improvement,Principal_Residence,Originated,1.0,1,0.47236280399500524,20.54
0,95.0,205000,235000.0,78.353,Unknown,Race Not Available,Home_Purchase,Principal_Residence,Purchased,,0,0.36537642270262494,11.66
6,142.0,395000,405000.0,96.5,50%-60%,White,Home_Purchase,Principal_Residence,Originated,1.0,0,0.3875746442891926,48.98
4,95.0,365000,375000.0,78.353,Unknown,Race Not Available,Home_Purchase,Principal_Residence,Purchased,,0,0.3439941637894198,35.75
5,101.0,75000,485000.0,82.42,43%-<50%,White,Home_Improvement,Principal_Residence,Denied,0.0,0,0.4143174611098665,21.64
0,128.0,365000,375000.0,78.353,Unknown,American Indian or Alaska Native,Home_Purchase,Principal_Residence,Withdrawn,,0,0.35509769722740653,7.19
3,75.0,135000,165000.0,80.0,43%-<50%,White,CashOut_Refinance,Principal_Residence,Denied,0.0,0,0.36303397900497103,18.86
3,55.0,195000,375000.0,78.353,Unknown,Race Not Available,CashOut_Refinance,Principal_Residence,Withdrawn,,0,0.3778155438616794,86.23
3,89.0,115000,375000.0,78.353,Unknown,White,CashOut_Refinance,Principal_Residence,Incomplete,,0,0.3476618174418444,26.79
3,124.0,595000,995000.0,60.0,43%-<50%,Race Not Available,CashOut_Refinance,Principal_Residence,Originated,1.0,0,0.4606626558550547,57.83
3,275.0,105000,315000.0,32.258,<20%,White,Refinance,Principal_Residence,Originated,1.0,0,0.43448213001410285,16.57
5,50.0,75000,355000.0,31.87,36%-<43%,Asian,Other,Principal_Residence,Originated,1.0,0,0.45687142952126536,87.98
5,224.0,255000,665000.0,45.78,30%-<36%,Race Not Available,Other,Principal_Residence,Originated,1.0,0,0.4661039125566112,18.33
2,126.0,225000,305000.0,75.0,43%-<50%,Black or African American,Home_Purchase,Investment,Originated,1.0,0,0.35906465958289857,43.51
0,182.0,805000,1195000.0,67.23,36%-<43%,Race Not Available,Other,Principal_Residence,Originated,1.0,0,0.44489920811033484,33.2
4,47.0,165000,375000.0,78.353,Unknown,White,Home_Purchase,Principal_Residence,Withdrawn,,0,0.36178001866591436,6.64
0,155.0,515000,645000.0,80.0,30%-<36%,Race Not Available,Home_Purchase,Principal_Residence,Originated,1.0,0,0.37640716825482534,21.09
0,120.0,455000,505000.0,90.0,30%-<36%,Asian,Home_Purchase,Principal_Residence,Originated,1.0,0,0.37962610782630846,60.5
0,152.0,445000,555000.0,80.0,30%-<36%,White,Home_Purchase,Principal_Residence,Originated,1.0,0,0.36169107758819496,48.09
3,33.0,55000,215000.0,23.66,36%-<43%,Race Not Available,Other,Principal_Residence,Denied,0.0,0,0.475298539397836,87.88
0,36.0,55000,375000.0,78.353,Unknown,Black or African American,Home_Improvement,Principal_Residence,Incomplete,,0,0.4857095168589205,63.9
3,240.0,125000,375000.0,78.353,Unknown,White,Refinance,Principal_Residence,Incomplete,,0,0.4447171947346376,30.96
3,78.0,385000,545000.0,69.725,43%-<50%,White,Refinance,Principal_Residence,Originated,1.0,0,0.45516077867802707,80.97
3,120.0,145000,375000.0,78.353,Unknown,White,Refinance,Principal_Residence,Incomplete,,0,0.3833809780781151,29.98
5,78.0,165000,525000.0,76.645,43%-<50%,White,Refinance,Principal_Residence,Denied,0.0,0,0.3652685030743065,11.78
3,89.0,435000,865000.0,51.0,43%-<50%,Black or African American,CashOut_Refinance,Principal_Residence,Originated,1.0,1,0.5142915312647789,98.42
3,84.0,225000,345000.0,64.0,43%-<50%,White,CashOut_Refinance,Principal_Residence,Originated,1.0,0,0.42689632010182366,86.1
0,131.0,555000,375000.0,78.353,Unknown,Black or African American,Home_Purchase,Principal_Residence,Withdrawn,,0,0.4225895723925511,98.44
2,95.0,125000,365000.0,35.214,Unknown,White,Refinance,Investment,Denied,0.0,0,0.3999625399245655,16.82
5,83.0,205000,375000.0,78.353,Unknown,White,Other,Principal_Residence,Withdrawn,,0,0.4321283402903397,18.86
6,93.0,75000,675000.0,61.63,50%-60%,White,CashOut_Refinance,Principal_Residence,Denied,0.0,0,0.41118979246795556,6.78
0,66.0,275000,475000.0,56.765,43%-<50%,Asian,Home_Purchase,Second_Residence,Originated,1.0,0,0.3816920334217213,65.83
3,150.0,645000,375000.0,78.353,Unknown,Race Not Available,CashOut_Refinance,Principal_Residence,Withdrawn,,0,0.3727177476884396,28.44
0,56.0,175000,175000.0,97.0,36%-<43%,White,Home_Purchase,Principal_Residence,Originated,1.0,0,0.36526147282876253,30.09
6,398.0,905000,1125000.0,80.0,>60%,Race Not Available,Home_Purchase,Second_Residence,Denied,0.0,1,0.4656634486708101,27.54
0,95.0,685000,725000.0,78.353,Unknown,Race Not Available,Home_Purchase,Principal_Residence,Purchased,,0,0.45685968417377565,66.39
1,2440.0,105000,605000.0,80.03,<20%,Race Not Available,Other,Principal_Residence,Denied,0.0,0,0.5272228825634494,76.58
3,180.0,405000,375000.0,78.353,Unknown,Race Not Available,Refinance,Principal_Residence,Withdrawn,,1,0.45762269988120524,17.3
0,168.0,645000,1155000.0,56.0,43%-<50%,White,Home_Purchase,Principal_Residence,Originated,1.0,0,0.4526039244885825,62.55
3,99.0,135000,375000.0,78.353,Unknown,Race Not Available,Refinance,Principal_Residence,Incomplete,,0,0.3906232134638319,13.38
0,112.0,455000,555000.0,83.0,43%-<50%,White,Home_Purchase,Principal_Residence,Originated,1.0,0,0.3660605371280411,16.33
0,72.0,275000,295000.0,78.353,36%-<43%,Black or African American,Home_Purchase,Principal_Residence,Originated,1.0,0,0.3446567718367248,30.63
3,95.0,345000,435000.0,78.619,36%-<43%,White,CashOut_Refinance,Principal_Residence,Originated,1.0,0,0.4054732064592793,16.3
6,43.0,185000,195000.0,96.5,50%-60%,White,Home_Purchase,Principal_Residence,Originated,1.0,0,0.37380244348093455,50.21
3,104.0,55000,375000.0,78.353,Exempt,White,Refinance,Principal_Residence,Originated,1.0,0,0.3731727198434418,3.84
0,35.0,185000,375000.0,78.353,Unknown,Asian,Home_Purchase,Principal_Residence,Withdrawn,,1,0.5179192642859162,0.0
3,72.0,65000,125000.0,50.0,20%-<30%,White,CashOut_Refinance,Principal_Residence,Denied,0.0,0,0.4462523169745532,18.35
5,160.0,65000,405000.0,75.343,36%-<43%,White,Other,Principal_Residence,Originated,1.0,0,0.4046506924299368,29.58
2,95.0,285000,455000.0,78.353,Unknown,Race Not Available,Refinance,Investment,Purchased,,0,0.37956921129091914,87.22
5,51.0,55000,375000.0,78.353,Unknown,White,Other,Principal_Residence,Withdrawn,,0,0.42408195108058966,64.61
0,131.0,505000,715000.0,70.03,36%-<43%,Race Not Available,Home_Improvement,Principal_Residence,Originated,1.0,0,0.37937865993055336,35.49
6,204.0,635000,625000.0,100.0,50%-60%,White,Home_Purchase,Principal_Residence,Originated,1.0,0,0.4828040711630622,38.61
3,105.0,235000,345000.0,69.275,30%-<36%,White,CashOut_Refinance,Principal_Residence,Originated,1.0,0,0.4032417420646191,9.24
0,111.0,285000,375000.0,78.353,20%-<30%,Black or African American,Home_Purchase,Principal_Residence,Denied,0.0,0,0.3697455530606684,77.13
0,96.0,465000,515000.0,90.0,36%-<43%,Race Not Available,Home_Purchase,Principal_Residence,Originated,1.0,0,0.3713141611087836,19.19
3,140.0,305000,895000.0,33.708,<20%,White,Refinance,Principal_Residence,Originated,1.0,1,0.5220609672930673,9.86
6,37.0,165000,175000.0,96.5,50%-60%,Black or African American,Home_Purchase,Principal_Residence,Originated,1.0,0,0.4020815995933397,62.24
6,47.0,235000,315000.0,74.843,50%-60%,Race Not Available,CashOut_Refinance,Principal_Residence,Originated,1.0,0,0.3616765150864496,10.78
2,192.0,375000,505000.0,75.0,30%-<36%,Asian,Home_Purchase,Investment,Originated,1.0,0,0.4587106049342614,91.94
0,95.0,655000,1045000.0,78.353,Unknown,Race Not Available,Home_Purchase,Principal_Residence,Purchased,,0,0.4042410128169351,24.94
4,19.0,85000,375000.0,74.659,>60%,Black or African American,Refinance,Principal_Residence,Denied,0.0,0,0.39969962463146835,38.14
6,60.0,215000,225000.0,96.5,50%-60%,Race Not Available,Home_Purchase,Principal_Residence,Originated,1.0,0,0.4214768668634936,43.48
6,85.0,105000,375000.0,78.353,50%-60%,Race Not Available,Other,Principal_Residence,Denied,0.0,0,0.3494858859191897,22.97
3,151.0,265000,375000.0,78.353,Exempt,White,Refinance,Principal_Residence,Originated,1.0,0,0.35425863905476257,12.14
0,37.0,135000,375000.0,78.353,Unknown,Black or African American,Home_Purchase,Principal_Residence,Withdrawn,,0,0.3903518750256675,78.96
5,264.0,45000,425000.0,14.0,<20%,White,Home_Improvement,Principal_Residence,Originated,1.0,1,0.523213218793672,6.31
0,95.0,295000,305000.0,95.0,30%-<36%,White,Home_Purchase,Principal_Residence,Originated,1.0,0,0.3610880348883591,23.27
2,95.0,95000,375000.0,78.353,Unknown,Race Not Available,CashOut_Refinance,Investment,Withdrawn,,0,0.35145054728546293,40.21
0,191.0,315000,315000.0,100.0,36%-<43%,Race Not Available,Home_Purchase,Principal_Residence,Originated,1.0,0,0.41551003520254576,44.25
5,142.0,55000,375000.0,25.075,<20%,White,Home_Improvement,Principal_Residence,Originated,1.0,0,0.41994122079104534,28.04
2,95.0,2245000,375000.0,80.0,Unknown,Race Not Available,CashOut_Refinance,Investment,Originated,1.0,0,0.5338527493087274,14.91
0,175.0,495000,525000.0,95.0,43%-<50%,White,Home_Purchase,Principal_Residence,Originated,1.0,0,0.41511764855191835,20.49
3,335.0,1055000,1455000.0,72.828,30%-<36%,Asian,Refinance,Principal_Residence,Originated,1.0,2,0.5853361112436135,89.2
2,118.0,315000,475000.0,65.474,36%-<43%,White,Home_Purchase,Investment,Originated,1.0,0,0.36896347426454845,9.69
5,236.0,75000,285000.0,40.15,20%-<30%,White,Refinance,Principal_Residence,Originated,1.0,0,0.4878737897712241,71.58
0,209.0,515000,375000.0,78.353,Exempt,Race Not Available,Home_Purchase,Principal_Residence,Originated,1.0,0,0.3888033239458618,14.19
0,74.0,205000,245000.0,85.0,30%-<36%,White,Home_Purchase,Principal_Residence,Originated,1.0,0,0.3803044874101409,73.7
5,84.0,25000,305000.0,56.6,36%-<43%,White,Home_Improvement,Principal_Residence,Originated,1.0,0,0.46521827121228226,54.5
5,84.0,55000,595000.0,37.518,36%-<43%,White,Home_Improvement,Principal_Residence,Originated,1.0,0,0.4533560304430026,8.59
3,70.0,45000,375000.0,78.353,Unknown,Race Not Available,CashOut_Refinance,Principal_Residence,Incomplete,,0,0.44732740271898913,78.03
5,85.0,75000,675000.0,54.638,36%-<43%,White,Home_Improvement,Principal_Residence,Originated,1.0,0,0.4154959949649007,8.22
0,125.0,185000,195000.0,95.0,36%-<43%,White,Home_Purchase,Principal_Residence,Originated,1.0,0,0.37362143290398697,35.62
2,221.0,155000,215000.0,75.0,30%-<36%,White,Home_Purchase,Investment,Originated,1.0,0,0.39673875701940314,11.09
6,122.0,205000,375000.0,36.96,>60%,White,Other,Principal_Residence,Denied,0.0,0,0.40314729549404343,7.0
0,69.0,345000,355000.0,96.5,36%-<43%,White,Home_Purchase,Principal_Residence,Originated,1.0,0,0.3762547176913108,44.23
0,51.0,235000,245000.0,95.0,43%-<50%,White,Home_Purchase,Principal_Residence,Originated,1.0,0,0.3921123015440147,80.99
2,58.0,305000,385000.0,80.0,30%-<36%,Asian,Home_Purchase,Investment,Originated,1.0,0,0.3471105523637745,24.09
6,56.0,105000,425000.0,55.988,>60%,White,Home_Improvement,Principal_Residence,Denied,0.0,0,0.384650637580752,40.7
3,120.0,335000,375000.0,78.353,Unknown,White,CashOut_Refinance,Principal_Residence,Incomplete,,0,0.40376146401350616,16.44
3,76.0,65000,375000.0,78.353,Exempt,White,Refinance,Principal_Residence,Originated,1.0,0,0.3555764777751111,10.28
6,15.0,165000,255000.0,66.0,>60%,Race Not Available,CashOut_Refinance,Principal_Residence,Denied,0.0,0,0.38354764772140704,26.77
0,95.0,615000,775000.0,78.353,Unknown,Race Not Available,Home_Purchase,Principal_Residence,Purchased,,0,0.3964688134979719,20.25
2,252.0,215000,285000.0,75.0,20%-<30%,Race Not Available,Home_Purchase,Investment,Originated,1.0,0,0.3945874064665409,78.42
0,95.0,415000,415000.0,78.353,Unknown,Race Not Available,Home_Purchase,Principal_Residence,Purchased,,0,0.36880825446260357,39.64
6,73.0,435000,575000.0,76.0,50%-60%,Race Not Available,Home_Purchase,Principal_Residence,Denied,0.0,0,0.3746679835159004,56.73
3,95.0,145000,195000.0,78.353,Unknown,Native Hawaiian or Other Pacific Islander,Refinance,Principal_Residence,Originated,1.0,0,0.3519990633171608,40.25
3,54.0,65000,145000.0,48.0,36%-<43%,White,CashOut_Refinance,Principal_Residence,Approved_NotAccepted,,0,0.4105522526416905,5.17
3,139.0,445000,685000.0,66.0,36%-<43%,White,CashOut_Refinance,Principal_Residence,Denied,0.0,0,0.39588559862482925,24.55
2,0.0,235000,335000.0,70.0,Unknown,White,CashOut_Refinance,Investment,Denied,0.0,0,0.3941955738923379,74.74
0,80.0,255000,255000.0,100.0,36%-<43%,Joint,Home_Purchase,Principal_Residence,Originated,1.0,0,0.3859690227720137,57.66
0,119.0,255000,315000.0,80.0,36%-<43%,Race Not Available,Home_Purchase,Principal_Residence,Originated,1.0,0,0.3543149076121418,54.69
6,56.0,505000,2055000.0,102.34,>60%,White,Home_Improvement,Principal_Residence,Denied,0.0,3,0.5423478637656802,24.34
3,104.0,285000,325000.0,86.154,36%-<43%,Black or African American,Refinance,Principal_Residence,Originated,1.0,0,0.3708246993467339,26.45
0,95.0,105000,105000.0,78.353,Unknown,Race Not Available,Home_Purchase,Principal_Residence,Purchased,,0,0.37947948071729404,8.92
2,95.0,135000,235000.0,59.0,43%-<50%,White,Refinance,Investment,Originated,1.0,0,0.4352588155282875,46.87
1,318.0,985000,1105000.0,89.99,30%-<36%,Asian,Home_Purchase,Principal_Residence,Originated,1.0,1,0.49828895320012434,24.86
3,79.0,175000,375000.0,78.353,Unknown,White,Refinance,Principal_Residence,Incomplete,,0,0.35359325235356714,12.62
1,400.0,765000,965000.0,80.0,20%-<30%,White,Home_Purchase,Principal_Residence,Originated,1.0,1,0.4737523190925902,26.85
0,79.0,315000,315000.0,96.5,43%-<50%,White,Home_Purchase,Principal_Residence,Originated,1.0,0,0.37522325695722114,24.65
0,139.0,125000,375000.0,78.353,Unknown,Black or African American,Home_Purchase,Principal_Residence,Preapproval_Approved_NotAccepted,,0,0.449766171912935,89.85
0,82.0,305000,305000.0,98.97,30%-<36%,Black or African American,Home_Purchase,Principal_Residence,Originated,1.0,0,0.36947552176312215,25.6
2,146.0,275000,455000.0,60.0,30%-<36%,Asian,Home_Purchase,Investment,Originated,1.0,0,0.4335555163051348,52.48
2,277.0,375000,485000.0,77.292,20%-<30%,Race Not Available,Refinance,Investment,Originated,1.0,0,0.39142730943105286,46.51
5,127.0,95000,295000.0,89.719,30%-<36%,White,CashOut_Refinance,Principal_Residence,Originated,1.0,0,0.3579988522527373,22.26
0,95.0,805000,1025000.0,78.353,Unknown,Race Not Available,Home_Purchase,Principal_Residence,Purchased,,0,0.4685901948948641,13.09
0,95.0,215000,225000.0,78.353,Unknown,Race Not Available,Home_Purchase,Principal_Residence,Purchased,,0,0.38815173570276373,89.92
0,76.0,155000,155000.0,101.009,20%-<30%,White,Home_Purchase,Principal_Residence,Originated,1.0,0,0.3889624487986604,30.94
0,95.0,525000,535000.0,78.353,Unknown,Race Not Available,Home_Purchase,Principal_Residence,Purchased,,0,0.3867378562182357,25.38
0,80.0,275000,275000.0,100.0,30%-<36%,White,Home_Purchase,Principal_Residence,Originated,1.0,0,0.36883967904040565,18.78
0,179.0,895000,1055000.0,85.0,30%-<36%,Race Not Available,Home_Purchase,Principal_Residence,Originated,1.0,0,0.441490960723847,21.52
0,94.0,195000,395000.0,49.723,20%-<30%,White,Home_Purchase,Principal_Residence,Originated,1.0,0,0.38126979620112655,27.86
3,112.0,65000,375000.0,78.353,Unknown,White,CashOut_Refinance,Principal_Residence,Withdrawn,,0,0.4388732962716644,90.07
5,149.0,85000,355000.0,64.552,20%-<30%,Race Not Available,Home_Improvement,Principal_Residence,Approved_NotAccepted,,0,0.4384161124360059,29.71
3,95.0,255000,515000.0,49.02,Unknown,Asian,CashOut_Refinance,Principal_Residence,Originated,1.0,0,0.4453335914706781,93.78
0,117.0,405000,535000.0,74.723,30%-<36%,Asian,Home_Purchase,Principal_Residence,Originated,1.0,0,0.38898364340366165,67.68
0,95.0,75000,75000.0,78.353,Unknown,Race Not Available,Home_Purchase,Principal_Residence,Purchased,,0,0.37626519861141017,25.41
6,63.0,255000,1005000.0,54.538,>60%,Asian,Home_Improvement,Principal_Residence,Denied,0.0,2,0.5085398074464421,88.76
3,190.0,1205000,375000.0,78.353,Unknown,Asian,Refinance,Principal_Residence,Incomplete,,0,0.48237638326197085,55.9
6,15.0,105000,595000.0,16.84,>60%,White,Home_Improvement,Principal_Residence,Denied,0.0,0,0.48107459725842666,16.49
5,118.0,225000,865000.0,87.96,43%-<50%,Asian,Home_Purchase,Principal_Residence,Denied,0.0,0,0.3693540568114082,31.67
0,95.0,225000,235000.0,78.353,Unknown,Race Not Available,Home_Purchase,Principal_Residence,Purchased,,0,0.3535123610863888,8.75
5,170.0,105000,1135000.0,8.85,<20%,Race Not Available,CashOut_Refinance,Principal_Residence,Originated,1.0,0,0.48902983357994606,13.6
3,52.0,305000,385000.0,80.0,43%-<50%,Joint,CashOut_Refinance,Principal_Residence,Originated,1.0,0,0.37089699880033383,72.94
0,162.0,205000,225000.0,90.0,36%-<43%,White,Home_Purchase,Principal_Residence,Originated,1.0,0,0.3873064830612878,16.75
0,78.0,255000,375000.0,78.353,Unknown,Race Not Available,Home_Purchase,Principal_Residence,Withdrawn,,0,0.36665132421616664,58.99
0,86.0,245000,245000.0,99.446,36%-<43%,Black or African American,Home_Purchase,Principal_Residence,Originated,1.0,0,0.3693702176835088,34.11
3,51.0,175000,375000.0,78.353,Unknown,Black or African American,Refinance,Principal_Residence,Withdrawn,,0,0.3570949722745385,35.37
5,101.0,55000,335000.0,84.5,20%-<30%,White,Home_Improvement,Principal_Residence,Originated,1.0,0,0.40317334736036936,52.45
0,51.0,295000,305000.0,78.353,Unknown,Black or African American,Home_Purchase,Principal_Residence,Purchased,,0,0.35402632495347813,33.61
3,130.0,415000,875000.0,47.609,36%-<43%,White,Refinance,Principal_Residence,Originated,1.0,0,0.43147605615599627,23.19
1,325.0,535000,375000.0,78.353,Unknown,White,Home_Purchase,Principal_Residence,Withdrawn,,0,0.4254194068854973,10.46
3,169.0,455000,935000.0,48.387,20%-<30%,Race Not Available,Refinance,Principal_Residence,Originated,1.0,0,0.44496415066464734,80.04
5,150.0,105000,525000.0,65.494,30%-<36%,White,Home_Improvement,Principal_Residence,Originated,1.0,0,0.4348493756700431,52.86
3,91.0,195000,285000.0,67.281,43%-<50%,Black or African American,CashOut_Refinance,Principal_Residence,Originated,1.0,0,0.3693332962122774,64.14
5,62.0,15000,245000.0,102.5,30%-<36%,White,Home_Purchase,Principal_Residence,Originated,1.0,0,0.4567137384984683,21.12
2,95.0,375000,505000.0,99.97,Unknown,Race Not Available,Home_Purchase,Investment,Denied,0.0,1,0.4911161352963619,23.08
6,95.0,375000,395000.0,95.0,50%-60%,White,Home_Purchase,Principal_Residence,Originated,1.0,0,0.39265248034721373,25.27
5,132.0,45000,245000.0,80.081,36%-<43%,White,Other,Principal_Residence,Denied,0.0,0,0.38833037756159083,9.49
0,146.0,455000,375000.0,78.353,Unknown,Race Not Available,Home_Purchase,Principal_Residence,Incomplete,,0,0.3516297464813347,33.77
6,54.0,395000,435000.0,90.0,50%-60%,White,CashOut_Refinance,Principal_Residence,Originated,1.0,0,0.3765566637413184,62.85
5,200.0,65000,415000.0,102.87,<20%,Race Not Available,Home_Purchase,Principal_Residence,Denied,0.0,1,0.467983718357343,23.25
5,44.0,5000,115000.0,102.0,36%-<43%,White,Home_Purchase,Principal_Residence,Originated,1.0,0,0.46666008627023825,24.7
5,119.0,35000,375000.0,78.353,Unknown,White,Other,Principal_Residence,Withdrawn,,0,0.39308938598230175,8.2
3,52.0,135000,375000.0,78.353,Unknown,White,Refinance,Principal_Residence,Withdrawn,,0,0.3591844778180933,8.01
4,56.0,125000,125000.0,78.353,>60%,White,Home_Purchase,Principal_Residence,Denied,0.0,0,0.42317638646839273,73.3
3,75.0,355000,375000.0,78.353,Unknown,White,CashOut_Refinance,Principal_Residence,Withdrawn,,0,0.3469812967756248,28.22
6,97.0,555000,615000.0,90.0,50%-60%,White,Home_Purchase,Principal_Residence,Originated,1.0,0,0.4038349774745418,51.81
0,120.0,445000,565000.0,75.0,43%-<50%,Race Not Available,Home_Purchase,Principal_Residence,Denied,0.0,0,0.4392882478093064,97.14
0,245.0,355000,375000.0,78.353,Unknown,White,Home_Purchase,Principal_Residence,Withdrawn,,0,0.4210599440494538,18.25
0,94.0,395000,405000.0,78.353,36%-<43%,Race Not Available,Home_Purchase,Principal_Residence,Originated,1.0,0,0.3564806956915747,53.67
5,115.0,55000,285000.0,81.315,36%-<43%,White,Home_Improvement,Principal_Residence,Denied,0.0,0,0.35778372895428406,33.06
0,52.0,175000,195000.0,90.0,36%-<43%,White,Home_Purchase,Principal_Residence,Originated,1.0,0,0.3665524641011737,10.45
3,90.0,35000,125000.0,29.17,<20%,White,CashOut_Refinance,Principal_Residence,Originated,1.0,0,0.4937624582131773,17.71
3,95.0,105000,215000.0,78.353,Unknown,Race Not Available,Refinance,Principal_Residence,Approved_NotAccepted,,0,0.3706257534665198,46.27
1,538.0,255000,1005000.0,89.0,<20%,White,Home_Improvement,Principal_Residence,Originated,1.0,1,0.5370404746140806,14.61
1,3804.0,2935000,4055000.0,72.453,<20%,Race Not Available,Refinance,Principal_Residence,Originated,1.0,3,0.7053426846122479,28.99
3,97.0,285000,375000.0,78.353,Unknown,White,Refinance,Principal_Residence,Incomplete,,0,0.42570197700165746,82.61
3,74.0,145000,375000.0,78.353,Unknown,White,CashOut_Refinance,Principal_Residence,Withdrawn,,0,0.36412257577834206,11.42
3,31.0,145000,375000.0,78.353,Unknown,White,Refinance,Principal_Residence,Withdrawn,,0,0.35757842202815404,44.27
5,149.0,285000,665000.0,74.962,36%-<43%,White,Home_Improvement,Principal_Residence,Originated,1.0,0,0.41942966732772247,18.31
4,56.0,115000,375000.0,78.353,Unknown,White,Home_Purchase,Principal_Residence,Incomplete,,0,0.44768924147450706,24.61
0,117.0,495000,525000.0,95.0,36%-<43%,White,Home_Purchase,Principal_Residence,Originated,1.0,0,0.4300538502775349,92.99
4,50.0,75000,375000.0,78.353,Unknown,White,Home_Purchase,Principal_Residence,Incomplete,,0,0.38814493935773525,6.99
2,278.0,695000,1125000.0,62.0,Unknown,Asian,Refinance,Investment,Originated,1.0,3,0.6261406334332542,95.13
6,1.0,235000,235000.0,98.189,>60%,White,Home_Purchase,Principal_Residence,Preapproval_Denied,,2,0.5397102606462447,0.0
3,81.0,265000,375000.0,78.353,Unknown,Race Not Available,CashOut_Refinance,Principal_Residence,Withdrawn,,0,0.4256800076865207,60.91
2,459.0,165000,375000.0,78.353,Exempt,White,Home_Purchase,Investment,Purchased,,0,0.42409421185716883,47.81
3,158.0,505000,755000.0,66.667,30%-<36%,White,CashOut_Refinance,Principal_Residence,Originated,1.0,0,0.4171095091677955,26.47
5,180.0,105000,375000.0,78.353,Unknown,White,Home_Improvement,Principal_Residence,Incomplete,,0,0.3944376591173166,28.57
5,42.0,35000,315000.0,83.245,43%-<50%,Black or African American,Home_Improvement,Principal_Residence,Denied,0.0,0,0.37902481573076213,64.67
3,34.0,55000,55000.0,92.07,20%-<30%,White,Refinance,Principal_Residence,Denied,0.0,0,0.3985610754714286,13.57
5,84.0,45000,285000.0,89.104,43%-<50%,Black or African American,Home_Improvement,Principal_Residence,Denied,0.0,0,0.43146436239021235,30.07
3,74.0,335000,495000.0,69.18,30%-<36%,White,CashOut_Refinance,Principal_Residence,Approved_NotAccepted,,0,0.3600218413095763,18.83
3,137.0,375000,475000.0,80.0,<20%,White,CashOut_Refinance,Principal_Residence,Originated,1.0,0,0.35571008824210126,17.07
2,164.0,95000,135000.0,75.0,36%-<43%,White,CashOut_Refinance,Investment,Originated,1.0,0,0.39623980730664543,82.79
3,53.0,335000,375000.0,78.353,Unknown,White,CashOut_Refinance,Principal_Residence,Incomplete,,0,0.3698855688724114,37.47
0,291.0,405000,425000.0,95.0,20%-<30%,Race Not Available,Home_Purchase,Principal_Residence,Originated,1.0,0,0.4241564831992239,53.66
6,53.0,235000,235000.0,100.0,50%-60%,White,Home_Purchase,Principal_Residence,Originated,1.0,0,0.38534679635598185,37.6
0,15.0,45000,65000.0,69.999,43%-<50%,White,Home_Purchase,Principal_Residence,Originated,1.0,0,0.3823440468355555,28.19
2,95.0,315000,445000.0,75.0,Unknown,Race Not Available,Home_Purchase,Investment,Originated,1.0,0,0.3983455371010486,14.49
3,205.0,625000,2105000.0,30.0,36%-<43%,White,CashOut_Refinance,Principal_Residence,Originated,1.0,1,0.6067654043888607,56.14
3,99.0,155000,285000.0,53.68,<20%,White,CashOut_Refinance,Principal_Residence,Originated,1.0,0,0.3775062291367827,16.53
6,61.0,405000,405000.0,100.0,>60%,White,Home_Purchase,Principal_Residence,Originated,1.0,0,0.3814856887150339,30.45
3,80.0,175000,375000.0,78.353,Unknown,Black or African American,CashOut_Refinance,Principal_Residence,Withdrawn,,0,0.36189651145328194,10.82
0,42.0,475000,375000.0,78.353,Unknown,White,Home_Purchase,Principal_Residence,Withdrawn,,0,0.3734633689739429,21.8
3,86.0,185000,355000.0,52.0,30%-<36%,White,Refinance,Principal_Residence,Originated,1.0,0,0.4100900931123142,25.51
0,238.0,415000,435000.0,95.0,<20%,White,Home_Purchase,Principal_Residence,Originated,1.0,0,0.4095677513488251,66.76
5,96.0,125000,875000.0,52.713,43%-<50%,White,Home_Improvement,Principal_Residence,Originated,1.0,1,0.41262271327240296,32.23
4,69.0,205000,265000.0,75.472,20%-<30%,White,CashOut_Refinance,Principal_Residence,Denied,0.0,0,0.3544924305621751,15.98
3,110.0,245000,375000.0,78.353,Unknown,White,CashOut_Refinance,Principal_Residence,Withdrawn,,0,0.35828294333200256,64.25
3,60.0,165000,275000.0,59.783,36%-<43%,White,CashOut_Refinance,Principal_Residence,Originated,1.0,0,0.43432206418776936,29.47
0,140.0,455000,475000.0,95.0,30%-<36%,White,Home_Purchase,Principal_Residence,Originated,1.0,0,0.42954248720975247,14.62
5,133.0,35000,775000.0,41.26,20%-<30%,White,Home_Improvement,Principal_Residence,Originated,1.0,0,0.5150057404755816,69.08
0,136.0,445000,595000.0,74.907,36%-<43%,White,Home_Purchase,Principal_Residence,Originated,1.0,0,0.362499770756359,14.72
6,60.0,215000,265000.0,80.0,50%-60%,Race Not Available,Home_Purchase,Principal_Residence,Originated,1.0,0,0.3794792685566301,67.28
4,40.0,125000,125000.0,78.353,>60%,Black or African American,Home_Purchase,Principal_Residence,Denied,0.0,0,0.481648140651428,0.0
0,80.0,245000,325000.0,75.0,30%-<36%,White,Home_Purchase,Principal_Residence,Originated,1.0,0,0.3837387426684942,81.23
6,28.0,165000,255000.0,67.6,50%-60%,White,CashOut_Refinance,Principal_Residence,Denied,0.0,0,0.47917269159907705,99.46
5,92.0,55000,305000.0,89.3,43%-<50%,White,Refinance,Principal_Residence,Denied,0.0,0,0.3687182703434898,7.38
3,130.0,305000,445000.0,68.024,36%-<43%,2 or more minority races,CashOut_Refinance,Principal_Residence,Denied,0.0,0,0.35879003545139887,35.09
0,186.0,605000,375000.0,78.353,Unknown,Race Not Available,Home_Purchase,Principal_Residence,Withdrawn,,0,0.37194112501188126,34.27
5,219.0,55000,485000.0,79.98,20%-<30%,White,Home_Improvement,Principal_Residence,Originated,1.0,0,0.46248776576244116,32.03
3,70.0,125000,205000.0,64.25,30%-<36%,White,Refinance,Principal_Residence,Denied,0.0,0,0.4427356089033323,54.79
6,53.0,215000,225000.0,95.0,50%-60%,White,Home_Purchase,Principal_Residence,Originated,1.0,0,0.3590623739420659,31.7
3,24.0,125000,285000.0,44.0,43%-<50%,White,Refinance,Principal_Residence,Denied,0.0,0,0.3991495247883157,38.98
1,539.0,455000,1535000.0,94.022,20%-<30%,Black or African American,CashOut_Refinance,Principal_Residence,Denied,0.0,1,0.5454355956015078,84.83
1,289.0,355000,955000.0,37.0,30%-<36%,White,Home_Purchase,Principal_Residence,Originated,1.0,1,0.4772461864685649,19.39
3,85.0,335000,385000.0,88.06,43%-<50%,Joint,CashOut_Refinance,Principal_Residence,Denied,0.0,0,0.36977273351483475,27.6
0,66.0,235000,375000.0,78.353,Unknown,Joint,Home_Purchase,Principal_Residence,Withdrawn,,0,0.3540661966451689,49.25
0,91.0,435000,485000.0,89.583,43%-<50%,Black or African American,Home_Purchase,Principal_Residence,Originated,1.0,0,0.4126927311437458,95.86
0,78.0,65000,65000.0,100.0,30%-<36%,White,Home_Purchase,Principal_Residence,Originated,1.0,0,0.38951001379223715,32.14
3,26.0,25000,375000.0,78.353,Unknown,White,Refinance,Principal_Residence,Incomplete,,0,0.3726039907193047,6.36
3,108.0,105000,375000.0,78.353,Unknown,American Indian or Alaska Native,CashOut_Refinance,Principal_Residence,Withdrawn,,0,0.3946867638358367,90.03
0,72.0,205000,225000.0,95.0,20%-<30%,White,Home_Purchase,Principal_Residence,Originated,1.0,0,0.36282965814976814,50.59
0,95.0,215000,215000.0,78.353,Unknown,Race Not Available,Home_Purchase,Principal_Residence,Purchased,,0,0.36222791786081016,40.73
5,165.0,25000,485000.0,92.99,36%-<43%,White,Other,Principal_Residence,Denied,0.0,0,0.3998364126047171,20.95
0,64.0,295000,375000.0,80.0,43%-<50%,Asian,Home_Purchase,Principal_Residence,Originated,1.0,0,0.3889952644252194,80.77
3,79.0,305000,375000.0,78.353,Unknown,White,Refinance,Principal_Residence,Withdrawn,,0,0.3940041759436854,9.97
2,148.0,255000,345000.0,75.0,20%-<30%,Race Not Available,CashOut_Refinance,Investment,Originated,1.0,0,0.36969622133441554,52.28
0,52.0,165000,165000.0,78.353,Unknown,Race Not Available,Home_Purchase,Principal_Residence,Purchased,,0,0.3786003529500403,11.39
3,120.0,135000,185000.0,75.0,30%-<36%,Race Not Available,CashOut_Refinance,Principal_Residence,Denied,0.0,0,0.4431607926224172,91.22
3,105.0,485000,635000.0,76.19,43%-<50%,Asian,Refinance,Principal_Residence,Originated,1.0,0,0.3779684885932989,59.48
3,107.0,105000,335000.0,30.057,36%-<43%,White,Home_Purchase,Principal_Residence,Originated,1.0,0,0.47954507242343425,25.85
1,498.0,55000,825000.0,87.057,20%-<30%,White,Home_Improvement,Principal_Residence,Originated,1.0,1,0.5595051715621424,8.75
0,103.0,405000,375000.0,78.353,Unknown,White,Home_Improvement,Principal_Residence,Withdrawn,,0,0.39271626956904643,7.21
6,96.0,35000,205000.0,74.59,>60%,White,Home_Improvement,Principal_Residence,Denied,0.0,0,0.36130919218381785,30.57
0,171.0,625000,715000.0,88.31,36%-<43%,White,Home_Purchase,Principal_Residence,Originated,1.0,0,0.4050139915953674,25.53
0,75.0,335000,355000.0,95.0,43%-<50%,Asian,Home_Purchase,Principal_Residence,Originated,1.0,0,0.3689325496665728,58.29
0,95.0,455000,475000.0,78.353,Unknown,Race Not Available,Home_Purchase,Principal_Residence,Purchased,,0,0.3644911410003927,55.09
0,95.0,235000,225000.0,78.353,Unknown,Race Not Available,NotApplicable,Principal_Residence,Purchased,,0,0.3561556901076658,10.61
0,256.0,385000,385000.0,100.0,20%-<30%,White,Home_Purchase,Second_Residence,Originated,1.0,0,0.39807962463020724,10.27
0,45.0,235000,235000.0,96.5,43%-<50%,White,Home_Purchase,Principal_Residence,Denied,0.0,0,0.38643314388123245,68.62
5,59.0,25000,575000.0,52.287,43%-<50%,White,Home_Improvement,Principal_Residence,Originated,1.0,0,0.38967651965759437,32.86
0,102.0,275000,285000.0,96.5,30%-<36%,White,Home_Purchase,Principal_Residence,Originated,1.0,0,0.3571590247813494,30.67
0,46.0,155000,375000.0,78.353,Unknown,White,Home_Purchase,Principal_Residence,Originated,1.0,0,0.3846246835584045,34.83
3,95.0,305000,405000.0,78.353,Unknown,Race Not Available,CashOut_Refinance,Principal_Residence,Purchased,,0,0.3515700845639538,53.98
5,149.0,205000,1295000.0,74.967,36%-<43%,Asian,Other,Principal_Residence,Originated,1.0,2,0.5227275503038963,45.17
5,78.0,85000,125000.0,80.39,30%-<36%,Black or African American,Home_Improvement,Principal_Residence,Denied,0.0,0,0.4114812496101507,90.57
0,265.0,735000,825000.0,78.353,Unknown,White,Home_Purchase,Principal_Residence,Purchased,,0,0.43457741300001146,20.95
3,173.0,545000,675000.0,80.0,36%-<43%,White,CashOut_Refinance,Principal_Residence,Denied,0.0,0,0.4390553347767437,9.15
5,43.0,155000,375000.0,78.353,Unknown,Race Not Available,Home_Improvement,Principal_Residence,Incomplete,,0,0.3874667114892948,81.9
0,80.0,355000,375000.0,78.353,Unknown,Race Not Available,Other,Principal_Residence,Withdrawn,,0,0.38680025501577925,24.03
3,123.0,495000,995000.0,78.353,43%-<50%,White,CashOut_Refinance,Principal_Residence,Originated,1.0,0,0.4104599531972729,24.0
5,40.0,35000,425000.0,44.32,30%-<36%,White,Refinance,Principal_Residence,Denied,0.0,0,0.41206660684555796,27.08
0,85.0,255000,315000.0,80.0,36%-<43%,Race Not Available,Home_Purchase,Principal_Residence,Originated,1.0,0,0.3542791116298915,27.79
5,95.0,25000,395000.0,58.1,43%-<50%,White,Home_Improvement,Principal_Residence,Originated,1.0,0,0.4236159347534143,12.37
1,407.0,125000,375000.0,78.353,Unknown,White,Other,Second_Residence,Withdrawn,,0,0.40211020748532317,4.75
0,185.0,135000,375000.0,78.353,Unknown,White,Home_Purchase,Principal_Residence,Withdrawn,,0,0.3927899402171181,17.81
3,29.0,65000,325000.0,20.39,30%-<36%,Race Not Available,Refinance,Principal_Residence,Originated,1.0,0,0.4660087248648562,39.23
0,46.0,135000,135000.0,97.0,43%-<50%,White,Home_Purchase,Principal_Residence,Preapproval_Approved_NotAccepted,,2,0.5317181078623443,0.0
3,41.0,65000,375000.0,78.353,Unknown,White,CashOut_Refinance,Principal_Residence,Incomplete,,0,0.4007934344245803,20.62
0,291.0,645000,825000.0,78.448,36%-<43%,White,Home_Purchase,Principal_Residence,Originated,1.0,0,0.4174384613141155,15.42
6,37.0,115000,325000.0,35.077,50%-60%,White,CashOut_Refinance,Principal_Residence,Denied,0.0,0,0.4286784519823685,74.96
5,92.0,45000,375000.0,78.353,Unknown,White,Home_Improvement,Principal_Residence,Incomplete,,0,0.3965458909660838,30.52
3,24.0,125000,455000.0,28.0,43%-<50%,White,CashOut_Refinance,Principal_Residence,Approved_NotAccepted,,0,0.4329892963420406,41.24
3,1.0,185000,375000.0,78.353,Unknown,Race Not Available,CashOut_Refinance,Principal_Residence,Incomplete,,0,0.42706043483398487,99.07
0,75.0,85000,375000.0,78.353,Unknown,White,Home_Purchase,Principal_Residence,Approved_NotAccepted,,0,0.35018115853846543,47.28
0,85.0,275000,285000.0,100.009,43%-<50%,Race Not Available,Home_Purchase,Principal_Residence,Originated,1.0,0,0.3716794697050704,25.98
0,157.0,605000,375000.0,78.353,Unknown,Joint,Home_Purchase,Principal_Residence,Withdrawn,,0,0.4476371917844635,87.42
3,85.0,135000,375000.0,78.353,Unknown,White,Refinance,Principal_Residence,Withdrawn,,0,0.3497735470901943,32.14
6,94.0,605000,615000.0,78.353,>60%,White,Home_Purchase,Principal_Residence,Originated,1.0,0,0.4371575479367991,70.76
1,449.0,695000,995000.0,70.0,20%-<30%,Joint,Home_Purchase,Principal_Residence,Originated,1.0,0,0.48187898623000336,20.1
0,98.0,235000,245000.0,98.188,43%-<50%,Black or African American,Home_Purchase,Principal_Residence,Originated,1.0,0,0.4024944142067239,76.52
3,60.0,115000,325000.0,36.0,30%-<36%,White,CashOut_Refinance,Principal_Residence,Originated,1.0,0,0.4692995119495538,25.8
5,128.0,115000,985000.0,60.4,43%-<50%,Race Not Available,CashOut_Refinance,Principal_Residence,Denied,0.0,0,0.46885054939997023,88.84
2,95.0,345000,525000.0,78.353,Unknown,Race Not Available,CashOut_Refinance,Investment,Purchased,,0,0.35820720176470594,48.97
2,130.0,185000,245000.0,75.0,36%-<43%,Asian,Refinance,Investment,Originated,1.0,0,0.3713690569040214,74.49
4,78.0,125000,125000.0,99.464,36%-<43%,White,Home_Purchase,Principal_Residence,Approved_NotAccepted,,0,0.3984633698389184,12.33
0,110.0,345000,355000.0,96.5,36%-<43%,Black or African American,Home_Purchase,Principal_Residence,Originated,1.0,0,0.453855958644337,96.44
3,95.0,95000,375000.0,78.353,Unknown,Black or African American,Refinance,Principal_Residence,Incomplete,,0,0.35681508953782476,57.72
0,111.0,465000,495000.0,95.0,43%-<50%,White,Home_Purchase,Principal_Residence,Originated,1.0,0,0.4217397676585695,25.36
0,148.0,385000,375000.0,105.04,<20%,Black or African American,Home_Purchase,Principal_Residence,Originated,1.0,0,0.416106536089404,77.39
1,425.0,845000,2155000.0,39.206,30%-<36%,Race Not Available,CashOut_Refinance,Principal_Residence,Originated,1.0,1,0.5930775277303635,68.49
0,85.0,255000,255000.0,100.0,30%-<36%,Black or African American,Home_Purchase,Principal_Residence,Originated,1.0,0,0.3689527537050231,39.23
5,68.0,15000,85000.0,49.31,<20%,White,Home_Improvement,Principal_Residence,Denied,0.0,0,0.4108382191011637,19.55
3,138.0,235000,295000.0,80.0,36%-<43%,Black or African American,CashOut_Refinance,Principal_Residence,Originated,1.0,0,0.4886882201836439,85.12
6,54.0,35000,95000.0,38.889,>60%,Race Not Available,Other,Principal_Residence,Denied,0.0,0,0.4576896435372545,20.07
5,325.0,155000,375000.0,78.353,Unknown,Asian,Other,Principal_Residence,Withdrawn,,0,0.420926880350022,30.57
3,107.0,405000,375000.0,78.353,Unknown,Black or African American,CashOut_Refinance,Principal_Residence,Withdrawn,,0,0.34696947039661585,33.55
3,100.0,325000,375000.0,78.353,Unknown,White,CashOut_Refinance,Principal_Residence,Withdrawn,,0,0.37094423262490045,48.79
1,289.0,585000,735000.0,80.0,20%-<30%,Asian,Home_Purchase,Principal_Residence,Originated,1.0,0,0.4360415624037663,31.19
5,85.0,85000,535000.0,72.7,30%-<36%,White,Home_Purchase,Principal_Residence,Originated,1.0,0,0.3939127192410624,28.16
3,92.0,335000,465000.0,78.353,Unknown,White,CashOut_Refinance,Principal_Residence,Purchased,,0,0.36845837385923064,20.66
3,79.0,155000,655000.0,22.866,20%-<30%,White,Refinance,Principal_Residence,Originated,1.0,1,0.5290008425995449,36.72
2,177.0,145000,175000.0,85.0,<20%,Race Not Available,Home_Purchase,Investment,Originated,1.0,0,0.40155225029093244,14.62
0,71.0,195000,205000.0,97.0,43%-<50%,White,Home_Purchase,Principal_Residence,Originated,1.0,0,0.36572578655572757,31.69
5,32.0,25000,115000.0,75.0,43%-<50%,White,Home_Improvement,Principal_Residence,Originated,1.0,0,0.3899334147704294,32.58
0,33.0,165000,175000.0,96.5,43%-<50%,White,Home_Purchase,Principal_Residence,Originated,1.0,0,0.3814465779788531,46.79
0,141.0,445000,565000.0,78.813,43%-<50%,White,Home_Purchase,Principal_Residence,Originated,1.0,0,0.36338560705112294,27.12
3,109.0,375000,505000.0,75.94,20%-<30%,White,Refinance,Principal_Residence,Originated,1.0,0,0.38854166710510063,35.81
1,444.0,75000,1045000.0,83.015,20%-<30%,White,Other,Principal_Residence,Originated,1.0,1,0.4729545241529191,6.3
2,95.0,845000,2125000.0,47.17,Unknown,Race Not Available,Refinance,Investment,Originated,1.0,1,0.5516919712720285,24.88
3,14.0,145000,375000.0,78.353,Unknown,White,CashOut_Refinance,Principal_Residence,Withdrawn,,0,0.37523144334303976,46.62
2,47.0,175000,375000.0,78.353,Unknown,White,CashOut_Refinance,Investment,Withdrawn,,0,0.3528678970614895,17.33
3,78.0,75000,295000.0,26.44,43%-<50%,White,Home_Purchase,Principal_Residence,Originated,1.0,0,0.4653643334869266,8.53
0,177.0,175000,375000.0,78.353,Unknown,White,Other,Principal_Residence,Withdrawn,,0,0.49726279323044315,12.16
0,95.0,85000,115000.0,78.353,Unknown,Race Not Available,NotApplicable,Principal_Residence,Purchased,,0,0.4166853467924039,70.84
2,161.0,205000,355000.0,57.14,36%-<43%,White,Home_Improvement,Investment,Denied,0.0,0,0.418617723186388,88.46
5,331.0,85000,855000.0,77.212,36%-<43%,White,Home_Improvement,Principal_Residence,Originated,1.0,1,0.5319829749456864,84.6
0,93.0,305000,305000.0,100.0,36%-<43%,White,Home_Purchase,Principal_Residence,Originated,1.0,0,0.4241974692592411,82.32
5,92.0,75000,355000.0,82.571,36%-<43%,Black or African American,Home_Improvement,Principal_Residence,Denied,0.0,0,0.42175018628539274,64.18
3,56.0,125000,375000.0,78.353,Unknown,White,CashOut_Refinance,Principal_Residence,Withdrawn,,0,0.3941333663208277,27.16
5,162.0,105000,375000.0,78.353,Unknown,Race Not Available,Other,Principal_Residence,Withdrawn,,0,0.41036294908926496,97.12
3,80.0,335000,415000.0,80.0,36%-<43%,White,CashOut_Refinance,Principal_Residence,Originated,1.0,0,0.3887596868315892,93.27
4,46.0,65000,375000.0,78.353,Unknown,White,Home_Purchase,Principal_Residence,Withdrawn,,0,0.389517128833104,28.65
3,78.0,25000,165000.0,15.02,<20%,White,Home_Improvement,Principal_Residence,Originated,1.0,0,0.4615953907726254,26.48
3,66.0,65000,385000.0,15.584,20%-<30%,White,Home_Purchase,Principal_Residence,Originated,1.0,2,0.5387030090434769,14.95
5,187.0,85000,375000.0,68.97,43%-<50%,White,Home_Improvement,Principal_Residence,Originated,1.0,0,0.39496281233822206,42.83
2,95.0,265000,325000.0,80.0,Unknown,Race Not Available,Home_Purchase,Investment,Originated,1.0,1,0.45931491907813154,26.24
0,40.0,135000,195000.0,71.053,30%-<36%,White,Home_Purchase,Principal_Residence,Originated,1.0,0,0.44123814745890316,27.14
0,97.0,105000,325000.0,31.25,<20%,White,Home_Purchase,Principal_Residence,Originated,1.0,3,0.5663714151656205,0.0
2,60.0,305000,505000.0,60.0,50%-60%,White,Refinance,Investment,Denied,0.0,0,0.40911618713405024,56.0
3,41.0,155000,375000.0,78.353,Unknown,White,CashOut_Refinance,Principal_Residence,Withdrawn,,0,0.38127515468222845,85.12
5,95.0,65000,335000.0,70.0,43%-<50%,White,Home_Improvement,Principal_Residence,Originated,1.0,0,0.38845799060785385,15.6
0,102.0,305000,335000.0,90.91,20%-<30%,Joint,Home_Purchase,Principal_Residence,Originated,1.0,0,0.3541018263028156,13.73
0,79.0,365000,375000.0,78.353,Unknown,White,Home_Purchase,Principal_Residence,Withdrawn,,0,0.3588834353371484,6.23
5,89.0,65000,435000.0,73.99,36%-<43%,Joint,Other,Principal_Residence,Originated,1.0,0,0.370491558640976,4.94
0,216.0,465000,585000.0,80.0,43%-<50%,White,Home_Purchase,Principal_Residence,Originated,1.0,0,0.38055996788056173,21.68
5,137.0,75000,435000.0,73.73,30%-<36%,Asian,Home_Improvement,Principal_Residence,Originated,1.0,0,0.3698904403778534,57.18
4,88.0,125000,375000.0,78.353,Unknown,White,Home_Purchase,Principal_Residence,Incomplete,,0,0.45546903029688707,0.0
0,173.0,375000,545000.0,78.353,Unknown,Race Not Available,Home_Purchase,Second_Residence,Purchased,,0,0.3598793223345192,20.78
6,35.0,235000,545000.0,42.216,>60%,Race Not Available,Refinance,Principal_Residence,Denied,0.0,0,0.41734937923916976,44.99
0,63.0,45000,375000.0,78.353,Unknown,White,Home_Purchase,Principal_Residence,Withdrawn,,0,0.35582822134872,33.56
0,169.0,585000,375000.0,78.353,Unknown,Race Not Available,Home_Purchase,Principal_Residence,Withdrawn,,1,0.4328941337690699,42.9
5,186.0,135000,655000.0,89.792,20%-<30%,White,Home_Improvement,Principal_Residence,Originated,1.0,0,0.4999620232943085,10.2
1,525.0,1195000,375000.0,78.353,Unknown,Race Not Available,Home_Purchase,Principal_Residence,Withdrawn,,1,0.4948763787881269,10.9
0,167.0,975000,1305000.0,74.125,43%-<50%,Asian,Home_Purchase,Principal_Residence,Denied,0.0,2,0.5487048271577203,66.44
0,145.0,355000,625000.0,56.73,36%-<43%,White,Home_Purchase,Principal_Residence,Originated,1.0,0,0.3902953902910947,21.56
4,60.0,165000,375000.0,100.0,50%-60%,White,Home_Purchase,Principal_Residence,Denied,0.0,0,0.39635639537647166,15.02
0,223.0,365000,375000.0,78.353,Exempt,White,Home_Purchase,Principal_Residence,Originated,1.0,0,0.3780385295332281,30.5
5,133.0,75000,375000.0,78.353,Unknown,Joint,Home_Improvement,Principal_Residence,Withdrawn,,0,0.35127880495754127,23.73
0,132.0,505000,645000.0,78.93,36%-<43%,Race Not Available,Home_Purchase,Principal_Residence,Originated,1.0,0,0.37943219355503555,15.48
4,75.0,35000,215000.0,15.094,<20%,White,Other,Principal_Residence,Originated,1.0,0,0.48954526306844953,38.98
3,178.0,605000,805000.0,75.0,30%-<36%,White,CashOut_Refinance,Principal_Residence,Originated,1.0,0,0.3936262965935588,47.96
3,72.0,225000,275000.0,80.0,43%-<50%,White,CashOut_Refinance,Principal_Residence,Originated,1.0,0,0.37301573578652086,74.7
6,24.0,115000,405000.0,88.89,>60%,White,Other,Principal_Residence,Denied,0.0,0,0.4020250016855249,35.33
3,68.0,155000,485000.0,30.992,43%-<50%,White,Home_Improvement,Principal_Residence,Originated,1.0,0,0.5089143599348753,17.87
6,45.0,185000,255000.0,74.2,50%-60%,White,CashOut_Refinance,Principal_Residence,Originated,1.0,0,0.361855009628817,48.49
5,95.0,105000,385000.0,78.353,Unknown,Race Not Available,NotApplicable,Principal_Residence,Purchased,,0,0.37406619348032016,75.79
5,101.0,5000,175000.0,95.158,20%-<30%,White,Home_Improvement,Principal_Residence,Denied,0.0,1,0.5070294744192235,12.96
0,107.0,145000,375000.0,78.353,Unknown,White,Home_Purchase,Principal_Residence,Withdrawn,,0,0.3727746391537653,7.02
3,110.0,535000,805000.0,67.0,43%-<50%,White,CashOut_Refinance,Principal_Residence,Denied,0.0,0,0.39198278204981996,39.18
3,28.0,55000,295000.0,17.241,20%-<30%,White,CashOut_Refinance,Principal_Residence,Originated,1.0,0,0.45857158217616206,42.29
3,71.0,425000,425000.0,100.0,36%-<43%,White,CashOut_Refinance,Principal_Residence,Originated,1.0,0,0.3754144631121304,11.31
6,36.0,145000,145000.0,96.5,50%-60%,White,Home_Purchase,Principal_Residence,Originated,1.0,0,0.37246415972352226,25.48
2,95.0,1575000,3965000.0,40.0,Unknown,Race Not Available,CashOut_Refinance,Investment,Originated,1.0,2,0.6122978161172486,30.35
3,95.0,145000,505000.0,28.0,Unknown,Asian,Other,Principal_Residence,Denied,0.0,0,0.49118033734044936,78.15
6,89.0,325000,335000.0,96.5,50%-60%,White,Home_Purchase,Principal_Residence,Originated,1.0,0,0.37691876963789617,36.79
0,62.0,125000,305000.0,41.997,20%-<30%,White,Home_Purchase,Principal_Residence,Originated,1.0,0,0.3921904243298298,41.7
5,99.0,75000,425000.0,72.13,20%-<30%,Race Not Available,Other,Principal_Residence,Originated,1.0,0,0.42203992602053986,27.85
3,134.0,375000,465000.0,80.0,20%-<30%,White,CashOut_Refinance,Principal_Residence,Originated,1.0,0,0.3814225728744258,46.61
4,95.0,165000,375000.0,78.353,Unknown,White,Home_Purchase,Principal_Residence,Denied,0.0,0,0.4000755107068099,10.09
5,159.0,65000,1305000.0,40.641,20%-<30%,White,Other,Principal_Residence,Originated,1.0,0,0.4627540068820246,12.82
0,90.0,415000,465000.0,90.0,43%-<50%,White,Home_Purchase,Principal_Residence,Originated,1.0,0,0.3735745333028139,38.77
1,691.0,1275000,1585000.0,80.0,20%-<30%,Black or African American,Home_Purchase,Principal_Residence,Originated,1.0,2,0.5686155144186741,79.45
3,81.0,155000,175000.0,89.747,30%-<36%,White,CashOut_Refinance,Principal_Residence,Originated,1.0,0,0.3576792565775835,18.31
3,200.0,365000,375000.0,78.353,Unknown,Race Not Available,CashOut_Refinance,Principal_Residence,Withdrawn,,0,0.3547861931292938,34.62
1,738.0,885000,375000.0,78.353,Unknown,White,CashOut_Refinance,Principal_Residence,Incomplete,,2,0.5227939243907131,10.94
3,191.0,285000,375000.0,78.353,Exempt,White,CashOut_Refinance,Principal_Residence,Originated,1.0,0,0.37560802977326807,20.0
6,109.0,445000,525000.0,82.857,50%-60%,Race Not Available,Home_Purchase,Principal_Residence,Originated,1.0,0,0.3671829607887445,35.23
0,96.0,235000,305000.0,75.0,30%-<36%,White,Home_Purchase,Principal_Residence,Originated,1.0,0,0.3763851169002955,37.1
0,121.0,405000,375000.0,78.353,Unknown,Asian,Home_Purchase,Principal_Residence,Withdrawn,,0,0.3502773153222462,12.97
5,264.0,255000,375000.0,35.961,20%-<30%,White,Home_Improvement,Principal_Residence,Approved_NotAccepted,,2,0.5390459783858134,68.39
3,95.0,135000,185000.0,78.353,Unknown,Race Not Available,CashOut_Refinance,Principal_Residence,Purchased,,0,0.3650786338679169,59.04
0,95.0,475000,555000.0,78.353,Unknown,Race Not Available,Home_Purchase,Principal_Residence,Purchased,,0,0.4208990722440504,25.66
6,74.0,275000,365000.0,74.521,50%-60%,White,CashOut_Refinance,Principal_Residence,Originated,1.0,0,0.3780754816502079,76.64
6,23.0,95000,125000.0,80.0,50%-60%,Black or African American,CashOut_Refinance,Principal_Residence,Originated,1.0,0,0.37251047217230127,45.26
3,180.0,225000,375000.0,78.353,Unknown,White,Refinance,Principal_Residence,Withdrawn,,0,0.39601404784937666,14.62
4,40.0,105000,375000.0,78.353,Unknown,White,Home_Purchase,Principal_Residence,Incomplete,,0,0.44283716070734314,97.58
0,95.0,215000,235000.0,78.353,Unknown,Race Not Available,Home_Purchase,Principal_Residence,Purchased,,0,0.3853924630096224,10.72
5,73.0,45000,375000.0,78.353,Unknown,White,Refinance,Principal_Residence,Incomplete,,0,0.3498985575899408,19.59
3,60.0,195000,245000.0,80.0,30%-<36%,White,CashOut_Refinance,Principal_Residence,Originated,1.0,0,0.45462861913357067,99.46
0,95.0,315000,325000.0,78.353,Unknown,Race Not Available,Home_Purchase,Principal_Residence,Purchased,,0,0.3775307969893834,17.88
0,240.0,15000,375000.0,78.353,Exempt,Asian,Other,Principal_Residence,Denied,0.0,0,0.38452324873005883,52.04
3,279.0,585000,1255000.0,46.96,20%-<30%,White,Refinance,Principal_Residence,Originated,1.0,1,0.5084948720786968,13.71
0,92.0,215000,215000.0,100.0,43%-<50%,Black or African American,Home_Purchase,Principal_Residence,Originated,1.0,0,0.46158573459207697,90.07
5,226.0,55000,1405000.0,78.73,36%-<43%,Asian,Other,Principal_Residence,Denied,0.0,1,0.5045192256059818,65.34
0,95.0,345000,455000.0,78.353,Unknown,Race Not Available,Home_Purchase,Principal_Residence,Purchased,,0,0.3630027148653434,40.08
0,60.0,305000,355000.0,87.288,43%-<50%,Race Not Available,Home_Purchase,Principal_Residence,Originated,1.0,0,0.3576575423224998,29.49
6,46.0,205000,725000.0,27.59,>60%,Asian,Home_Improvement,Principal_Residence,Denied,0.0,0,0.4982559367273821,89.85
5,120.0,95000,665000.0,72.389,30%-<36%,Race Not Available,Home_Improvement,Principal_Residence,Originated,1.0,0,0.406048878919607,51.43
5,153.0,75000,335000.0,61.513,20%-<30%,White,Home_Improvement,Principal_Residence,Originated,1.0,0,0.3713115894087604,40.41
0,43.0,245000,375000.0,78.353,Unknown,White,Home_Purchase,Principal_Residence,Withdrawn,,0,0.38009576028748127,75.4
4,20.0,125000,375000.0,78.353,>60%,White,CashOut_Refinance,Principal_Residence,Denied,0.0,0,0.36889916927713745,64.42
0,113.0,305000,325000.0,94.985,30%-<36%,Race Not Available,Home_Purchase,Principal_Residence,Approved_NotAccepted,,0,0.35951428623387754,42.71
5,183.0,55000,375000.0,63.201,<20%,White,Home_Improvement,Principal_Residence,Originated,1.0,0,0.3748521933909211,18.1
5,55.0,15000,325000.0,102.392,43%-<50%,White,Home_Purchase,Principal_Residence,Originated,1.0,0,0.4096143956043999,44.12
0,69.0,165000,375000.0,78.353,Unknown,White,Home_Purchase,Principal_Residence,Withdrawn,,0,0.41663959707906173,94.43
0,69.0,205000,255000.0,82.76,20%-<30%,Race Not Available,Home_Purchase,Principal_Residence,Originated,1.0,0,0.37097352673383455,58.83
0,163.0,375000,445000.0,85.0,30%-<36%,White,Home_Purchase,Principal_Residence,Originated,1.0,0,0.4302066199577812,20.72
0,26.0,85000,115000.0,74.0,36%-<43%,White,Home_Purchase,Principal_Residence,Originated,1.0,0,0.41782363082846286,82.9
0,85.0,395000,415000.0,95.0,36%-<43%,Race Not Available,Home_Purchase,Principal_Residence,Approved_NotAccepted,,0,0.4073005790269895,80.4
3,208.0,235000,375000.0,78.353,Unknown,Race Not Available,CashOut_Refinance,Principal_Residence,Withdrawn,,0,0.36405196730890194,8.32
3,105.0,325000,405000.0,82.0,36%-<43%,White,Refinance,Principal_Residence,Originated,1.0,0,0.37903907688758615,16.25
0,118.0,355000,375000.0,78.353,Unknown,White,Home_Purchase,Principal_Residence,Withdrawn,,0,0.3479133541134273,15.74
0,59.0,135000,175000.0,80.0,36%-<43%,White,Other,Principal_Residence,Originated,1.0,0,0.3932089685852101,11.17
0,188.0,705000,885000.0,80.0,36%-<43%,White,Home_Purchase,Principal_Residence,Originated,1.0,0,0.4044683827075826,13.69
0,90.0,325000,375000.0,78.353,Unknown,White,Home_Purchase,Principal_Residence,Withdrawn,,0,0.3498881856357618,47.55
3,54.0,135000,255000.0,55.0,36%-<43%,White,CashOut_Refinance,Principal_Residence,Originated,1.0,0,0.4471479176477332,47.61
0,95.0,485000,495000.0,78.353,Unknown,White,Home_Purchase,Principal_Residence,Purchased,,0,0.3728767839777173,58.16
3,47.0,225000,375000.0,78.353,Unknown,Asian,CashOut_Refinance,Principal_Residence,Withdrawn,,0,0.3600372017276887,47.61
0,65.0,195000,205000.0,95.0,20%-<30%,White,Home_Purchase,Principal_Residence,Originated,1.0,0,0.3871979727833552,10.93
0,91.0,475000,375000.0,78.353,Unknown,Asian,Home_Purchase,Principal_Residence,Withdrawn,,0,0.3490500224994635,29.36
3,120.0,295000,375000.0,78.353,Unknown,Black or African American,Refinance,Principal_Residence,Withdrawn,,0,0.4084207204833631,97.42
2,105.0,215000,265000.0,80.0,43%-<50%,White,Home_Purchase,Investment,Originated,1.0,0,0.3532588181230501,17.34
0,95.0,135000,135000.0,97.0,30%-<36%,Joint,Home_Purchase,Principal_Residence,Originated,1.0,0,0.40357022417268185,5.48
6,94.0,145000,505000.0,89.75,50%-60%,Native Hawaiian or Other Pacific Islander,Home_Improvement,Principal_Residence,Denied,0.0,0,0.40525965505092004,73.27
1,318.0,635000,685000.0,93.0,36%-<43%,White,Home_Purchase,Principal_Residence,Originated,1.0,0,0.45403764852944745,14.5
4,115.0,145000,375000.0,78.353,Unknown,Race Not Available,Home_Purchase,Principal_Residence,Incomplete,,0,0.4407085283919362,99.68
6,88.0,335000,395000.0,82.82,50%-60%,White,CashOut_Refinance,Principal_Residence,Denied,0.0,0,0.37901748728468926,69.16
6,50.0,125000,155000.0,80.0,50%-60%,White,Refinance,Principal_Residence,Denied,0.0,0,0.3559001223083125,34.25
5,96.0,35000,495000.0,85.0,36%-<43%,White,Home_Improvement,Principal_Residence,Originated,1.0,0,0.3705388056770013,10.79
0,160.0,385000,375000.0,78.353,Unknown,Joint,Home_Purchase,Principal_Residence,Withdrawn,,0,0.3542402667080002,31.68
3,78.0,275000,335000.0,80.0,36%-<43%,White,CashOut_Refinance,Principal_Residence,Originated,1.0,0,0.3582150909234232,37.6
0,83.0,235000,375000.0,78.353,Unknown,Race Not Available,Home_Purchase,Principal_Residence,Withdrawn,,0,0.36091040606636415,64.22
3,60.0,755000,375000.0,78.353,Unknown,Race Not Available,CashOut_Refinance,Principal_Residence,Withdrawn,,1,0.507778233836934,28.54
0,304.0,725000,905000.0,80.0,<20%,Race Not Available,Home_Purchase,Principal_Residence,Originated,1.0,0,0.4303846407617562,22.59
5,92.0,55000,565000.0,81.95,36%-<43%,White,Home_Purchase,Principal_Residence,Originated,1.0,0,0.4328852146415746,38.27
3,95.0,165000,375000.0,78.353,Unknown,Race Not Available,Refinance,Principal_Residence,Incomplete,,0,0.34512621867907667,45.17
3,110.0,305000,375000.0,78.353,Unknown,White,Refinance,Principal_Residence,Withdrawn,,0,0.4005727117647671,49.89
2,148.0,75000,655000.0,62.392,50%-60%,White,Home_Improvement,Investment,Denied,0.0,0,0.42832761786465434,12.97
5,60.0,75000,375000.0,78.353,Unknown,Black or African American,Other,Principal_Residence,Withdrawn,,0,0.38936834392762787,86.98
1,1140.0,2925000,3655000.0,80.0,36%-<43%,Race Not Available,Home_Purchase,Principal_Residence,Originated,1.0,2,0.670636451307918,35.66
0,55.0,125000,245000.0,50.201,20%-<30%,Race Not Available,Home_Purchase,Principal_Residence,Originated,1.0,0,0.4359796544367424,27.13
0,98.0,455000,565000.0,80.0,43%-<50%,White,Home_Purchase,Principal_Residence,Originated,1.0,0,0.3744976665395809,14.86
0,66.0,235000,375000.0,78.353,Unknown,Black or African American,Home_Purchase,Principal_Residence,Withdrawn,,0,0.36691961668454576,59.69
3,50.0,65000,375000.0,78.353,Exempt,Black or African American,Refinance,Principal_Residence,Approved_NotAccepted,,0,0.36704569006102694,31.42
5,142.0,115000,455000.0,105.3,30%-<36%,White,Home_Improvement,Principal_Residence,Denied,0.0,0,0.4554222887627353,30.82
3,38.0,185000,665000.0,29.0,43%-<50%,White,CashOut_Refinance,Principal_Residence,Originated,1.0,0,0.4517424315158466,16.42
0,135.0,185000,375000.0,78.353,Exempt,White,Home_Purchase,Principal_Residence,Originated,1.0,0,0.3698358520992576,7.37
3,81.0,375000,465000.0,80.0,30%-<36%,American Indian or Alaska Native,CashOut_Refinance,Principal_Residence,Originated,1.0,0,0.38525678811806746,64.58
0,121.0,455000,375000.0,78.353,Unknown,Asian,Home_Purchase,Principal_Residence,Approved_NotAccepted,,0,0.3717242062679719,54.1
0,95.0,455000,465000.0,78.353,Unknown,Race Not Available,Home_Purchase,Principal_Residence,Purchased,,0,0.3702107034356993,24.85
0,67.0,235000,375000.0,78.353,Unknown,Asian,Home_Purchase,Principal_Residence,Withdrawn,,0,0.36105069056004907,32.65
3,161.0,565000,715000.0,80.0,36%-<43%,White,CashOut_Refinance,Principal_Residence,Originated,1.0,0,0.4078515141028067,16.87
6,80.0,235000,365000.0,64.75,50%-60%,Joint,CashOut_Refinance,Principal_Residence,Denied,0.0,0,0.37160898442563967,72.78
1,313.0,335000,925000.0,58.901,30%-<36%,Race Not Available,Refinance,Principal_Residence,Originated,1.0,2,0.5209730820124465,38.88
0,64.0,245000,245000.0,98.189,43%-<50%,Race Not Available,Home_Purchase,Principal_Residence,Originated,1.0,0,0.40714953735993636,93.29
0,56.0,75000,175000.0,42.373,36%-<43%,White,Other,Principal_Residence,Originated,1.0,1,0.5002783582488888,11.39
3,41.0,25000,115000.0,21.7,<20%,White,Other,Principal_Residence,Originated,1.0,0,0.49571299154236975,5.59
3,85.0,165000,375000.0,78.353,Unknown,White,CashOut_Refinance,Principal_Residence,Withdrawn,,0,0.3487575055951787,16.62
0,95.0,255000,255000.0,78.353,Unknown,Race Not Available,Home_Purchase,Principal_Residence,Purchased,,0,0.3916755467673071,87.8
3,94.0,395000,375000.0,78.353,Unknown,Black or African American,CashOut_Refinance,Principal_Residence,Incomplete,,0,0.3682977069356416,77.6
2,95.0,145000,375000.0,78.353,Exempt,Race Not Available,Home_Purchase,Investment,Originated,1.0,0,0.36247769282988185,71.25
3,48.0,105000,375000.0,78.353,Unknown,Race Not Available,Refinance,Principal_Residence,Incomplete,,0,0.3548081970009707,33.45
3,47.0,185000,375000.0,78.353,Unknown,White,Refinance,Principal_Residence,Incomplete,,0,0.3783463778725056,81.82
0,178.0,435000,545000.0,80.0,36%-<43%,Asian,Home_Purchase,Principal_Residence,Originated,1.0,0,0.4627950263213985,55.9
0,181.0,485000,535000.0,89.991,43%-<50%,White,Home_Purchase,Principal_Residence,Originated,1.0,0,0.385431104616585,22.57
5,96.0,75000,205000.0,50.701,43%-<50%,Race Not Available,Refinance,Principal_Residence,Originated,1.0,0,0.4135778806992868,19.15
0,66.0,385000,375000.0,78.353,Unknown,White,Home_Purchase,Principal_Residence,Withdrawn,,0,0.3517539765551192,28.95
1,377.0,1085000,375000.0,78.353,Unknown,Race Not Available,Home_Purchase,Principal_Residence,Incomplete,,1,0.4525063937753189,22.18
5,141.0,45000,375000.0,78.353,Unknown,White,Home_Improvement,Principal_Residence,Withdrawn,,0,0.3688844504162477,20.84
3,43.0,245000,375000.0,78.353,Unknown,White,CashOut_Refinance,Principal_Residence,Withdrawn,,0,0.3569132713243963,20.58
0,144.0,395000,415000.0,95.0,36%-<43%,White,Home_Purchase,Principal_Residence,Denied,0.0,0,0.3968333586519541,67.04
6,120.0,265000,295000.0,90.0,50%-60%,White,Home_Purchase,Principal_Residence,Originated,1.0,0,0.35341011109029913,27.0
3,114.0,205000,245000.0,82.996,<20%,White,Refinance,Principal_Residence,Originated,1.0,0,0.34921619952343613,17.37
0,155.0,655000,925000.0,70.652,36%-<43%,White,Home_Purchase,Principal_Residence,Originated,1.0,0,0.43233762746681575,10.32
6,21.0,205000,325000.0,76.772,>60%,Asian,Other,Principal_Residence,Denied,0.0,0,0.46457389763566465,45.55
2,255.0,215000,265000.0,80.0,<20%,Black or African American,Home_Purchase,Investment,Denied,0.0,0,0.44064168073833393,48.14
0,123.0,525000,705000.0,75.0,36%-<43%,Asian,Home_Purchase,Principal_Residence,Denied,0.0,0,0.41760397022808465,18.89
0,45.0,145000,375000.0,78.353,Unknown,Joint,Home_Purchase,Principal_Residence,Withdrawn,,0,0.35923483482702934,31.24
3,125.0,465000,635000.0,78.353,Unknown,Race Not Available,Refinance,Principal_Residence,Purchased,,0,0.3673212746636262,26.55
0,95.0,165000,175000.0,78.353,Unknown,Race Not Available,Home_Purchase,Principal_Residence,Purchased,,0,0.4031121951831475,12.19
0,117.0,175000,185000.0,95.0,30%-<36%,White,Home_Purchase,Principal_Residence,Originated,1.0,0,0.3821608674041198,11.46
3,110.0,215000,375000.0,78.353,Unknown,Black or African American,CashOut_Refinance,Principal_Residence,Withdrawn,,0,0.3678157090649742,75.03
3,95.0,95000,375000.0,78.353,Unknown,Race Not Available,Refinance,Principal_Residence,Incomplete,,0,0.4204006238781328,85.03
0,30.0,195000,245000.0,80.0,43%-<50%,White,Home_Purchase,Principal_Residence,Originated,1.0,0,0.3829735350989733,31.72
0,95.0,305000,295000.0,78.353,Unknown,Race Not Available,Home_Purchase,Principal_Residence,Purchased,,0,0.35610151552646935,58.45
3,67.0,295000,495000.0,59.49,43%-<50%,Race Not Available,CashOut_Refinance,Principal_Residence,Originated,1.0,0,0.4045816496594692,61.58
6,172.0,1505000,2205000.0,68.282,50%-60%,White,Refinance,Principal_Residence,Originated,1.0,0,0.5246968126419727,26.18
6,48.0,15000,195000.0,82.45,>60%,White,Home_Improvement,Principal_Residence,Denied,0.0,0,0.3804214140921129,5.64
1,390.0,505000,855000.0,58.824,<20%,White,Home_Purchase,Principal_Residence,Originated,1.0,1,0.4706790457197857,7.35
5,139.0,25000,145000.0,57.143,20%-<30%,White,Other,Principal_Residence,Denied,0.0,0,0.4171083750339978,42.04
0,76.0,245000,255000.0,95.0,36%-<43%,White,Home_Purchase,Principal_Residence,Originated,1.0,0,0.41344523885849604,62.06
2,53.0,165000,205000.0,80.0,36%-<43%,White,Home_Purchase,Investment,Originated,1.0,0,0.3617742967198712,7.79
3,67.0,265000,375000.0,78.353,Unknown,Asian,Refinance,Principal_Residence,Withdrawn,,0,0.3969531366737436,18.51
3,68.0,255000,375000.0,78.353,Unknown,White,CashOut_Refinance,Principal_Residence,Denied,0.0,0,0.35732984202280904,64.25
1,500.0,815000,915000.0,89.55,20%-<30%,White,Home_Purchase,Second_Residence,Originated,1.0,1,0.47270134530108604,36.98
0,95.0,235000,245000.0,78.353,Unknown,Race Not Available,Home_Purchase,Principal_Residence,Purchased,,0,0.36855755306568433,38.59
3,78.0,375000,375000.0,78.353,Unknown,Race Not Available,CashOut_Refinance,Principal_Residence,Withdrawn,,0,0.3563210431386499,6.28
2,155.0,225000,305000.0,75.0,20%-<30%,White,Home_Purchase,Investment,Denied,0.0,0,0.3614384504075467,13.54
3,37.0,135000,185000.0,72.97,43%-<50%,White,CashOut_Refinance,Principal_Residence,Originated,1.0,0,0.4136739044291162,39.15
3,43.0,115000,195000.0,59.474,30%-<36%,Race Not Available,CashOut_Refinance,Principal_Residence,Denied,0.0,0,0.3761318005227359,37.93
0,36.0,115000,375000.0,78.353,Unknown,Black or African American,Home_Purchase,Principal_Residence,Withdrawn,,0,0.37533633350654555,71.94
0,42.0,155000,155000.0,101.01,36%-<43%,White,Home_Purchase,Principal_Residence,Approved_NotAccepted,,0,0.38593398825096314,11.06
0,282.0,275000,345000.0,80.0,20%-<30%,Race Not Available,Home_Purchase,Second_Residence,Originated,1.0,0,0.3973181370527522,15.85
6,38.0,15000,295000.0,69.1,50%-60%,White,Other,Principal_Residence,Denied,0.0,0,0.44708064783256835,21.18
0,277.0,405000,1795000.0,40.79,20%-<30%,White,Home_Improvement,Principal_Residence,Originated,1.0,2,0.5728869847588205,62.13
5,69.0,75000,375000.0,95.2,36%-<43%,White,Home_Improvement,Principal_Residence,Denied,0.0,0,0.37396895610670855,13.13
0,167.0,615000,685000.0,90.0,30%-<36%,White,Home_Purchase,Principal_Residence,Originated,1.0,0,0.3995767697009511,46.47
3,70.0,375000,375000.0,78.353,Unknown,White,CashOut_Refinance,Principal_Residence,Incomplete,,0,0.3550408841857885,34.11
0,86.0,365000,375000.0,78.353,Exempt,White,Home_Purchase,Principal_Residence,Originated,1.0,0,0.3458373613077891,19.3
1,418.0,755000,1215000.0,61.541,30%-<36%,White,Home_Purchase,Principal_Residence,Originated,1.0,1,0.5005854437235463,64.13
3,22.0,25000,155000.0,13.063,30%-<36%,Black or African American,Home_Improvement,Principal_Residence,Originated,1.0,1,0.5670041170842532,87.8
0,308.0,835000,935000.0,90.0,20%-<30%,Race Not Available,Home_Purchase,Principal_Residence,Preapproval_Approved_NotAccepted,,2,0.5792339548883212,0.0
3,39.0,135000,375000.0,78.353,Exempt,White,CashOut_Refinance,Principal_Residence,Denied,0.0,0,0.4120463937758758,88.76
5,78.0,45000,375000.0,78.353,Unknown,White,Other,Principal_Residence,Withdrawn,,0,0.3786794071627642,63.26
3,103.0,445000,2665000.0,16.6542,43%-<50%,White,Refinance,Second_Residence,Originated,1.0,3,0.633943299375713,91.78
0,78.0,475000,525000.0,89.999,43%-<50%,Race Not Available,Home_Purchase,Principal_Residence,Originated,1.0,0,0.37132421148236416,25.87
1,954.0,605000,2505000.0,66.0,20%-<30%,White,Other,Second_Residence,Originated,1.0,3,0.6255722542658422,5.74
0,102.0,605000,715000.0,85.0,43%-<50%,Asian,Home_Purchase,Principal_Residence,Originated,1.0,1,0.5164205425390358,92.27
0,54.0,285000,385000.0,74.026,36%-<43%,White,Home_Purchase,Principal_Residence,Originated,1.0,0,0.3542776273364655,9.59
0,119.0,375000,395000.0,95.0,30%-<36%,White,Home_Purchase,Principal_Residence,Originated,1.0,1,0.4341455909234892,18.03
4,69.0,25000,235000.0,67.826,36%-<43%,White,Home_Improvement,Principal_Residence,Originated,1.0,0,0.4015996216459336,4.97
0,56.0,135000,145000.0,95.0,30%-<36%,Race Not Available,Home_Purchase,Principal_Residence,Originated,1.0,0,0.36954130555628983,19.78
6,21.0,205000,325000.0,84.239,>60%,Asian,Home_Improvement,Principal_Residence,Denied,0.0,0,0.4682268619497816,95.25
5,118.0,105000,325000.0,41.367,20%-<30%,White,Home_Improvement,Principal_Residence,Originated,1.0,0,0.389376167358345,11.81
3,27.0,85000,75000.0,111.99,43%-<50%,Black or African American,Refinance,Principal_Residence,Denied,0.0,0,0.47343529412646884,96.74
3,199.0,195000,215000.0,89.3,43%-<50%,White,CashOut_Refinance,Principal_Residence,Originated,1.0,0,0.38243084059309373,23.03
5,402.0,35000,665000.0,85.0,<20%,White,Other,Principal_Residence,Originated,1.0,0,0.4117645391155435,16.41
0,95.0,255000,265000.0,78.353,Unknown,Race Not Available,Home_Purchase,Principal_Residence,Purchased,,0,0.365722698621321,70.19
5,43.0,45000,145000.0,26.75,36%-<43%,Race Not Available,Other,Principal_Residence,Originated,1.0,0,0.45358067451928025,16.06
0,72.0,285000,305000.0,95.0,36%-<43%,Race Not Available,Home_Purchase,Principal_Residence,Preapproval_Approved_NotAccepted,,2,0.5183158921429363,0.0
1,739.0,645000,375000.0,78.353,Unknown,White,Home_Purchase,Second_Residence,Withdrawn,,0,0.4690721460045979,6.73
0,117.0,465000,585000.0,80.0,36%-<43%,White,Home_Purchase,Principal_Residence,Originated,1.0,0,0.3584894680952417,18.73
4,80.0,75000,125000.0,41.0,20%-<30%,White,Home_Purchase,Principal_Residence,Originated,1.0,0,0.4185951655692724,33.43
6,60.0,185000,325000.0,57.813,>60%,White,Home_Purchase,Principal_Residence,Denied,0.0,0,0.3637076741152997,23.95
6,62.0,385000,425000.0,88.29,50%-60%,White,Home_Purchase,Principal_Residence,Originated,1.0,0,0.3754835654787717,20.83
4,16.0,95000,95000.0,78.353,>60%,White,Home_Purchase,Principal_Residence,Denied,0.0,0,0.39631464362579033,18.69
0,68.0,155000,155000.0,100.0,20%-<30%,White,Home_Purchase,Principal_Residence,Originated,1.0,0,0.395637651132432,39.75
0,140.0,515000,535000.0,97.0,36%-<43%,White,Home_Purchase,Principal_Residence,Originated,1.0,0,0.3893490322669912,37.53
5,162.0,55000,395000.0,82.56,36%-<43%,White,Other,Principal_Residence,Originated,1.0,0,0.45435588100972574,39.82
0,95.0,225000,275000.0,78.353,Unknown,Race Not Available,Home_Purchase,Principal_Residence,Purchased,,0,0.3573690968659271,40.21
4,32.0,75000,375000.0,78.353,Unknown,White,Home_Purchase,Principal_Residence,Incomplete,,0,0.376728192990509,33.7
0,62.0,235000,275000.0,85.321,43%-<50%,White,Home_Purchase,Principal_Residence,Originated,1.0,0,0.3915039302108941,33.02
0,114.0,505000,535000.0,95.0,36%-<43%,White,Home_Purchase,Principal_Residence,Originated,1.0,0,0.4075884281492619,22.4
0,63.0,355000,375000.0,78.353,Unknown,Asian,Home_Purchase,Principal_Residence,Incomplete,,1,0.5217514622673022,98.44
0,91.0,155000,195000.0,80.0,30%-<36%,White,Other,Principal_Residence,Originated,1.0,0,0.3598514362961036,6.79
0,95.0,435000,835000.0,78.353,Unknown,Race Not Available,Home_Purchase,Principal_Residence,Purchased,,0,0.3763156553627229,56.16
0,108.0,345000,425000.0,80.0,43%-<50%,White,Home_Purchase,Principal_Residence,Originated,1.0,0,0.35131926767845884,43.24
0,35.0,155000,185000.0,83.6,43%-<50%,White,Home_Purchase,Principal_Residence,Approved_NotAccepted,,0,0.3740987840212486,40.87
0,295.0,845000,1055000.0,80.0,20%-<30%,White,Home_Purchase,Principal_Residence,Denied,0.0,1,0.528879447773212,39.61
0,61.0,305000,315000.0,97.0,30%-<36%,White,Home_Purchase,Principal_Residence,Originated,1.0,0,0.43562323308430134,30.08
3,78.0,425000,375000.0,78.353,Unknown,Asian,CashOut_Refinance,Principal_Residence,Withdrawn,,0,0.38477090240414874,14.82
0,19.0,75000,375000.0,78.353,Unknown,White,Other,Principal_Residence,Withdrawn,,0,0.37280014912249854,5.52
0,168.0,435000,585000.0,78.353,Unknown,White,Home_Purchase,Principal_Residence,Denied,0.0,1,0.5370698274325669,0.0
6,32.0,205000,605000.0,34.0,>60%,White,Refinance,Principal_Residence,Denied,0.0,1,0.4774909079442566,89.72
6,152.0,215000,1045000.0,61.501,50%-60%,Asian,CashOut_Refinance,Principal_Residence,Originated,1.0,0,0.46736359441044073,47.15
0,95.0,345000,375000.0,78.353,Unknown,White,Home_Purchase,Principal_Residence,Withdrawn,,0,0.3476634771285152,15.06
0,64.0,395000,375000.0,78.353,Unknown,Joint,Home_Purchase,Principal_Residence,Withdrawn,,0,0.34902990667485184,19.84
0,110.0,305000,305000.0,100.343,20%-<30%,Joint,Home_Purchase,Principal_Residence,Originated,1.0,0,0.39323783640250365,11.83
3,77.0,115000,375000.0,78.353,Unknown,White,Refinance,Principal_Residence,Incomplete,,0,0.35485795861707914,11.42
0,102.0,185000,195000.0,96.5,20%-<30%,Black or African American,Home_Purchase,Principal_Residence,Originated,1.0,0,0.3878201431048869,11.07
0,140.0,305000,385000.0,78.353,Unknown,White,Home_Purchase,Principal_Residence,Purchased,,0,0.3763805186009208,29.83
0,283.0,1195000,1555000.0,76.53,43%-<50%,White,Home_Purchase,Principal_Residence,Originated,1.0,2,0.5545423354214615,51.22
0,107.0,425000,425000.0,100.0,36%-<43%,Race Not Available,Home_Purchase,Principal_Residence,Originated,1.0,0,0.41027776603245436,55.1
3,130.0,385000,655000.0,59.231,30%-<36%,Race Not Available,Refinance,Principal_Residence,Denied,0.0,0,0.49702170958667613,98.31
0,112.0,595000,755000.0,77.467,43%-<50%,Race Not Available,Home_Purchase,Principal_Residence,Originated,1.0,0,0.44095320419629824,84.53
3,67.0,265000,845000.0,33.0,43%-<50%,Asian,CashOut_Refinance,Principal_Residence,Originated,1.0,0,0.4495797929635278,39.89
2,191.0,645000,1805000.0,35.956,43%-<50%,White,Refinance,Investment,Denied,0.0,0,0.5350902639048511,38.84
5,150.0,155000,665000.0,77.13,43%-<50%,White,Other,Principal_Residence,Originated,1.0,0,0.43557849772136553,23.6
0,216.0,325000,375000.0,78.353,Exempt,White,Home_Purchase,Principal_Residence,Originated,1.0,0,0.3815136835958362,12.62
6,47.0,65000,185000.0,80.747,50%-60%,Race Not Available,Other,Principal_Residence,Denied,0.0,0,0.5477514614937921,97.41
5,295.0,105000,745000.0,76.433,30%-<36%,White,Refinance,Principal_Residence,Originated,1.0,0,0.4144103949548687,19.76
5,121.0,105000,305000.0,44.81,30%-<36%,White,Home_Improvement,Principal_Residence,Originated,1.0,0,0.4299499902609424,32.21
0,54.0,55000,375000.0,78.353,Unknown,Race Not Available,Home_Purchase,Second_Residence,Incomplete,,0,0.40885924906102433,95.45
4,43.0,75000,375000.0,78.353,Unknown,Race Not Available,Home_Purchase,Principal_Residence,Incomplete,,0,0.47278583878999453,0.0
2,122.0,205000,315000.0,64.516,36%-<43%,White,Refinance,Investment,Originated,1.0,0,0.41207092693517156,42.03
5,225.0,95000,405000.0,88.578,43%-<50%,White,Home_Improvement,Principal_Residence,Denied,0.0,0,0.4006493436701035,11.08
6,74.0,65000,225000.0,84.328,50%-60%,Black or African American,Home_Improvement,Principal_Residence,Originated,1.0,0,0.4917532668473358,26.2
4,52.0,155000,375000.0,78.353,Unknown,Race Not Available,CashOut_Refinance,Principal_Residence,Withdrawn,,0,0.35146077774180096,28.71
0,152.0,385000,405000.0,78.353,Unknown,White,Home_Purchase,Principal_Residence,Purchased,,0,0.3631489334062342,13.87
5,122.0,115000,305000.0,79.977,30%-<36%,White,Refinance,Principal_Residence,Originated,1.0,0,0.3600852900404511,13.61
5,142.0,235000,855000.0,85.66,43%-<50%,White,Refinance,Principal_Residence,Originated,1.0,0,0.4162989522161229,56.72
4,29.0,185000,195000.0,78.353,43%-<50%,Race Not Available,Home_Purchase,Principal_Residence,Denied,0.0,0,0.3725649769845389,38.63
3,63.0,335000,605000.0,60.0,43%-<50%,American Indian or Alaska Native,Refinance,Principal_Residence,Denied,0.0,0,0.4274967532988416,53.36
0,126.0,515000,375000.0,78.353,Unknown,White,Home_Purchase,Principal_Residence,Withdrawn,,0,0.3795886112134123,27.51
6,67.0,405000,515000.0,78.43,>60%,White,Home_Purchase,Principal_Residence,Denied,0.0,0,0.3568958631618361,10.52
0,72.0,435000,375000.0,78.353,Unknown,White,Home_Purchase,Principal_Residence,Withdrawn,,0,0.3495320256589025,34.16
0,119.0,435000,575000.0,75.0,20%-<30%,White,Home_Purchase,Principal_Residence,Originated,1.0,0,0.36619683578678947,13.5
5,143.0,15000,185000.0,62.875,20%-<30%,White,Home_Improvement,Principal_Residence,Originated,1.0,0,0.38630045231823384,9.89
3,95.0,145000,375000.0,78.353,Unknown,Black or African American,Refinance,Principal_Residence,Incomplete,,0,0.3836084813519407,91.66
0,95.0,95000,375000.0,78.353,Unknown,Race Not Available,Other,Principal_Residence,Purchased,,0,0.38858817065737516,84.47
0,81.0,305000,305000.0,96.5,43%-<50%,White,Home_Purchase,Principal_Residence,Originated,1.0,0,0.355334795957904,32.98
0,84.0,345000,365000.0,95.0,36%-<43%,White,Home_Purchase,Principal_Residence,Originated,1.0,0,0.3656786161421357,48.43
0,110.0,515000,645000.0,80.0,43%-<50%,White,Home_Purchase,Principal_Residence,Originated,1.0,0,0.3683123098884879,19.84
1,341.0,975000,3105000.0,31.29,43%-<50%,Asian,Home_Purchase,Principal_Residence,Originated,1.0,2,0.6490536662268206,82.86
5,78.0,25000,575000.0,79.967,43%-<50%,White,Home_Improvement,Principal_Residence,Originated,1.0,0,0.3916269231453408,20.94
0,253.0,425000,375000.0,78.353,Unknown,White,Home_Purchase,Principal_Residence,Withdrawn,,0,0.3913003983031156,19.21
0,168.0,325000,415000.0,78.353,Unknown,Race Not Available,Home_Purchase,Principal_Residence,Purchased,,0,0.407515939989465,13.01
3,42.0,105000,155000.0,68.0,30%-<36%,White,Refinance,Principal_Residence,Denied,0.0,0,0.4079571277268471,7.71
0,95.0,295000,315000.0,78.353,Unknown,Race Not Available,Home_Purchase,Principal_Residence,Purchased,,0,0.34531264101314113,36.87
0,95.0,205000,205000.0,78.353,Unknown,Race Not Available,Home_Purchase,Principal_Residence,Purchased,,0,0.34860135140480103,14.09
0,95.0,155000,175000.0,78.353,Unknown,Race Not Available,Home_Purchase,Principal_Residence,Purchased,,0,0.3780101843162563,19.76
1,562.0,205000,725000.0,78.41,20%-<30%,Race Not Available,Other,Principal_Residence,Originated,1.0,0,0.5110604334743839,45.09
5,367.0,255000,1345000.0,74.5093,20%-<30%,White,Refinance,Principal_Residence,Denied,0.0,0,0.4974856156899532,97.0
5,118.0,95000,265000.0,52.876,30%-<36%,White,Other,Principal_Residence,Originated,1.0,0,0.37414339710281275,18.11
1,310.0,1135000,1885000.0,60.275,36%-<43%,White,Home_Purchase,Principal_Residence,Originated,1.0,1,0.51860004682688,12.4
2,175.0,145000,185000.0,75.0,20%-<30%,Asian,Home_Purchase,Investment,Originated,1.0,0,0.3621020184653255,28.89
0,86.0,365000,385000.0,97.0,43%-<50%,White,Home_Purchase,Principal_Residence,Originated,1.0,0,0.40764690069495507,84.76
0,135.0,135000,165000.0,80.0,<20%,White,Home_Purchase,Principal_Residence,Originated,1.0,0,0.36139217095383125,38.9
0,95.0,275000,275000.0,78.353,Unknown,Race Not Available,Home_Purchase,Principal_Residence,Purchased,,0,0.3568406381669816,43.03
0,87.0,455000,465000.0,96.5,43%-<50%,Race Not Available,Home_Purchase,Principal_Residence,Originated,1.0,0,0.42213181367475405,99.14
6,95.0,105000,375000.0,78.353,50%-60%,Race Not Available,Home_Improvement,Principal_Residence,Denied,0.0,0,0.35439908991973373,32.76
3,64.0,165000,375000.0,78.353,Unknown,White,Refinance,Principal_Residence,Incomplete,,0,0.35368790826513774,19.43
0,36.0,175000,185000.0,97.0,43%-<50%,White,Home_Purchase,Principal_Residence,Preapproval_Approved_NotAccepted,,2,0.5321773242960975,0.0
0,95.0,165000,235000.0,78.353,Unknown,Race Not Available,NotApplicable,Principal_Residence,Purchased,,0,0.37824780783524553,12.96
5,232.0,205000,805000.0,60.504,36%-<43%,Race Not Available,Refinance,Principal_Residence,Originated,1.0,0,0.45306205089754376,13.98
3,23.0,355000,605000.0,78.353,Unknown,Race Not Available,Refinance,Principal_Residence,Originated,1.0,0,0.4262004839998699,97.3
6,86.0,315000,325000.0,95.0,50%-60%,Race Not Available,Home_Purchase,Principal_Residence,Originated,1.0,0,0.3558849369763265,19.17
6,61.0,235000,245000.0,96.5,50%-60%,White,Home_Purchase,Principal_Residence,Originated,1.0,0,0.36695369308383013,10.56
0,163.0,425000,525000.0,80.0,43%-<50%,White,Home_Purchase,Principal_Residence,Originated,1.0,0,0.41896595627363903,25.9
0,90.0,385000,375000.0,78.353,Unknown,Black or African American,Home_Purchase,Principal_Residence,Withdrawn,,0,0.3548822540941555,52.23
3,36.0,135000,375000.0,78.353,Unknown,Race Not Available,CashOut_Refinance,Principal_Residence,Incomplete,,0,0.35371208827901923,18.08
3,125.0,55000,195000.0,25.13,<20%,Race Not Available,Other,Principal_Residence,Denied,0.0,0,0.4493467384657322,13.09
2,128.0,215000,255000.0,85.0,36%-<43%,Race Not Available,Home_Purchase,Investment,Preapproval_Approved_NotAccepted,,1,0.51774180784144,0.0
4,44.0,105000,105000.0,78.353,50%-60%,Black or African American,Home_Purchase,Principal_Residence,Denied,0.0,0,0.40216359262253765,33.63
0,95.0,315000,325000.0,78.353,Unknown,Race Not Available,Home_Purchase,Principal_Residence,Purchased,,0,0.367370207589372,43.85
4,63.0,125000,375000.0,78.353,Unknown,White,Home_Purchase,Principal_Residence,Withdrawn,,0,0.3681386800657967,6.89
0,79.0,435000,375000.0,78.353,Unknown,White,Home_Purchase,Principal_Residence,Withdrawn,,1,0.5274267788439206,0.0
3,0.0,225000,375000.0,78.353,Unknown,Race Not Available,CashOut_Refinance,Principal_Residence,Withdrawn,,0,0.4231121794170323,96.25
1,256.0,325000,965000.0,33.85,<20%,Asian,Home_Purchase,Principal_Residence,Originated,1.0,1,0.4955653875583239,77.48
3,72.0,255000,375000.0,78.353,Unknown,Race Not Available,CashOut_Refinance,Principal_Residence,Withdrawn,,0,0.35045404759362325,10.87
1,3692.0,295000,375000.0,78.353,Unknown,Asian,Home_Purchase,Second_Residence,Withdrawn,,0,0.5136629889298238,10.36
0,45.0,155000,155000.0,78.353,Unknown,White,Home_Purchase,Principal_Residence,Purchased,,0,0.36864429192450254,8.04
0,96.0,295000,375000.0,80.0,20%-<30%,Asian,Home_Purchase,Principal_Residence,Originated,1.0,0,0.35853177825750115,18.16
0,67.0,185000,205000.0,78.353,Unknown,Race Not Available,Home_Purchase,Principal_Residence,Purchased,,0,0.36508443194732054,67.05
6,64.0,325000,335000.0,96.5,50%-60%,Race Not Available,Home_Purchase,Principal_Residence,Originated,1.0,0,0.3861238104679387,41.74
2,95.0,505000,635000.0,80.0,Unknown,White,Home_Purchase,Investment,Approved_NotAccepted,,0,0.37263303428346906,55.12
0,95.0,355000,355000.0,78.353,Unknown,Race Not Available,Home_Purchase,Principal_Residence,Purchased,,0,0.3539121790742625,28.94
0,149.0,405000,445000.0,89.89,Unknown,Race Not Available,Home_Purchase,Principal_Residence,Preapproval_Denied,,1,0.530218356630567,0.0
0,58.0,105000,135000.0,75.0,20%-<30%,Race Not Available,Home_Purchase,Principal_Residence,Originated,1.0,0,0.3617954030974823,32.34
0,59.0,245000,315000.0,80.0,43%-<50%,White,Home_Purchase,Principal_Residence,Originated,1.0,0,0.34976797141310373,23.18
0,53.0,225000,225000.0,100.0,36%-<43%,Black or African American,Home_Purchase,Principal_Residence,Originated,1.0,0,0.4036282462127372,70.18
6,144.0,285000,285000.0,96.5,50%-60%,White,Home_Purchase,Principal_Residence,Originated,1.0,0,0.3769975198143408,27.29
0,73.0,145000,175000.0,80.0,36%-<43%,White,Home_Purchase,Principal_Residence,Originated,1.0,0,0.38373754904647267,26.1
6,118.0,565000,595000.0,95.0,50%-60%,Black or African American,Home_Purchase,Principal_Residence,Originated,1.0,0,0.4360412168114726,55.33
2,264.0,175000,375000.0,78.353,Unknown,Race Not Available,Other,Investment,Withdrawn,,0,0.36791653677474184,22.24
5,157.0,45000,375000.0,78.353,Unknown,Race Not Available,Other,Principal_Residence,Incomplete,,0,0.36433034457975316,48.73
3,80.0,465000,375000.0,78.353,Unknown,White,CashOut_Refinance,Principal_Residence,Withdrawn,,0,0.3692096375284458,6.22
3,199.0,105000,325000.0,31.563,<20%,White,Home_Improvement,Principal_Residence,Originated,1.0,0,0.4121795721182578,25.52
3,283.0,405000,375000.0,78.353,Unknown,Race Not Available,Refinance,Principal_Residence,Denied,0.0,0,0.3789396713741114,31.63
3,30.0,155000,375000.0,78.353,Unknown,White,Refinance,Principal_Residence,Withdrawn,,0,0.39632290512831037,56.78
3,29.0,35000,375000.0,78.353,Unknown,Black or African American,Refinance,Principal_Residence,Incomplete,,0,0.4387796040334676,54.82
0,95.0,285000,335000.0,78.353,Unknown,Race Not Available,Home_Purchase,Principal_Residence,Purchased,,0,0.3422970365881125,19.41
0,193.0,455000,465000.0,96.5,43%-<50%,Joint,Home_Purchase,Principal_Residence,Originated,1.0,0,0.4301114503310077,25.97
3,167.0,385000,495000.0,77.778,30%-<36%,Asian,Refinance,Principal_Residence,Originated,1.0,0,0.3662868109477687,44.29
5,90.0,25000,145000.0,17.519,43%-<50%,White,CashOut_Refinance,Principal_Residence,Denied,0.0,1,0.5077517125354122,7.46
3,326.0,285000,375000.0,78.353,Unknown,White,Refinance,Second_Residence,Incomplete,,0,0.4254998308026587,23.37
6,66.0,455000,565000.0,80.36,>60%,White,CashOut_Refinance,Principal_Residence,Denied,0.0,0,0.3803707568696786,6.98
3,289.0,645000,1095000.0,68.55,30%-<36%,Black or African American,CashOut_Refinance,Principal_Residence,Originated,1.0,0,0.43182067133308255,18.73
3,191.0,525000,755000.0,69.333,36%-<43%,White,CashOut_Refinance,Principal_Residence,Originated,1.0,0,0.4387375611504254,9.87
1,423.0,525000,705000.0,75.0,20%-<30%,White,Home_Purchase,Second_Residence,Originated,1.0,0,0.41706217188696265,10.87
0,230.0,925000,375000.0,78.353,Unknown,Asian,Home_Purchase,Principal_Residence,Withdrawn,,0,0.43938523077262376,59.94
6,58.0,5000,215000.0,63.426,>60%,Asian,CashOut_Refinance,Principal_Residence,Denied,0.0,0,0.43590207282827653,72.59
3,54.0,115000,115000.0,100.9,20%-<30%,Black or African American,CashOut_Refinance,Principal_Residence,Denied,0.0,0,0.45369371148538895,97.52
0,157.0,395000,445000.0,90.0,36%-<43%,Asian,Home_Purchase,Principal_Residence,Originated,1.0,0,0.38993764210352166,77.62
5,148.0,55000,375000.0,78.353,Unknown,White,CashOut_Refinance,Principal_Residence,Incomplete,,0,0.40048533951910353,18.45
0,35.0,225000,375000.0,78.353,Unknown,Race Not Available,Home_Purchase,Principal_Residence,Withdrawn,,0,0.3678378348424806,37.96
0,75.0,255000,265000.0,95.0,30%-<36%,White,Home_Purchase,Principal_Residence,Preapproval_Denied,,2,0.5189724820762741,0.0
0,104.0,165000,195000.0,85.0,20%-<30%,White,Home_Purchase,Principal_Residence,Originated,1.0,0,0.3573938943107892,51.51
0,216.0,555000,795000.0,69.6203,20%-<30%,Race Not Available,Other,Second_Residence,Originated,1.0,0,0.3955333518004736,34.53
5,269.0,235000,615000.0,99.86,30%-<36%,Black or African American,Refinance,Principal_Residence,Originated,1.0,1,0.45652714985683096,61.17
0,178.0,565000,375000.0,78.353,Unknown,Asian,Home_Purchase,Principal_Residence,Withdrawn,,0,0.3808319147038806,35.24
3,88.0,305000,515000.0,59.22,43%-<50%,White,CashOut_Refinance,Principal_Residence,Originated,1.0,0,0.37646091797642867,14.1
0,75.0,245000,275000.0,90.741,43%-<50%,White,Home_Purchase,Principal_Residence,Originated,1.0,0,0.3649012038177314,6.86
3,133.0,455000,775000.0,59.221,36%-<43%,White,CashOut_Refinance,Principal_Residence,Originated,1.0,0,0.4129351268763447,25.89
5,38.0,25000,215000.0,28.298,36%-<43%,White,Other,Principal_Residence,Originated,1.0,0,0.49676495497539663,16.47
0,77.0,265000,375000.0,78.353,Unknown,White,Home_Purchase,Principal_Residence,Withdrawn,,0,0.3457354501642283,33.45
0,73.0,265000,375000.0,97.0,43%-<50%,Race Not Available,Home_Purchase,Principal_Residence,Preapproval_Approved_NotAccepted,,2,0.5226677517936641,0.0
3,116.0,375000,505000.0,78.353,Unknown,Asian,Refinance,Principal_Residence,Purchased,,0,0.4706281228163428,17.7
2,73.0,125000,155000.0,80.0,30%-<36%,White,Home_Purchase,Investment,Originated,1.0,0,0.37523136098801824,68.84
0,48.0,145000,155000.0,78.353,43%-<50%,White,Home_Purchase,Principal_Residence,Originated,1.0,0,0.3707779505286652,6.73
1,1022.0,705000,1915000.0,78.353,Unknown,Race Not Available,Home_Purchase,Principal_Residence,Purchased,,0,0.5791032172454302,16.53
0,136.0,335000,375000.0,78.353,Unknown,Race Not Available,Home_Purchase,Principal_Residence,Withdrawn,,0,0.35747934945376236,21.12
3,90.0,215000,285000.0,74.0,36%-<43%,White,CashOut_Refinance,Principal_Residence,Originated,1.0,0,0.3494176596210915,41.43
0,60.0,285000,375000.0,78.353,Unknown,White,Home_Purchase,Principal_Residence,Withdrawn,,0,0.34661696432040684,20.58
3,97.0,275000,375000.0,78.353,Unknown,White,Refinance,Principal_Residence,Incomplete,,0,0.3493994385915107,10.19
0,146.0,415000,445000.0,95.0,43%-<50%,Race Not Available,Home_Purchase,Principal_Residence,Originated,1.0,0,0.38728314412432485,43.97
0,95.0,265000,275000.0,78.353,Unknown,Race Not Available,Home_Purchase,Principal_Residence,Purchased,,0,0.3588553655425766,15.06
0,124.0,405000,375000.0,78.353,Exempt,White,Home_Purchase,Principal_Residence,Originated,1.0,0,0.353705190950576,15.7
3,53.0,175000,225000.0,76.36,20%-<30%,Black or African American,CashOut_Refinance,Principal_Residence,Originated,1.0,0,0.41898145236011514,94.58
5,110.0,55000,255000.0,51.945,43%-<50%,White,Home_Improvement,Principal_Residence,Denied,0.0,0,0.4902427340473163,77.04
0,88.0,235000,235000.0,96.5,43%-<50%,White,Home_Purchase,Principal_Residence,Originated,1.0,0,0.4242441828373586,93.31
3,107.0,155000,465000.0,33.19,20%-<30%,White,CashOut_Refinance,Principal_Residence,Originated,1.0,0,0.40429184358501524,28.18
3,35.0,105000,205000.0,50.0,30%-<36%,White,CashOut_Refinance,Principal_Residence,Originated,1.0,0,0.4091453440674839,5.01
0,95.0,305000,475000.0,78.353,Unknown,Race Not Available,Home_Purchase,Principal_Residence,Purchased,,0,0.363778809389836,69.36
3,285.0,315000,375000.0,78.353,Unknown,Race Not Available,CashOut_Refinance,Principal_Residence,Withdrawn,,0,0.38695492183102814,72.58
2,95.0,65000,125000.0,55.838,Unknown,Race Not Available,Home_Purchase,Investment,Originated,1.0,1,0.5313673117132643,94.58
0,116.0,345000,375000.0,78.353,Unknown,Race Not Available,Other,Principal_Residence,Incomplete,,0,0.37237442420781186,38.84
3,35.0,105000,225000.0,45.95,20%-<30%,Race Not Available,Refinance,Principal_Residence,Originated,1.0,0,0.4217407146005985,10.76
6,39.0,25000,585000.0,92.55,>60%,Black or African American,Other,Principal_Residence,Denied,0.0,0,0.47198652858675016,89.61
0,136.0,415000,375000.0,78.353,Unknown,Race Not Available,Home_Purchase,Principal_Residence,Withdrawn,,0,0.3607309721066778,56.47
0,101.0,215000,225000.0,97.0,43%-<50%,White,Home_Purchase,Principal_Residence,Originated,1.0,0,0.37037583160753335,11.76
6,106.0,845000,955000.0,89.235,50%-60%,Black or African American,CashOut_Refinance,Principal_Residence,Originated,1.0,0,0.4301819461173236,30.55
0,95.0,225000,285000.0,78.353,Unknown,Race Not Available,Home_Purchase,Principal_Residence,Purchased,,0,0.3658377576674893,25.39
0,95.0,425000,445000.0,78.353,Unknown,Race Not Available,Home_Purchase,Principal_Residence,Purchased,,0,0.3559564973620093,24.81
6,40.0,125000,425000.0,28.56,50%-60%,White,Refinance,Principal_Residence,Denied,0.0,0,0.4410795055538836,14.88
6,23.0,145000,325000.0,43.077,>60%,White,CashOut_Refinance,Principal_Residence,Denied,0.0,0,0.47821287571090226,64.72
0,75.0,155000,375000.0,78.353,Unknown,White,Home_Purchase,Principal_Residence,Incomplete,,0,0.3725074865453223,21.79
2,83.0,195000,725000.0,78.353,Unknown,Race Not Available,Refinance,Investment,Purchased,,0,0.4231700597801624,94.79
4,90.0,155000,155000.0,78.353,43%-<50%,White,Home_Purchase,Principal_Residence,Denied,0.0,0,0.3734674723974216,13.33
0,90.0,375000,385000.0,95.0,30%-<36%,White,Home_Purchase,Principal_Residence,Originated,1.0,0,0.36681721907010895,27.12
3,77.0,345000,585000.0,60.0,30%-<36%,Race Not Available,CashOut_Refinance,Principal_Residence,Originated,1.0,0,0.37665229622084356,22.54
0,66.0,195000,215000.0,90.61,30%-<36%,White,Home_Purchase,Principal_Residence,Originated,1.0,0,0.3806184351443232,42.11
3,59.0,195000,455000.0,78.353,Unknown,Race Not Available,CashOut_Refinance,Principal_Residence,Purchased,,0,0.3797711822005522,17.72
6,205.0,725000,725000.0,100.0,50%-60%,White,Home_Purchase,Principal_Residence,Originated,1.0,0,0.510483013908896,82.33
2,110.0,35000,115000.0,70.0,<20%,Asian,Other,Investment,Originated,1.0,0,0.38027662354955044,44.75
3,38.0,125000,285000.0,38.652,30%-<36%,White,CashOut_Refinance,Principal_Residence,Denied,0.0,0,0.45390576812680283,90.99
1,366.0,505000,645000.0,80.0,30%-<36%,Asian,Home_Purchase,Principal_Residence,Originated,1.0,2,0.55024622599509,22.09
3,90.0,175000,375000.0,78.353,Unknown,Black or African American,CashOut_Refinance,Principal_Residence,Incomplete,,0,0.3910566045925932,87.53
0,50.0,195000,375000.0,78.353,30%-<36%,Black or African American,Home_Purchase,Principal_Residence,Denied,0.0,0,0.38111972312145737,73.0
0,47.0,205000,215000.0,96.5,36%-<43%,Black or African American,Home_Purchase,Principal_Residence,Originated,1.0,0,0.37825423747896897,54.34
5,283.0,85000,755000.0,79.9,20%-<30%,Asian,Other,Principal_Residence,Originated,1.0,0,0.44115173775351946,41.09
6,21.0,155000,405000.0,97.15,>60%,White,Other,Principal_Residence,Denied,0.0,0,0.37421110767110777,20.0
3,68.0,105000,245000.0,42.083,Unknown,White,CashOut_Refinance,Second_Residence,Denied,0.0,0,0.405332879623776,16.43
3,43.0,85000,185000.0,44.444,20%-<30%,White,Refinance,Principal_Residence,Originated,1.0,0,0.44557653104037315,7.99
5,167.0,55000,825000.0,59.685,36%-<43%,White,Home_Improvement,Principal_Residence,Originated,1.0,1,0.49777581786403813,6.73
6,93.0,285000,585000.0,84.898,>60%,White,Home_Purchase,Principal_Residence,Denied,0.0,0,0.4381030553178609,6.28
0,45.0,85000,85000.0,90.506,43%-<50%,White,Home_Purchase,Principal_Residence,Preapproval_Approved_NotAccepted,,0,0.45704548624355634,95.53
2,95.0,125000,165000.0,119.65,Unknown,Race Not Available,Home_Purchase,Investment,Originated,1.0,1,0.5077165944177581,47.55
2,71.0,325000,475000.0,67.368,>60%,Native Hawaiian or Other Pacific Islander,CashOut_Refinance,Investment,Denied,0.0,0,0.36617992620248296,23.76
1,1118.0,605000,1825000.0,79.978,20%-<30%,Asian,Home_Improvement,Principal_Residence,Originated,1.0,4,0.6256517217173089,52.66
3,76.0,75000,245000.0,28.237,<20%,White,Home_Purchase,Principal_Residence,Originated,1.0,0,0.4746878864057538,22.93
5,85.0,25000,275000.0,7.38,<20%,White,Refinance,Principal_Residence,Originated,1.0,0,0.4621241458378142,9.5
3,134.0,435000,955000.0,45.846,43%-<50%,White,Refinance,Principal_Residence,Originated,1.0,0,0.42076317799239543,23.38
0,87.0,515000,495000.0,78.353,Unknown,White,Home_Purchase,Principal_Residence,Purchased,,0,0.37483424523085035,7.41
3,197.0,255000,325000.0,80.0,20%-<30%,White,CashOut_Refinance,Principal_Residence,Originated,1.0,0,0.43135571342212375,22.7
3,45.0,85000,375000.0,78.353,Unknown,White,Refinance,Principal_Residence,Incomplete,,0,0.3595744860367322,18.29
0,85.0,285000,375000.0,78.353,Exempt,White,Home_Purchase,Principal_Residence,Approved_NotAccepted,,0,0.35961834166259976,9.35
3,122.0,225000,325000.0,70.0,30%-<36%,White,CashOut_Refinance,Principal_Residence,Originated,1.0,0,0.37241157786210555,34.04
0,59.0,225000,285000.0,78.353,Unknown,Race Not Available,Home_Purchase,Principal_Residence,Purchased,,0,0.36537739916207085,40.87
1,358.0,715000,1225000.0,58.531,20%-<30%,Race Not Available,Refinance,Principal_Residence,Originated,1.0,0,0.46384012932816543,23.62
3,83.0,105000,375000.0,78.353,Unknown,White,CashOut_Refinance,Principal_Residence,Withdrawn,,0,0.3789297471206182,76.36
0,132.0,305000,375000.0,78.353,Unknown,White,Home_Purchase,Principal_Residence,Withdrawn,,0,0.36013130058442855,5.35
0,136.0,545000,625000.0,87.848,20%-<30%,Asian,Home_Purchase,Principal_Residence,Originated,1.0,0,0.3889516747973782,32.29
0,223.0,845000,1055000.0,80.0,20%-<30%,White,Home_Purchase,Principal_Residence,Originated,1.0,0,0.4487646443597888,10.25
0,26.0,45000,65000.0,80.0,20%-<30%,White,Home_Purchase,Principal_Residence,Originated,1.0,0,0.37654942663476976,21.81
0,240.0,555000,615000.0,90.0,20%-<30%,White,Home_Purchase,Principal_Residence,Originated,1.0,0,0.42261785424982806,13.68
5,157.0,75000,375000.0,78.353,Unknown,White,Other,Principal_Residence,Incomplete,,0,0.3556257651234446,17.55
0,51.0,75000,105000.0,75.0,30%-<36%,Race Not Available,Other,Second_Residence,Denied,0.0,0,0.38995502651979,66.41
3,108.0,265000,375000.0,70.755,43%-<50%,White,CashOut_Refinance,Second_Residence,Originated,1.0,0,0.3629975290931338,59.35
3,95.0,255000,375000.0,78.353,Unknown,2 or more minority races,Refinance,Principal_Residence,Denied,0.0,0,0.3755687922148896,65.82
3,46.0,95000,145000.0,69.143,20%-<30%,White,Refinance,Principal_Residence,Originated,1.0,0,0.4138129080502998,4.86
3,48.0,225000,335000.0,69.14,43%-<50%,Black or African American,Refinance,Principal_Residence,Originated,1.0,0,0.37526785930413054,66.41
0,65.0,225000,235000.0,95.0,20%-<30%,White,Home_Purchase,Principal_Residence,Originated,1.0,0,0.3652514550571705,39.15
3,59.0,325000,455000.0,72.778,36%-<43%,White,Refinance,Principal_Residence,Originated,1.0,0,0.36485003933625265,47.41
3,95.0,375000,555000.0,67.842,36%-<43%,Race Not Available,CashOut_Refinance,Principal_Residence,Originated,1.0,0,0.36132347305546353,30.72
0,112.0,505000,635000.0,80.0,36%-<43%,Race Not Available,Home_Purchase,Principal_Residence,Originated,1.0,0,0.403742159605097,36.52
3,282.0,355000,515000.0,68.36,43%-<50%,White,CashOut_Refinance,Second_Residence,Originated,1.0,0,0.38839217687719363,20.32
3,46.0,125000,175000.0,70.59,36%-<43%,White,CashOut_Refinance,Principal_Residence,Originated,1.0,0,0.36663185573680973,15.05
5,120.0,225000,375000.0,78.353,Unknown,White,Other,Principal_Residence,Withdrawn,,0,0.3565670166648136,27.84
0,66.0,265000,285000.0,95.0,30%-<36%,Race Not Available,Home_Purchase,Principal_Residence,Preapproval_Denied,,2,0.5186056004857181,0.0
0,246.0,415000,375000.0,78.353,Unknown,Asian,Home_Purchase,Principal_Residence,Withdrawn,,0,0.37317974238497875,40.08
4,90.0,105000,555000.0,64.66,36%-<43%,White,Home_Improvement,Principal_Residence,Originated,1.0,0,0.36825141138603723,13.78
4,58.0,95000,95000.0,78.353,30%-<36%,Race Not Available,Home_Purchase,Principal_Residence,Denied,0.0,1,0.4497820923898123,38.41
3,2.0,215000,375000.0,78.353,Unknown,Black or African American,Refinance,Principal_Residence,Incomplete,,0,0.39763868903633093,16.75
1,332.0,365000,495000.0,78.353,Unknown,White,Home_Purchase,Second_Residence,Purchased,,0,0.39424233327477637,8.27
3,95.0,325000,365000.0,78.353,Unknown,Race Not Available,Refinance,Principal_Residence,Purchased,,0,0.35567665251877634,15.9
5,140.0,155000,555000.0,80.0,36%-<43%,White,Home_Purchase,Principal_Residence,Originated,1.0,0,0.3558004929659583,20.78
0,95.0,395000,385000.0,78.353,Unknown,Race Not Available,Home_Purchase,Principal_Residence,Purchased,,0,0.3538346430343968,15.48
0,120.0,295000,375000.0,78.353,Unknown,White,Home_Purchase,Principal_Residence,Withdrawn,,0,0.3601442972811613,12.95
4,42.0,135000,375000.0,78.353,Unknown,White,Home_Purchase,Principal_Residence,Preapproval_Approved_NotAccepted,,0,0.3611519798908883,6.98
6,52.0,235000,245000.0,101.86,>60%,Black or African American,Home_Purchase,Principal_Residence,Denied,0.0,0,0.3791889320508703,16.38
0,74.0,85000,125000.0,66.667,<20%,Race Not Available,Other,Principal_Residence,Denied,0.0,0,0.38480440803829236,45.26
2,95.0,75000,145000.0,53.571,Unknown,Race Not Available,CashOut_Refinance,Investment,Originated,1.0,0,0.41893637792837035,83.85
3,56.0,225000,255000.0,88.651,43%-<50%,Race Not Available,Refinance,Principal_Residence,Denied,0.0,0,0.36576466758781745,20.5
3,103.0,125000,535000.0,23.585,36%-<43%,White,Other,Second_Residence,Originated,1.0,0,0.4299326101621544,16.95
6,67.0,405000,325000.0,122.93,>60%,White,Home_Purchase,Principal_Residence,Denied,0.0,0,0.4076244479483094,39.26
3,126.0,505000,635000.0,80.0,30%-<36%,Joint,Refinance,Principal_Residence,Originated,1.0,0,0.3830079270995545,12.68
3,47.0,225000,275000.0,80.0,36%-<43%,Black or African American,CashOut_Refinance,Principal_Residence,Originated,1.0,0,0.3529373354137081,27.75
0,71.0,205000,375000.0,78.353,Unknown,White,Other,Principal_Residence,Withdrawn,,0,0.36580787639913626,7.34
1,415.0,1325000,1655000.0,80.0,20%-<30%,White,Home_Purchase,Principal_Residence,Originated,1.0,1,0.5356383170765101,76.17
0,195.0,905000,1005000.0,90.0,43%-<50%,Joint,Home_Purchase,Principal_Residence,Originated,1.0,2,0.5312299779264857,62.03
3,224.0,475000,875000.0,55.0,43%-<50%,White,CashOut_Refinance,Principal_Residence,Originated,1.0,0,0.410802791145428,14.04
2,95.0,5755000,15255000.0,78.353,Unknown,Race Not Available,Refinance,Investment,Originated,1.0,3,0.7032064772226271,89.81
0,95.0,445000,445000.0,78.353,Unknown,Race Not Available,Home_Purchase,Principal_Residence,Purchased,,0,0.41602410373040305,60.8
3,52.0,295000,425000.0,69.116,36%-<43%,White,CashOut_Refinance,Principal_Residence,Originated,1.0,0,0.38516911002719256,79.24
0,108.0,75000,375000.0,78.353,Unknown,White,Other,Second_Residence,Incomplete,,0,0.42421004930305084,85.38
3,95.0,285000,375000.0,78.353,Unknown,White,Refinance,Principal_Residence,Withdrawn,,0,0.3801995232537474,90.86
5,170.0,105000,375000.0,78.353,Exempt,Race Not Available,Home_Improvement,Principal_Residence,Denied,0.0,0,0.36929404190172704,10.96
0,100.0,505000,505000.0,100.0,43%-<50%,White,Home_Purchase,Principal_Residence,Originated,1.0,0,0.40193899269392114,9.93
2,61.0,115000,155000.0,75.0,43%-<50%,White,Home_Purchase,Investment,Originated,1.0,0,0.3694943200778127,21.21
3,53.0,105000,155000.0,67.333,30%-<36%,White,CashOut_Refinance,Principal_Residence,Originated,1.0,0,0.3847162518465853,21.63
6,80.0,35000,465000.0,77.25,>60%,White,Other,Principal_Residence,Denied,0.0,0,0.35894984409664604,18.02
0,60.0,265000,375000.0,78.353,Unknown,White,Home_Purchase,Principal_Residence,Withdrawn,,0,0.3451071379800512,18.39
0,73.0,275000,275000.0,78.353,30%-<36%,White,Home_Purchase,Principal_Residence,Originated,1.0,0,0.3504298801986334,50.0
4,60.0,195000,195000.0,78.353,>60%,Black or African American,Home_Purchase,Principal_Residence,Denied,0.0,0,0.3779523319367361,38.01
5,250.0,155000,835000.0,75.73,36%-<43%,White,Other,Principal_Residence,Originated,1.0,0,0.4788437835731139,10.27
0,53.0,255000,375000.0,78.353,Unknown,White,Home_Purchase,Principal_Residence,Withdrawn,,0,0.3539696846528061,27.79
0,86.0,315000,325000.0,96.489,43%-<50%,White,Home_Purchase,Principal_Residence,Originated,1.0,0,0.3737386337095131,60.54
4,95.0,185000,185000.0,78.353,Unknown,Race Not Available,Home_Purchase,Principal_Residence,Purchased,,0,0.3581470441836909,9.43
2,95.0,165000,375000.0,78.353,Unknown,Race Not Available,Other,Investment,Withdrawn,,0,0.3641906113780789,58.32
0,104.0,315000,325000.0,96.5,20%-<30%,White,Home_Purchase,Principal_Residence,Originated,1.0,0,0.4004859117271732,72.67
0,56.0,195000,215000.0,95.0,36%-<43%,White,Home_Purchase,Principal_Residence,Originated,1.0,0,0.3937970978948499,73.48
2,77.0,105000,135000.0,77.692,36%-<43%,Race Not Available,Home_Purchase,Investment,Approved_NotAccepted,,0,0.3711930940792631,45.44
0,160.0,305000,385000.0,80.0,36%-<43%,White,Home_Purchase,Principal_Residence,Originated,1.0,0,0.4354614109468609,64.31
5,106.0,115000,765000.0,68.555,20%-<30%,White,CashOut_Refinance,Principal_Residence,Originated,1.0,0,0.41470342243863795,10.87
3,305.0,675000,845000.0,80.0,20%-<30%,White,Refinance,Principal_Residence,Originated,1.0,0,0.4233303720690183,9.62
0,136.0,295000,375000.0,78.353,Unknown,White,Home_Purchase,Principal_Residence,Withdrawn,,0,0.3704022069874983,61.8
0,153.0,435000,375000.0,78.353,Unknown,White,Home_Purchase,Principal_Residence,Withdrawn,,0,0.36993874581703723,59.37
6,26.0,115000,125000.0,91.667,50%-60%,Asian,Home_Purchase,Principal_Residence,Originated,1.0,0,0.4218641426995589,67.7
3,43.0,55000,145000.0,33.78,<20%,White,CashOut_Refinance,Principal_Residence,Originated,1.0,0,0.45515461511118616,19.26
3,168.0,435000,885000.0,49.628,30%-<36%,Asian,Refinance,Principal_Residence,Originated,1.0,1,0.524168842382086,96.57
0,259.0,515000,375000.0,78.353,Unknown,Asian,Home_Purchase,Second_Residence,Withdrawn,,0,0.39470285062360533,21.56
3,46.0,75000,175000.0,44.0,30%-<36%,Race Not Available,Refinance,Principal_Residence,Approved_NotAccepted,,0,0.44334167535768193,8.72
0,64.0,295000,375000.0,78.353,Unknown,Black or African American,Home_Purchase,Principal_Residence,Withdrawn,,0,0.36318932343734184,46.8
0,95.0,145000,145000.0,78.353,Unknown,Race Not Available,Home_Purchase,Principal_Residence,Purchased,,0,0.3588983561509951,36.41
0,57.0,235000,235000.0,96.5,36%-<43%,White,Home_Purchase,Principal_Residence,Originated,1.0,0,0.3606144736771877,39.69
3,99.0,155000,215000.0,73.934,30%-<36%,White,Refinance,Principal_Residence,Originated,1.0,0,0.43173002693450085,23.39
0,146.0,665000,375000.0,78.353,Unknown,Asian,Home_Purchase,Principal_Residence,Withdrawn,,0,0.4162307218677133,52.89
0,95.0,145000,145000.0,97.0,30%-<36%,White,Home_Purchase,Principal_Residence,Originated,1.0,0,0.38273892845472357,59.57
1,394.0,355000,1105000.0,44.381,<20%,White,CashOut_Refinance,Principal_Residence,Approved_NotAccepted,,1,0.5135772546195565,25.94
0,254.0,1075000,1345000.0,80.0,36%-<43%,White,Home_Purchase,Principal_Residence,Originated,1.0,1,0.5047320263090892,18.25
0,205.0,445000,605000.0,74.9,36%-<43%,White,Home_Purchase,Principal_Residence,Originated,1.0,0,0.41706916810406713,6.82
0,95.0,425000,475000.0,78.353,Unknown,Race Not Available,Home_Purchase,Principal_Residence,Purchased,,0,0.3702921553093091,40.2
5,109.0,55000,405000.0,80.0,36%-<43%,White,Other,Principal_Residence,Originated,1.0,0,0.41163297433616086,7.53
6,106.0,205000,1155000.0,17.391,50%-60%,Asian,Refinance,Principal_Residence,Originated,1.0,0,0.4730762013724699,52.22
6,50.0,175000,225000.0,74.847,50%-60%,White,Refinance,Principal_Residence,Originated,1.0,1,0.4548094217276556,42.96
0,120.0,275000,285000.0,96.5,20%-<30%,White,Home_Purchase,Principal_Residence,Originated,1.0,0,0.36499794271564073,19.25
5,95.0,45000,515000.0,79.982,30%-<36%,Asian,Home_Improvement,Principal_Residence,Originated,1.0,0,0.44032978876896167,83.53
0,148.0,405000,625000.0,64.0,36%-<43%,White,Home_Purchase,Principal_Residence,Originated,1.0,0,0.3714872542062171,28.41
0,103.0,25000,375000.0,78.353,Unknown,White,Home_Improvement,Principal_Residence,Incomplete,,0,0.3722836253353122,19.47
3,48.0,195000,575000.0,33.217,36%-<43%,White,CashOut_Refinance,Principal_Residence,Approved_NotAccepted,,0,0.44427303002870294,33.68
0,38.0,65000,375000.0,78.353,Unknown,White,Home_Purchase,Principal_Residence,Withdrawn,,0,0.3811018328755588,59.01
3,95.0,315000,455000.0,78.353,Unknown,Race Not Available,CashOut_Refinance,Principal_Residence,Purchased,,0,0.3793128237815447,26.78
0,113.0,165000,185000.0,90.0,36%-<43%,White,Home_Purchase,Principal_Residence,Originated,1.0,0,0.36598655520377854,10.59
3,204.0,325000,525000.0,61.185,20%-<30%,White,Refinance,Principal_Residence,Originated,1.0,0,0.386476362557596,12.46
4,49.0,35000,35000.0,90.0,20%-<30%,Race Not Available,Refinance,Principal_Residence,Approved_NotAccepted,,1,0.4659725788980612,21.19
3,99.0,155000,265000.0,58.868,<20%,Race Not Available,Refinance,Principal_Residence,Originated,1.0,0,0.406008423748615,19.5
0,214.0,585000,375000.0,78.353,Unknown,White,Home_Purchase,Principal_Residence,Withdrawn,,0,0.39242285975716085,14.06
6,68.0,295000,365000.0,80.0,50%-60%,White,CashOut_Refinance,Principal_Residence,Originated,1.0,0,0.3563707429376927,18.83
6,23.0,155000,225000.0,68.444,>60%,White,CashOut_Refinance,Principal_Residence,Denied,0.0,0,0.43134437611254695,11.04
3,95.0,475000,1495000.0,78.353,Unknown,Race Not Available,CashOut_Refinance,Principal_Residence,Purchased,,1,0.5086793658623878,50.2
0,99.0,205000,205000.0,100.0,20%-<30%,Race Not Available,Home_Improvement,Principal_Residence,Denied,0.0,0,0.42603727067017444,93.69
0,196.0,415000,525000.0,80.0,30%-<36%,White,Home_Purchase,Principal_Residence,Originated,1.0,0,0.3841442418136715,42.07
3,139.0,255000,425000.0,60.0,36%-<43%,Asian,CashOut_Refinance,Principal_Residence,Originated,1.0,0,0.44271003480758875,41.38
0,187.0,405000,505000.0,80.0,43%-<50%,Race Not Available,Other,Principal_Residence,Originated,1.0,0,0.4577590229780383,70.85
5,158.0,215000,615000.0,87.28,30%-<36%,Black or African American,Other,Principal_Residence,Originated,1.0,0,0.44479621352120274,92.64
2,95.0,805000,375000.0,78.353,Unknown,Black or African American,CashOut_Refinance,Investment,Withdrawn,,0,0.4592085921235776,69.22
0,124.0,315000,375000.0,78.353,Unknown,White,Home_Purchase,Principal_Residence,Withdrawn,,0,0.3635171316980486,5.59
1,757.0,605000,475000.0,136.8422,30%-<36%,White,Home_Purchase,Investment,Denied,0.0,0,0.5373343673212267,65.22
0,146.0,385000,405000.0,95.0,36%-<43%,White,Home_Purchase,Principal_Residence,Originated,1.0,0,0.36710774755226244,12.46
0,129.0,375000,705000.0,53.0,30%-<36%,White,Other,Principal_Residence,Originated,1.0,0,0.4465394899638226,6.24
2,95.0,1055000,1505000.0,70.5,Unknown,Race Not Available,Home_Purchase,Investment,Originated,1.0,3,0.6555766333242539,0.0
3,102.0,385000,565000.0,68.75,36%-<43%,Joint,CashOut_Refinance,Principal_Residence,Originated,1.0,0,0.3708525908693484,40.54
5,94.0,45000,295000.0,79.99,<20%,White,Home_Improvement,Principal_Residence,Denied,0.0,0,0.39488763084706685,45.15
6,0.0,195000,245000.0,80.0,>60%,Joint,Home_Purchase,Principal_Residence,Preapproval_Denied,,1,0.5285343293677527,0.0
0,95.0,165000,225000.0,78.353,Unknown,Race Not Available,NotApplicable,Principal_Residence,Purchased,,0,0.3633340566100971,56.73
2,95.0,325000,385000.0,85.0,Unknown,Race Not Available,Home_Purchase,Investment,Originated,1.0,1,0.46596839984809296,49.88
0,111.0,305000,345000.0,98.188,43%-<50%,White,Home_Purchase,Principal_Residence,Originated,1.0,0,0.3795873586909083,30.45
0,121.0,555000,565000.0,96.5,43%-<50%,White,Home_Purchase,Principal_Residence,Originated,1.0,0,0.4717904011859999,80.6
3,180.0,935000,375000.0,78.353,Unknown,Asian,Refinance,Principal_Residence,Withdrawn,,1,0.5202641894519243,90.39
0,138.0,495000,615000.0,79.997,20%-<30%,White,Home_Purchase,Principal_Residence,Originated,1.0,0,0.39667370455782885,20.42
3,118.0,315000,975000.0,32.2,30%-<36%,White,CashOut_Refinance,Principal_Residence,Originated,1.0,1,0.4892764001588575,12.87
1,342.0,765000,975000.0,78.85,30%-<36%,Asian,Home_Purchase,Principal_Residence,Originated,1.0,1,0.4534744463985124,55.51
0,154.0,215000,375000.0,78.353,Unknown,Race Not Available,Home_Purchase,Principal_Residence,Withdrawn,,0,0.35774831508058885,51.16
3,170.0,205000,375000.0,78.353,Unknown,White,CashOut_Refinance,Principal_Residence,Withdrawn,,0,0.46040383169631327,64.69
0,110.0,375000,475000.0,80.0,43%-<50%,Race Not Available,Home_Purchase,Principal_Residence,Originated,1.0,0,0.3636754731386627,53.52
0,81.0,335000,335000.0,99.132,36%-<43%,White,Home_Purchase,Principal_Residence,Originated,1.0,0,0.370841183517305,26.29
3,131.0,495000,585000.0,84.488,36%-<43%,White,CashOut_Refinance,Principal_Residence,Originated,1.0,0,0.3877676396313857,39.95
5,154.0,55000,375000.0,78.353,Unknown,Race Not Available,Home_Improvement,Principal_Residence,Withdrawn,,0,0.4508929107803156,20.87
6,100.0,225000,275000.0,80.0,50%-60%,White,Home_Purchase,Principal_Residence,Originated,1.0,0,0.35503221098101995,33.27
0,90.0,405000,375000.0,78.353,Unknown,Race Not Available,Home_Purchase,Principal_Residence,Withdrawn,,0,0.3567654285333212,16.93
6,33.0,165000,255000.0,64.8,50%-60%,White,CashOut_Refinance,Principal_Residence,Denied,0.0,0,0.3779679745663665,38.9
6,54.0,355000,345000.0,100.0,50%-60%,White,Home_Purchase,Principal_Residence,Originated,1.0,0,0.39279795052863187,55.32
0,206.0,575000,375000.0,78.353,Unknown,White,Home_Purchase,Principal_Residence,Withdrawn,,0,0.4098191164183248,12.02
3,47.0,165000,235000.0,55.0,30%-<36%,White,Refinance,Principal_Residence,Denied,0.0,0,0.3786126145854716,17.27
3,174.0,455000,375000.0,78.353,Unknown,White,CashOut_Refinance,Principal_Residence,Withdrawn,,1,0.49719892313379926,40.33
3,0.0,305000,375000.0,78.353,Unknown,Black or African American,CashOut_Refinance,Principal_Residence,Withdrawn,,0,0.3781436813710827,41.79
6,175.0,605000,605000.0,100.0,50%-60%,Joint,Home_Purchase,Principal_Residence,Originated,1.0,0,0.4155598366125761,32.03
3,27.0,15000,105000.0,9.655,20%-<30%,White,Other,Principal_Residence,Denied,0.0,2,0.5714907905171738,74.51
2,0.0,395000,565000.0,70.0,Unknown,Asian,CashOut_Refinance,Investment,Approved_NotAccepted,,0,0.4096442918339042,82.9
0,98.0,285000,375000.0,78.353,Unknown,Race Not Available,Home_Purchase,Principal_Residence,Withdrawn,,0,0.35069745079605835,31.73
3,62.0,215000,375000.0,78.353,Unknown,Race Not Available,CashOut_Refinance,Principal_Residence,Withdrawn,,0,0.3541130652197466,39.82
0,108.0,225000,375000.0,78.353,Exempt,White,Home_Purchase,Principal_Residence,Originated,1.0,0,0.36244166825749685,30.67
5,52.0,75000,285000.0,87.37,43%-<50%,White,Other,Principal_Residence,Denied,0.0,0,0.3807051804946101,17.01
3,48.0,225000,235000.0,93.617,36%-<43%,White,Refinance,Principal_Residence,Originated,1.0,0,0.3650714727091105,39.88
0,216.0,685000,855000.0,80.0,36%-<43%,Asian,Home_Purchase,Principal_Residence,Denied,0.0,0,0.45574875318184954,44.23
3,56.0,75000,175000.0,43.0,<20%,White,CashOut_Refinance,Principal_Residence,Originated,1.0,0,0.43491375791807074,27.18
5,83.0,35000,305000.0,84.797,36%-<43%,White,Home_Improvement,Principal_Residence,Originated,1.0,0,0.3642474381146053,52.18
6,91.0,775000,775000.0,100.0,>60%,Black or African American,Home_Purchase,Principal_Residence,Originated,1.0,0,0.44867717017866504,64.25
3,120.0,165000,375000.0,78.353,Unknown,White,CashOut_Refinance,Principal_Residence,Withdrawn,,0,0.3698174789060353,32.76
0,81.0,325000,425000.0,76.471,36%-<43%,White,Home_Purchase,Principal_Residence,Originated,1.0,0,0.3610221045743979,53.06
3,154.0,565000,965000.0,58.333,43%-<50%,White,Refinance,Principal_Residence,Originated,1.0,0,0.4237556618539352,9.25
0,98.0,355000,415000.0,87.136,30%-<36%,White,Other,Principal_Residence,Originated,1.0,0,0.3814014013571769,67.72
3,202.0,405000,675000.0,60.0,43%-<50%,Asian,CashOut_Refinance,Principal_Residence,Originated,1.0,0,0.42275548239647764,82.63
3,218.0,845000,1055000.0,80.0,43%-<50%,White,CashOut_Refinance,Principal_Residence,Originated,1.0,2,0.4815378068577725,32.1
3,73.0,275000,375000.0,78.353,Unknown,Race Not Available,CashOut_Refinance,Principal_Residence,Withdrawn,,0,0.4372216863269016,93.36
0,164.0,525000,655000.0,80.0,20%-<30%,Asian,Home_Purchase,Principal_Residence,Originated,1.0,0,0.3926740026024598,24.63
6,100.0,995000,2955000.0,33.76,>60%,White,Refinance,Principal_Residence,Originated,1.0,3,0.6103204854407144,21.45
4,142.0,185000,215000.0,78.353,36%-<43%,White,Home_Purchase,Principal_Residence,Originated,1.0,0,0.37880131817707696,31.13
1,702.0,805000,375000.0,78.353,Unknown,White,Home_Purchase,Principal_Residence,Withdrawn,,0,0.46581749211276335,29.88
5,113.0,85000,325000.0,66.33,30%-<36%,White,Refinance,Principal_Residence,Denied,0.0,0,0.3620982479412606,38.58
5,74.0,25000,375000.0,78.353,Unknown,Asian,Other,Principal_Residence,Withdrawn,,0,0.40945791349412913,70.33
5,137.0,285000,365000.0,89.56,36%-<43%,White,Other,Principal_Residence,Originated,1.0,0,0.37724126079387443,23.34
0,95.0,175000,185000.0,78.353,Unknown,Race Not Available,Home_Purchase,Principal_Residence,Purchased,,0,0.3916151718428601,14.63
4,107.0,265000,325000.0,80.0,36%-<43%,White,Home_Purchase,Principal_Residence,Originated,1.0,0,0.3831074022043943,2.6
6,73.0,425000,435000.0,96.12,50%-60%,White,Home_Purchase,Principal_Residence,Approved_NotAccepted,,0,0.3964165150473375,22.33
0,44.0,85000,85000.0,102.236,36%-<43%,White,Home_Purchase,Principal_Residence,Originated,1.0,0,0.4171363485636123,4.02
0,95.0,245000,255000.0,78.353,Unknown,Race Not Available,Home_Purchase,Principal_Residence,Purchased,,0,0.3715161134811756,38.48
5,42.0,15000,225000.0,103.82,43%-<50%,White,Home_Purchase,Principal_Residence,Originated,1.0,0,0.39978173501010816,29.02
1,288.0,185000,335000.0,56.061,20%-<30%,White,CashOut_Refinance,Principal_Residence,Originated,1.0,2,0.5252614225761304,13.37
1,275.0,545000,375000.0,78.353,Unknown,White,Home_Purchase,Principal_Residence,Withdrawn,,0,0.4123614476149438,26.52
0,75.0,25000,65000.0,38.462,<20%,White,Other,Principal_Residence,Denied,0.0,0,0.4997124467335471,5.16
6,59.0,435000,435000.0,78.353,>60%,Black or African American,Home_Purchase,Principal_Residence,Denied,0.0,0,0.3735777336584227,52.32
0,81.0,85000,375000.0,78.353,Unknown,Joint,Home_Purchase,Principal_Residence,Withdrawn,,0,0.4845739396629788,90.61
3,155.0,645000,375000.0,78.353,Unknown,Race Not Available,CashOut_Refinance,Principal_Residence,Withdrawn,,0,0.43800226348709076,36.86
1,471.0,435000,475000.0,90.0,30%-<36%,White,Home_Purchase,Second_Residence,Originated,1.0,0,0.4577887657444585,62.65
6,89.0,75000,315000.0,86.765,50%-60%,White,Other,Principal_Residence,Denied,0.0,0,0.39684206740125805,91.13
3,187.0,585000,375000.0,78.353,Unknown,Asian,CashOut_Refinance,Principal_Residence,Incomplete,,1,0.5354415644437535,62.62
1,390.0,635000,1255000.0,50.28,20%-<30%,Race Not Available,Refinance,Second_Residence,Originated,1.0,2,0.5260700203590314,7.04
3,175.0,505000,775000.0,64.935,43%-<50%,White,CashOut_Refinance,Second_Residence,Originated,1.0,0,0.3880785276859455,18.26
3,34.0,155000,225000.0,67.455,36%-<43%,White,CashOut_Refinance,Principal_Residence,Originated,1.0,0,0.39298350140047644,50.2
5,65.0,45000,375000.0,78.353,Unknown,Race Not Available,Refinance,Principal_Residence,Withdrawn,,0,0.3614289425522128,6.8
0,95.0,75000,375000.0,78.353,Unknown,Race Not Available,NotApplicable,Principal_Residence,Purchased,,0,0.347543297862117,25.89
3,117.0,425000,675000.0,62.222,36%-<43%,Asian,CashOut_Refinance,Principal_Residence,Originated,1.0,0,0.44739748349515285,41.46
0,136.0,365000,375000.0,95.0,30%-<36%,White,Home_Purchase,Principal_Residence,Originated,1.0,0,0.3702704880297857,62.1
0,282.0,925000,1155000.0,80.0,43%-<50%,White,Home_Purchase,Second_Residence,Originated,1.0,1,0.4635225707820379,8.92
0,70.0,185000,235000.0,80.0,36%-<43%,White,Home_Purchase,Principal_Residence,Originated,1.0,0,0.35371532525764654,26.01
0,130.0,15000,345000.0,100.0,30%-<36%,Black or African American,Home_Purchase,Principal_Residence,Denied,0.0,0,0.45656535874065446,43.34
3,89.0,305000,335000.0,90.0,43%-<50%,White,CashOut_Refinance,Principal_Residence,Originated,1.0,0,0.37678524321402096,3.55
0,114.0,515000,875000.0,58.81,43%-<50%,Asian,Home_Purchase,Principal_Residence,Originated,1.0,0,0.42981542245363213,77.41
0,162.0,395000,405000.0,96.5,30%-<36%,White,Home_Purchase,Principal_Residence,Originated,1.0,0,0.37078193948931665,50.98
3,83.0,305000,385000.0,80.263,36%-<43%,Race Not Available,CashOut_Refinance,Principal_Residence,Originated,1.0,0,0.388500690243294,71.57
6,161.0,125000,1005000.0,101.491,>60%,White,Other,Principal_Residence,Denied,0.0,1,0.5040316665970633,13.41
0,230.0,935000,375000.0,78.353,Unknown,Race Not Available,Home_Purchase,Principal_Residence,Incomplete,,0,0.46366552812984324,47.11
2,96.0,465000,545000.0,85.0,>60%,Race Not Available,Home_Purchase,Investment,Denied,0.0,0,0.3598937913208985,17.36
0,95.0,115000,165000.0,78.353,Unknown,Race Not Available,Home_Purchase,Principal_Residence,Purchased,,0,0.3572293109701534,11.47
3,78.0,265000,375000.0,78.353,Unknown,White,CashOut_Refinance,Principal_Residence,Withdrawn,,0,0.3611985546511606,16.02
2,95.0,75000,115000.0,70.0,Unknown,Race Not Available,Refinance,Investment,Originated,1.0,0,0.41402532709706996,87.01
0,45.0,55000,75000.0,80.0,<20%,White,Home_Purchase,Principal_Residence,Originated,1.0,0,0.42913270776752,10.22
6,140.0,385000,385000.0,96.5,>60%,Race Not Available,Home_Purchase,Principal_Residence,Denied,0.0,0,0.37266203083285016,54.24
3,183.0,575000,375000.0,78.353,Unknown,Race Not Available,CashOut_Refinance,Principal_Residence,Withdrawn,,0,0.36917083405117346,38.98
2,223.0,55000,375000.0,78.353,Unknown,Asian,Home_Purchase,Investment,Withdrawn,,0,0.38227263090199365,15.09
2,95.0,45000,115000.0,41.42,Unknown,White,Refinance,Investment,Originated,1.0,0,0.48472192800450903,35.91
6,78.0,385000,375000.0,78.353,50%-60%,Race Not Available,CashOut_Refinance,Principal_Residence,Denied,0.0,0,0.36230150647220094,53.8
3,45.0,125000,375000.0,78.353,Unknown,White,CashOut_Refinance,Principal_Residence,Withdrawn,,0,0.3595379381166843,27.76
3,84.0,165000,375000.0,78.353,Unknown,White,CashOut_Refinance,Principal_Residence,Withdrawn,,0,0.3588436545538351,23.01
3,120.0,455000,655000.0,69.23,30%-<36%,White,CashOut_Refinance,Principal_Residence,Originated,1.0,0,0.3837994667387013,36.17
3,80.0,125000,375000.0,78.353,Unknown,White,Refinance,Principal_Residence,Withdrawn,,0,0.37591267319224686,58.86
6,96.0,305000,315000.0,99.446,50%-60%,White,Home_Purchase,Principal_Residence,Originated,1.0,0,0.3782923588688409,37.66
0,80.0,225000,375000.0,78.353,Unknown,White,Home_Purchase,Principal_Residence,Withdrawn,,0,0.3442374876325936,37.88
4,53.0,5000,5000.0,85.0,Unknown,White,Home_Purchase,Investment,Denied,0.0,1,0.5098638342037379,7.52
5,138.0,55000,265000.0,18.9,30%-<36%,White,Home_Improvement,Principal_Residence,Denied,0.0,0,0.4843592801219176,16.72
0,76.0,245000,255000.0,99.446,43%-<50%,Race Not Available,Home_Purchase,Principal_Residence,Originated,1.0,0,0.39883403379345206,85.12
0,180.0,725000,375000.0,78.353,Unknown,White,Home_Purchase,Principal_Residence,Withdrawn,,1,0.4518238313352163,19.75
3,40.0,145000,175000.0,80.0,36%-<43%,White,CashOut_Refinance,Principal_Residence,Originated,1.0,0,0.36663844297139153,7.51
3,151.0,155000,195000.0,78.13,<20%,White,CashOut_Refinance,Principal_Residence,Originated,1.0,0,0.358071925103689,14.95
0,188.0,545000,685000.0,100.0,36%-<43%,Black or African American,Home_Purchase,Principal_Residence,Originated,1.0,0,0.4183244929792844,43.53
5,95.0,115000,475000.0,78.353,Unknown,Race Not Available,NotApplicable,Principal_Residence,Purchased,,0,0.42965704388553005,57.22
0,241.0,355000,1485000.0,78.75,36%-<43%,Asian,Other,Principal_Residence,Originated,1.0,1,0.49741004263611194,55.9
6,97.0,45000,465000.0,74.315,50%-60%,White,Home_Improvement,Principal_Residence,Denied,0.0,0,0.440152215070736,44.79
3,32.0,115000,335000.0,33.0,20%-<30%,White,Home_Purchase,Principal_Residence,Originated,1.0,0,0.4082474348085104,14.46
0,58.0,205000,215000.0,96.5,36%-<43%,Black or African American,Home_Purchase,Principal_Residence,Originated,1.0,0,0.40489619104326724,60.37
1,408.0,745000,825000.0,90.0,<20%,White,Home_Purchase,Principal_Residence,Originated,1.0,1,0.48165788912116325,23.16
0,92.0,1025000,375000.0,78.353,Unknown,Race Not Available,Home_Purchase,Principal_Residence,Withdrawn,,0,0.437954511275056,23.29
3,105.0,425000,2955000.0,14.478,43%-<50%,White,Refinance,Principal_Residence,Originated,1.0,1,0.5989762353574449,22.17
0,126.0,395000,375000.0,78.353,Unknown,White,Home_Purchase,Principal_Residence,Withdrawn,,0,0.35581278012055173,14.19
3,54.0,105000,375000.0,78.353,Unknown,Black or African American,CashOut_Refinance,Principal_Residence,Incomplete,,0,0.38547683499704455,64.25
3,45.0,105000,235000.0,42.373,36%-<43%,White,Refinance,Principal_Residence,Originated,1.0,0,0.46803175681824005,52.1
0,95.0,355000,375000.0,78.353,Unknown,Race Not Available,Home_Purchase,Principal_Residence,Purchased,,0,0.3471161088361334,20.04
0,120.0,375000,375000.0,101.327,43%-<50%,White,Home_Purchase,Principal_Residence,Originated,1.0,0,0.3909989482931631,10.32
0,93.0,485000,605000.0,78.353,Unknown,White,Home_Purchase,Principal_Residence,Purchased,,0,0.3776645725124781,36.3
3,59.0,235000,375000.0,78.353,Unknown,White,Refinance,Principal_Residence,Withdrawn,,0,0.36523537061001227,74.84
3,60.0,225000,305000.0,81.4,30%-<36%,Race Not Available,CashOut_Refinance,Principal_Residence,Denied,0.0,0,0.38867194047255804,85.86
0,126.0,415000,515000.0,80.0,30%-<36%,White,Home_Purchase,Principal_Residence,Originated,1.0,0,0.39253972141324484,27.42
0,174.0,505000,375000.0,78.353,Unknown,Race Not Available,Home_Purchase,Principal_Residence,Withdrawn,,0,0.3566816383879169,29.17
5,32.0,15000,375000.0,78.353,Unknown,Black or African American,Home_Improvement,Principal_Residence,Withdrawn,,0,0.4687700039782906,78.12
0,78.0,375000,395000.0,95.0,43%-<50%,White,Home_Purchase,Principal_Residence,Originated,1.0,0,0.3857425941431418,37.68
3,71.0,335000,575000.0,59.252,43%-<50%,White,CashOut_Refinance,Principal_Residence,Originated,1.0,0,0.3775668549678309,8.8
1,1241.0,4405000,12405000.0,35.484,50%-60%,White,Home_Purchase,Principal_Residence,Originated,1.0,3,0.7183456883443449,16.1
6,69.0,285000,305000.0,96.5,>60%,Joint,Home_Purchase,Principal_Residence,Denied,0.0,0,0.35637109847057274,33.72
5,160.0,255000,1235000.0,44.8,36%-<43%,White,Other,Principal_Residence,Originated,1.0,2,0.5140995417172638,20.49
5,160.0,225000,505000.0,79.99,30%-<36%,White,Home_Improvement,Second_Residence,Originated,1.0,0,0.4062173500952647,51.66
0,200.0,965000,1075000.0,89.991,36%-<43%,White,Home_Purchase,Principal_Residence,Originated,1.0,0,0.4821237959611823,82.9
3,30.0,105000,175000.0,56.818,36%-<43%,White,CashOut_Refinance,Principal_Residence,Originated,1.0,0,0.43686622296296435,6.04
3,53.0,55000,375000.0,78.353,Unknown,White,CashOut_Refinance,Principal_Residence,Withdrawn,,0,0.3552979132599671,23.07
3,38.0,125000,375000.0,78.353,Unknown,White,Refinance,Second_Residence,Incomplete,,0,0.3614975373224574,39.63
0,175.0,455000,505000.0,78.353,Unknown,Race Not Available,Home_Purchase,Principal_Residence,Purchased,,0,0.39072741134868166,59.43
1,319.0,295000,375000.0,78.353,Unknown,White,Home_Purchase,Principal_Residence,Withdrawn,,0,0.3733223954514201,31.11
0,306.0,525000,695000.0,75.0,30%-<36%,Race Not Available,Home_Purchase,Principal_Residence,Originated,1.0,0,0.4004122067845319,43.35
2,276.0,135000,375000.0,78.353,Unknown,White,Home_Purchase,Investment,Withdrawn,,0,0.44065345621624036,95.04
0,83.0,355000,375000.0,78.353,Unknown,White,Home_Purchase,Principal_Residence,Withdrawn,,0,0.3540014545238876,26.46
5,95.0,25000,375000.0,78.353,Unknown,White,Other,Principal_Residence,Denied,0.0,0,0.42688907357478845,7.95
0,58.0,155000,375000.0,78.353,Exempt,White,Home_Purchase,Principal_Residence,Preapproval_Approved_NotAccepted,,1,0.5128254673224403,0.0
4,56.0,145000,155000.0,96.5,20%-<30%,Race Not Available,Home_Purchase,Principal_Residence,Originated,1.0,0,0.39048214575005025,7.47
3,93.0,325000,415000.0,78.9,36%-<43%,White,Refinance,Principal_Residence,Originated,1.0,0,0.36355047928736045,8.38
0,95.0,535000,565000.0,78.353,Unknown,Race Not Available,Home_Purchase,Principal_Residence,Purchased,,0,0.38588493023252046,18.95
2,47.0,125000,185000.0,68.06,36%-<43%,White,CashOut_Refinance,Investment,Originated,1.0,0,0.3777940347945858,5.79
3,37.0,65000,285000.0,22.523,36%-<43%,White,Home_Purchase,Principal_Residence,Originated,1.0,0,0.4391516149620873,26.36
3,68.0,245000,245000.0,100.0,43%-<50%,Black or African American,CashOut_Refinance,Principal_Residence,Denied,0.0,0,0.37095440727747786,32.9
6,173.0,575000,615000.0,94.0,50%-60%,Asian,Home_Purchase,Principal_Residence,Denied,0.0,0,0.39753599327492206,21.02
5,173.0,55000,375000.0,78.353,Unknown,White,Home_Improvement,Principal_Residence,Withdrawn,,0,0.4131239444109703,79.91
0,42.0,135000,235000.0,56.522,20%-<30%,White,Home_Purchase,Principal_Residence,Originated,1.0,0,0.3964228928300233,25.67
0,134.0,295000,285000.0,100.0,20%-<30%,Black or African American,Home_Purchase,Principal_Residence,Originated,1.0,0,0.3904810589781107,30.67
5,105.0,45000,475000.0,75.57,36%-<43%,White,CashOut_Refinance,Principal_Residence,Denied,0.0,0,0.3640896841543596,11.91
5,66.0,5000,275000.0,81.6,36%-<43%,Race Not Available,Home_Purchase,Principal_Residence,Originated,1.0,1,0.5080492514650887,80.14
5,232.0,45000,585000.0,59.671,<20%,White,Home_Improvement,Principal_Residence,Originated,1.0,0,0.43245977395934887,37.58
3,109.0,125000,245000.0,52.893,<20%,White,Refinance,Principal_Residence,Originated,1.0,0,0.4372452659419184,32.95
2,104.0,335000,475000.0,70.0,43%-<50%,White,Home_Purchase,Investment,Originated,1.0,0,0.36248249843409974,29.41
0,122.0,525000,655000.0,80.0,43%-<50%,White,Home_Purchase,Principal_Residence,Preapproval_Approved_NotAccepted,,2,0.5457326412075113,0.0
0,71.0,375000,425000.0,90.0,43%-<50%,Race Not Available,Home_Purchase,Principal_Residence,Originated,1.0,0,0.37042146311706214,45.74
6,75.0,175000,175000.0,96.5,50%-60%,White,Home_Purchase,Principal_Residence,Originated,1.0,0,0.37538310979104067,42.16
0,164.0,525000,705000.0,75.0,36%-<43%,Race Not Available,Home_Purchase,Principal_Residence,Originated,1.0,0,0.3886405669615959,43.07
0,95.0,255000,255000.0,78.353,Unknown,Race Not Available,Home_Purchase,Principal_Residence,Purchased,,0,0.3566483140705767,38.76
5,34.0,5000,165000.0,100.25,43%-<50%,White,Home_Purchase,Principal_Residence,Originated,1.0,0,0.39692934820918374,11.78
0,95.0,515000,565000.0,78.353,Unknown,Race Not Available,Home_Purchase,Principal_Residence,Purchased,,0,0.41694222070023523,21.59
0,118.0,525000,655000.0,80.0,36%-<43%,Asian,Home_Purchase,Principal_Residence,Originated,1.0,0,0.41020998929738983,33.74
0,52.0,175000,215000.0,80.0,20%-<30%,Race Not Available,Home_Purchase,Principal_Residence,Preapproval_Approved_NotAccepted,,0,0.36317288904095035,43.25
4,70.0,95000,235000.0,42.128,20%-<30%,Race Not Available,Refinance,Principal_Residence,Originated,1.0,1,0.44126230796735344,48.77
4,28.0,65000,75000.0,78.353,>60%,White,Home_Purchase,Principal_Residence,Denied,0.0,0,0.4111140970996062,6.46
5,170.0,105000,695000.0,63.45,30%-<36%,Race Not Available,Home_Improvement,Principal_Residence,Originated,1.0,0,0.4690474068875158,12.86
5,74.0,105000,485000.0,61.09,36%-<43%,White,Other,Principal_Residence,Approved_NotAccepted,,0,0.4463954520506098,82.65
5,99.0,105000,275000.0,66.183,20%-<30%,White,Home_Improvement,Principal_Residence,Originated,1.0,0,0.381987213546901,15.48
0,78.0,225000,235000.0,94.979,20%-<30%,White,Home_Purchase,Principal_Residence,Originated,1.0,0,0.38835227676809136,5.57
5,76.0,55000,175000.0,83.48,43%-<50%,White,CashOut_Refinance,Principal_Residence,Approved_NotAccepted,,0,0.4582365213636898,76.17
3,110.0,215000,585000.0,40.924,36%-<43%,White,CashOut_Refinance,Principal_Residence,Originated,1.0,0,0.4076978787263617,17.21
0,64.0,165000,175000.0,78.353,30%-<36%,White,Home_Purchase,Principal_Residence,Originated,1.0,0,0.35524973638606044,8.67
0,120.0,405000,415000.0,96.5,36%-<43%,Joint,Home_Purchase,Principal_Residence,Originated,1.0,0,0.3775531990348271,39.56
0,124.0,155000,225000.0,69.0,30%-<36%,White,Home_Purchase,Principal_Residence,Originated,1.0,0,0.3728410087578785,7.5
3,131.0,175000,285000.0,60.0,30%-<36%,White,CashOut_Refinance,Principal_Residence,Originated,1.0,0,0.4566937708743474,3.75
3,68.0,355000,375000.0,78.353,Unknown,Race Not Available,CashOut_Refinance,Principal_Residence,Withdrawn,,0,0.35490259092878135,48.74
2,99.0,295000,425000.0,68.541,50%-60%,Race Not Available,CashOut_Refinance,Investment,Originated,1.0,0,0.39056018280538085,52.72
0,60.0,345000,435000.0,80.0,43%-<50%,Race Not Available,Home_Purchase,Principal_Residence,Originated,1.0,0,0.3515752570298966,31.77
0,98.0,295000,375000.0,78.353,Unknown,White,Home_Purchase,Principal_Residence,Withdrawn,,0,0.34852154393715373,15.73
3,213.0,395000,725000.0,55.22,43%-<50%,Race Not Available,Refinance,Principal_Residence,Originated,1.0,0,0.4711925453802374,30.51
0,263.0,715000,805000.0,78.353,Unknown,White,Home_Purchase,Principal_Residence,Purchased,,0,0.41430791209406637,39.55
0,56.0,195000,215000.0,95.0,30%-<36%,White,Home_Purchase,Principal_Residence,Originated,1.0,0,0.35723656234336065,21.95
0,148.0,475000,475000.0,101.064,43%-<50%,White,Home_Purchase,Principal_Residence,Denied,0.0,0,0.4908118621769017,97.97
2,95.0,65000,105000.0,67.213,Unknown,Race Not Available,Refinance,Investment,Originated,1.0,1,0.4984184337882197,53.49
6,41.0,135000,375000.0,78.353,50%-60%,Race Not Available,Home_Purchase,Principal_Residence,Denied,0.0,0,0.39529663067198023,53.09
6,17.0,385000,655000.0,58.702,>60%,White,CashOut_Refinance,Principal_Residence,Denied,0.0,0,0.39674307990535884,21.79
3,65.0,205000,375000.0,78.353,Unknown,Race Not Available,CashOut_Refinance,Principal_Residence,Incomplete,,0,0.3449370618382571,12.32
0,107.0,135000,215000.0,61.927,20%-<30%,White,Home_Improvement,Principal_Residence,Originated,1.0,0,0.3791533957500884,44.58
3,27.0,105000,375000.0,78.353,Unknown,White,CashOut_Refinance,Principal_Residence,Withdrawn,,0,0.370279767587256,62.58
6,32.0,15000,375000.0,78.353,>60%,White,Refinance,Principal_Residence,Denied,0.0,1,0.4891268099654702,70.25
4,79.0,175000,175000.0,78.353,50%-60%,Joint,Home_Purchase,Principal_Residence,Originated,1.0,0,0.3827367380687295,66.03
0,95.0,55000,375000.0,78.353,Unknown,Race Not Available,NotApplicable,Principal_Residence,Purchased,,0,0.3595681377032546,55.71
5,90.0,95000,445000.0,80.0,20%-<30%,White,Home_Improvement,Principal_Residence,Originated,1.0,0,0.4175029506378479,66.73
2,60.0,185000,465000.0,39.565,>60%,White,Refinance,Investment,Denied,0.0,1,0.43364671342040195,15.03
4,118.0,175000,215000.0,80.0,43%-<50%,Race Not Available,Home_Purchase,Second_Residence,Originated,1.0,0,0.42416161275570907,4.86
4,95.0,4005000,9225000.0,78.353,Unknown,Race Not Available,CashOut_Refinance,Investment,Originated,1.0,3,0.7009457570657683,55.28
3,53.0,105000,225000.0,48.27,30%-<36%,White,CashOut_Refinance,Principal_Residence,Originated,1.0,0,0.3788558433194711,26.63
0,49.0,145000,375000.0,78.353,Unknown,White,Home_Purchase,Principal_Residence,Withdrawn,,0,0.3554381781049624,39.77
0,45.0,165000,175000.0,95.0,30%-<36%,Race Not Available,Home_Purchase,Principal_Residence,Approved_NotAccepted,,0,0.38212096372211773,52.14
0,105.0,455000,485000.0,95.0,36%-<43%,Black or African American,Home_Purchase,Principal_Residence,Originated,1.0,0,0.46236106397019366,86.32
0,83.0,285000,295000.0,97.0,36%-<43%,Race Not Available,Home_Purchase,Principal_Residence,Originated,1.0,0,0.3744550306939065,58.72
0,64.0,195000,335000.0,60.0,36%-<43%,White,Home_Purchase,Principal_Residence,Originated,1.0,0,0.36020682150858313,18.0
0,72.0,125000,135000.0,96.154,20%-<30%,White,Home_Purchase,Principal_Residence,Preapproval_Denied,,2,0.5268635711575459,0.0
0,80.0,215000,255000.0,85.0,20%-<30%,White,Home_Purchase,Principal_Residence,Preapproval_Approved_NotAccepted,,1,0.5162716609984136,0.0
1,278.0,1365000,1705000.0,80.0,36%-<43%,White,Home_Purchase,Principal_Residence,Originated,1.0,2,0.566199886373684,33.9
3,19.0,75000,85000.0,80.0,36%-<43%,White,Refinance,Principal_Residence,Denied,0.0,0,0.3743911507363647,12.67
0,180.0,385000,395000.0,96.5,20%-<30%,White,Home_Purchase,Principal_Residence,Originated,1.0,0,0.37259682252631854,17.53
3,238.0,545000,675000.0,80.0,36%-<43%,White,CashOut_Refinance,Principal_Residence,Originated,1.0,0,0.3923634258971599,17.35
4,95.0,365000,365000.0,78.353,Unknown,Race Not Available,Home_Purchase,Principal_Residence,Purchased,,0,0.3475398972609059,17.04
0,60.0,155000,375000.0,78.353,Unknown,Race Not Available,Home_Improvement,Principal_Residence,Incomplete,,0,0.4324090716855882,92.81
3,60.0,85000,375000.0,78.353,Unknown,White,CashOut_Refinance,Principal_Residence,Withdrawn,,0,0.4350775663498597,0.0
0,50.0,105000,135000.0,74.07,30%-<36%,Asian,Other,Principal_Residence,Denied,0.0,0,0.3845414870708875,55.24
0,69.0,335000,415000.0,80.0,30%-<36%,Asian,Home_Purchase,Principal_Residence,Originated,1.0,0,0.3611199783598571,11.63
0,94.0,205000,395000.0,50.63,43%-<50%,White,Home_Purchase,Principal_Residence,Originated,1.0,0,0.3911591833946149,9.5
6,88.0,35000,455000.0,79.886,50%-60%,White,Other,Principal_Residence,Denied,0.0,0,0.4476061461468481,5.98
6,124.0,85000,555000.0,68.84,50%-60%,White,Other,Principal_Residence,Denied,0.0,0,0.3932198806387384,22.87
0,163.0,145000,375000.0,78.353,Unknown,Black or African American,Home_Purchase,Principal_Residence,Incomplete,,0,0.38199133022445475,55.25
1,1856.0,555000,375000.0,78.353,Exempt,White,Home_Purchase,Second_Residence,Originated,1.0,0,0.4893840332966224,17.55
3,25.0,75000,145000.0,51.724,36%-<43%,Race Not Available,Refinance,Principal_Residence,Originated,1.0,0,0.47318337829536394,4.86
6,32.0,255000,395000.0,64.615,>60%,White,Refinance,Principal_Residence,Denied,0.0,0,0.37025621968773675,9.3
5,140.0,55000,325000.0,66.69,<20%,White,Home_Improvement,Principal_Residence,Originated,1.0,1,0.466452222383891,9.94
5,83.0,55000,1135000.0,24.3,36%-<43%,White,Other,Principal_Residence,Originated,1.0,1,0.49975937907089346,19.14
0,45.0,155000,295000.0,51.724,30%-<36%,White,Home_Purchase,Principal_Residence,Originated,1.0,0,0.38260976868505026,26.14
4,120.0,205000,235000.0,78.353,20%-<30%,White,Home_Purchase,Principal_Residence,Denied,0.0,0,0.3950039329399366,16.47
0,95.0,225000,225000.0,78.353,Unknown,Race Not Available,Home_Purchase,Principal_Residence,Purchased,,0,0.3852081436036702,68.15
3,64.0,115000,165000.0,69.0,30%-<36%,White,CashOut_Refinance,Principal_Residence,Originated,1.0,0,0.38733260988069795,59.86
6,78.0,315000,375000.0,85.0,50%-60%,Black or African American,CashOut_Refinance,Principal_Residence,Denied,0.0,0,0.3684460487100002,21.73
1,391.0,135000,845000.0,79.762,20%-<30%,White,Home_Improvement,Principal_Residence,Originated,1.0,0,0.412844769699641,20.58
2,8.0,25000,375000.0,78.353,Exempt,White,Home_Purchase,Investment,Originated,1.0,0,0.38175320320832407,42.51
0,99.0,225000,235000.0,99.174,20%-<30%,White,Home_Purchase,Principal_Residence,Originated,1.0,0,0.4229373657448259,44.78
5,88.0,55000,455000.0,65.41,20%-<30%,Race Not Available,Other,Principal_Residence,Originated,1.0,0,0.45016816639891627,9.22
4,177.0,225000,225000.0,78.353,20%-<30%,White,Home_Purchase,Principal_Residence,Denied,0.0,0,0.40184155126133264,9.87
2,95.0,1405000,3505000.0,40.0,Unknown,Race Not Available,Refinance,Investment,Denied,0.0,1,0.5992233476519933,58.56
0,158.0,535000,565000.0,95.0,36%-<43%,White,Home_Purchase,Principal_Residence,Originated,1.0,0,0.4725403882995919,80.6
3,227.0,995000,1305000.0,76.92,30%-<36%,White,CashOut_Refinance,Principal_Residence,Originated,1.0,0,0.4514629810374969,29.48
0,68.0,75000,155000.0,48.39,<20%,White,Home_Improvement,Principal_Residence,Originated,1.0,0,0.3897662749402243,10.17
0,78.0,305000,345000.0,78.353,Unknown,Race Not Available,Home_Purchase,Principal_Residence,Purchased,,0,0.3819702667146074,90.31
6,34.0,125000,345000.0,79.995,>60%,White,Home_Improvement,Principal_Residence,Denied,0.0,0,0.40162331978148397,75.87
2,95.0,355000,555000.0,65.0,Unknown,Race Not Available,Refinance,Investment,Originated,1.0,0,0.4911419807309706,96.39
3,128.0,125000,445000.0,27.61,36%-<43%,White,Refinance,Principal_Residence,Originated,1.0,0,0.47955230033302165,53.3
2,88.0,55000,75000.0,80.0,Unknown,Race Not Available,Home_Purchase,Investment,Originated,1.0,0,0.4179826874276798,9.25
6,44.0,385000,1015000.0,78.353,>60%,White,Refinance,Principal_Residence,Denied,0.0,0,0.4378887733795091,31.29
0,243.0,835000,925000.0,90.0,36%-<43%,White,Home_Purchase,Principal_Residence,Originated,1.0,0,0.46356074154395227,54.29
4,97.0,145000,375000.0,78.353,Unknown,White,Home_Purchase,Principal_Residence,Incomplete,,0,0.3774579358808325,16.4
3,168.0,485000,605000.0,80.0,43%-<50%,White,CashOut_Refinance,Principal_Residence,Originated,1.0,0,0.4138330766039538,37.86
0,101.0,375000,375000.0,78.353,Exempt,Asian,Home_Purchase,Principal_Residence,Originated,1.0,0,0.4040903545963696,99.06
5,60.0,35000,65000.0,124.0,36%-<43%,White,Refinance,Principal_Residence,Denied,0.0,0,0.4795525304403226,20.14
0,214.0,435000,485000.0,90.0,43%-<50%,Asian,Home_Purchase,Principal_Residence,Originated,1.0,0,0.3738115727773853,29.25
0,93.0,315000,375000.0,78.353,Unknown,White,Home_Purchase,Principal_Residence,Incomplete,,0,0.3438809130549918,27.04
0,99.0,295000,335000.0,90.0,30%-<36%,White,Home_Purchase,Principal_Residence,Originated,1.0,0,0.3551491581321469,35.13
5,65.0,45000,375000.0,78.353,Unknown,White,Other,Principal_Residence,Incomplete,,0,0.44159970855429914,80.09
5,137.0,65000,355000.0,72.29,30%-<36%,Race Not Available,Home_Improvement,Principal_Residence,Denied,0.0,0,0.36117212522746694,22.25
4,22.0,135000,155000.0,86.893,>60%,Race Not Available,Home_Purchase,Principal_Residence,Denied,0.0,2,0.5531937085128346,0.0
5,94.0,125000,375000.0,78.353,Unknown,Race Not Available,Home_Improvement,Principal_Residence,Withdrawn,,0,0.4367302319890076,17.56
3,34.0,65000,85000.0,80.0,43%-<50%,Race Not Available,CashOut_Refinance,Principal_Residence,Originated,1.0,0,0.3861838759114209,6.54
5,95.0,15000,455000.0,90.0,36%-<43%,White,Home_Improvement,Principal_Residence,Originated,1.0,0,0.36925163630380203,25.35
0,89.0,525000,565000.0,92.212,36%-<43%,White,Home_Purchase,Principal_Residence,Originated,1.0,0,0.4118291355963798,8.84
0,105.0,285000,295000.0,96.5,20%-<30%,White,Home_Purchase,Principal_Residence,Originated,1.0,0,0.37460899499094213,36.38
0,97.0,155000,155000.0,100.0,30%-<36%,White,Home_Purchase,Principal_Residence,Originated,1.0,0,0.3804140947965301,13.95
0,30.0,115000,195000.0,56.995,43%-<50%,White,Other,Principal_Residence,Originated,1.0,0,0.39629993230542004,67.09
3,41.0,105000,275000.0,78.353,Unknown,White,CashOut_Refinance,Principal_Residence,Purchased,,0,0.40215416597271186,32.94
3,55.0,95000,135000.0,69.853,<20%,Black or African American,CashOut_Refinance,Principal_Residence,Denied,0.0,0,0.3790658597111489,53.04
4,82.0,175000,185000.0,78.353,20%-<30%,White,Home_Purchase,Principal_Residence,Denied,0.0,0,0.3791529087029565,45.18
0,84.0,335000,355000.0,95.0,30%-<36%,White,Home_Purchase,Principal_Residence,Preapproval_Approved_NotAccepted,,2,0.5221198020960701,0.0
5,146.0,55000,195000.0,64.715,<20%,White,Home_Improvement,Principal_Residence,Originated,1.0,0,0.3774162730519891,27.82
0,129.0,475000,505000.0,95.0,43%-<50%,White,Home_Purchase,Principal_Residence,Originated,1.0,0,0.3980068271013568,38.96
0,97.0,225000,275000.0,80.0,30%-<36%,White,Home_Purchase,Principal_Residence,Originated,1.0,0,0.34822262715304564,12.5
1,700.0,255000,375000.0,78.353,Unknown,Asian,Home_Improvement,Principal_Residence,Incomplete,,0,0.5104735681438585,45.86
2,95.0,1305000,2155000.0,60.47,Unknown,Race Not Available,Refinance,Investment,Denied,0.0,1,0.6032758380715773,80.28
3,122.0,405000,375000.0,78.353,Unknown,Black or African American,CashOut_Refinance,Principal_Residence,Withdrawn,,0,0.34861772974740196,18.59
3,40.0,135000,375000.0,78.353,Unknown,White,Refinance,Principal_Residence,Withdrawn,,0,0.3597817492273274,54.56
5,180.0,45000,615000.0,79.39,20%-<30%,White,Home_Improvement,Principal_Residence,Originated,1.0,0,0.36883736361012087,34.36
3,41.0,105000,165000.0,60.0,20%-<30%,White,CashOut_Refinance,Principal_Residence,Originated,1.0,0,0.3919384386941879,15.18
0,110.0,265000,265000.0,98.189,36%-<43%,White,Home_Purchase,Principal_Residence,Originated,1.0,0,0.4173935812263128,52.49
0,124.0,445000,375000.0,78.353,Unknown,Black or African American,Home_Purchase,Principal_Residence,Withdrawn,,0,0.4067218384095549,71.37
3,189.0,455000,575000.0,79.93,20%-<30%,White,CashOut_Refinance,Principal_Residence,Originated,1.0,0,0.3971681658608534,28.79
0,101.0,245000,235000.0,100.0,36%-<43%,White,Home_Purchase,Principal_Residence,Originated,1.0,0,0.41477383670711765,58.49
3,160.0,265000,335000.0,80.0,36%-<43%,Asian,CashOut_Refinance,Principal_Residence,Originated,1.0,0,0.3940094052535445,87.02
5,129.0,65000,575000.0,67.12,20%-<30%,White,Home_Improvement,Principal_Residence,Denied,0.0,1,0.5289312862124398,91.61
0,109.0,105000,165000.0,94.0,36%-<43%,Race Not Available,Other,Principal_Residence,Denied,0.0,0,0.43389743085005755,34.98
2,95.0,115000,185000.0,78.353,Unknown,Race Not Available,CashOut_Refinance,Investment,Originated,1.0,1,0.518901511793608,0.0
1,471.0,225000,285000.0,80.0,<20%,White,Home_Purchase,Principal_Residence,Originated,1.0,0,0.4083149043871105,14.81
5,118.0,135000,375000.0,78.353,Unknown,Race Not Available,Home_Improvement,Principal_Residence,Withdrawn,,0,0.42788485255548975,94.5
2,0.0,285000,375000.0,77.25,Unknown,White,Home_Purchase,Investment,Originated,1.0,0,0.37067502543599906,21.54
3,37.0,145000,315000.0,45.223,36%-<43%,White,CashOut_Refinance,Principal_Residence,Originated,1.0,0,0.4240023526310416,65.02
3,74.0,215000,715000.0,30.0,43%-<50%,White,Home_Purchase,Principal_Residence,Originated,1.0,0,0.4243849108993242,31.52
5,120.0,125000,465000.0,80.3,43%-<50%,White,Other,Principal_Residence,Denied,0.0,0,0.369069062628445,55.2
0,105.0,415000,515000.0,80.0,36%-<43%,White,Home_Purchase,Principal_Residence,Originated,1.0,0,0.3603687564833746,11.42
3,222.0,925000,375000.0,78.353,Unknown,Asian,CashOut_Refinance,Principal_Residence,Withdrawn,,0,0.4913256135509608,82.85
0,0.0,345000,385000.0,90.0,Unknown,Race Not Available,Home_Purchase,Principal_Residence,Originated,1.0,0,0.39239079554729994,21.98
2,125.0,185000,235000.0,80.0,43%-<50%,White,Home_Purchase,Investment,Denied,0.0,0,0.36058356812339,7.17
0,63.0,165000,175000.0,78.353,Unknown,White,Home_Purchase,Principal_Residence,Purchased,,0,0.3590181640129063,16.12
3,63.0,75000,295000.0,25.862,30%-<36%,White,CashOut_Refinance,Principal_Residence,Originated,1.0,0,0.43208661291267475,26.41
5,252.0,205000,1705000.0,26.0,<20%,Race Not Available,Home_Improvement,Principal_Residence,Originated,1.0,2,0.5908515082215887,43.88
0,95.0,125000,375000.0,78.353,Unknown,White,Other,Principal_Residence,Originated,1.0,0,0.36611121474022057,61.6
0,165.0,975000,1295000.0,75.0,43%-<50%,Asian,Home_Purchase,Principal_Residence,Originated,1.0,0,0.4837344762081934,68.94
5,116.0,35000,235000.0,75.24,30%-<36%,White,Other,Principal_Residence,Denied,0.0,0,0.35985133858799667,21.36
0,221.0,655000,815000.0,80.0,30%-<36%,Asian,Home_Purchase,Principal_Residence,Originated,1.0,0,0.4684178214573436,82.19
0,95.0,295000,495000.0,78.353,Unknown,Race Not Available,Home_Purchase,Principal_Residence,Purchased,,0,0.3620189837216629,16.12
0,85.0,155000,165000.0,95.33,20%-<30%,Race Not Available,Home_Purchase,Principal_Residence,Originated,1.0,0,0.3920886198332042,42.76
0,145.0,405000,525000.0,80.0,36%-<43%,White,Home_Purchase,Principal_Residence,Originated,1.0,0,0.37436490701853076,30.95
2,58.0,105000,245000.0,40.816,36%-<43%,Race Not Available,CashOut_Refinance,Investment,Originated,1.0,0,0.4358222696667173,45.75
3,206.0,305000,455000.0,67.0,20%-<30%,Race Not Available,CashOut_Refinance,Principal_Residence,Originated,1.0,0,0.4149042874259966,87.02
3,87.0,165000,205000.0,79.88,<20%,Joint,Refinance,Principal_Residence,Originated,1.0,1,0.47038125312824575,7.69
2,155.0,55000,305000.0,69.132,36%-<43%,White,Home_Improvement,Investment,Originated,1.0,1,0.42853365105047597,29.42
6,85.0,215000,225000.0,96.5,50%-60%,White,Home_Purchase,Principal_Residence,Originated,1.0,0,0.4179012519449924,93.63
3,70.0,265000,345000.0,78.09,43%-<50%,White,CashOut_Refinance,Principal_Residence,Originated,1.0,0,0.35623055529501885,45.3
0,187.0,755000,945000.0,80.0,36%-<43%,White,Home_Purchase,Principal_Residence,Originated,1.0,0,0.4298465418548203,57.64
3,110.0,285000,375000.0,75.0,30%-<36%,White,CashOut_Refinance,Principal_Residence,Denied,0.0,0,0.3524466917107658,9.79
5,181.0,205000,725000.0,69.334,36%-<43%,White,Home_Improvement,Principal_Residence,Originated,1.0,0,0.3838418415831224,25.29
0,200.0,605000,635000.0,95.0,36%-<43%,White,Home_Purchase,Principal_Residence,Denied,0.0,0,0.4019095022297087,45.34
0,43.0,275000,295000.0,94.8976,43%-<50%,Black or African American,Home_Purchase,Principal_Residence,Originated,1.0,0,0.36227973584946555,41.7
3,78.0,145000,245000.0,59.0,30%-<36%,White,CashOut_Refinance,Principal_Residence,Originated,1.0,0,0.4212183773052117,44.98
4,55.0,125000,135000.0,95.0,20%-<30%,Race Not Available,Home_Purchase,Principal_Residence,Originated,1.0,0,0.3653643050780297,38.82
2,351.0,195000,265000.0,75.0,20%-<30%,White,CashOut_Refinance,Investment,Originated,1.0,0,0.38824193944375246,36.92
0,96.0,445000,445000.0,100.0,30%-<36%,White,Home_Purchase,Principal_Residence,Originated,1.0,0,0.38991948196064197,32.64
6,26.0,75000,65000.0,122.58,50%-60%,Race Not Available,Refinance,Principal_Residence,Denied,0.0,0,0.4425055275735678,27.75
2,95.0,1025000,2105000.0,49.0,Unknown,Race Not Available,Refinance,Investment,Originated,1.0,1,0.5190549041390886,45.22
6,52.0,195000,205000.0,90.0,50%-60%,Black or African American,Home_Purchase,Principal_Residence,Denied,0.0,0,0.3901108120148744,83.57
5,119.0,45000,705000.0,56.359,36%-<43%,White,Home_Improvement,Principal_Residence,Originated,1.0,0,0.4285102452305687,31.05
0,139.0,425000,455000.0,94.923,36%-<43%,Race Not Available,Home_Purchase,Principal_Residence,Originated,1.0,0,0.3715342514252826,50.47
6,157.0,495000,1705000.0,61.143,>60%,White,CashOut_Refinance,Principal_Residence,Denied,0.0,0,0.45948910569229595,54.55
6,101.0,105000,635000.0,53.968,>60%,Joint,Other,Principal_Residence,Denied,0.0,0,0.40175604264692627,20.18
0,48.0,175000,375000.0,38.212,36%-<43%,Black or African American,Home_Improvement,Principal_Residence,Denied,0.0,0,0.4930258482406809,91.79
0,95.0,245000,255000.0,78.353,Unknown,Race Not Available,Home_Purchase,Principal_Residence,Purchased,,0,0.3489416288463519,20.71
0,95.0,385000,395000.0,78.353,Unknown,Race Not Available,Home_Purchase,Principal_Residence,Purchased,,0,0.3667079878505363,37.49
2,86.0,115000,185000.0,64.641,36%-<43%,White,CashOut_Refinance,Investment,Originated,1.0,0,0.43312747802847396,47.95
0,95.0,495000,515000.0,78.353,Unknown,Race Not Available,Home_Purchase,Principal_Residence,Purchased,,0,0.35809575888107736,22.63
6,18.0,65000,85000.0,75.0,>60%,Black or African American,Refinance,Principal_Residence,Denied,0.0,0,0.4759232910360309,91.17
0,63.0,35000,375000.0,78.353,Unknown,White,Other,Principal_Residence,Incomplete,,1,0.4666309685122632,3.62
3,95.0,105000,375000.0,78.353,Unknown,Race Not Available,Refinance,Principal_Residence,Purchased,,0,0.3482132697232585,41.73
1,491.0,505000,905000.0,55.874,20%-<30%,Race Not Available,Home_Purchase,Principal_Residence,Originated,1.0,1,0.466783945468925,59.91
0,95.0,375000,395000.0,95.0,43%-<50%,White,Home_Purchase,Principal_Residence,Originated,1.0,0,0.35580453925031946,25.45
6,60.0,305000,295000.0,78.353,50%-60%,White,Home_Purchase,Principal_Residence,Originated,1.0,0,0.3641241716654888,46.36
2,95.0,225000,315000.0,71.12,Unknown,Race Not Available,Home_Purchase,Investment,Originated,1.0,2,0.5910211721202034,0.0
5,85.0,35000,295000.0,92.284,30%-<36%,White,Other,Principal_Residence,Denied,0.0,0,0.37694230849569366,29.31
3,250.0,1115000,1615000.0,78.353,Unknown,Race Not Available,CashOut_Refinance,Principal_Residence,Purchased,,0,0.5136262847718397,49.35
0,58.0,275000,285000.0,95.0,36%-<43%,White,Home_Purchase,Principal_Residence,Originated,1.0,0,0.36265777116302894,15.83
0,95.0,1555000,1505000.0,78.353,Unknown,Race Not Available,Home_Purchase,Principal_Residence,Purchased,,1,0.5425431812385565,39.67
3,47.0,105000,375000.0,78.353,Unknown,White,Refinance,Principal_Residence,Withdrawn,,0,0.43553147101506595,43.02
3,22.0,85000,195000.0,45.263,30%-<36%,White,Refinance,Principal_Residence,Approved_NotAccepted,,0,0.4052923779054494,16.16
6,89.0,225000,275000.0,80.0,>60%,White,Home_Purchase,Principal_Residence,Preapproval_Denied,,1,0.5142115343309726,0.0
0,160.0,505000,435000.0,116.77,36%-<43%,White,Home_Purchase,Principal_Residence,Preapproval_Approved_NotAccepted,,0,0.42124853402748164,13.99
0,95.0,285000,295000.0,78.353,Unknown,Race Not Available,Home_Purchase,Principal_Residence,Purchased,,0,0.3737969809202232,11.48
3,36.0,75000,165000.0,46.875,30%-<36%,Race Not Available,CashOut_Refinance,Principal_Residence,Denied,0.0,0,0.39628351670780393,39.52
0,93.0,145000,195000.0,75.0,43%-<50%,White,Home_Purchase,Principal_Residence,Originated,1.0,0,0.3528774334377805,15.0
0,115.0,315000,335000.0,93.331,43%-<50%,White,Home_Purchase,Principal_Residence,Originated,1.0,0,0.36376514573469965,10.09
6,65.0,185000,185000.0,96.5,50%-60%,White,Home_Purchase,Principal_Residence,Originated,1.0,0,0.39651187237087965,53.75
5,233.0,185000,555000.0,69.977,36%-<43%,White,Other,Principal_Residence,Originated,1.0,0,0.4614073820490131,78.51
0,147.0,285000,315000.0,90.0,36%-<43%,White,Home_Purchase,Principal_Residence,Originated,1.0,0,0.3694751435146667,54.32
3,116.0,345000,525000.0,66.0,36%-<43%,White,CashOut_Refinance,Principal_Residence,Originated,1.0,0,0.4151480441070667,7.84
5,50.0,55000,225000.0,60.44,36%-<43%,White,Other,Principal_Residence,Originated,1.0,0,0.37396060610162335,21.36
3,58.0,115000,375000.0,78.353,Unknown,White,CashOut_Refinance,Principal_Residence,Incomplete,,0,0.35405866759795035,9.07
3,50.0,105000,375000.0,78.353,Unknown,White,Refinance,Principal_Residence,Incomplete,,0,0.3599302028442413,11.56
2,95.0,1505000,5945000.0,36.0,Unknown,Race Not Available,Refinance,Investment,Originated,1.0,3,0.6753645079166569,52.4
2,144.0,55000,65000.0,80.0,36%-<43%,White,Home_Purchase,Investment,Originated,1.0,0,0.3745378446881092,32.48
3,87.0,125000,375000.0,78.353,Unknown,Black or African American,CashOut_Refinance,Principal_Residence,Incomplete,,0,0.3800619981829696,87.27
3,22.0,145000,375000.0,78.353,Unknown,Race Not Available,Refinance,Principal_Residence,Withdrawn,,0,0.3947210679676828,91.48
6,131.0,155000,555000.0,55.55,50%-60%,White,Other,Principal_Residence,Originated,1.0,0,0.38444553401826825,8.79
2,54.0,145000,225000.0,78.353,43%-<50%,White,CashOut_Refinance,Investment,Originated,1.0,0,0.3753939050956772,65.22
0,124.0,455000,375000.0,78.353,Unknown,Black or African American,Home_Purchase,Principal_Residence,Withdrawn,,0,0.37342053231317024,75.61
4,129.0,145000,375000.0,78.353,Unknown,White,Home_Purchase,Principal_Residence,Incomplete,,0,0.37448668253671186,35.12
3,80.0,45000,165000.0,28.91,30%-<36%,White,Other,Principal_Residence,Originated,1.0,0,0.47243252966437776,8.56
6,0.0,35000,205000.0,17.5,>60%,White,Other,Principal_Residence,Denied,0.0,0,0.4693111531631936,36.97
3,21.0,105000,135000.0,77.94,43%-<50%,White,CashOut_Refinance,Principal_Residence,Originated,1.0,0,0.38719660076042844,47.06
3,39.0,95000,145000.0,65.0,20%-<30%,White,CashOut_Refinance,Principal_Residence,Originated,1.0,0,0.41143105363769245,87.5
0,45.0,165000,295000.0,54.27,43%-<50%,Race Not Available,Home_Purchase,Principal_Residence,Approved_NotAccepted,,1,0.5002822303387632,4.26
0,27.0,25000,375000.0,78.353,Unknown,White,Home_Improvement,Principal_Residence,Withdrawn,,0,0.4112321854996012,47.71
6,138.0,695000,715000.0,96.5,50%-60%,White,Home_Purchase,Principal_Residence,Originated,1.0,0,0.4643498844244183,57.57
5,35.0,45000,315000.0,55.65,43%-<50%,White,Other,Principal_Residence,Originated,1.0,0,0.3809821650126748,31.05
3,139.0,285000,455000.0,63.856,43%-<50%,Race Not Available,CashOut_Refinance,Principal_Residence,Originated,1.0,0,0.3644255903611877,21.48
3,95.0,105000,375000.0,78.353,Unknown,White,Refinance,Principal_Residence,Incomplete,,0,0.37412777719246454,58.52
2,380.0,165000,375000.0,78.353,Unknown,White,Home_Purchase,Investment,Withdrawn,,0,0.4476257881212275,92.6
0,56.0,235000,375000.0,78.353,Unknown,Black or African American,Home_Purchase,Principal_Residence,Incomplete,,0,0.4488275308734594,94.39
5,75.0,25000,175000.0,90.0,30%-<36%,White,Other,Principal_Residence,Approved_NotAccepted,,0,0.39372320447516423,6.85
0,205.0,545000,575000.0,95.0,43%-<50%,Black or African American,Home_Purchase,Principal_Residence,Originated,1.0,0,0.3893782242500299,29.98
0,95.0,445000,455000.0,78.353,Unknown,Race Not Available,Home_Purchase,Principal_Residence,Purchased,,0,0.35801288817217775,16.46
5,42.0,105000,375000.0,78.353,Unknown,White,Home_Purchase,Principal_Residence,Withdrawn,,1,0.47218595846913614,69.75
6,55.0,25000,375000.0,78.353,50%-60%,Race Not Available,Home_Improvement,Second_Residence,Denied,0.0,0,0.399217258361962,9.99
0,65.0,255000,375000.0,78.353,Unknown,White,Home_Purchase,Principal_Residence,Withdrawn,,0,0.35072649484242335,12.88
3,84.0,455000,765000.0,60.0,36%-<43%,White,CashOut_Refinance,Principal_Residence,Originated,1.0,0,0.4445731587548426,71.41
6,59.0,85000,105000.0,74.07,50%-60%,Black or African American,CashOut_Refinance,Principal_Residence,Denied,0.0,0,0.42971047521606753,40.0
3,95.0,195000,305000.0,78.353,Unknown,White,Refinance,Principal_Residence,Originated,1.0,0,0.3463529091027026,32.12
5,249.0,205000,705000.0,84.008,30%-<36%,Black or African American,Home_Improvement,Principal_Residence,Originated,1.0,1,0.4886753795506917,46.25
5,58.0,15000,195000.0,84.98,20%-<30%,White,Home_Improvement,Principal_Residence,Approved_NotAccepted,,0,0.44942682562575476,52.77
3,95.0,315000,375000.0,78.353,Unknown,Race Not Available,Refinance,Principal_Residence,Withdrawn,,0,0.35018837173859174,17.55
0,80.0,465000,375000.0,78.353,Unknown,Black or African American,Home_Purchase,Principal_Residence,Approved_NotAccepted,,0,0.3726071918156663,20.69
0,95.0,205000,215000.0,78.353,Unknown,Race Not Available,Home_Purchase,Principal_Residence,Purchased,,0,0.3826580453539112,21.57
2,64.0,35000,375000.0,78.353,Unknown,White,CashOut_Refinance,Investment,Withdrawn,,0,0.36738374886831376,36.11
0,95.0,255000,255000.0,78.353,Unknown,Race Not Available,Home_Purchase,Principal_Residence,Purchased,,0,0.356350484092549,59.01
0,199.0,515000,605000.0,85.0,36%-<43%,White,Home_Purchase,Principal_Residence,Originated,1.0,0,0.37598114238733793,29.36
0,133.0,575000,375000.0,78.353,Unknown,White,Home_Purchase,Principal_Residence,Withdrawn,,0,0.4143100954279738,94.5
5,272.0,145000,1105000.0,89.66,30%-<36%,Asian,Home_Improvement,Principal_Residence,Originated,1.0,0,0.4350309722308594,26.03
3,39.0,155000,295000.0,50.847,36%-<43%,White,CashOut_Refinance,Principal_Residence,Originated,1.0,0,0.40627927936902564,78.25
0,59.0,195000,205000.0,95.0,43%-<50%,Black or African American,Home_Purchase,Principal_Residence,Originated,1.0,0,0.42624497635497227,94.58
0,95.0,535000,595000.0,78.353,Unknown,Race Not Available,Home_Purchase,Principal_Residence,Purchased,,0,0.4214705948908573,71.78
3,118.0,375000,375000.0,100.0,30%-<36%,White,CashOut_Refinance,Principal_Residence,Originated,1.0,0,0.39637728225735164,28.42
4,89.0,125000,135000.0,78.353,20%-<30%,Race Not Available,Home_Purchase,Principal_Residence,Approved_NotAccepted,,0,0.3639173792017245,57.8
0,115.0,405000,425000.0,95.0,36%-<43%,White,Home_Purchase,Principal_Residence,Originated,1.0,0,0.36987970264516706,7.65
3,94.0,115000,355000.0,31.886,20%-<30%,Race Not Available,Refinance,Principal_Residence,Originated,1.0,0,0.40609467638386276,24.78
0,95.0,315000,335000.0,95.0,36%-<43%,Asian,Home_Purchase,Principal_Residence,Originated,1.0,0,0.3720799171429962,70.6
3,170.0,695000,375000.0,78.353,Unknown,Race Not Available,CashOut_Refinance,Principal_Residence,Incomplete,,0,0.4177481729064909,21.76
0,207.0,35000,395000.0,77.57,20%-<30%,White,Home_Improvement,Principal_Residence,Originated,1.0,0,0.4521759015866391,8.96
6,115.0,215000,215000.0,100.0,50%-60%,Race Not Available,Home_Purchase,Principal_Residence,Originated,1.0,0,0.3735495429686533,24.66
3,104.0,185000,555000.0,32.485,<20%,White,Home_Purchase,Principal_Residence,Originated,1.0,0,0.41007261277808604,11.69
3,107.0,225000,435000.0,51.16,30%-<36%,Asian,CashOut_Refinance,Principal_Residence,Originated,1.0,0,0.40878250633319185,47.37
2,82.0,355000,375000.0,78.353,Unknown,White,CashOut_Refinance,Investment,Withdrawn,,0,0.3909083237299452,76.35
3,44.0,185000,325000.0,55.385,36%-<43%,Race Not Available,CashOut_Refinance,Principal_Residence,Originated,1.0,0,0.3748247574903149,12.52
0,52.0,225000,375000.0,78.353,Unknown,Race Not Available,Home_Purchase,Principal_Residence,Withdrawn,,0,0.36145591245402325,42.19
0,79.0,165000,175000.0,97.0,43%-<50%,White,Home_Purchase,Principal_Residence,Originated,1.0,0,0.3779243317419908,20.04
3,177.0,465000,375000.0,78.353,Unknown,Race Not Available,Refinance,Principal_Residence,Withdrawn,,0,0.3870187010485167,53.3
5,114.0,105000,675000.0,79.8,36%-<43%,White,Home_Improvement,Principal_Residence,Originated,1.0,0,0.4103407452697411,20.19
2,107.0,135000,255000.0,74.88,43%-<50%,Black or African American,Home_Purchase,Investment,Denied,0.0,0,0.3515319399117125,18.59
0,95.0,335000,325000.0,78.353,Unknown,Race Not Available,Home_Purchase,Principal_Residence,Purchased,,0,0.36377751819798526,13.69
0,208.0,435000,645000.0,78.353,Unknown,Race Not Available,Home_Purchase,Principal_Residence,Purchased,,0,0.37034586843739015,43.4
3,64.0,315000,375000.0,78.353,Unknown,White,CashOut_Refinance,Principal_Residence,Incomplete,,0,0.3523139671021203,11.05
0,95.0,235000,255000.0,78.353,Unknown,Race Not Available,NotApplicable,Principal_Residence,Purchased,,0,0.4007981245371574,74.06
0,96.0,115000,125000.0,95.0,43%-<50%,White,Home_Purchase,Principal_Residence,Originated,1.0,0,0.3809805496048607,6.31
3,113.0,185000,425000.0,45.0,20%-<30%,Race Not Available,CashOut_Refinance,Principal_Residence,Originated,1.0,0,0.44488873245445404,61.63
3,92.0,105000,1405000.0,7.14,43%-<50%,White,Refinance,Principal_Residence,Denied,0.0,0,0.5273956677695198,67.11
6,86.0,395000,455000.0,85.0,50%-60%,Race Not Available,Home_Purchase,Principal_Residence,Originated,1.0,0,0.3730003222133085,76.01
5,80.0,35000,235000.0,101.361,36%-<43%,White,Other,Principal_Residence,Denied,0.0,0,0.387013867124392,10.25
5,235.0,85000,805000.0,90.0,30%-<36%,White,Refinance,Principal_Residence,Originated,1.0,0,0.4891157815224625,7.41
3,78.0,425000,705000.0,60.0,43%-<50%,White,CashOut_Refinance,Principal_Residence,Originated,1.0,0,0.4173743000907898,19.52
6,41.0,65000,565000.0,10.715,>60%,White,Other,Principal_Residence,Denied,0.0,0,0.4606017016254051,35.17
0,93.0,405000,555000.0,73.143,43%-<50%,White,Home_Purchase,Principal_Residence,Originated,1.0,0,0.37203033484810066,31.9
0,170.0,295000,395000.0,74.359,<20%,White,Home_Purchase,Principal_Residence,Originated,1.0,0,0.36140249300069954,7.37
3,47.0,85000,115000.0,80.0,36%-<43%,White,CashOut_Refinance,Principal_Residence,Approved_NotAccepted,,0,0.3865323255752533,6.39
0,95.0,595000,745000.0,78.353,Unknown,Race Not Available,Home_Purchase,Principal_Residence,Purchased,,0,0.3994118175852141,62.11
6,144.0,25000,385000.0,83.668,50%-60%,Joint,Other,Principal_Residence,Originated,1.0,0,0.4232254906017021,18.93
4,30.0,55000,375000.0,78.353,Unknown,Black or African American,Home_Purchase,Principal_Residence,Incomplete,,0,0.4154175536812128,58.04
0,43.0,185000,185000.0,101.01,30%-<36%,Race Not Available,Home_Purchase,Principal_Residence,Originated,1.0,0,0.38822833936393436,10.79
0,34.0,85000,95000.0,78.353,Unknown,Race Not Available,Home_Purchase,Principal_Residence,Purchased,,0,0.3742360986497118,20.75
0,95.0,385000,425000.0,78.353,Unknown,Race Not Available,Home_Purchase,Principal_Residence,Purchased,,0,0.349424093551915,19.38
3,89.0,205000,295000.0,70.0,30%-<36%,White,CashOut_Refinance,Principal_Residence,Originated,1.0,0,0.3625865801666437,30.56
5,155.0,95000,375000.0,78.353,Unknown,White,Other,Principal_Residence,Incomplete,,0,0.39288293135575186,83.07
6,57.0,205000,255000.0,80.0,50%-60%,Joint,Home_Purchase,Principal_Residence,Originated,1.0,0,0.3611026308275042,24.23
5,311.0,205000,1075000.0,96.09,30%-<36%,Asian,Other,Principal_Residence,Approved_NotAccepted,,2,0.5146682337522621,71.68
3,95.0,285000,405000.0,78.353,Unknown,Race Not Available,CashOut_Refinance,Principal_Residence,Purchased,,0,0.35459205468778787,53.32
0,77.0,275000,465000.0,60.194,43%-<50%,White,Home_Purchase,Principal_Residence,Originated,1.0,1,0.4964811242101592,20.44
4,41.0,85000,95000.0,78.353,36%-<43%,White,Home_Purchase,Principal_Residence,Approved_NotAccepted,,0,0.3822656335650418,17.98
0,91.0,215000,395000.0,53.44,20%-<30%,Race Not Available,Home_Improvement,Principal_Residence,Originated,1.0,0,0.4163009570983726,32.19
0,72.0,285000,295000.0,78.353,36%-<43%,Black or African American,Home_Purchase,Principal_Residence,Originated,1.0,0,0.43373233801492755,51.05
0,73.0,75000,75000.0,95.0,36%-<43%,White,Home_Purchase,Principal_Residence,Denied,0.0,0,0.436269607599056,24.65
0,95.0,335000,375000.0,78.353,Unknown,Race Not Available,Home_Purchase,Principal_Residence,Purchased,,0,0.3510729423130876,43.83
5,185.0,75000,375000.0,78.353,Unknown,White,Home_Improvement,Principal_Residence,Incomplete,,0,0.41263410009290086,9.16
4,95.0,155000,375000.0,78.353,Unknown,Black or African American,Home_Purchase,Principal_Residence,Denied,0.0,0,0.3749007518465003,51.75
0,95.0,135000,145000.0,95.0,30%-<36%,White,Home_Purchase,Principal_Residence,Originated,1.0,0,0.4333378850521262,6.11
0,95.0,445000,465000.0,78.353,Unknown,Race Not Available,Home_Purchase,Principal_Residence,Purchased,,0,0.36711222776802793,33.11
0,82.0,345000,375000.0,78.353,Unknown,Race Not Available,Home_Purchase,Principal_Residence,Withdrawn,,0,0.344884391390761,28.29
3,105.0,265000,375000.0,78.353,Unknown,White,CashOut_Refinance,Principal_Residence,Withdrawn,,0,0.37702398260144954,59.5
3,50.0,65000,185000.0,38.0,20%-<30%,White,Refinance,Principal_Residence,Originated,1.0,0,0.49602339145844687,49.25
3,25.0,65000,265000.0,25.89,30%-<36%,White,CashOut_Refinance,Principal_Residence,Originated,1.0,0,0.459400463626559,66.8
6,71.0,305000,565000.0,78.57,>60%,Race Not Available,Home_Improvement,Principal_Residence,Denied,0.0,0,0.4492479057759385,73.79
2,95.0,105000,375000.0,78.353,Exempt,Race Not Available,Home_Purchase,Investment,Originated,1.0,0,0.35532891553751633,17.51
0,39.0,55000,375000.0,78.353,Unknown,Black or African American,Home_Purchase,Principal_Residence,Withdrawn,,0,0.4762244023046895,98.0
0,114.0,125000,155000.0,80.0,<20%,White,Home_Purchase,Principal_Residence,Originated,1.0,0,0.37703869905726606,7.77
3,144.0,335000,415000.0,80.0,43%-<50%,White,CashOut_Refinance,Principal_Residence,Approved_NotAccepted,,0,0.3680764480769304,11.42
3,173.0,155000,435000.0,36.26,<20%,Asian,Refinance,Principal_Residence,Originated,1.0,0,0.4922009354167248,66.63
5,110.0,25000,195000.0,66.62,<20%,White,Home_Improvement,Principal_Residence,Originated,1.0,0,0.37819441483852584,24.01
5,191.0,105000,375000.0,78.353,Unknown,White,Home_Improvement,Principal_Residence,Withdrawn,,0,0.445043067713152,76.61
3,30.0,35000,185000.0,19.3,20%-<30%,White,Home_Improvement,Principal_Residence,Originated,1.0,0,0.4954967011652022,15.26
2,95.0,45000,645000.0,83.0,Unknown,Race Not Available,Home_Purchase,Investment,Originated,1.0,1,0.494514705081898,55.36
0,138.0,275000,565000.0,50.0,36%-<43%,White,Home_Purchase,Principal_Residence,Originated,1.0,0,0.3837738966401669,12.87
3,97.0,165000,205000.0,78.049,30%-<36%,Race Not Available,CashOut_Refinance,Principal_Residence,Originated,1.0,0,0.37154903337619904,74.1
3,95.0,425000,375000.0,78.353,Unknown,White,Refinance,Principal_Residence,Incomplete,,0,0.37387565927426125,11.41
1,389.0,485000,375000.0,78.353,Unknown,Race Not Available,Home_Purchase,Principal_Residence,Withdrawn,,0,0.403292690705727,37.44
0,50.0,205000,315000.0,64.516,36%-<43%,White,Home_Purchase,Principal_Residence,Originated,1.0,0,0.3669768905313299,7.4
5,95.0,155000,385000.0,66.0,36%-<43%,White,Home_Improvement,Principal_Residence,Originated,1.0,0,0.39068675053272706,49.41
0,194.0,505000,835000.0,78.353,Unknown,Race Not Available,Home_Purchase,Principal_Residence,Purchased,,0,0.4036999627931065,55.35
0,95.0,115000,115000.0,78.353,Unknown,Race Not Available,Home_Purchase,Principal_Residence,Purchased,,0,0.36683582751779015,52.68
5,117.0,105000,725000.0,44.206,20%-<30%,White,Other,Principal_Residence,Originated,1.0,0,0.4964425690584888,0.95
0,108.0,345000,375000.0,78.353,Unknown,Black or African American,Home_Purchase,Principal_Residence,Withdrawn,,0,0.3474020003032268,41.43
0,98.0,345000,375000.0,78.353,Unknown,White,Home_Purchase,Principal_Residence,Withdrawn,,0,0.3566305137707169,7.15
0,111.0,245000,375000.0,78.353,Unknown,White,Home_Purchase,Principal_Residence,Withdrawn,,0,0.3909145914681781,23.53
2,95.0,265000,375000.0,68.966,Unknown,Race Not Available,CashOut_Refinance,Investment,Originated,1.0,0,0.4091449075409905,88.6
0,96.0,65000,375000.0,78.353,Unknown,White,Other,Principal_Residence,Withdrawn,,0,0.37957274761246323,16.19
3,117.0,285000,325000.0,89.969,36%-<43%,White,CashOut_Refinance,Principal_Residence,Denied,0.0,0,0.373033702103522,5.73
3,108.0,285000,375000.0,78.353,Unknown,White,CashOut_Refinance,Principal_Residence,Withdrawn,,0,0.3452471148089858,20.64
3,65.0,155000,225000.0,70.0,36%-<43%,White,CashOut_Refinance,Principal_Residence,Originated,1.0,0,0.3603743138940555,10.2
3,87.0,165000,395000.0,42.564,43%-<50%,Race Not Available,Refinance,Principal_Residence,Approved_NotAccepted,,0,0.4077444491655833,57.28
0,96.0,395000,455000.0,97.0,36%-<43%,Race Not Available,Home_Purchase,Principal_Residence,Originated,1.0,0,0.40357637667701585,39.18
0,260.0,775000,375000.0,78.353,Unknown,White,Home_Purchase,Principal_Residence,Withdrawn,,1,0.4875829179984913,84.71
5,194.0,395000,1235000.0,79.972,43%-<50%,2 or more minority races,Home_Improvement,Principal_Residence,Originated,1.0,0,0.4381450287710619,66.45
0,119.0,515000,575000.0,90.0,43%-<50%,White,Home_Purchase,Principal_Residence,Preapproval_Approved_NotAccepted,,1,0.5407685823839212,0.0
3,98.0,165000,375000.0,78.353,Unknown,Race Not Available,CashOut_Refinance,Principal_Residence,Withdrawn,,0,0.34768407583419064,26.54
0,43.0,195000,215000.0,90.0,36%-<43%,White,Home_Purchase,Principal_Residence,Originated,1.0,0,0.35902018359139737,24.91
0,160.0,445000,375000.0,78.353,Unknown,Asian,Home_Purchase,Principal_Residence,Withdrawn,,0,0.4458719556470357,59.81
5,156.0,35000,375000.0,78.353,Unknown,White,Other,Principal_Residence,Incomplete,,0,0.46011809936346365,66.58
0,58.0,165000,375000.0,78.353,Exempt,White,Home_Purchase,Principal_Residence,Originated,1.0,0,0.40227953016180673,96.6
0,95.0,295000,305000.0,78.353,Unknown,Race Not Available,Home_Purchase,Principal_Residence,Purchased,,0,0.36466525868141914,40.83
6,27.0,305000,375000.0,78.353,>60%,Asian,Other,Principal_Residence,Denied,0.0,0,0.3562756698293939,21.52
3,95.0,125000,195000.0,78.353,Unknown,Race Not Available,Refinance,Second_Residence,Purchased,,0,0.35495676782774704,14.89
3,105.0,295000,535000.0,55.085,43%-<50%,Black or African American,CashOut_Refinance,Second_Residence,Denied,0.0,0,0.47088855977399974,85.71
0,44.0,125000,375000.0,78.353,Exempt,Asian,Home_Improvement,Principal_Residence,Originated,1.0,0,0.37002660649700214,47.9
4,51.0,185000,185000.0,78.353,50%-60%,White,Home_Purchase,Principal_Residence,Denied,0.0,0,0.4690771387499851,0.0
0,66.0,65000,75000.0,95.0,30%-<36%,White,Home_Purchase,Principal_Residence,Originated,1.0,0,0.3880004389433608,13.15
0,82.0,325000,435000.0,75.0,43%-<50%,White,Home_Purchase,Principal_Residence,Originated,1.0,0,0.35348191300695164,17.92
3,49.0,105000,175000.0,58.143,20%-<30%,White,CashOut_Refinance,Principal_Residence,Denied,0.0,0,0.38263918168633043,7.28
3,95.0,285000,885000.0,78.353,Unknown,Race Not Available,Refinance,Principal_Residence,Purchased,,0,0.37226982739211967,19.24
6,25.0,175000,235000.0,76.142,50%-60%,Race Not Available,CashOut_Refinance,Principal_Residence,Denied,0.0,0,0.35504615057842626,31.45
1,702.0,1205000,3055000.0,39.34,30%-<36%,White,Home_Purchase,Second_Residence,Originated,1.0,2,0.6311446347589096,14.45
2,139.0,275000,345000.0,80.0,36%-<43%,White,Home_Purchase,Investment,Originated,1.0,0,0.4028939378205931,91.34
0,178.0,395000,425000.0,95.0,30%-<36%,White,Home_Purchase,Principal_Residence,Originated,1.0,0,0.37562511726987524,15.13
5,85.0,25000,475000.0,19.43,<20%,White,Home_Improvement,Principal_Residence,Denied,0.0,0,0.4437155054089864,50.17
3,167.0,615000,655000.0,93.846,30%-<36%,White,Refinance,Principal_Residence,Approved_NotAccepted,,2,0.5520982287559592,0.0
5,80.0,15000,195000.0,80.0,<20%,Black or African American,Other,Principal_Residence,Denied,0.0,0,0.43758400521138147,79.27
3,103.0,545000,695000.0,78.0,43%-<50%,Race Not Available,CashOut_Refinance,Principal_Residence,Originated,1.0,0,0.39688528820868874,74.83
5,213.0,45000,375000.0,78.353,Unknown,White,Other,Principal_Residence,Withdrawn,,0,0.3710646149146984,25.35
1,495.0,485000,375000.0,78.353,50%-60%,Race Not Available,Home_Purchase,Second_Residence,Denied,0.0,0,0.4224952864580947,10.33
5,66.0,85000,415000.0,20.553,36%-<43%,White,Other,Principal_Residence,Originated,1.0,0,0.4950606292320081,8.05
0,280.0,1065000,1255000.0,85.0,36%-<43%,White,Home_Purchase,Principal_Residence,Originated,1.0,1,0.4729451974946787,25.58
0,129.0,345000,325000.0,100.0,20%-<30%,White,Home_Purchase,Principal_Residence,Originated,1.0,0,0.39558436494299387,32.5
3,83.0,295000,445000.0,66.228,43%-<50%,Race Not Available,Refinance,Principal_Residence,Approved_NotAccepted,,0,0.368707297252742,36.17
2,95.0,155000,375000.0,78.353,Unknown,Black or African American,CashOut_Refinance,Investment,Incomplete,,0,0.3932420023286922,90.59
0,182.0,405000,375000.0,78.353,Unknown,White,Home_Purchase,Second_Residence,Withdrawn,,0,0.3538576210198835,19.93
4,46.0,45000,55000.0,78.353,50%-60%,White,Home_Purchase,Principal_Residence,Denied,0.0,0,0.5037054773394849,0.0
5,122.0,195000,1705000.0,40.243,43%-<50%,White,Other,Principal_Residence,Originated,1.0,2,0.547210470373737,64.99
4,169.0,125000,135000.0,90.0,30%-<36%,Race Not Available,Home_Purchase,Principal_Residence,Denied,0.0,0,0.4002769759818116,5.89
5,41.0,25000,375000.0,78.353,Unknown,White,Home_Improvement,Principal_Residence,Incomplete,,0,0.40175565322094925,19.41
6,152.0,305000,295000.0,100.0,50%-60%,White,Home_Purchase,Principal_Residence,Originated,1.0,0,0.4230727552687543,72.54
0,95.0,395000,405000.0,78.353,Unknown,Race Not Available,Home_Purchase,Principal_Residence,Purchased,,0,0.3818709560641993,52.13
6,32.0,105000,195000.0,51.375,50%-60%,Black or African American,Home_Improvement,Principal_Residence,Originated,1.0,0,0.4160943041850406,78.16
3,60.0,255000,375000.0,78.353,Unknown,White,CashOut_Refinance,Principal_Residence,Incomplete,,0,0.3735205874530828,69.7
6,72.0,405000,395000.0,101.75,50%-60%,White,Home_Purchase,Principal_Residence,Denied,0.0,0,0.3907991347656443,50.13
1,612.0,2005000,1215000.0,68.96,20%-<30%,Race Not Available,Home_Purchase,Principal_Residence,Denied,0.0,1,0.6019171532963207,9.11
2,63.0,55000,65000.0,75.0,43%-<50%,Black or African American,Refinance,Investment,Denied,0.0,0,0.39896356734894683,79.4
0,205.0,305000,755000.0,39.526,36%-<43%,White,Home_Purchase,Principal_Residence,Originated,1.0,1,0.5125938753893955,7.35
6,70.0,215000,215000.0,96.5,50%-60%,Joint,Home_Purchase,Principal_Residence,Originated,1.0,0,0.39286221691642725,75.76
5,189.0,65000,475000.0,84.23,20%-<30%,White,Home_Improvement,Principal_Residence,Originated,1.0,0,0.3784270137551597,10.09
0,263.0,805000,1165000.0,68.493,43%-<50%,Asian,Home_Purchase,Principal_Residence,Originated,1.0,1,0.47022721832017944,35.13
5,200.0,95000,685000.0,70.038,30%-<36%,White,Home_Improvement,Principal_Residence,Originated,1.0,0,0.44587602788539854,15.85
3,235.0,105000,295000.0,35.79,<20%,White,Refinance,Principal_Residence,Originated,1.0,0,0.5031469248805741,54.98
2,95.0,95000,375000.0,78.353,Exempt,Race Not Available,Refinance,Investment,Originated,1.0,0,0.3633816466688065,33.8
2,95.0,685000,985000.0,70.0,Unknown,Race Not Available,Home_Purchase,Investment,Originated,1.0,1,0.48603166579803875,69.49
0,86.0,585000,745000.0,78.353,Unknown,Race Not Available,Home_Purchase,Principal_Residence,Purchased,,0,0.3866745439035118,12.67
0,67.0,245000,265000.0,90.654,43%-<50%,White,Home_Purchase,Principal_Residence,Originated,1.0,0,0.38296202004681135,45.64
3,72.0,185000,525000.0,36.0,36%-<43%,White,Refinance,Principal_Residence,Originated,1.0,0,0.41081240856439993,45.55
3,109.0,55000,255000.0,21.16,<20%,White,CashOut_Refinance,Principal_Residence,Originated,1.0,1,0.5179927867011197,16.09
2,171.0,155000,375000.0,78.353,Unknown,Black or African American,Home_Purchase,Investment,Withdrawn,,0,0.419399278222168,96.52
0,126.0,525000,595000.0,90.0,43%-<50%,Black or African American,Home_Purchase,Principal_Residence,Originated,1.0,0,0.3902027795494169,25.05
3,260.0,1145000,1435000.0,78.353,Unknown,Race Not Available,Refinance,Principal_Residence,Purchased,,1,0.4925728640999788,26.12
3,261.0,535000,375000.0,78.353,Unknown,Race Not Available,CashOut_Refinance,Principal_Residence,Withdrawn,,0,0.3918822934126257,11.51
4,34.0,25000,155000.0,73.47,50%-60%,White,Home_Improvement,Principal_Residence,Denied,0.0,1,0.405739658232192,6.36
6,89.0,355000,375000.0,95.0,50%-60%,Black or African American,Home_Purchase,Principal_Residence,Originated,1.0,0,0.37471799972888875,73.98
6,23.0,105000,555000.0,64.94,>60%,Black or African American,Refinance,Principal_Residence,Denied,0.0,0,0.3906435705355092,44.28
5,143.0,115000,505000.0,78.811,20%-<30%,White,Home_Improvement,Principal_Residence,Originated,1.0,0,0.41998873614312987,8.89
3,98.0,305000,475000.0,65.0,43%-<50%,White,CashOut_Refinance,Principal_Residence,Approved_NotAccepted,,0,0.4596533118755063,86.44
0,68.0,345000,355000.0,96.5,43%-<50%,Race Not Available,Home_Purchase,Principal_Residence,Denied,0.0,0,0.39374475506790996,82.57
0,93.0,405000,415000.0,78.353,43%-<50%,Race Not Available,Home_Purchase,Principal_Residence,Originated,1.0,0,0.36516064838252016,71.4
0,167.0,755000,1405000.0,53.571,36%-<43%,Race Not Available,Home_Purchase,Principal_Residence,Originated,1.0,1,0.4817707746898568,26.23
3,113.0,495000,375000.0,78.353,Unknown,White,Refinance,Principal_Residence,Withdrawn,,0,0.3617473986675823,10.74
0,161.0,495000,375000.0,78.353,Unknown,White,Home_Purchase,Principal_Residence,Withdrawn,,0,0.3837742081231486,9.55
2,95.0,385000,555000.0,78.353,Unknown,Race Not Available,Refinance,Investment,Purchased,,0,0.40274259254504813,85.4
3,140.0,845000,1405000.0,60.0,43%-<50%,White,CashOut_Refinance,Principal_Residence,Originated,1.0,0,0.4676119210401274,12.85
5,187.0,115000,1175000.0,90.0,36%-<43%,Asian,Home_Purchase,Principal_Residence,Originated,1.0,0,0.4510014559415949,52.52
0,46.0,165000,175000.0,103.0,36%-<43%,White,Home_Purchase,Principal_Residence,Originated,1.0,0,0.3925563858743805,16.39
2,114.0,315000,425000.0,75.0,30%-<36%,White,Home_Purchase,Investment,Originated,1.0,0,0.39483854906427307,32.64
0,95.0,275000,365000.0,75.0,Unknown,Race Not Available,Home_Purchase,Principal_Residence,Originated,1.0,0,0.35276744757041817,20.38
0,71.0,165000,205000.0,80.0,30%-<36%,White,Home_Purchase,Principal_Residence,Originated,1.0,0,0.34792941412877665,19.87
1,607.0,165000,195000.0,78.353,Unknown,White,Home_Purchase,Investment,Originated,1.0,1,0.5210338422257204,43.72
6,54.0,195000,195000.0,100.0,50%-60%,Race Not Available,Home_Purchase,Principal_Residence,Originated,1.0,0,0.41315669270180966,52.79
5,125.0,55000,225000.0,40.54,20%-<30%,White,Home_Improvement,Principal_Residence,Originated,1.0,0,0.41421824384232186,6.63
0,207.0,1085000,1355000.0,80.0,36%-<43%,White,Home_Purchase,Principal_Residence,Originated,1.0,0,0.4650596910129624,14.14
6,111.0,105000,1055000.0,89.99,>60%,Race Not Available,Home_Purchase,Principal_Residence,Denied,0.0,0,0.410173515069119,40.77
3,86.0,265000,335000.0,80.0,36%-<43%,American Indian or Alaska Native,CashOut_Refinance,Principal_Residence,Originated,1.0,0,0.3434606715006629,35.42
3,70.0,125000,375000.0,78.353,Unknown,Race Not Available,Refinance,Principal_Residence,Withdrawn,,0,0.4185018897777733,79.05
6,110.0,275000,505000.0,55.0,50%-60%,White,CashOut_Refinance,Principal_Residence,Denied,0.0,0,0.387775121207289,59.78
3,95.0,225000,275000.0,79.137,36%-<43%,White,CashOut_Refinance,Principal_Residence,Originated,1.0,0,0.40640573884609726,7.07
3,112.0,335000,335000.0,99.889,30%-<36%,White,CashOut_Refinance,Principal_Residence,Originated,1.0,0,0.43003507915897055,9.59
6,52.0,25000,155000.0,55.33,>60%,White,Other,Second_Residence,Denied,0.0,0,0.40193722249636143,4.42
2,95.0,605000,375000.0,78.353,Unknown,Race Not Available,Home_Purchase,Investment,Withdrawn,,1,0.4986259099436049,15.76
3,95.0,385000,605000.0,64.183,Unknown,Race Not Available,Refinance,Principal_Residence,Approved_NotAccepted,,0,0.4059826936979083,56.94
3,24.0,145000,205000.0,74.489,43%-<50%,Black or African American,CashOut_Refinance,Principal_Residence,Denied,0.0,0,0.4241012797092285,96.01
3,157.0,395000,545000.0,72.56,30%-<36%,Race Not Available,Refinance,Principal_Residence,Originated,1.0,0,0.38272896933232664,20.1
5,151.0,15000,375000.0,78.353,Unknown,White,Home_Improvement,Principal_Residence,Withdrawn,,0,0.382909719958142,45.03
0,81.0,195000,245000.0,80.0,36%-<43%,Black or African American,Other,Principal_Residence,Originated,1.0,0,0.3744564537641162,39.42
0,48.0,225000,245000.0,95.0,36%-<43%,White,Home_Purchase,Principal_Residence,Originated,1.0,0,0.3887703789201094,78.56
5,141.0,75000,605000.0,47.99,30%-<36%,Race Not Available,Other,Principal_Residence,Originated,1.0,0,0.3930266906659345,19.75
0,113.0,185000,305000.0,60.0,<20%,White,Home_Purchase,Principal_Residence,Originated,1.0,0,0.4230114046587468,5.36
3,15.0,85000,135000.0,59.559,36%-<43%,Race Not Available,CashOut_Refinance,Principal_Residence,Originated,1.0,0,0.3914927641782024,37.52
0,44.0,35000,375000.0,78.353,Unknown,White,Other,Principal_Residence,Withdrawn,,0,0.392842744320124,44.52
3,24.0,305000,375000.0,78.353,Unknown,Race Not Available,CashOut_Refinance,Principal_Residence,Withdrawn,,0,0.3748548393761368,41.48
5,93.0,65000,375000.0,78.353,Unknown,White,CashOut_Refinance,Principal_Residence,Withdrawn,,0,0.4130136487177464,44.3
1,249.0,1205000,1505000.0,80.0,36%-<43%,Race Not Available,Home_Purchase,Principal_Residence,Originated,1.0,1,0.5098807686796916,22.64
0,127.0,325000,345000.0,99.964,36%-<43%,White,Home_Purchase,Principal_Residence,Originated,1.0,0,0.39693126607700435,9.56
0,95.0,295000,295000.0,78.353,Unknown,Race Not Available,Home_Purchase,Principal_Residence,Purchased,,0,0.3507578825409042,50.21
0,35.0,45000,375000.0,78.353,Unknown,White,Other,Principal_Residence,Withdrawn,,0,0.41489841908519615,19.42
5,21.0,25000,165000.0,50.07,43%-<50%,White,Home_Improvement,Principal_Residence,Originated,1.0,0,0.4707944879462175,9.7
6,64.0,85000,355000.0,109.87,50%-60%,White,Home_Improvement,Principal_Residence,Denied,0.0,0,0.4496232474151276,24.65
3,292.0,335000,1545000.0,21.88,<20%,Race Not Available,CashOut_Refinance,Principal_Residence,Originated,1.0,1,0.5332592470424237,25.74
1,663.0,1655000,2205000.0,75.0,30%-<36%,Joint,Home_Purchase,Principal_Residence,Originated,1.0,1,0.6086003864150437,50.09
4,95.0,165000,225000.0,75.0,Unknown,Race Not Available,Home_Purchase,Investment,Originated,1.0,1,0.46006281929495346,15.65
3,179.0,175000,525000.0,32.8,<20%,White,Refinance,Principal_Residence,Originated,1.0,0,0.48017644980436053,16.39
5,80.0,125000,415000.0,55.74,43%-<50%,White,Refinance,Principal_Residence,Originated,1.0,0,0.3987686070746054,27.89
3,50.0,75000,235000.0,32.609,30%-<36%,White,CashOut_Refinance,Principal_Residence,Originated,1.0,0,0.47276407551298427,55.74
3,198.0,515000,595000.0,87.0,43%-<50%,Race Not Available,CashOut_Refinance,Principal_Residence,Denied,0.0,0,0.39388921666191923,60.42
0,180.0,455000,455000.0,100.0,30%-<36%,Black or African American,Home_Purchase,Principal_Residence,Originated,1.0,0,0.4209454664382916,57.91
5,245.0,175000,865000.0,92.188,36%-<43%,Black or African American,Home_Improvement,Principal_Residence,Denied,0.0,0,0.4423361796014951,25.6
3,90.0,245000,755000.0,32.4,30%-<36%,Race Not Available,Refinance,Principal_Residence,Originated,1.0,2,0.5368663221552256,43.27
3,45.0,135000,405000.0,32.5,30%-<36%,Race Not Available,CashOut_Refinance,Principal_Residence,Denied,0.0,0,0.45927877078092005,56.92
0,38.0,165000,215000.0,80.0,43%-<50%,White,Home_Purchase,Principal_Residence,Originated,1.0,0,0.3657991261574749,13.18
0,160.0,555000,585000.0,95.0,36%-<43%,White,Home_Purchase,Principal_Residence,Originated,1.0,0,0.3956662763550185,48.66
6,49.0,325000,395000.0,82.692,50%-60%,White,CashOut_Refinance,Principal_Residence,Originated,1.0,0,0.37718374950041433,50.23
3,95.0,345000,355000.0,97.53,Unknown,White,Refinance,Principal_Residence,Approved_NotAccepted,,0,0.3801974061578969,75.13
6,33.0,185000,335000.0,54.0,50%-60%,White,CashOut_Refinance,Principal_Residence,Denied,0.0,0,0.404910830747244,66.81
4,68.0,225000,345000.0,65.0,43%-<50%,White,CashOut_Refinance,Principal_Residence,Originated,1.0,0,0.39469331240899114,15.29
4,47.0,145000,145000.0,78.353,36%-<43%,White,Home_Purchase,Principal_Residence,Denied,0.0,0,0.3947833290246313,32.53
0,131.0,275000,375000.0,78.353,Unknown,White,Home_Purchase,Principal_Residence,Withdrawn,,0,0.3859751044798919,89.91
3,134.0,305000,375000.0,78.353,Unknown,Race Not Available,CashOut_Refinance,Principal_Residence,Withdrawn,,0,0.36481365371384866,15.42
3,82.0,75000,495000.0,15.17,43%-<50%,White,Other,Principal_Residence,Originated,1.0,0,0.5239241235705119,68.54
5,128.0,15000,495000.0,100.427,43%-<50%,White,Home_Purchase,Principal_Residence,Originated,1.0,0,0.4368451619326154,76.66
3,72.0,325000,515000.0,63.107,30%-<36%,White,CashOut_Refinance,Principal_Residence,Originated,1.0,0,0.379284638317616,35.43
0,58.0,275000,305000.0,88.706,43%-<50%,White,Home_Purchase,Principal_Residence,Originated,1.0,0,0.3571485105909283,16.24
2,279.0,485000,615000.0,80.0,43%-<50%,White,Home_Purchase,Investment,Originated,1.0,0,0.42334527373009223,7.87
0,45.0,115000,115000.0,96.5,20%-<30%,White,Home_Purchase,Principal_Residence,Originated,1.0,0,0.3827036405084388,55.24
5,46.0,25000,105000.0,50.301,43%-<50%,White,Refinance,Principal_Residence,Originated,1.0,1,0.5017379291042797,27.99
0,80.0,255000,255000.0,101.01,36%-<43%,White,Home_Purchase,Principal_Residence,Preapproval_Denied,,2,0.5371222126199534,0.0
3,70.0,175000,375000.0,78.353,Unknown,Race Not Available,CashOut_Refinance,Second_Residence,Withdrawn,,0,0.34811506632983913,43.5
4,36.0,55000,55000.0,78.353,20%-<30%,White,Home_Purchase,Principal_Residence,Denied,0.0,0,0.39625588403878065,25.85
6,234.0,1405000,1565000.0,89.976,>60%,White,CashOut_Refinance,Principal_Residence,Originated,1.0,0,0.49266902860707185,20.69
3,176.0,205000,855000.0,78.353,Unknown,Race Not Available,CashOut_Refinance,Principal_Residence,Purchased,,0,0.4072688066091841,12.4
3,115.0,125000,395000.0,32.05,20%-<30%,White,Refinance,Principal_Residence,Originated,1.0,0,0.4809622338908932,79.13
3,34.0,145000,375000.0,78.353,Unknown,White,Refinance,Principal_Residence,Incomplete,,0,0.4077066429069171,20.61
3,160.0,335000,625000.0,54.677,20%-<30%,Joint,CashOut_Refinance,Principal_Residence,Denied,0.0,0,0.4104821781469393,39.34
0,142.0,475000,375000.0,78.353,Unknown,Asian,Home_Purchase,Principal_Residence,Withdrawn,,0,0.3530879453080817,31.92
0,44.0,215000,375000.0,78.353,Unknown,White,Home_Purchase,Principal_Residence,Withdrawn,,0,0.35680366079033904,31.7
0,121.0,365000,385000.0,95.0,20%-<30%,White,Home_Purchase,Principal_Residence,Originated,1.0,0,0.3653881273363449,12.35
2,82.0,165000,805000.0,20.0,43%-<50%,White,Home_Purchase,Investment,Originated,1.0,0,0.4945957674658078,84.5
0,95.0,585000,835000.0,78.353,Unknown,Race Not Available,Home_Purchase,Second_Residence,Purchased,,0,0.4246750094456555,5.96
0,166.0,275000,335000.0,80.0,20%-<30%,White,Home_Purchase,Principal_Residence,Originated,1.0,0,0.3589658117741855,47.45
2,10.0,285000,415000.0,68.672,>60%,Asian,CashOut_Refinance,Investment,Originated,1.0,0,0.46518414989464446,87.11
0,68.0,265000,275000.0,96.5,36%-<43%,White,Home_Purchase,Principal_Residence,Approved_NotAccepted,,0,0.37425516355374705,66.25
3,68.0,145000,235000.0,62.59,36%-<43%,White,Refinance,Principal_Residence,Originated,1.0,0,0.43836343192763666,97.82
5,110.0,95000,375000.0,78.353,Unknown,White,Other,Principal_Residence,Withdrawn,,0,0.41561422480103594,61.17
5,90.0,15000,185000.0,59.204,20%-<30%,White,Home_Improvement,Principal_Residence,Originated,1.0,0,0.3954120189232434,18.68
0,102.0,535000,375000.0,78.353,Unknown,White,Home_Purchase,Principal_Residence,Withdrawn,,0,0.3696256775650128,66.49
0,121.0,275000,305000.0,90.0,30%-<36%,White,Home_Purchase,Principal_Residence,Originated,1.0,0,0.36565961215411513,8.4
0,48.0,235000,265000.0,86.793,36%-<43%,Race Not Available,Home_Purchase,Principal_Residence,Originated,1.0,0,0.3668057493689474,43.51
0,195.0,745000,735000.0,100.0,36%-<43%,White,Home_Purchase,Principal_Residence,Originated,1.0,0,0.4563304792553205,31.72
3,20.0,105000,375000.0,78.353,Unknown,White,Refinance,Principal_Residence,Withdrawn,,0,0.38784002976446635,81.32
0,37.0,175000,185000.0,95.0,43%-<50%,White,Home_Purchase,Principal_Residence,Originated,1.0,0,0.38428730243922427,58.06
3,56.0,65000,825000.0,20.0,36%-<43%,Asian,Other,Principal_Residence,Originated,1.0,0,0.45939365976359686,40.82
1,502.0,195000,375000.0,78.353,Unknown,White,Home_Purchase,Principal_Residence,Withdrawn,,0,0.4225901517265315,70.46
0,98.0,245000,285000.0,85.71,36%-<43%,White,Other,Principal_Residence,Denied,0.0,0,0.40409270096727196,19.61
3,138.0,125000,205000.0,78.353,20%-<30%,White,Refinance,Principal_Residence,Originated,1.0,0,0.42523497140209854,11.34
0,77.0,235000,295000.0,79.67,36%-<43%,White,Home_Purchase,Principal_Residence,Originated,1.0,1,0.5139622418330083,0.0
3,42.0,195000,225000.0,86.364,43%-<50%,White,CashOut_Refinance,Principal_Residence,Denied,0.0,0,0.3900359930818894,26.83
3,30.0,95000,155000.0,60.0,30%-<36%,White,CashOut_Refinance,Principal_Residence,Originated,1.0,0,0.37508330715146987,29.29
5,146.0,125000,445000.0,58.0,36%-<43%,White,Home_Purchase,Principal_Residence,Originated,1.0,0,0.3857124432982219,21.68
6,84.0,245000,705000.0,75.077,>60%,White,Home_Improvement,Second_Residence,Denied,0.0,0,0.4938770607109186,35.05
4,36.0,35000,375000.0,78.353,20%-<30%,Race Not Available,Home_Purchase,Principal_Residence,Denied,0.0,0,0.4386755192878919,8.01
0,73.0,85000,375000.0,78.353,Unknown,White,Home_Purchase,Principal_Residence,Withdrawn,,0,0.3554141654260011,8.91
3,62.0,265000,375000.0,78.353,Unknown,Race Not Available,CashOut_Refinance,Principal_Residence,Withdrawn,,0,0.3857997570284807,82.93
3,95.0,305000,385000.0,78.353,Unknown,Race Not Available,CashOut_Refinance,Principal_Residence,Purchased,,0,0.4116030505870667,98.52
0,114.0,395000,385000.0,100.0,36%-<43%,White,Home_Purchase,Principal_Residence,Originated,1.0,0,0.39059555757992787,13.94
0,116.0,315000,655000.0,49.0,20%-<30%,White,Home_Purchase,Principal_Residence,Originated,1.0,0,0.4025981779543151,19.0
6,67.0,255000,265000.0,95.0,50%-60%,Black or African American,Home_Purchase,Principal_Residence,Approved_NotAccepted,,0,0.3588433340987498,33.18
0,43.0,185000,315000.0,60.0,36%-<43%,Race Not Available,Home_Purchase,Principal_Residence,Originated,1.0,0,0.3815899993718241,12.39
5,80.0,55000,235000.0,83.37,20%-<30%,White,Home_Improvement,Principal_Residence,Denied,0.0,0,0.3675482284803942,47.07
6,122.0,405000,505000.0,80.0,50%-60%,White,Home_Purchase,Principal_Residence,Originated,1.0,0,0.41271531859999294,7.04
3,25.0,335000,615000.0,78.353,Unknown,White,Refinance,Principal_Residence,Denied,0.0,0,0.415859691930081,93.75
5,49.0,25000,325000.0,38.459,20%-<30%,White,Refinance,Principal_Residence,Originated,1.0,0,0.43458489670903344,39.65
5,233.0,65000,795000.0,70.4,30%-<36%,White,Home_Improvement,Principal_Residence,Originated,1.0,0,0.3879616903863161,26.09
5,265.0,215000,725000.0,84.973,20%-<30%,White,Refinance,Principal_Residence,Originated,1.0,0,0.3894584272708036,22.31
5,55.0,25000,335000.0,50.72,<20%,Race Not Available,Refinance,Principal_Residence,Denied,0.0,0,0.47560229012681576,33.39
0,71.0,225000,285000.0,80.0,30%-<36%,Race Not Available,Home_Purchase,Principal_Residence,Originated,1.0,0,0.35870782937652385,12.42
3,62.0,355000,375000.0,78.353,Unknown,White,CashOut_Refinance,Principal_Residence,Incomplete,,0,0.35663321822154986,18.86
6,36.0,55000,375000.0,26.14,>60%,White,Other,Principal_Residence,Denied,0.0,0,0.44770644667168646,46.46
6,145.0,425000,435000.0,96.5,50%-60%,Asian,Home_Purchase,Principal_Residence,Originated,1.0,0,0.4225981535464608,84.2
0,0.0,395000,415000.0,95.0,36%-<43%,Black or African American,Home_Purchase,Principal_Residence,Originated,1.0,0,0.37682292577284354,14.91
0,82.0,325000,375000.0,78.353,Unknown,Race Not Available,Home_Purchase,Principal_Residence,Withdrawn,,0,0.3655253121198098,53.44
3,177.0,445000,875000.0,51.69,20%-<30%,White,CashOut_Refinance,Principal_Residence,Originated,1.0,0,0.4235264633495169,30.46
2,171.0,255000,375000.0,78.353,Unknown,White,Refinance,Investment,Withdrawn,,0,0.3474020197017483,27.75
4,67.0,205000,215000.0,94.936,Unknown,White,Home_Purchase,Principal_Residence,Denied,0.0,0,0.39143316252750404,50.68
5,320.0,255000,675000.0,79.75,43%-<50%,White,Refinance,Principal_Residence,Originated,1.0,0,0.43855747180643273,7.94
0,231.0,795000,795000.0,100.0,36%-<43%,Black or African American,Home_Purchase,Principal_Residence,Originated,1.0,1,0.4909207443998761,54.27
0,51.0,135000,135000.0,94.964,43%-<50%,White,Home_Purchase,Principal_Residence,Originated,1.0,0,0.367144582187502,13.24
3,95.0,135000,595000.0,78.353,Unknown,Race Not Available,CashOut_Refinance,Principal_Residence,Purchased,,0,0.4019361401792038,34.32
6,61.0,385000,475000.0,80.0,50%-60%,White,CashOut_Refinance,Principal_Residence,Denied,0.0,0,0.3701861042787154,43.86
0,95.0,345000,375000.0,78.353,Unknown,Black or African American,Home_Purchase,Principal_Residence,Incomplete,,0,0.3517988625457346,50.47
0,95.0,305000,315000.0,78.353,Unknown,Race Not Available,Home_Purchase,Principal_Residence,Purchased,,0,0.35084813483464294,48.12
3,73.0,295000,395000.0,74.872,36%-<43%,White,CashOut_Refinance,Principal_Residence,Originated,1.0,0,0.3579921228811541,19.49
4,95.0,185000,385000.0,78.353,Unknown,Race Not Available,Refinance,Principal_Residence,Purchased,,0,0.34512721953373665,21.05
6,102.0,485000,765000.0,63.026,50%-60%,Race Not Available,Home_Purchase,Principal_Residence,Originated,1.0,1,0.5079158777771874,89.59
0,95.0,215000,205000.0,78.353,Unknown,Race Not Available,Home_Purchase,Principal_Residence,Purchased,,0,0.3564117356480443,37.51
1,592.0,1505000,2755000.0,54.545,30%-<36%,White,Refinance,Principal_Residence,Originated,1.0,2,0.6108461995739537,7.1
2,285.0,645000,1085000.0,60.0,36%-<43%,Asian,Home_Purchase,Investment,Originated,1.0,0,0.4898489748942823,82.24
0,223.0,305000,375000.0,78.353,Unknown,White,Home_Purchase,Second_Residence,Withdrawn,,0,0.38519990224750567,25.25
4,164.0,225000,265000.0,99.27,36%-<43%,White,Home_Purchase,Principal_Residence,Originated,1.0,0,0.44434540206672724,8.48
3,-37.0,105000,355000.0,28.571,<20%,White,CashOut_Refinance,Principal_Residence,Denied,0.0,0,0.4545365565434793,4.47
3,95.0,275000,285000.0,98.33,Unknown,White,Refinance,Principal_Residence,Originated,1.0,0,0.36038629530091404,37.23
0,278.0,1145000,1425000.0,78.353,Unknown,Black or African American,Home_Purchase,Principal_Residence,Purchased,,1,0.4991713766845565,43.66
5,164.0,25000,355000.0,95.207,36%-<43%,Black or African American,Home_Improvement,Principal_Residence,Denied,0.0,0,0.42552783113357867,24.0
0,63.0,245000,255000.0,97.0,36%-<43%,White,Home_Purchase,Principal_Residence,Originated,1.0,0,0.3615638214076744,27.45
1,418.0,335000,495000.0,68.0,20%-<30%,White,Refinance,Principal_Residence,Originated,1.0,0,0.4020737492260754,28.03
3,62.0,125000,275000.0,44.727,20%-<30%,White,Refinance,Principal_Residence,Originated,1.0,0,0.47802171473038696,73.01
0,45.0,235000,275000.0,85.0,36%-<43%,White,Home_Purchase,Principal_Residence,Originated,1.0,0,0.3623012471285945,20.03
3,122.0,285000,405000.0,71.0,20%-<30%,White,CashOut_Refinance,Principal_Residence,Approved_NotAccepted,,0,0.37764157463573966,74.38
0,95.0,465000,575000.0,78.353,Unknown,Race Not Available,Home_Purchase,Principal_Residence,Purchased,,0,0.3827550278002006,36.62
6,306.0,335000,555000.0,60.0,50%-60%,Race Not Available,Home_Purchase,Second_Residence,Originated,1.0,1,0.47900159098596956,23.89
0,95.0,685000,705000.0,78.353,Unknown,Race Not Available,Home_Purchase,Principal_Residence,Purchased,,0,0.45437716657032046,97.34
1,597.0,215000,375000.0,78.353,Exempt,White,Other,Investment,Originated,1.0,0,0.4184374832241462,14.17
6,120.0,575000,605000.0,93.725,50%-60%,White,Home_Purchase,Principal_Residence,Originated,1.0,0,0.4125021838529608,80.75
3,60.0,125000,495000.0,25.71,36%-<43%,White,Refinance,Principal_Residence,Originated,1.0,0,0.46858991634220365,8.26
3,102.0,225000,375000.0,78.353,Unknown,White,CashOut_Refinance,Second_Residence,Withdrawn,,0,0.34356282969507745,26.42
0,44.0,225000,375000.0,78.353,Unknown,White,Home_Purchase,Principal_Residence,Withdrawn,,0,0.3712476194712409,59.95
6,62.0,235000,235000.0,96.5,50%-60%,Black or African American,Home_Purchase,Principal_Residence,Denied,0.0,0,0.41193902399504156,18.68
1,350.0,1265000,1815000.0,70.0,43%-<50%,Race Not Available,Home_Purchase,Principal_Residence,Originated,1.0,1,0.5330600809355824,57.13
3,240.0,635000,755000.0,84.0,30%-<36%,White,Refinance,Principal_Residence,Approved_NotAccepted,,0,0.39657359836421907,31.88
3,95.0,335000,375000.0,78.353,Unknown,Race Not Available,Refinance,Principal_Residence,Incomplete,,0,0.41522040629046725,92.93
0,95.0,475000,485000.0,78.353,Unknown,Race Not Available,Home_Purchase,Principal_Residence,Purchased,,0,0.3709394369130876,59.62
5,40.0,45000,255000.0,115.2,20%-<30%,White,Home_Improvement,Principal_Residence,Denied,0.0,0,0.4505482889978584,88.64
4,67.0,115000,235000.0,50.0,36%-<43%,Race Not Available,Refinance,Principal_Residence,Originated,1.0,0,0.4679042130822969,6.23
4,60.0,85000,85000.0,78.353,<20%,White,Home_Purchase,Principal_Residence,Denied,0.0,0,0.42208791053933553,6.37
0,29.0,75000,75000.0,101.009,20%-<30%,White,Home_Purchase,Principal_Residence,Originated,1.0,0,0.4092874108258606,41.46
0,127.0,615000,715000.0,86.01,43%-<50%,Asian,Home_Purchase,Principal_Residence,Originated,1.0,0,0.44019709036676186,75.9
3,67.0,295000,375000.0,78.353,Unknown,White,CashOut_Refinance,Principal_Residence,Withdrawn,,0,0.34726826579537995,13.89
3,75.0,55000,275000.0,17.99,20%-<30%,White,Home_Improvement,Principal_Residence,Originated,1.0,0,0.4544308333157484,14.53
5,27.0,35000,375000.0,78.353,Unknown,Black or African American,Other,Principal_Residence,Withdrawn,,0,0.4056361691206262,77.68
0,52.0,295000,375000.0,78.353,Unknown,Black or African American,Home_Purchase,Principal_Residence,Withdrawn,,1,0.5158563171216698,0.0
0,63.0,295000,375000.0,78.353,Unknown,Race Not Available,Home_Purchase,Principal_Residence,Incomplete,,0,0.35094338230596567,33.78
0,152.0,445000,505000.0,89.0,36%-<43%,Race Not Available,Home_Purchase,Principal_Residence,Preapproval_Denied,,2,0.5883638918122515,0.0
0,93.0,365000,605000.0,59.801,36%-<43%,White,Home_Purchase,Principal_Residence,Originated,1.0,0,0.37164043230899835,30.17
0,111.0,425000,415000.0,100.0,43%-<50%,Black or African American,Home_Purchase,Principal_Residence,Originated,1.0,0,0.3938499810271434,37.49
0,95.0,295000,315000.0,78.353,Unknown,Race Not Available,Home_Purchase,Principal_Residence,Purchased,,0,0.35006714724737326,29.2
0,134.0,625000,375000.0,78.353,Unknown,Asian,Home_Purchase,Principal_Residence,Withdrawn,,0,0.39859828964035743,81.33
0,155.0,75000,455000.0,78.353,Unknown,Race Not Available,Home_Purchase,Principal_Residence,Purchased,,0,0.42511023529838704,14.0
3,80.0,75000,295000.0,26.28,30%-<36%,White,Other,Principal_Residence,Originated,1.0,0,0.429732348762186,25.1
0,113.0,495000,545000.0,90.926,36%-<43%,Joint,Home_Purchase,Principal_Residence,Originated,1.0,0,0.38374384499572983,48.06
0,74.0,265000,455000.0,58.889,43%-<50%,White,Home_Purchase,Principal_Residence,Originated,1.0,0,0.40698421437355253,10.28
0,106.0,165000,375000.0,78.353,Unknown,White,Home_Purchase,Principal_Residence,Incomplete,,0,0.3508284654851132,10.1
1,1789.0,355000,395000.0,78.353,<20%,White,Home_Purchase,Principal_Residence,Originated,1.0,0,0.4764833433150291,19.81
0,169.0,285000,365000.0,80.0,30%-<36%,White,Home_Purchase,Second_Residence,Originated,1.0,0,0.35457146892299685,15.97
0,247.0,565000,705000.0,80.0,30%-<36%,White,Home_Purchase,Principal_Residence,Originated,1.0,0,0.38746432746381576,31.17
0,138.0,515000,675000.0,76.0,30%-<36%,White,Home_Purchase,Principal_Residence,Originated,1.0,0,0.4131024764310854,17.16
0,81.0,345000,375000.0,89.998,43%-<50%,White,Home_Purchase,Principal_Residence,Originated,1.0,0,0.36725899143475044,12.96
0,142.0,465000,375000.0,78.353,Unknown,White,Home_Purchase,Principal_Residence,Withdrawn,,0,0.3604320796113755,47.32
6,220.0,295000,485000.0,60.39,>60%,White,Refinance,Principal_Residence,Denied,0.0,0,0.4637859813350451,42.55
0,96.0,405000,415000.0,78.353,Unknown,Black or African American,Home_Purchase,Principal_Residence,Purchased,,0,0.35980758852804057,25.04
2,95.0,355000,375000.0,78.353,Unknown,Race Not Available,Home_Purchase,Investment,Withdrawn,,0,0.36300226640629385,69.07
2,95.0,405000,555000.0,72.73,Unknown,Race Not Available,CashOut_Refinance,Investment,Originated,1.0,0,0.4378129903629411,16.62
0,117.0,305000,315000.0,98.188,36%-<43%,White,Home_Purchase,Principal_Residence,Originated,1.0,0,0.36810815092256643,22.53
0,68.0,325000,375000.0,78.353,Unknown,Black or African American,Home_Purchase,Principal_Residence,Withdrawn,,0,0.35866339151096754,60.28
5,78.0,65000,245000.0,84.89,20%-<30%,Race Not Available,Home_Improvement,Principal_Residence,Denied,0.0,0,0.39821891495928236,11.69
3,108.0,255000,375000.0,78.353,Unknown,Black or African American,CashOut_Refinance,Principal_Residence,Incomplete,,0,0.354884144590323,53.35
0,98.0,315000,315000.0,96.5,36%-<43%,White,Home_Purchase,Principal_Residence,Originated,1.0,0,0.3669704290960783,17.43
3,47.0,95000,135000.0,69.42,20%-<30%,Race Not Available,Refinance,Principal_Residence,Denied,0.0,0,0.39670656453397585,14.88
6,60.0,195000,285000.0,69.99,>60%,Black or African American,CashOut_Refinance,Principal_Residence,Denied,0.0,0,0.3881077526474292,80.4
2,75.0,445000,375000.0,78.353,Unknown,Race Not Available,Home_Purchase,Investment,Withdrawn,,0,0.36213210616441216,42.76
3,45.0,155000,375000.0,78.353,Unknown,Black or African American,CashOut_Refinance,Principal_Residence,Incomplete,,0,0.3787849348581171,80.82
0,30.0,55000,375000.0,78.353,Unknown,White,Other,Principal_Residence,Withdrawn,,0,0.418110680309504,17.0
0,136.0,495000,625000.0,80.0,36%-<43%,White,Home_Purchase,Principal_Residence,Originated,1.0,0,0.413291672364709,68.51
0,37.0,135000,175000.0,80.0,43%-<50%,White,Home_Purchase,Principal_Residence,Originated,1.0,0,0.3764485645981455,10.8
3,247.0,335000,375000.0,78.353,Unknown,Asian,CashOut_Refinance,Principal_Residence,Withdrawn,,0,0.38603592579506235,30.46
0,93.0,545000,685000.0,80.0,43%-<50%,Asian,Home_Purchase,Principal_Residence,Originated,1.0,0,0.40612113113229675,18.12
3,33.0,95000,155000.0,61.78,20%-<30%,White,CashOut_Refinance,Principal_Residence,Originated,1.0,0,0.3955180670991336,66.29
6,23.0,105000,155000.0,70.0,>60%,White,CashOut_Refinance,Principal_Residence,Denied,0.0,0,0.3637433728155786,34.32
3,115.0,355000,505000.0,70.0,43%-<50%,Race Not Available,CashOut_Refinance,Principal_Residence,Denied,0.0,0,0.38301768653715423,54.71
6,85.0,55000,475000.0,89.266,>60%,White,Home_Improvement,Principal_Residence,Denied,0.0,1,0.5125927600071157,66.06
6,111.0,105000,725000.0,62.93,>60%,White,Other,Principal_Residence,Originated,1.0,0,0.4426435669835341,24.85
2,95.0,195000,375000.0,78.353,Exempt,Race Not Available,Home_Improvement,Investment,Originated,1.0,0,0.34473486918597906,39.71
4,42.0,135000,375000.0,78.353,Unknown,White,Home_Purchase,Principal_Residence,Withdrawn,,0,0.36333812256459364,7.31
0,112.0,485000,525000.0,78.353,Unknown,Asian,Home_Purchase,Principal_Residence,Purchased,,0,0.37395749041104015,42.1
0,97.0,405000,425000.0,95.0,43%-<50%,White,Home_Purchase,Principal_Residence,Originated,1.0,0,0.4281144121439685,58.93
6,168.0,675000,825000.0,80.0,50%-60%,Black or African American,CashOut_Refinance,Principal_Residence,Denied,0.0,0,0.42757793494438245,78.03
5,233.0,345000,1295000.0,68.08,36%-<43%,White,Other,Principal_Residence,Originated,1.0,0,0.48192772197137,9.13
0,273.0,1005000,2705000.0,37.04,30%-<36%,White,Home_Purchase,Principal_Residence,Originated,1.0,1,0.5748051923470325,33.0
3,204.0,555000,555000.0,100.0,30%-<36%,Black or African American,CashOut_Refinance,Principal_Residence,Originated,1.0,0,0.414800978866042,38.34
3,36.0,55000,365000.0,13.6,20%-<30%,Black or African American,Home_Improvement,Principal_Residence,Originated,1.0,0,0.4868490773659605,87.02
0,39.0,195000,265000.0,74.34,43%-<50%,White,Home_Purchase,Principal_Residence,Approved_NotAccepted,,0,0.36196018915200123,43.27
6,58.0,2805000,4405000.0,63.64,>60%,White,Refinance,Principal_Residence,Denied,0.0,2,0.6455369989730604,24.29
0,44.0,235000,245000.0,78.353,Unknown,Race Not Available,Home_Purchase,Principal_Residence,Purchased,,0,0.3824595064782714,12.62
3,90.0,125000,375000.0,78.353,Unknown,Asian,CashOut_Refinance,Principal_Residence,Incomplete,,0,0.35250114178351893,40.95
3,98.0,345000,475000.0,72.956,36%-<43%,Joint,CashOut_Refinance,Principal_Residence,Denied,0.0,0,0.35127073180968965,35.61
6,18.0,265000,355000.0,75.0,>60%,Race Not Available,CashOut_Refinance,Principal_Residence,Denied,0.0,0,0.42415179978621553,22.07
0,95.0,525000,665000.0,78.353,Unknown,Race Not Available,Home_Purchase,Principal_Residence,Purchased,,0,0.4089553724083559,82.05
0,170.0,325000,375000.0,78.353,Unknown,White,Home_Purchase,Principal_Residence,Withdrawn,,0,0.36610656486305243,24.37
0,91.0,375000,375000.0,78.353,Unknown,White,Home_Purchase,Principal_Residence,Withdrawn,,0,0.3911878958236011,7.16
5,62.0,15000,155000.0,100.88,30%-<36%,White,Home_Purchase,Principal_Residence,Originated,1.0,0,0.5296105260214774,79.4
0,190.0,405000,375000.0,78.353,Unknown,White,Home_Purchase,Second_Residence,Withdrawn,,0,0.3764223374721439,13.44
5,60.0,25000,325000.0,42.78,36%-<43%,White,Home_Improvement,Principal_Residence,Originated,1.0,0,0.4397441212674444,38.16
3,77.0,125000,185000.0,69.44,20%-<30%,White,CashOut_Refinance,Principal_Residence,Denied,0.0,0,0.3676718182474902,8.61
0,57.0,145000,155000.0,90.0,36%-<43%,White,Home_Purchase,Principal_Residence,Originated,1.0,0,0.36102302847402185,46.6
3,118.0,215000,405000.0,53.313,30%-<36%,White,CashOut_Refinance,Principal_Residence,Originated,1.0,0,0.4308791061593567,13.69
0,95.0,395000,495000.0,78.353,Unknown,Race Not Available,Home_Purchase,Principal_Residence,Purchased,,0,0.36529900682307953,44.0
3,140.0,55000,505000.0,10.0,<20%,White,Other,Principal_Residence,Denied,0.0,0,0.46843730402946027,32.81
3,44.0,175000,375000.0,78.353,Unknown,Race Not Available,CashOut_Refinance,Principal_Residence,Incomplete,,0,0.3515852504232568,41.21
0,55.0,265000,315000.0,84.03,43%-<50%,White,Home_Purchase,Principal_Residence,Originated,1.0,0,0.37665498301684525,30.68
3,124.0,275000,425000.0,64.76,36%-<43%,White,Refinance,Principal_Residence,Originated,1.0,0,0.39271994790196857,24.48
0,122.0,225000,285000.0,78.947,20%-<30%,White,Other,Principal_Residence,Originated,1.0,0,0.3566890428806435,15.52
0,95.0,85000,85000.0,78.353,Unknown,Race Not Available,Home_Purchase,Principal_Residence,Purchased,,0,0.3721381312951845,33.89
3,84.0,95000,125000.0,75.0,36%-<43%,White,CashOut_Refinance,Principal_Residence,Denied,0.0,0,0.36200344082088615,26.04
3,63.0,35000,175000.0,19.657,<20%,White,Other,Principal_Residence,Originated,1.0,0,0.4748157422395285,15.42
0,179.0,415000,465000.0,90.0,36%-<43%,White,Home_Purchase,Second_Residence,Originated,1.0,0,0.37032791544604643,17.55
6,41.0,635000,685000.0,90.0,>60%,White,Home_Purchase,Principal_Residence,Preapproval_Denied,,1,0.5536019222393586,0.0
3,62.0,85000,195000.0,44.072,20%-<30%,White,Refinance,Principal_Residence,Originated,1.0,0,0.44822535049866297,22.83
0,204.0,445000,375000.0,78.353,Unknown,White,Home_Purchase,Principal_Residence,Incomplete,,0,0.4109673547876945,35.66
6,39.0,125000,155000.0,80.0,>60%,Joint,CashOut_Refinance,Principal_Residence,Denied,0.0,0,0.35783705793908294,32.84
0,192.0,525000,705000.0,75.0,20%-<30%,White,Home_Purchase,Principal_Residence,Preapproval_Approved_NotAccepted,,1,0.5485905044442938,0.0
0,80.0,255000,375000.0,78.353,Unknown,White,Other,Principal_Residence,Withdrawn,,1,0.437751889977652,13.49
0,54.0,155000,155000.0,96.5,30%-<36%,White,Home_Purchase,Principal_Residence,Originated,1.0,0,0.3776547424447572,20.14
0,83.0,225000,285000.0,80.0,30%-<36%,White,Home_Purchase,Principal_Residence,Originated,1.0,0,0.39863127249542346,36.33
0,95.0,425000,425000.0,78.353,Unknown,Race Not Available,Home_Purchase,Principal_Residence,Purchased,,0,0.3606689141252331,22.15
0,6.0,275000,375000.0,78.353,Unknown,Race Not Available,Home_Purchase,Principal_Residence,Withdrawn,,0,0.3915688037363108,30.53
2,95.0,285000,375000.0,78.353,Unknown,Race Not Available,Home_Purchase,Investment,Withdrawn,,1,0.47570551891714996,53.79
3,114.0,235000,315000.0,73.016,<20%,White,Refinance,Principal_Residence,Originated,1.0,0,0.3760099209606851,19.65
5,92.0,5000,375000.0,78.353,Unknown,White,Home_Improvement,Principal_Residence,Withdrawn,,1,0.4728674257272912,34.11
2,95.0,395000,485000.0,81.265,Unknown,Race Not Available,Home_Purchase,Investment,Originated,1.0,1,0.46381065092110046,32.25
3,105.0,95000,195000.0,50.62,20%-<30%,White,Refinance,Principal_Residence,Originated,1.0,0,0.4008180255741224,4.73
6,48.0,205000,405000.0,50.0,>60%,White,Refinance,Principal_Residence,Denied,0.0,0,0.38648260290110537,6.63
6,47.0,235000,245000.0,100.0,>60%,Race Not Available,CashOut_Refinance,Principal_Residence,Originated,1.0,0,0.4103443491426211,13.22
0,95.0,155000,165000.0,90.909,43%-<50%,White,Home_Purchase,Principal_Residence,Preapproval_Denied,,1,0.5203095433132915,0.0
3,82.0,255000,325000.0,80.0,30%-<36%,Race Not Available,CashOut_Refinance,Principal_Residence,Denied,0.0,0,0.3468456429112151,43.11
3,131.0,115000,375000.0,78.353,Exempt,White,Refinance,Principal_Residence,Denied,0.0,0,0.37526876272511184,3.34
3,220.0,525000,705000.0,78.353,Unknown,White,CashOut_Refinance,Principal_Residence,Purchased,,0,0.3843306603103295,10.48
3,89.0,155000,215000.0,70.99,<20%,White,CashOut_Refinance,Principal_Residence,Denied,0.0,0,0.362922211244892,31.14
6,66.0,375000,545000.0,69.06,>60%,White,Other,Principal_Residence,Denied,0.0,0,0.4628749180750216,95.54
0,63.0,205000,205000.0,100.0,36%-<43%,Native Hawaiian or Other Pacific Islander,Home_Purchase,Principal_Residence,Originated,1.0,0,0.4306534411262136,79.4
6,161.0,175000,645000.0,97.473,>60%,White,Refinance,Principal_Residence,Denied,0.0,0,0.39526404141465277,8.94
1,398.0,1425000,1785000.0,78.353,Unknown,White,Home_Purchase,Principal_Residence,Purchased,,1,0.5338444003791765,25.39
0,95.0,555000,755000.0,78.353,Unknown,Race Not Available,Home_Purchase,Principal_Residence,Purchased,,0,0.3846116976728978,52.22
2,509.0,145000,185000.0,75.0,20%-<30%,Asian,Home_Purchase,Investment,Originated,1.0,0,0.4352254508476222,67.45
3,13.0,55000,375000.0,78.353,Unknown,White,CashOut_Refinance,Principal_Residence,Withdrawn,,0,0.4190307224211106,14.38
0,73.0,215000,295000.0,75.0,30%-<36%,Race Not Available,Home_Purchase,Principal_Residence,Originated,1.0,0,0.3986158373649937,23.84
3,175.0,395000,375000.0,78.353,Unknown,White,CashOut_Refinance,Principal_Residence,Withdrawn,,0,0.3700899382618552,49.98
0,61.0,155000,155000.0,100.0,43%-<50%,White,Home_Purchase,Principal_Residence,Originated,1.0,0,0.40934630922159854,58.01
5,100.0,105000,235000.0,72.479,43%-<50%,White,Home_Improvement,Second_Residence,Denied,0.0,0,0.3628164721306438,42.34
6,71.0,605000,1255000.0,58.47,>60%,Race Not Available,Home_Improvement,Principal_Residence,Denied,0.0,0,0.46868474360445633,66.63
0,95.0,325000,335000.0,78.353,Unknown,Race Not Available,Home_Purchase,Principal_Residence,Purchased,,0,0.34952081116619166,25.59
1,650.0,55000,375000.0,78.353,Unknown,White,CashOut_Refinance,Principal_Residence,Withdrawn,,1,0.4388296884557479,23.37
0,41.0,185000,225000.0,80.0,43%-<50%,Race Not Available,Home_Purchase,Principal_Residence,Denied,0.0,0,0.36019106375469295,10.02
3,63.0,275000,375000.0,78.353,Unknown,Race Not Available,CashOut_Refinance,Principal_Residence,Incomplete,,0,0.3555795407831102,59.11
6,69.0,55000,425000.0,77.967,50%-60%,White,Other,Principal_Residence,Originated,1.0,0,0.38277163834651134,33.14
5,76.0,55000,405000.0,65.714,36%-<43%,White,Home_Improvement,Principal_Residence,Denied,0.0,0,0.39201903241792874,53.17
5,65.0,25000,155000.0,46.67,<20%,American Indian or Alaska Native,Home_Improvement,Principal_Residence,Denied,0.0,0,0.4648957143365258,98.68
0,93.0,395000,395000.0,101.75,43%-<50%,Black or African American,Home_Purchase,Principal_Residence,Originated,1.0,0,0.4454144068746157,71.13
0,34.0,85000,85000.0,96.5,43%-<50%,White,Home_Purchase,Principal_Residence,Originated,1.0,0,0.38740053307819505,51.51
0,173.0,395000,375000.0,78.353,Unknown,Race Not Available,Home_Purchase,Principal_Residence,Withdrawn,,0,0.36855907322427084,50.68
1,986.0,615000,685000.0,90.0,<20%,Race Not Available,Home_Purchase,Principal_Residence,Originated,1.0,0,0.5296567204894025,62.46
4,28.0,105000,375000.0,94.943,50%-60%,White,Home_Purchase,Principal_Residence,Denied,0.0,2,0.5572075369007171,0.0
6,10.0,305000,505000.0,76.806,>60%,White,Other,Principal_Residence,Denied,0.0,0,0.39871897603268625,9.63
0,42.0,145000,375000.0,78.353,Unknown,White,Home_Purchase,Principal_Residence,Withdrawn,,0,0.3830997469901816,87.28
3,95.0,195000,375000.0,52.0,30%-<36%,White,CashOut_Refinance,Principal_Residence,Originated,1.0,0,0.39648965645628526,41.1
5,97.0,55000,205000.0,65.28,20%-<30%,White,Other,Principal_Residence,Originated,1.0,0,0.41224230647275917,30.93
3,64.0,165000,385000.0,41.29,20%-<30%,White,Refinance,Principal_Residence,Originated,1.0,0,0.42953993852348965,35.29
4,61.0,205000,225000.0,90.0,20%-<30%,White,Home_Purchase,Principal_Residence,Originated,1.0,0,0.37613401845525635,29.21
0,149.0,665000,655000.0,100.0,36%-<43%,Race Not Available,Home_Purchase,Principal_Residence,Preapproval_Approved_NotAccepted,,2,0.5642123532426934,0.0
0,102.0,255000,365000.0,70.0,30%-<36%,White,Home_Purchase,Principal_Residence,Originated,1.0,0,0.3707068115532078,7.49
0,215.0,445000,375000.0,78.353,Unknown,White,Home_Purchase,Second_Residence,Withdrawn,,0,0.4039505582773457,80.01
1,489.0,615000,1325000.0,46.415,<20%,White,Home_Purchase,Principal_Residence,Originated,1.0,2,0.5539394715549063,27.1
0,62.0,365000,405000.0,90.0,43%-<50%,White,Home_Purchase,Principal_Residence,Originated,1.0,0,0.37289133394591384,60.49
3,100.0,445000,375000.0,78.353,Unknown,Race Not Available,Refinance,Principal_Residence,Withdrawn,,0,0.3854131284415119,20.12
3,95.0,375000,375000.0,78.353,Unknown,Race Not Available,Refinance,Principal_Residence,Originated,1.0,0,0.37357066895640406,7.13
3,185.0,305000,555000.0,54.055,20%-<30%,Joint,CashOut_Refinance,Principal_Residence,Originated,1.0,0,0.44436174901824893,20.23
5,183.0,105000,945000.0,79.101,30%-<36%,Race Not Available,Home_Improvement,Principal_Residence,Approved_NotAccepted,,0,0.4402596092291278,71.24
1,1085.0,2005000,2505000.0,80.0,43%-<50%,White,Home_Purchase,Principal_Residence,Preapproval_Approved_NotAccepted,,3,0.679007120006069,0.0
6,78.0,125000,595000.0,69.205,>60%,Black or African American,Other,Principal_Residence,Denied,0.0,0,0.5155490616148412,99.5
3,300.0,665000,375000.0,78.353,Unknown,Race Not Available,Refinance,Principal_Residence,Withdrawn,,0,0.40609673960158826,27.98
3,67.0,145000,505000.0,28.26,30%-<36%,White,Refinance,Principal_Residence,Originated,1.0,0,0.4820283168737628,16.06
0,0.0,315000,395000.0,95.0,43%-<50%,White,Home_Purchase,Principal_Residence,Originated,1.0,0,0.3762127452477402,49.62
0,34.0,45000,5000.0,5408.805,<20%,Black or African American,Home_Purchase,Principal_Residence,Denied,0.0,1,0.5032483355759652,95.59
6,97.0,415000,545000.0,76.0,>60%,White,Home_Purchase,Second_Residence,Denied,0.0,0,0.3607672238889225,8.13
5,55.0,25000,145000.0,94.48,43%-<50%,Black or African American,Home_Improvement,Principal_Residence,Denied,0.0,0,0.39421587690193816,52.44
5,191.0,175000,635000.0,70.228,30%-<36%,Race Not Available,Refinance,Principal_Residence,Originated,1.0,0,0.402625093880176,13.66
2,131.0,325000,435000.0,75.06,20%-<30%,Black or African American,Home_Purchase,Investment,Originated,1.0,0,0.36506675755386764,33.03
1,849.0,975000,1305000.0,75.0,43%-<50%,White,Home_Purchase,Investment,Originated,1.0,2,0.5633335979476385,32.64
5,263.0,105000,575000.0,84.99,20%-<30%,White,Home_Improvement,Principal_Residence,Originated,1.0,0,0.4267629416958557,13.77
0,88.0,335000,335000.0,101.01,43%-<50%,White,Home_Purchase,Principal_Residence,Originated,1.0,0,0.37299831657787635,13.07
1,372.0,665000,835000.0,80.0,<20%,Asian,Home_Purchase,Principal_Residence,Originated,1.0,1,0.46769632243387627,46.42
0,46.0,175000,375000.0,78.353,Unknown,White,Home_Purchase,Principal_Residence,Withdrawn,,0,0.4028990652710713,82.85
3,121.0,385000,535000.0,75.0,36%-<43%,White,CashOut_Refinance,Principal_Residence,Denied,0.0,0,0.35595709995473696,13.28
0,44.0,125000,375000.0,78.353,Unknown,Race Not Available,Home_Purchase,Principal_Residence,Withdrawn,,0,0.37772536201250917,11.9
3,77.0,75000,695000.0,10.8696,20%-<30%,White,Home_Improvement,Principal_Residence,Originated,1.0,0,0.5126056132555934,95.47
0,105.0,305000,345000.0,90.0,20%-<30%,Race Not Available,Home_Purchase,Principal_Residence,Originated,1.0,0,0.38889941225196184,84.16
3,97.0,135000,375000.0,78.353,Unknown,White,Refinance,Principal_Residence,Withdrawn,,0,0.3874133262781828,7.13
3,90.0,25000,375000.0,78.353,Exempt,White,CashOut_Refinance,Principal_Residence,Originated,1.0,0,0.3595208065766582,15.78
0,95.0,135000,775000.0,78.353,Unknown,Race Not Available,Home_Purchase,Principal_Residence,Purchased,,0,0.36883889917338514,22.71
6,97.0,105000,605000.0,92.352,50%-60%,Black or African American,Home_Improvement,Principal_Residence,Denied,0.0,0,0.46412884343849287,39.11
3,60.0,245000,355000.0,68.35,36%-<43%,Race Not Available,CashOut_Refinance,Principal_Residence,Originated,1.0,0,0.37399117479648186,5.01
0,61.0,185000,375000.0,78.353,Unknown,Race Not Available,Other,Principal_Residence,Withdrawn,,0,0.37614053374384987,21.42
5,129.0,55000,565000.0,89.73,36%-<43%,White,Home_Improvement,Principal_Residence,Originated,1.0,0,0.4050707998141752,41.92
0,95.0,415000,415000.0,78.353,Unknown,Race Not Available,Home_Purchase,Principal_Residence,Purchased,,0,0.36296770938228856,16.87
5,165.0,155000,375000.0,78.353,Unknown,Race Not Available,Other,Principal_Residence,Withdrawn,,0,0.3769364987920793,54.45
4,182.0,65000,65000.0,96.25,20%-<30%,White,Home_Purchase,Principal_Residence,Originated,1.0,0,0.41593615136274364,14.63
3,95.0,175000,375000.0,78.353,Unknown,Black or African American,Refinance,Principal_Residence,Withdrawn,,0,0.37306198540575386,74.65
3,46.0,75000,105000.0,70.37,20%-<30%,White,CashOut_Refinance,Principal_Residence,Originated,1.0,0,0.36890581711193077,20.47
0,95.0,625000,1055000.0,78.353,Unknown,Race Not Available,Home_Purchase,Principal_Residence,Purchased,,0,0.4545894570974621,65.75
0,104.0,645000,775000.0,83.51,43%-<50%,White,Home_Purchase,Principal_Residence,Originated,1.0,0,0.4045054409931334,11.02
6,19.0,35000,105000.0,28.302,>60%,American Indian or Alaska Native,Home_Improvement,Principal_Residence,Denied,0.0,0,0.5418369395510891,96.12
4,73.0,125000,165000.0,74.925,50%-60%,White,Home_Purchase,Second_Residence,Denied,0.0,0,0.437617398401745,7.73
2,206.0,135000,195000.0,70.0,20%-<30%,White,Home_Purchase,Investment,Originated,1.0,0,0.36645426118688706,27.88
0,58.0,225000,375000.0,78.353,Unknown,White,Home_Purchase,Principal_Residence,Withdrawn,,0,0.39843802600827116,19.45
5,122.0,55000,275000.0,67.316,<20%,White,Home_Improvement,Principal_Residence,Originated,1.0,0,0.36968955730664954,25.14
0,57.0,105000,245000.0,41.254,36%-<43%,Black or African American,Home_Improvement,Principal_Residence,Originated,1.0,0,0.43803105484688953,40.47
5,94.0,25000,375000.0,78.353,Exempt,White,Home_Improvement,Principal_Residence,Denied,0.0,0,0.3544031680381452,15.71
2,236.0,215000,285000.0,75.0,20%-<30%,Asian,Home_Purchase,Investment,Originated,1.0,0,0.37733837321134583,32.06
0,111.0,465000,625000.0,78.353,Unknown,Race Not Available,Home_Purchase,Principal_Residence,Purchased,,0,0.37397038113890985,51.39
4,95.0,2505000,5005000.0,50.0,Unknown,Race Not Available,Refinance,Investment,Originated,1.0,3,0.6758732261524466,7.3
0,95.0,445000,495000.0,78.353,Unknown,Race Not Available,Home_Purchase,Principal_Residence,Purchased,,0,0.37511704296940146,23.45
3,79.0,225000,375000.0,59.524,30%-<36%,White,CashOut_Refinance,Principal_Residence,Originated,1.0,0,0.36908385636747276,8.47
5,78.0,25000,165000.0,67.337,20%-<30%,White,Other,Principal_Residence,Originated,1.0,0,0.4584917373349712,4.82
5,98.0,255000,855000.0,55.746,43%-<50%,Asian,Home_Improvement,Principal_Residence,Originated,1.0,1,0.45965421401200734,82.38
0,95.0,175000,175000.0,78.353,Unknown,Race Not Available,Home_Purchase,Principal_Residence,Purchased,,0,0.36500122096517845,12.38
3,96.0,305000,515000.0,59.804,36%-<43%,Asian,CashOut_Refinance,Principal_Residence,Originated,1.0,0,0.43387257891178344,91.59
0,90.0,355000,375000.0,95.0,36%-<43%,Black or African American,Home_Purchase,Principal_Residence,Originated,1.0,0,0.4037814530066522,93.96
3,128.0,305000,515000.0,60.392,36%-<43%,White,CashOut_Refinance,Principal_Residence,Originated,1.0,0,0.4034270454946619,51.39
0,48.0,185000,375000.0,78.353,Unknown,White,Home_Purchase,Principal_Residence,Withdrawn,,0,0.37249757347318313,7.68
3,160.0,305000,535000.0,78.353,Unknown,Race Not Available,CashOut_Refinance,Principal_Residence,Purchased,,0,0.3924329903289214,11.41
4,21.0,185000,175000.0,104.79,>60%,White,Other,Principal_Residence,Denied,0.0,0,0.43588232657099124,11.82
3,123.0,435000,375000.0,78.353,Unknown,White,Refinance,Principal_Residence,Withdrawn,,0,0.3498484787580537,39.28
4,65.0,165000,375000.0,78.353,Unknown,White,Home_Purchase,Principal_Residence,Incomplete,,0,0.3871323031012338,6.68
2,203.0,335000,375000.0,78.353,Unknown,White,Home_Purchase,Investment,Withdrawn,,1,0.5253977818228859,0.0
3,155.0,195000,375000.0,78.353,Unknown,Race Not Available,CashOut_Refinance,Principal_Residence,Incomplete,,0,0.46264494367152187,29.48
0,50.0,175000,375000.0,78.353,Unknown,Black or African American,Home_Purchase,Principal_Residence,Withdrawn,,0,0.37662685357613146,54.03
0,217.0,335000,375000.0,78.353,Unknown,White,Home_Purchase,Principal_Residence,Withdrawn,,0,0.36256009743446077,13.06
0,158.0,315000,355000.0,90.0,20%-<30%,White,Home_Purchase,Principal_Residence,Originated,1.0,0,0.35183324292336843,28.35
0,95.0,155000,155000.0,78.353,Unknown,Race Not Available,Home_Purchase,Principal_Residence,Purchased,,0,0.35448330173549064,24.62
0,42.0,135000,135000.0,96.5,36%-<43%,White,Home_Purchase,Principal_Residence,Originated,1.0,0,0.43683687890958617,92.62
6,51.0,105000,335000.0,29.67,50%-60%,Race Not Available,Home_Improvement,Principal_Residence,Denied,0.0,0,0.4687723810283538,90.09
6,37.0,295000,565000.0,51.99,>60%,White,Home_Purchase,Principal_Residence,Denied,0.0,0,0.38254992841059693,31.81
6,11.0,65000,75000.0,80.0,>60%,White,Home_Improvement,Principal_Residence,Denied,0.0,0,0.46109158982886833,14.83
0,96.0,285000,315000.0,90.0,43%-<50%,White,Home_Purchase,Principal_Residence,Originated,1.0,0,0.3562786571139651,9.16
3,39.0,135000,445000.0,78.353,Unknown,White,Refinance,Principal_Residence,Originated,1.0,0,0.38439315127743034,79.89
2,59.0,215000,375000.0,78.353,Exempt,White,Refinance,Investment,Originated,1.0,0,0.35034709935128266,22.86
3,200.0,575000,855000.0,68.0,43%-<50%,Race Not Available,CashOut_Refinance,Principal_Residence,Originated,1.0,1,0.4761216924049739,38.53
3,46.0,15000,245000.0,4.804,<20%,White,Home_Improvement,Principal_Residence,Denied,0.0,0,0.5260842497269658,38.9
2,110.0,175000,245000.0,70.0,36%-<43%,White,Home_Purchase,Investment,Originated,1.0,0,0.37171093218686685,56.0
2,67.0,85000,115000.0,78.353,Unknown,White,Home_Purchase,Investment,Purchased,,0,0.3630388713257476,42.24
0,92.0,365000,455000.0,80.0,36%-<43%,Asian,Home_Purchase,Principal_Residence,Originated,1.0,0,0.3823752036430779,70.02
6,69.0,15000,155000.0,64.96,>60%,White,Home_Improvement,Principal_Residence,Originated,1.0,0,0.42399967968506314,7.66
2,158.0,665000,1205000.0,55.667,20%-<30%,Asian,Refinance,Investment,Originated,1.0,1,0.4920133549248106,77.8
6,247.0,205000,955000.0,75.908,50%-60%,Race Not Available,Other,Principal_Residence,Denied,0.0,0,0.40162718313702417,44.28
0,99.0,425000,525000.0,80.0,43%-<50%,White,Home_Purchase,Principal_Residence,Originated,1.0,0,0.3643721264630835,22.13
1,479.0,125000,375000.0,78.353,Exempt,White,Home_Improvement,Principal_Residence,Originated,1.0,0,0.4645296543958238,10.23
0,99.0,355000,355000.0,100.0,43%-<50%,White,Home_Purchase,Principal_Residence,Originated,1.0,0,0.3757798976935943,13.72
1,382.0,225000,375000.0,78.353,Exempt,Race Not Available,Home_Purchase,Second_Residence,Originated,1.0,0,0.3855078092944348,46.58
6,135.0,45000,455000.0,69.658,>60%,Race Not Available,Home_Improvement,Principal_Residence,Denied,0.0,0,0.398786553235812,27.32
3,50.0,255000,485000.0,51.23,20%-<30%,Black or African American,Refinance,Principal_Residence,Denied,0.0,0,0.377820681429217,19.76
0,108.0,275000,315000.0,90.0,36%-<43%,White,Home_Purchase,Principal_Residence,Originated,1.0,0,0.37594157309469095,7.71
3,125.0,485000,605000.0,80.0,43%-<50%,Black or African American,CashOut_Refinance,Principal_Residence,Originated,1.0,0,0.40491916018142465,69.19
4,95.0,185000,185000.0,78.353,Unknown,Race Not Available,Home_Purchase,Principal_Residence,Purchased,,0,0.3964714238226438,51.55
3,69.0,315000,995000.0,31.8,43%-<50%,White,CashOut_Refinance,Principal_Residence,Denied,0.0,2,0.554353465056164,39.19
3,195.0,215000,355000.0,59.944,20%-<30%,White,CashOut_Refinance,Principal_Residence,Originated,1.0,0,0.41611863421410206,19.13
0,95.0,125000,125000.0,78.353,Unknown,Race Not Available,Home_Purchase,Principal_Residence,Purchased,,0,0.41521819843101304,89.33
2,95.0,4005000,375000.0,78.353,Unknown,Race Not Available,Home_Purchase,Investment,Withdrawn,,4,0.6123770976216454,0.0
0,120.0,555000,585000.0,95.0,30%-<36%,White,Home_Purchase,Principal_Residence,Originated,1.0,0,0.38702709025747545,8.72
3,52.0,105000,215000.0,51.174,20%-<30%,Race Not Available,Refinance,Principal_Residence,Originated,1.0,0,0.3772551053840226,31.66
5,90.0,105000,445000.0,71.7,36%-<43%,White,Home_Improvement,Principal_Residence,Originated,1.0,0,0.3833450978176721,46.82
0,109.0,215000,245000.0,90.0,43%-<50%,White,Home_Purchase,Principal_Residence,Originated,1.0,0,0.3590166605284996,16.36
6,143.0,465000,575000.0,80.0,50%-60%,Race Not Available,CashOut_Refinance,Principal_Residence,Originated,1.0,0,0.35938242057344844,40.81
5,56.0,45000,235000.0,92.682,43%-<50%,White,Other,Principal_Residence,Denied,0.0,0,0.4256260692432211,32.01
0,95.0,275000,265000.0,78.353,Unknown,Race Not Available,Home_Purchase,Principal_Residence,Purchased,,0,0.3561379118961202,21.37
0,52.0,245000,265000.0,95.0,36%-<43%,Asian,Home_Purchase,Principal_Residence,Originated,1.0,0,0.365516820818466,29.3
3,108.0,285000,375000.0,78.353,Unknown,Asian,Refinance,Principal_Residence,Withdrawn,,0,0.38244580072883716,56.39
2,119.0,155000,195000.0,80.0,36%-<43%,White,Home_Purchase,Investment,Originated,1.0,0,0.36423597858426165,8.71
0,42.0,175000,185000.0,96.25,36%-<43%,Black or African American,Home_Purchase,Principal_Residence,Originated,1.0,0,0.407461501057255,68.73
0,108.0,255000,255000.0,95.0,43%-<50%,White,Home_Purchase,Principal_Residence,Originated,1.0,0,0.3782459234255027,9.03
3,120.0,335000,425000.0,80.0,43%-<50%,White,CashOut_Refinance,Principal_Residence,Denied,0.0,0,0.3491049810398551,25.49
0,95.0,145000,145000.0,78.353,Unknown,Race Not Available,Home_Purchase,Principal_Residence,Purchased,,0,0.38410959675535716,5.27
0,107.0,85000,95000.0,90.0,36%-<43%,White,Home_Purchase,Second_Residence,Originated,1.0,0,0.3960829549482481,8.01
6,87.0,235000,225000.0,100.0,50%-60%,Race Not Available,Home_Purchase,Principal_Residence,Originated,1.0,0,0.3748292621257143,40.75
0,95.0,135000,375000.0,78.353,Unknown,Race Not Available,Home_Purchase,Principal_Residence,Purchased,,0,0.3563101495458021,17.17
2,46.0,45000,95000.0,50.0,30%-<36%,White,Home_Purchase,Investment,Originated,1.0,0,0.45138450120455575,14.99
6,80.0,405000,605000.0,67.6,50%-60%,White,CashOut_Refinance,Principal_Residence,Originated,1.0,0,0.36714840702226637,36.24
3,83.0,205000,375000.0,78.353,Unknown,White,Refinance,Principal_Residence,Incomplete,,0,0.3989817156299482,58.72
6,49.0,225000,235000.0,96.5,50%-60%,American Indian or Alaska Native,Home_Purchase,Principal_Residence,Originated,1.0,0,0.39313691628577796,81.28
0,112.0,195000,275000.0,69.95,30%-<36%,White,Home_Purchase,Second_Residence,Originated,1.0,0,0.35797106354649294,21.77
6,88.0,205000,815000.0,88.401,>60%,Race Not Available,Home_Improvement,Principal_Residence,Denied,0.0,0,0.4878509778128914,86.29
0,172.0,595000,625000.0,94.913,30%-<36%,2 or more minority races,Home_Purchase,Principal_Residence,Originated,1.0,0,0.40464956730228635,17.25
6,51.0,55000,185000.0,84.99,50%-60%,White,Home_Improvement,Principal_Residence,Denied,0.0,0,0.3771151999918006,21.5
0,226.0,585000,745000.0,79.455,36%-<43%,Asian,Home_Purchase,Principal_Residence,Originated,1.0,0,0.40541156064979017,42.05
0,59.0,165000,175000.0,90.0,20%-<30%,White,Home_Purchase,Principal_Residence,Originated,1.0,0,0.360300708767596,18.44
0,81.0,355000,375000.0,94.987,36%-<43%,White,Home_Purchase,Principal_Residence,Originated,1.0,0,0.3771727363366329,24.63
3,66.0,215000,375000.0,78.353,Unknown,White,CashOut_Refinance,Principal_Residence,Incomplete,,0,0.3798048970865373,66.9
0,47.0,255000,305000.0,85.0,43%-<50%,White,Home_Purchase,Principal_Residence,Preapproval_Approved_NotAccepted,,1,0.5212367134343849,0.0
3,95.0,255000,745000.0,33.512,Unknown,Asian,CashOut_Refinance,Principal_Residence,Originated,1.0,0,0.44783673351113634,83.68
0,48.0,135000,145000.0,95.0,43%-<50%,White,Home_Purchase,Principal_Residence,Originated,1.0,0,0.39201691343566364,29.09
2,95.0,115000,145000.0,78.353,Unknown,Race Not Available,CashOut_Refinance,Investment,Purchased,,0,0.38268284710756556,59.73
0,95.0,365000,365000.0,78.353,Unknown,Race Not Available,Home_Purchase,Principal_Residence,Purchased,,0,0.3543359906417879,29.26
3,67.0,265000,335000.0,79.12,36%-<43%,Black or African American,Refinance,Principal_Residence,Originated,1.0,0,0.3621848496756172,67.9
5,137.0,125000,1405000.0,36.07,43%-<50%,White,Other,Principal_Residence,Originated,1.0,2,0.5414636899732779,70.57
3,68.0,235000,285000.0,79.27,36%-<43%,White,CashOut_Refinance,Principal_Residence,Denied,0.0,0,0.35449006728842763,19.42
3,63.0,165000,705000.0,23.36,20%-<30%,White,Refinance,Principal_Residence,Originated,1.0,0,0.44292152057728834,12.02
6,259.0,635000,1065000.0,88.826,50%-60%,White,Refinance,Principal_Residence,Denied,0.0,0,0.44528999164471683,20.66
3,41.0,205000,375000.0,78.353,Unknown,Race Not Available,CashOut_Refinance,Principal_Residence,Withdrawn,,0,0.38021107526284664,76.63
5,165.0,125000,385000.0,62.26,36%-<43%,White,CashOut_Refinance,Principal_Residence,Originated,1.0,1,0.4834300245669283,57.71
0,178.0,395000,405000.0,96.5,36%-<43%,Black or African American,Home_Purchase,Principal_Residence,Originated,1.0,0,0.39601207269332384,61.37
3,150.0,195000,375000.0,78.353,Unknown,White,CashOut_Refinance,Principal_Residence,Incomplete,,0,0.3571159842739421,23.57
2,196.0,205000,375000.0,78.353,Unknown,White,CashOut_Refinance,Investment,Incomplete,,0,0.4459841256762178,66.53
6,198.0,1325000,1655000.0,80.0,50%-60%,Race Not Available,Home_Purchase,Principal_Residence,Originated,1.0,1,0.5204719999827451,24.29
0,79.0,155000,155000.0,100.0,30%-<36%,Joint,Home_Purchase,Principal_Residence,Preapproval_Denied,,2,0.5305382030892614,0.0
6,95.0,55000,245000.0,31.744,50%-60%,White,Refinance,Principal_Residence,Denied,0.0,0,0.42541778426585175,7.15
2,95.0,275000,315000.0,89.00000967,Unknown,Race Not Available,Home_Purchase,Investment,Originated,1.0,0,0.4339180436222844,36.18
6,138.0,45000,415000.0,90.0,50%-60%,White,Other,Principal_Residence,Originated,1.0,0,0.3766476721727224,8.4
3,138.0,575000,715000.0,79.72,43%-<50%,White,Refinance,Principal_Residence,Originated,1.0,0,0.408973116858709,7.45
5,165.0,205000,375000.0,78.353,Unknown,White,CashOut_Refinance,Principal_Residence,Withdrawn,,0,0.41157494515306997,24.35
3,38.0,85000,375000.0,78.353,Unknown,Native Hawaiian or Other Pacific Islander,Refinance,Principal_Residence,Withdrawn,,0,0.35866783789070306,46.58
3,22.0,215000,475000.0,78.353,Unknown,White,Refinance,Principal_Residence,Originated,1.0,0,0.36952915322336816,17.24
0,82.0,175000,195000.0,90.0,36%-<43%,Black or African American,Home_Purchase,Principal_Residence,Originated,1.0,0,0.3812510460729202,39.62
0,65.0,215000,375000.0,78.353,Unknown,Race Not Available,Home_Purchase,Principal_Residence,Withdrawn,,0,0.34391904689615516,26.99
0,63.0,305000,385000.0,80.0,36%-<43%,White,Home_Purchase,Principal_Residence,Originated,1.0,0,0.35698963595140554,16.48
6,259.0,55000,2405000.0,37.649,50%-60%,White,Home_Improvement,Principal_Residence,Denied,0.0,1,0.5457896033455165,40.3
3,149.0,235000,725000.0,32.869,20%-<30%,Asian,Refinance,Principal_Residence,Originated,1.0,0,0.4889408424953016,48.16
0,325.0,275000,375000.0,73.07,<20%,White,Home_Purchase,Second_Residence,Originated,1.0,0,0.480901918685657,3.5
5,190.0,175000,725000.0,74.339,30%-<36%,Asian,Other,Principal_Residence,Originated,1.0,0,0.3863832524459056,63.46
3,114.0,105000,355000.0,28.338,<20%,Race Not Available,Home_Improvement,Principal_Residence,Originated,1.0,0,0.4455281950986274,8.19
5,165.0,105000,835000.0,58.798,30%-<36%,White,Home_Improvement,Principal_Residence,Originated,1.0,0,0.46303421235215325,22.57
5,95.0,35000,265000.0,78.353,Unknown,Race Not Available,Home_Improvement,Principal_Residence,Purchased,,0,0.37115579926486825,60.21
3,95.0,165000,215000.0,78.353,Unknown,Race Not Available,CashOut_Refinance,Principal_Residence,Purchased,,0,0.3830601699462662,70.53
5,95.0,45000,385000.0,78.353,Unknown,Race Not Available,Other,Principal_Residence,Purchased,,0,0.42281841018706606,34.57
0,99.0,195000,195000.0,96.5,36%-<43%,Race Not Available,Home_Purchase,Principal_Residence,Originated,1.0,0,0.35890760256372783,35.76
3,9.0,95000,175000.0,78.353,Unknown,Black or African American,Refinance,Principal_Residence,Denied,0.0,0,0.3795897231256365,63.69
1,807.0,2255000,3455000.0,65.304,43%-<50%,White,Home_Purchase,Second_Residence,Originated,1.0,2,0.6360642794589324,11.22
0,220.0,595000,595000.0,100.0,36%-<43%,White,Home_Purchase,Principal_Residence,Originated,1.0,0,0.42288358140173105,34.16
5,45.0,55000,185000.0,85.0,36%-<43%,White,Other,Principal_Residence,Originated,1.0,0,0.3738170428610548,6.93
2,95.0,355000,475000.0,75.0,Unknown,Asian,Home_Purchase,Investment,Originated,1.0,0,0.37040305070126806,51.85
0,50.0,95000,105000.0,99.99,30%-<36%,White,Home_Purchase,Principal_Residence,Originated,1.0,0,0.38400577693670457,22.2
6,77.0,205000,195000.0,100.0,50%-60%,Race Not Available,Home_Purchase,Principal_Residence,Originated,1.0,0,0.3815531679422199,25.75
0,54.0,235000,465000.0,50.0,43%-<50%,White,Home_Purchase,Principal_Residence,Originated,1.0,0,0.40258427249902873,13.05
1,225.0,525000,375000.0,78.353,Unknown,Race Not Available,Home_Purchase,Principal_Residence,Withdrawn,,1,0.4458654311716046,52.77
3,106.0,335000,435000.0,78.186,43%-<50%,White,CashOut_Refinance,Principal_Residence,Originated,1.0,0,0.35909120524236615,26.45
5,99.0,105000,425000.0,65.833,36%-<43%,White,Home_Improvement,Principal_Residence,Originated,1.0,0,0.39856096642020905,69.35
0,137.0,475000,495000.0,95.0,36%-<43%,White,Home_Purchase,Principal_Residence,Originated,1.0,0,0.3867028371333692,69.36
4,42.0,55000,55000.0,78.353,50%-60%,Race Not Available,Home_Purchase,Principal_Residence,Denied,0.0,0,0.443169597545996,85.55
5,61.0,85000,485000.0,68.638,43%-<50%,Black or African American,Other,Principal_Residence,Originated,1.0,0,0.52053874998374,98.68
6,31.0,15000,575000.0,52.934,>60%,Race Not Available,Home_Improvement,Principal_Residence,Denied,0.0,0,0.4072870131021867,31.6
5,52.0,45000,205000.0,83.82,43%-<50%,Race Not Available,Other,Principal_Residence,Originated,1.0,0,0.3931734817520855,10.85
5,88.0,75000,235000.0,75.25,30%-<36%,White,Home_Improvement,Principal_Residence,Originated,1.0,0,0.4065950449201435,21.22
5,105.0,105000,475000.0,61.622,20%-<30%,White,Home_Improvement,Principal_Residence,Originated,1.0,0,0.4003039829057425,10.3
0,60.0,285000,375000.0,101.01,30%-<36%,Black or African American,Home_Purchase,Principal_Residence,Approved_NotAccepted,,0,0.3871596142149857,46.52
3,130.0,295000,485000.0,62.514,20%-<30%,White,CashOut_Refinance,Principal_Residence,Originated,1.0,0,0.37654615259661495,32.03
0,205.0,495000,375000.0,78.353,Unknown,White,Home_Purchase,Principal_Residence,Withdrawn,,0,0.378975196676404,31.9
5,130.0,45000,445000.0,79.85,36%-<43%,White,CashOut_Refinance,Principal_Residence,Originated,1.0,1,0.47327954762217606,16.06
6,34.0,45000,305000.0,27.6,>60%,White,Other,Principal_Residence,Denied,0.0,0,0.43710017948230023,16.28
0,77.0,245000,265000.0,95.0,30%-<36%,White,Home_Purchase,Principal_Residence,Originated,1.0,0,0.36324466858502374,22.65
3,48.0,515000,1265000.0,78.353,Unknown,White,Refinance,Principal_Residence,Originated,1.0,1,0.48136795137472155,17.09
2,293.0,255000,335000.0,75.0,<20%,Race Not Available,Home_Purchase,Investment,Originated,1.0,0,0.3819068726500885,49.57
3,76.0,525000,375000.0,78.353,Unknown,Race Not Available,CashOut_Refinance,Principal_Residence,Withdrawn,,0,0.3807334962317259,61.48
3,99.0,435000,575000.0,75.52,36%-<43%,White,CashOut_Refinance,Principal_Residence,Originated,1.0,0,0.37547584677957496,63.36
0,104.0,425000,725000.0,58.371,30%-<36%,Asian,Home_Purchase,Principal_Residence,Originated,1.0,0,0.3924542523063291,56.16
3,72.0,165000,355000.0,48.0,30%-<36%,White,Refinance,Principal_Residence,Originated,1.0,0,0.3908731436948096,36.28
2,95.0,185000,135000.0,1.51,Unknown,Race Not Available,Other,Investment,Originated,1.0,3,0.6429471074631757,0.0
0,59.0,235000,295000.0,80.0,36%-<43%,Race Not Available,Home_Purchase,Second_Residence,Originated,1.0,0,0.3534540333978958,14.94
0,58.0,105000,135000.0,80.0,20%-<30%,White,Home_Purchase,Principal_Residence,Originated,1.0,0,0.37617326144119895,10.6
0,71.0,235000,375000.0,78.353,Unknown,White,Home_Purchase,Principal_Residence,Incomplete,,0,0.35033917631763545,6.69
0,56.0,135000,145000.0,95.0,30%-<36%,White,Home_Purchase,Principal_Residence,Originated,1.0,0,0.36532214226183907,47.03
0,137.0,175000,375000.0,78.353,<20%,Race Not Available,Home_Purchase,Principal_Residence,Approved_NotAccepted,,2,0.5325255048017387,0.0
3,34.0,55000,205000.0,26.974,36%-<43%,White,CashOut_Refinance,Principal_Residence,Originated,1.0,0,0.4761740725079555,90.89
6,97.0,405000,855000.0,47.06,>60%,White,Home_Improvement,Principal_Residence,Denied,0.0,1,0.43593797160748343,17.67
5,107.0,105000,375000.0,78.353,Unknown,White,Other,Principal_Residence,Incomplete,,0,0.46375773702624856,93.97
0,76.0,265000,275000.0,97.0,36%-<43%,White,Home_Purchase,Principal_Residence,Originated,1.0,0,0.3740891548444862,55.64
0,175.0,305000,525000.0,57.143,<20%,White,Home_Purchase,Principal_Residence,Originated,1.0,0,0.37762146959707504,17.64
5,147.0,95000,565000.0,89.845,36%-<43%,Race Not Available,Home_Improvement,Principal_Residence,Originated,1.0,0,0.4560475512341806,48.04
3,85.0,525000,375000.0,78.353,Unknown,White,CashOut_Refinance,Principal_Residence,Withdrawn,,0,0.3678559064729371,51.37
0,270.0,575000,725000.0,79.996,<20%,Asian,Home_Purchase,Principal_Residence,Originated,1.0,0,0.44474096620352704,22.71
0,95.0,405000,375000.0,78.353,Unknown,Race Not Available,Home_Purchase,Principal_Residence,Withdrawn,,0,0.36619856692823843,4.86
0,95.0,345000,365000.0,78.353,Unknown,Race Not Available,Home_Purchase,Principal_Residence,Purchased,,0,0.37238707176108193,9.2
1,457.0,595000,745000.0,79.99,<20%,White,Home_Purchase,Principal_Residence,Originated,1.0,0,0.44480453434060063,27.78
3,0.0,35000,125000.0,24.6,36%-<43%,Race Not Available,Home_Improvement,Principal_Residence,Originated,1.0,0,0.47316097818871605,60.66
0,20.0,65000,375000.0,78.353,Unknown,White,Home_Purchase,Principal_Residence,Withdrawn,,0,0.3688744414505898,10.48
0,280.0,1015000,1405000.0,72.14,43%-<50%,Asian,Home_Purchase,Principal_Residence,Denied,0.0,1,0.4883604063282731,56.56
0,110.0,435000,375000.0,78.353,Unknown,White,Home_Purchase,Principal_Residence,Incomplete,,0,0.3520530713916519,22.03
5,114.0,155000,375000.0,78.353,Unknown,White,Home_Improvement,Principal_Residence,Withdrawn,,0,0.4517482450315425,28.28
3,17.0,25000,225000.0,12.67,43%-<50%,White,Refinance,Principal_Residence,Approved_NotAccepted,,0,0.4659295161399183,10.26
0,30.0,135000,225000.0,60.0,43%-<50%,White,Home_Purchase,Principal_Residence,Originated,1.0,0,0.4028789614520341,44.46
3,50.0,55000,145000.0,35.714,20%-<30%,White,Refinance,Principal_Residence,Originated,1.0,0,0.4443627104694243,16.47
0,175.0,445000,725000.0,61.11,20%-<30%,White,Home_Purchase,Principal_Residence,Originated,1.0,0,0.40847714748953773,30.4
4,49.0,135000,375000.0,78.353,Unknown,White,Home_Purchase,Principal_Residence,Incomplete,,0,0.43656377868721974,52.52
0,42.0,125000,135000.0,96.5,43%-<50%,White,Home_Purchase,Principal_Residence,Originated,1.0,0,0.38223390611449226,9.8
6,89.0,105000,825000.0,83.624,>60%,Race Not Available,Home_Improvement,Principal_Residence,Denied,0.0,0,0.45556923821735623,36.33
5,175.0,75000,485000.0,80.0,36%-<43%,White,Home_Improvement,Principal_Residence,Originated,1.0,0,0.3703186847895715,9.1
1,674.0,145000,2045000.0,89.84,36%-<43%,Race Not Available,Other,Principal_Residence,Denied,0.0,0,0.5315797106289003,25.68
4,38.0,25000,95000.0,22.222,36%-<43%,White,Home_Improvement,Principal_Residence,Originated,1.0,0,0.49927656216471333,43.01
3,170.0,425000,555000.0,77.545,20%-<30%,White,Refinance,Principal_Residence,Originated,1.0,0,0.4179684263846134,22.0
0,135.0,425000,535000.0,80.0,36%-<43%,Race Not Available,Home_Purchase,Principal_Residence,Originated,1.0,0,0.37599575248823364,25.39
0,112.0,455000,475000.0,97.0,36%-<43%,White,Home_Purchase,Principal_Residence,Originated,1.0,0,0.388978913248059,53.28
3,46.0,135000,185000.0,73.889,30%-<36%,White,CashOut_Refinance,Principal_Residence,Originated,1.0,0,0.42169939744778706,10.84
3,47.0,185000,335000.0,55.139,30%-<36%,White,Refinance,Principal_Residence,Originated,1.0,0,0.4107019277336824,17.19
3,95.0,155000,365000.0,78.353,Unknown,Race Not Available,Refinance,Principal_Residence,Purchased,,0,0.36621170808191206,72.36
3,55.0,165000,375000.0,78.353,Unknown,Race Not Available,CashOut_Refinance,Principal_Residence,Incomplete,,0,0.34562179558396466,17.62
0,103.0,215000,235000.0,89.831,20%-<30%,Race Not Available,Home_Purchase,Principal_Residence,Originated,1.0,0,0.3606838660167799,15.3
0,187.0,255000,285000.0,90.0,43%-<50%,White,Home_Purchase,Principal_Residence,Originated,1.0,0,0.39077773059786236,59.12
0,120.0,325000,345000.0,95.0,30%-<36%,White,Home_Purchase,Principal_Residence,Originated,1.0,0,0.3656889183401739,43.89
5,123.0,295000,925000.0,66.857,43%-<50%,Asian,Home_Improvement,Principal_Residence,Originated,1.0,0,0.4764068408061107,88.65
3,64.0,145000,405000.0,36.0,20%-<30%,White,Refinance,Principal_Residence,Originated,1.0,0,0.4094588612452544,18.55
0,129.0,425000,455000.0,95.0,36%-<43%,White,Home_Purchase,Principal_Residence,Originated,1.0,0,0.3948972909700667,8.14
0,78.0,295000,345000.0,85.591,30%-<36%,White,Home_Purchase,Principal_Residence,Originated,1.0,0,0.351303485666103,26.29
3,60.0,225000,375000.0,78.353,Unknown,Black or African American,CashOut_Refinance,Principal_Residence,Incomplete,,0,0.3553591143825024,17.66
6,40.0,125000,235000.0,52.17,50%-60%,Black or African American,CashOut_Refinance,Principal_Residence,Denied,0.0,0,0.4369156718192158,97.68
1,275.0,835000,1045000.0,80.0,30%-<36%,White,Home_Purchase,Principal_Residence,Originated,1.0,2,0.5097129677619793,18.68
2,72.0,155000,195000.0,79.99,>60%,White,Home_Purchase,Investment,Denied,0.0,0,0.37322976485627873,72.92
0,95.0,225000,325000.0,78.353,Unknown,Race Not Available,Home_Purchase,Principal_Residence,Purchased,,0,0.3516258647540605,11.73
3,158.0,305000,375000.0,78.353,Unknown,Joint,CashOut_Refinance,Principal_Residence,Withdrawn,,0,0.3525708281419482,22.56
0,85.0,365000,475000.0,78.178,43%-<50%,White,Home_Purchase,Principal_Residence,Originated,1.0,0,0.36406313741473034,60.91
0,50.0,85000,85000.0,100.0,36%-<43%,White,Home_Purchase,Principal_Residence,Originated,1.0,0,0.3925249308226259,33.36
5,268.0,75000,265000.0,52.38,<20%,Black or African American,Home_Improvement,Principal_Residence,Originated,1.0,0,0.4481251130588896,84.61
5,107.0,75000,405000.0,84.456,36%-<43%,White,Other,Principal_Residence,Denied,0.0,0,0.3911914585674797,25.84
0,71.0,355000,375000.0,78.353,Unknown,Race Not Available,Home_Purchase,Principal_Residence,Withdrawn,,0,0.3618894682156829,7.81
3,40.0,95000,275000.0,36.481,43%-<50%,White,CashOut_Refinance,Principal_Residence,Denied,0.0,0,0.4069550492155809,33.13
1,376.0,1235000,1545000.0,80.0,30%-<36%,Asian,Home_Purchase,Principal_Residence,Originated,1.0,2,0.5679919775437896,64.66
5,65.0,45000,205000.0,61.25,20%-<30%,White,Other,Principal_Residence,Denied,0.0,0,0.401169324004662,12.13
2,95.0,13005000,375000.0,78.353,Exempt,Race Not Available,Home_Purchase,Investment,Originated,1.0,1,0.5326301765039807,42.93
0,180.0,285000,305000.0,95.0,20%-<30%,White,Home_Purchase,Principal_Residence,Originated,1.0,0,0.36789679461970304,38.19
0,116.0,375000,375000.0,78.353,Unknown,White,Home_Purchase,Principal_Residence,Withdrawn,,0,0.3529660253535956,24.11
3,244.0,975000,1505000.0,65.0,43%-<50%,White,CashOut_Refinance,Principal_Residence,Originated,1.0,1,0.4992591475792328,19.9
6,72.0,125000,115000.0,105.932,50%-60%,Black or African American,Refinance,Principal_Residence,Denied,0.0,0,0.481835901545723,82.49
3,51.0,105000,225000.0,46.444,36%-<43%,White,CashOut_Refinance,Principal_Residence,Originated,1.0,0,0.43574407207949784,11.53
5,207.0,65000,515000.0,78.536,20%-<30%,Race Not Available,Other,Principal_Residence,Originated,1.0,0,0.4366955773751921,72.9
0,87.0,475000,375000.0,78.353,Unknown,White,Home_Purchase,Principal_Residence,Withdrawn,,0,0.36834747768672826,14.63
0,26.0,75000,75000.0,100.0,20%-<30%,White,Home_Purchase,Principal_Residence,Originated,1.0,0,0.3996396248826732,22.72
6,160.0,575000,725000.0,79.308,50%-60%,Asian,CashOut_Refinance,Principal_Residence,Originated,1.0,0,0.40626749475054474,46.21
0,0.0,685000,375000.0,78.353,Unknown,White,Home_Purchase,Principal_Residence,Withdrawn,,1,0.5520993499754008,0.0
4,83.0,105000,385000.0,26.25,43%-<50%,White,CashOut_Refinance,Principal_Residence,Originated,1.0,0,0.4457536221540148,15.07
0,261.0,455000,485000.0,95.0,20%-<30%,White,Home_Purchase,Principal_Residence,Originated,1.0,0,0.4129722519589504,57.88
2,95.0,6855000,375000.0,78.353,Unknown,Race Not Available,Home_Purchase,Investment,Incomplete,,1,0.6036218511974809,33.29
1,453.0,145000,625000.0,79.16,<20%,White,Other,Principal_Residence,Originated,1.0,0,0.4104245971345027,45.8
3,52.0,255000,375000.0,78.353,Unknown,Race Not Available,CashOut_Refinance,Principal_Residence,Incomplete,,0,0.3529563026254512,36.71
0,95.0,145000,145000.0,78.353,Unknown,Race Not Available,Home_Purchase,Principal_Residence,Purchased,,0,0.4154604539356325,94.34
0,108.0,215000,235000.0,95.0,20%-<30%,White,Home_Purchase,Principal_Residence,Originated,1.0,0,0.3572130692616834,42.24
0,199.0,515000,565000.0,90.0,43%-<50%,Joint,Home_Purchase,Principal_Residence,Originated,1.0,0,0.39284629579262964,42.03
3,80.0,105000,135000.0,80.075,36%-<43%,White,CashOut_Refinance,Principal_Residence,Originated,1.0,0,0.4165064427351359,16.18
0,95.0,155000,155000.0,78.353,Unknown,Race Not Available,Home_Purchase,Principal_Residence,Purchased,,0,0.36091601721540073,15.38
3,71.0,25000,145000.0,17.24,20%-<30%,White,Other,Principal_Residence,Denied,0.0,0,0.4525915678621433,40.96
0,86.0,405000,375000.0,78.353,Unknown,White,Home_Improvement,Principal_Residence,Denied,0.0,0,0.36564084790862944,29.53
3,90.0,125000,375000.0,78.353,Unknown,Race Not Available,CashOut_Refinance,Principal_Residence,Incomplete,,0,0.4102836720441792,18.96
3,57.0,175000,585000.0,31.0,43%-<50%,White,Refinance,Principal_Residence,Originated,1.0,0,0.4645866367736765,48.85
0,102.0,245000,245000.0,100.0,30%-<36%,White,Home_Purchase,Principal_Residence,Originated,1.0,0,0.3908192634188979,12.53
3,91.0,145000,175000.0,85.882,20%-<30%,Black or African American,CashOut_Refinance,Principal_Residence,Originated,1.0,0,0.4014388778951342,82.76
3,150.0,435000,485000.0,89.688,43%-<50%,White,Refinance,Principal_Residence,Originated,1.0,0,0.4417094006048413,8.18
6,209.0,125000,365000.0,33.0835,>60%,White,Other,Second_Residence,Denied,0.0,0,0.45371923802411956,12.24
3,68.0,325000,375000.0,78.353,Unknown,Race Not Available,CashOut_Refinance,Principal_Residence,Withdrawn,,0,0.346542326965972,17.81
6,80.0,85000,745000.0,63.723,>60%,White,Home_Improvement,Principal_Residence,Denied,0.0,0,0.3905172009029344,28.53
0,95.0,205000,215000.0,78.353,Unknown,Race Not Available,Home_Purchase,Principal_Residence,Purchased,,0,0.36637336538153326,46.96
6,60.0,25000,205000.0,89.981,50%-60%,White,Refinance,Principal_Residence,Originated,1.0,0,0.37132608626127145,11.23
0,96.0,545000,375000.0,78.353,Unknown,Asian,Home_Purchase,Principal_Residence,Withdrawn,,0,0.36406116839507124,35.23
3,300.0,595000,925000.0,64.757,36%-<43%,White,CashOut_Refinance,Principal_Residence,Originated,1.0,0,0.44281887603357345,17.4
5,115.0,65000,435000.0,71.276,43%-<50%,White,Other,Principal_Residence,Originated,1.0,0,0.4432784988715611,50.06
0,67.0,255000,465000.0,55.0,36%-<43%,Asian,Home_Purchase,Principal_Residence,Denied,0.0,0,0.3673453883090734,16.74
1,603.0,445000,595000.0,75.0,20%-<30%,White,Refinance,Investment,Originated,1.0,0,0.44018641457978175,30.87
0,32.0,95000,105000.0,95.0,43%-<50%,White,Home_Purchase,Principal_Residence,Originated,1.0,0,0.39380015521899053,27.4
3,67.0,165000,325000.0,50.76,30%-<36%,Race Not Available,Refinance,Principal_Residence,Originated,1.0,0,0.373158407953456,24.95
6,59.0,25000,305000.0,68.23,50%-60%,White,Home_Improvement,Principal_Residence,Denied,0.0,0,0.4095183402416263,8.62
0,177.0,215000,245000.0,90.0,36%-<43%,White,Home_Purchase,Second_Residence,Originated,1.0,0,0.38521049375322897,4.73
1,434.0,155000,1535000.0,81.0,20%-<30%,White,Home_Improvement,Principal_Residence,Originated,1.0,2,0.5849581968698082,30.07
6,79.0,265000,255000.0,78.353,>60%,White,Home_Purchase,Principal_Residence,Originated,1.0,0,0.37262248570041273,3.28
0,290.0,315000,335000.0,95.0,20%-<30%,White,Home_Purchase,Principal_Residence,Originated,1.0,0,0.403269552161877,54.42
0,184.0,585000,375000.0,78.353,Unknown,Black or African American,Home_Purchase,Principal_Residence,Withdrawn,,0,0.42753000770967337,97.7
0,201.0,405000,505000.0,80.0,20%-<30%,Race Not Available,Home_Purchase,Principal_Residence,Originated,1.0,0,0.36297336176617023,19.5
5,108.0,55000,375000.0,13.514,43%-<50%,White,Other,Principal_Residence,Denied,0.0,0,0.5064979474626303,14.26
0,145.0,615000,775000.0,79.097,30%-<36%,White,Home_Purchase,Principal_Residence,Originated,1.0,0,0.44258712953448903,8.1
1,337.0,755000,375000.0,78.353,Unknown,White,CashOut_Refinance,Principal_Residence,Withdrawn,,0,0.4334186322868921,31.48
3,36.0,55000,135000.0,37.956,36%-<43%,White,Refinance,Principal_Residence,Originated,1.0,0,0.4485739845915617,13.12
3,342.0,1445000,375000.0,78.353,Unknown,White,Refinance,Principal_Residence,Incomplete,,1,0.5157425735195377,6.42
2,210.0,705000,905000.0,126.652,>60%,Race Not Available,Home_Improvement,Investment,Denied,0.0,0,0.5270148433575449,96.26
6,37.0,145000,165000.0,90.358,50%-60%,Race Not Available,Home_Purchase,Principal_Residence,Preapproval_Denied,,1,0.5300105606560077,0.0
0,-42.0,145000,185000.0,80.0,Unknown,White,Home_Purchase,Principal_Residence,Denied,0.0,0,0.4333561999837296,4.54
0,123.0,125000,135000.0,90.0,<20%,White,Home_Improvement,Principal_Residence,Originated,1.0,1,0.4667024625816699,14.84
1,426.0,255000,375000.0,78.353,Exempt,White,Home_Purchase,Principal_Residence,Originated,1.0,0,0.41880446989128256,13.05
2,157.0,365000,435000.0,78.353,Unknown,White,Home_Purchase,Investment,Purchased,,0,0.3608970415880934,8.68
3,210.0,455000,1105000.0,41.786,30%-<36%,Black or African American,CashOut_Refinance,Principal_Residence,Originated,1.0,0,0.4677137623296566,27.12
0,77.0,315000,335000.0,95.0,36%-<43%,Black or African American,Home_Purchase,Principal_Residence,Denied,0.0,0,0.373865765818694,75.55
0,146.0,645000,375000.0,78.353,Unknown,Race Not Available,Home_Purchase,Principal_Residence,Withdrawn,,0,0.43194783799236197,99.23
6,92.0,375000,385000.0,98.19,50%-60%,White,Home_Purchase,Principal_Residence,Originated,1.0,0,0.43600168583174626,96.12
0,89.0,285000,505000.0,56.0,20%-<30%,White,Home_Purchase,Principal_Residence,Originated,1.0,0,0.3633273369402472,28.94
0,253.0,235000,375000.0,78.353,Unknown,White,Home_Purchase,Principal_Residence,Withdrawn,,0,0.3656846411316609,11.79
0,24.0,135000,285000.0,47.388,43%-<50%,White,Home_Purchase,Principal_Residence,Denied,0.0,0,0.38429939789547757,36.91
5,90.0,15000,515000.0,54.84,36%-<43%,Race Not Available,Home_Improvement,Principal_Residence,Originated,1.0,0,0.42962081689787096,18.38
2,192.0,485000,655000.0,75.0,30%-<36%,White,Home_Purchase,Investment,Denied,0.0,0,0.46219887169983803,95.87
3,95.0,165000,165000.0,101.0,Unknown,White,Refinance,Principal_Residence,Originated,1.0,0,0.40038769261515167,12.45
3,95.0,355000,475000.0,78.353,Unknown,Race Not Available,CashOut_Refinance,Principal_Residence,Purchased,,0,0.3707311775310908,46.78
5,132.0,105000,535000.0,97.279,30%-<36%,Race Not Available,CashOut_Refinance,Principal_Residence,Originated,1.0,0,0.4132245246310518,28.49
0,95.0,495000,555000.0,78.353,Unknown,Race Not Available,Home_Purchase,Principal_Residence,Purchased,,0,0.4192283874841419,4.33
6,42.0,15000,325000.0,59.602,>60%,White,Other,Principal_Residence,Denied,0.0,0,0.4570882342203003,50.24
3,140.0,405000,505000.0,81.03,20%-<30%,Black or African American,CashOut_Refinance,Principal_Residence,Denied,0.0,0,0.43660604959473553,93.4
0,150.0,415000,555000.0,75.0,30%-<36%,Joint,Home_Purchase,Principal_Residence,Originated,1.0,0,0.444688139751488,45.04
2,216.0,155000,1705000.0,71.977,50%-60%,Race Not Available,CashOut_Refinance,Investment,Denied,0.0,1,0.5389117738904197,96.01
2,95.0,165000,205000.0,80.0,Unknown,Race Not Available,Refinance,Investment,Originated,1.0,1,0.44978474363886367,33.83
5,75.0,15000,135000.0,102.407,20%-<30%,White,Home_Purchase,Principal_Residence,Denied,0.0,0,0.4670305138373566,44.54
0,120.0,495000,585000.0,85.0,43%-<50%,White,Home_Purchase,Principal_Residence,Originated,1.0,0,0.36797793335497525,45.56
3,42.0,245000,505000.0,48.0,43%-<50%,White,CashOut_Refinance,Principal_Residence,Originated,1.0,0,0.44434633321501205,89.83
0,77.0,185000,375000.0,78.353,Unknown,White,Home_Purchase,Principal_Residence,Withdrawn,,0,0.3594725198018371,63.28
3,51.0,185000,375000.0,78.353,Unknown,White,CashOut_Refinance,Principal_Residence,Withdrawn,,0,0.3532909789863032,37.76
0,51.0,145000,185000.0,80.0,30%-<36%,White,Home_Purchase,Principal_Residence,Originated,1.0,0,0.3861213285576147,18.3
3,95.0,115000,165000.0,78.353,Unknown,Race Not Available,CashOut_Refinance,Principal_Residence,Purchased,,0,0.37465551068180536,6.15
0,56.0,375000,405000.0,93.75,43%-<50%,White,Home_Purchase,Principal_Residence,Originated,1.0,0,0.37020700783972804,20.99
0,108.0,315000,375000.0,100.0,36%-<43%,Race Not Available,Home_Purchase,Principal_Residence,Denied,0.0,0,0.37469375479874745,25.46
6,71.0,315000,325000.0,96.5,50%-60%,Black or African American,Home_Purchase,Principal_Residence,Originated,1.0,0,0.38462937813546877,79.52
5,78.0,35000,375000.0,78.353,Exempt,Race Not Available,Home_Improvement,Principal_Residence,Originated,1.0,0,0.3726183144717819,9.73
2,158.0,285000,385000.0,75.0,30%-<36%,White,Home_Purchase,Investment,Denied,0.0,0,0.36016939027887845,52.3
3,52.0,175000,375000.0,78.353,Unknown,White,Refinance,Principal_Residence,Withdrawn,,0,0.3752686883868775,80.46
0,48.0,245000,325000.0,75.0,36%-<43%,White,Home_Purchase,Principal_Residence,Originated,1.0,0,0.36863367913344086,54.13
4,44.0,105000,105000.0,78.353,>60%,Black or African American,Home_Purchase,Principal_Residence,Denied,0.0,0,0.48182751183859013,0.0
3,55.0,325000,375000.0,78.353,Unknown,White,CashOut_Refinance,Principal_Residence,Incomplete,,0,0.42443110067983575,76.58
0,95.0,275000,285000.0,78.353,Unknown,Race Not Available,Home_Purchase,Principal_Residence,Purchased,,0,0.3446371417172001,19.75
5,68.0,65000,425000.0,22.898,36%-<43%,White,Home_Improvement,Principal_Residence,Originated,1.0,1,0.5146826323774133,45.04
2,51.0,425000,1335000.0,31.579,43%-<50%,Race Not Available,CashOut_Refinance,Investment,Originated,1.0,1,0.5522480601821115,55.9
2,95.0,85000,115000.0,75.0,Unknown,Race Not Available,Refinance,Investment,Originated,1.0,0,0.42625525565984257,96.83
6,15.0,75000,135000.0,56.923,>60%,Race Not Available,CashOut_Refinance,Principal_Residence,Denied,0.0,0,0.4773102887916234,69.97
3,70.0,345000,425000.0,80.0,36%-<43%,Black or African American,CashOut_Refinance,Principal_Residence,Denied,0.0,0,0.3678170273179293,43.16
0,139.0,515000,655000.0,78.353,Unknown,White,Home_Purchase,Principal_Residence,Purchased,,0,0.4002386068972315,6.76
3,26.0,55000,175000.0,29.412,20%-<30%,White,Refinance,Principal_Residence,Originated,1.0,0,0.4777468438316822,7.36
2,0.0,265000,345000.0,75.0,<20%,Asian,Home_Purchase,Investment,Denied,0.0,0,0.38854770813736805,62.44
0,115.0,285000,375000.0,78.353,Exempt,White,Home_Purchase,Principal_Residence,Originated,1.0,0,0.3498909385483525,10.59
0,107.0,335000,355000.0,78.353,Unknown,Asian,Home_Purchase,Principal_Residence,Purchased,,0,0.34761225673801954,42.77
0,74.0,165000,175000.0,97.0,30%-<36%,White,Home_Purchase,Principal_Residence,Originated,1.0,0,0.4655044595606445,96.65
0,55.0,215000,375000.0,78.353,Exempt,White,Home_Purchase,Principal_Residence,Preapproval_Denied,,1,0.5122035505771197,0.0
3,97.0,405000,505000.0,80.0,43%-<50%,Race Not Available,Refinance,Principal_Residence,Originated,1.0,0,0.45211976360398975,83.5
0,96.0,445000,515000.0,88.0,36%-<43%,White,Home_Purchase,Principal_Residence,Originated,1.0,0,0.3650970697403118,10.29
3,72.0,185000,375000.0,78.353,Unknown,White,CashOut_Refinance,Principal_Residence,Withdrawn,,0,0.3783388923617971,6.24
0,143.0,305000,695000.0,42.98,36%-<43%,Race Not Available,Other,Principal_Residence,Originated,1.0,0,0.4131892909709746,30.08
0,103.0,105000,375000.0,78.353,Unknown,White,Home_Improvement,Principal_Residence,Denied,0.0,0,0.43581431844690505,32.57
0,161.0,535000,375000.0,78.353,Unknown,White,Home_Purchase,Principal_Residence,Withdrawn,,0,0.3622804147490773,45.17
3,51.0,245000,395000.0,64.0,43%-<50%,White,CashOut_Refinance,Principal_Residence,Originated,1.0,0,0.36049266511222117,28.27
0,159.0,425000,375000.0,78.353,Unknown,White,Home_Purchase,Principal_Residence,Withdrawn,,0,0.36079928310076625,15.41
5,158.0,25000,355000.0,41.054,<20%,White,Other,Principal_Residence,Originated,1.0,0,0.45563726018391665,21.36
5,153.0,85000,375000.0,78.353,Unknown,Black or African American,Other,Principal_Residence,Withdrawn,,0,0.3543801723537558,48.86
3,66.0,105000,545000.0,18.349,30%-<36%,White,Other,Principal_Residence,Originated,1.0,0,0.4617946223435265,23.99
3,95.0,175000,175000.0,92.33,Unknown,White,Refinance,Principal_Residence,Denied,0.0,0,0.400972441104126,88.8
0,71.0,215000,215000.0,100.0,36%-<43%,White,Home_Purchase,Principal_Residence,Originated,1.0,0,0.38046617589332854,23.74
3,119.0,55000,325000.0,16.48,36%-<43%,White,Refinance,Principal_Residence,Originated,1.0,0,0.4917626082384188,7.04
0,105.0,525000,775000.0,67.097,43%-<50%,White,Home_Purchase,Principal_Residence,Originated,1.0,2,0.5630279538869488,0.0
0,190.0,745000,885000.0,85.0,36%-<43%,White,Home_Purchase,Principal_Residence,Originated,1.0,0,0.4163362375446839,5.85
3,139.0,485000,615000.0,79.918,20%-<30%,Asian,CashOut_Refinance,Principal_Residence,Originated,1.0,1,0.43806748802995127,22.83
6,82.0,15000,285000.0,63.549,>60%,White,Other,Principal_Residence,Denied,0.0,0,0.3756072483784547,9.63
3,275.0,435000,715000.0,60.56,20%-<30%,White,Refinance,Principal_Residence,Originated,1.0,1,0.49633074990740755,25.52
0,105.0,415000,375000.0,78.353,Unknown,Race Not Available,Home_Purchase,Principal_Residence,Withdrawn,,0,0.35969583291452223,5.96
2,0.0,405000,545000.0,75.0,Unknown,Race Not Available,Home_Purchase,Investment,Originated,1.0,0,0.43173921370439394,37.6
5,90.0,25000,375000.0,78.353,Unknown,White,Home_Improvement,Principal_Residence,Originated,1.0,0,0.4312442894749695,6.14
0,150.0,715000,885000.0,80.226,36%-<43%,White,Home_Purchase,Principal_Residence,Originated,1.0,0,0.4015105888052606,35.02
3,119.0,755000,375000.0,78.353,Unknown,White,Refinance,Principal_Residence,Withdrawn,,0,0.38680420928290066,26.18
5,92.0,25000,395000.0,77.358,36%-<43%,White,Other,Principal_Residence,Originated,1.0,0,0.4023828380543149,34.85
6,94.0,225000,275000.0,80.0,50%-60%,Race Not Available,CashOut_Refinance,Principal_Residence,Originated,1.0,0,0.3480599733117568,14.12
0,235.0,125000,375000.0,78.353,Unknown,White,Home_Purchase,Second_Residence,Incomplete,,0,0.41811433095143935,28.12
0,221.0,555000,655000.0,85.0,20%-<30%,White,Home_Purchase,Principal_Residence,Originated,1.0,0,0.3897683289255041,13.97
0,95.0,285000,315000.0,78.353,Unknown,Race Not Available,Home_Purchase,Principal_Residence,Purchased,,0,0.3787455002492529,62.24
0,65.0,295000,325000.0,90.0,36%-<43%,Race Not Available,Home_Purchase,Principal_Residence,Originated,1.0,0,0.3672984804329255,20.71
3,225.0,455000,375000.0,78.353,Unknown,Race Not Available,CashOut_Refinance,Principal_Residence,Withdrawn,,0,0.3696156471512209,47.86
3,46.0,235000,265000.0,89.5,43%-<50%,White,CashOut_Refinance,Principal_Residence,Denied,0.0,0,0.36879113388114865,8.83
3,0.0,165000,505000.0,38.909,Unknown,White,CashOut_Refinance,Principal_Residence,Denied,0.0,0,0.4567244222576535,14.58
0,95.0,105000,115000.0,78.353,Unknown,Race Not Available,Home_Purchase,Principal_Residence,Purchased,,0,0.3854704507349573,73.77
0,95.0,4875000,6105000.0,78.353,Unknown,Race Not Available,Home_Purchase,Principal_Residence,Purchased,,1,0.64210980166247,19.37
0,137.0,355000,415000.0,78.353,Unknown,Race Not Available,Home_Purchase,Principal_Residence,Purchased,,0,0.35039369942722065,24.45
2,56.0,25000,35000.0,75.0,Unknown,White,Home_Purchase,Investment,Originated,1.0,0,0.4391550699414497,16.77
3,98.0,355000,455000.0,77.001,36%-<43%,White,Refinance,Principal_Residence,Originated,1.0,0,0.3616420333138159,21.5
5,141.0,165000,375000.0,78.353,Exempt,Race Not Available,Home_Improvement,Principal_Residence,Originated,1.0,0,0.34895357038312097,11.81
0,204.0,645000,375000.0,92.46,36%-<43%,American Indian or Alaska Native,Home_Purchase,Principal_Residence,Denied,0.0,0,0.4885403084998875,57.72
0,64.0,285000,295000.0,97.0,36%-<43%,White,Home_Purchase,Principal_Residence,Originated,1.0,0,0.36087035848816396,38.71
3,91.0,185000,375000.0,78.353,Unknown,Race Not Available,Refinance,Principal_Residence,Incomplete,,0,0.36714370540818875,16.43
6,90.0,85000,875000.0,47.851,50%-60%,Joint,Refinance,Principal_Residence,Denied,0.0,1,0.4614393777391307,95.57
3,134.0,315000,515000.0,60.58,36%-<43%,White,CashOut_Refinance,Principal_Residence,Denied,0.0,0,0.37880072795464326,16.62
3,188.0,745000,955000.0,77.895,30%-<36%,White,CashOut_Refinance,Second_Residence,Originated,1.0,0,0.4190379921122988,32.85
3,62.0,135000,375000.0,78.353,Unknown,White,CashOut_Refinance,Principal_Residence,Withdrawn,,0,0.35040070291346553,9.26
3,98.0,405000,705000.0,56.738,36%-<43%,White,Refinance,Principal_Residence,Originated,1.0,0,0.39115811602184375,16.21
4,100.0,275000,45000.0,78.353,43%-<50%,White,Home_Purchase,Principal_Residence,Originated,1.0,0,0.3686203014276779,22.8
3,164.0,225000,375000.0,60.0,30%-<36%,White,CashOut_Refinance,Principal_Residence,Originated,1.0,0,0.429849948691858,36.47
0,139.0,495000,525000.0,95.0,43%-<50%,White,Home_Purchase,Principal_Residence,Originated,1.0,0,0.44505406901394884,91.64
6,52.0,205000,305000.0,66.66,>60%,White,Refinance,Principal_Residence,Denied,0.0,0,0.4008661822618641,84.96
0,90.0,365000,375000.0,78.353,Unknown,White,Home_Purchase,Principal_Residence,Withdrawn,,0,0.3559526937693936,57.46
3,110.0,145000,375000.0,78.353,Unknown,White,Refinance,Principal_Residence,Withdrawn,,0,0.3599206924940277,32.86
3,74.0,295000,565000.0,53.0,36%-<43%,Black or African American,CashOut_Refinance,Principal_Residence,Originated,1.0,1,0.4604249187397173,92.53
0,139.0,545000,555000.0,96.5,36%-<43%,White,Home_Purchase,Principal_Residence,Originated,1.0,0,0.3894179256509151,51.78
3,24.0,125000,255000.0,50.58,36%-<43%,White,CashOut_Refinance,Principal_Residence,Originated,1.0,0,0.3861274195405915,31.31
3,70.0,185000,335000.0,58.0,36%-<43%,Race Not Available,CashOut_Refinance,Principal_Residence,Originated,1.0,0,0.37569509244686927,16.19
3,92.0,135000,215000.0,62.79,43%-<50%,Race Not Available,CashOut_Refinance,Principal_Residence,Originated,1.0,0,0.4161588807171152,43.68
0,137.0,305000,605000.0,50.833,<20%,White,Home_Purchase,Principal_Residence,Originated,1.0,0,0.3802927148821696,36.24
1,785.0,805000,375000.0,78.353,Unknown,White,Home_Purchase,Second_Residence,Withdrawn,,0,0.4791626503981646,9.62
5,105.0,195000,505000.0,89.99,43%-<50%,White,Home_Improvement,Principal_Residence,Originated,1.0,0,0.37448218981857156,18.65
0,162.0,285000,375000.0,78.353,Unknown,White,Home_Purchase,Principal_Residence,Withdrawn,,0,0.3549933331119032,50.24
6,3.0,345000,375000.0,97.0,>60%,Race Not Available,Home_Purchase,Principal_Residence,Preapproval_Denied,,2,0.5404745200540234,0.0
0,87.0,255000,355000.0,71.43,30%-<36%,White,Home_Purchase,Second_Residence,Preapproval_Approved_NotAccepted,,2,0.5494993938307114,0.0
3,53.0,75000,375000.0,20.0,20%-<30%,White,CashOut_Refinance,Principal_Residence,Approved_NotAccepted,,0,0.48085324072425384,29.19
3,95.0,205000,255000.0,78.353,Unknown,Race Not Available,Refinance,Principal_Residence,Purchased,,0,0.34803346764636783,18.41
2,17.0,35000,375000.0,78.353,Unknown,White,Home_Improvement,Investment,Denied,0.0,0,0.4446086200338146,21.9
0,72.0,105000,185000.0,82.489,30%-<36%,Black or African American,Home_Purchase,Principal_Residence,Originated,1.0,0,0.4647483108627397,98.04
0,95.0,75000,125000.0,78.353,Unknown,Race Not Available,NotApplicable,Principal_Residence,Purchased,,0,0.38196596427726115,45.02
0,79.0,365000,395000.0,92.44,43%-<50%,Black or African American,Home_Purchase,Principal_Residence,Originated,1.0,0,0.3577356879090878,33.61
4,68.0,175000,175000.0,100.0,43%-<50%,White,Home_Purchase,Principal_Residence,Originated,1.0,0,0.37952182120780553,8.48
3,73.0,165000,275000.0,60.0,20%-<30%,Race Not Available,CashOut_Refinance,Principal_Residence,Originated,1.0,0,0.38486885542110344,44.5
0,145.0,495000,545000.0,90.0,20%-<30%,Asian,Home_Purchase,Principal_Residence,Originated,1.0,0,0.3865085367053252,32.29
3,278.0,245000,375000.0,78.353,Unknown,White,CashOut_Refinance,Principal_Residence,Withdrawn,,0,0.4069547939707782,72.12
6,18.0,95000,115000.0,78.261,50%-60%,White,CashOut_Refinance,Principal_Residence,Denied,0.0,0,0.38594944504014544,5.26
6,136.0,415000,415000.0,98.4,50%-60%,White,CashOut_Refinance,Principal_Residence,Originated,1.0,0,0.3937618554374559,16.18
6,97.0,505000,755000.0,98.63,>60%,White,Other,Principal_Residence,Denied,0.0,0,0.4374295296791173,10.84
0,210.0,585000,765000.0,76.08,36%-<43%,White,Home_Purchase,Second_Residence,Originated,1.0,0,0.4026360376342352,18.02
0,95.0,275000,285000.0,96.5,43%-<50%,White,Home_Purchase,Principal_Residence,Originated,1.0,0,0.3830917714110251,78.42
6,43.0,275000,285000.0,96.5,50%-60%,White,Home_Purchase,Principal_Residence,Denied,0.0,0,0.3617962377891179,24.44
0,218.0,465000,715000.0,65.157,30%-<36%,White,Home_Purchase,Principal_Residence,Originated,1.0,0,0.3998768119560307,43.11
3,95.0,125000,155000.0,78.353,Unknown,Race Not Available,CashOut_Refinance,Principal_Residence,Purchased,,0,0.3618580209551749,7.91
5,160.0,105000,335000.0,102.403,30%-<36%,White,Home_Improvement,Principal_Residence,Denied,0.0,0,0.4722822140693402,34.23
0,0.0,855000,1515000.0,56.291,<20%,White,Home_Purchase,Principal_Residence,Originated,1.0,1,0.5580142093398459,22.25
1,910.0,3505000,375000.0,78.353,Unknown,Race Not Available,CashOut_Refinance,Principal_Residence,Withdrawn,,0,0.597374216197905,28.54
3,47.0,215000,275000.0,80.0,36%-<43%,Race Not Available,CashOut_Refinance,Principal_Residence,Approved_NotAccepted,,0,0.3651597627658762,6.48
3,146.0,235000,785000.0,29.936,<20%,White,Home_Purchase,Principal_Residence,Approved_NotAccepted,,0,0.4383879619591612,32.32
0,188.0,585000,655000.0,90.0,43%-<50%,White,Home_Purchase,Principal_Residence,Originated,1.0,0,0.3972230237573793,23.36
0,249.0,1495000,375000.0,78.353,Unknown,Race Not Available,Home_Purchase,Principal_Residence,Withdrawn,,0,0.482026932525219,26.02
5,155.0,15000,665000.0,37.44,<20%,White,Home_Improvement,Principal_Residence,Originated,1.0,1,0.516940623812731,20.45
0,95.0,195000,185000.0,78.353,Unknown,Race Not Available,Home_Purchase,Principal_Residence,Purchased,,0,0.35125814461417126,26.28
3,58.0,555000,965000.0,78.353,Unknown,White,CashOut_Refinance,Principal_Residence,Originated,1.0,0,0.4386458895454106,89.8
0,147.0,605000,715000.0,85.0,43%-<50%,Race Not Available,Home_Purchase,Principal_Residence,Originated,1.0,0,0.41977660690386537,11.68
5,56.0,55000,195000.0,67.969,43%-<50%,Black or African American,Other,Principal_Residence,Originated,1.0,0,0.3701034323350817,18.3
3,42.0,95000,375000.0,78.353,Unknown,Race Not Available,Refinance,Principal_Residence,Withdrawn,,0,0.38971860350808757,73.3
0,95.0,375000,375000.0,78.353,Unknown,Race Not Available,Home_Purchase,Principal_Residence,Purchased,,0,0.3586686530190474,53.87
0,95.0,655000,825000.0,78.353,Unknown,Race Not Available,Home_Purchase,Principal_Residence,Purchased,,0,0.39465990264044915,42.27
0,49.0,195000,205000.0,95.0,36%-<43%,White,Home_Purchase,Principal_Residence,Originated,1.0,0,0.4271905348261534,97.51
3,53.0,205000,375000.0,78.353,30%-<36%,Black or African American,Refinance,Principal_Residence,Originated,1.0,0,0.35378906791185327,31.33
0,95.0,295000,375000.0,78.353,Unknown,Race Not Available,Home_Purchase,Principal_Residence,Purchased,,0,0.3898266237837725,88.1
3,26.0,95000,165000.0,61.875,30%-<36%,Race Not Available,Refinance,Principal_Residence,Originated,1.0,0,0.4172580982411986,9.68
0,130.0,275000,345000.0,80.0,30%-<36%,White,Home_Purchase,Principal_Residence,Originated,1.0,0,0.3618083400124132,51.64
2,95.0,365000,485000.0,78.353,Unknown,Race Not Available,Home_Purchase,Investment,Purchased,,0,0.4058124280136058,41.84
6,72.0,355000,805000.0,56.0,>60%,Asian,Refinance,Second_Residence,Denied,0.0,1,0.5205571785217207,89.41
6,38.0,85000,85000.0,90.0,50%-60%,White,Home_Purchase,Principal_Residence,Denied,0.0,0,0.4233173987058823,86.94
5,298.0,85000,915000.0,79.996,30%-<36%,Race Not Available,Home_Improvement,Principal_Residence,Originated,1.0,1,0.514524192140232,98.05
3,90.0,395000,785000.0,49.955,43%-<50%,Asian,CashOut_Refinance,Principal_Residence,Denied,0.0,0,0.402813747987123,55.92
5,49.0,35000,345000.0,58.562,43%-<50%,White,Other,Principal_Residence,Originated,1.0,0,0.4195900486361692,32.56
5,165.0,95000,275000.0,79.24,20%-<30%,Race Not Available,CashOut_Refinance,Principal_Residence,Originated,1.0,0,0.370986712949143,9.48
0,38.0,155000,375000.0,78.353,Unknown,White,Home_Purchase,Principal_Residence,Withdrawn,,0,0.35245146364343144,16.38
5,104.0,15000,455000.0,32.6,20%-<30%,White,Home_Improvement,Principal_Residence,Denied,0.0,0,0.4745323293793845,15.87
0,150.0,595000,625000.0,95.0,30%-<36%,White,Home_Purchase,Principal_Residence,Originated,1.0,0,0.40323227400740336,29.09
4,106.0,465000,485000.0,102.216,43%-<50%,Joint,Home_Purchase,Principal_Residence,Originated,1.0,0,0.39431965470055763,32.76
3,43.0,185000,245000.0,77.0,36%-<43%,Race Not Available,CashOut_Refinance,Principal_Residence,Originated,1.0,0,0.3803545124787241,7.3
6,63.0,245000,275000.0,89.54,50%-60%,Race Not Available,Home_Purchase,Principal_Residence,Originated,1.0,0,0.3614254244635706,34.46
0,57.0,255000,405000.0,62.779,43%-<50%,Black or African American,Home_Purchase,Principal_Residence,Approved_NotAccepted,,0,0.3748948370385468,30.05
3,267.0,405000,375000.0,78.353,Unknown,White,Refinance,Principal_Residence,Withdrawn,,0,0.3695277916700321,15.58
0,225.0,345000,375000.0,78.353,Unknown,Asian,Home_Purchase,Principal_Residence,Withdrawn,,0,0.3628841503305485,38.6
3,264.0,1135000,2005000.0,56.55,36%-<43%,White,Refinance,Principal_Residence,Originated,1.0,1,0.5246190382976024,19.37
0,95.0,35000,25000.0,78.353,Unknown,White,Home_Purchase,Principal_Residence,Denied,0.0,0,0.4350018402315557,17.19
2,95.0,65000,375000.0,78.353,Exempt,Race Not Available,Home_Purchase,Investment,Originated,1.0,0,0.3939760768075252,72.76
0,105.0,165000,235000.0,70.0,20%-<30%,Black or African American,Home_Purchase,Principal_Residence,Originated,1.0,0,0.3744374060533311,55.16
3,187.0,315000,365000.0,86.854,20%-<30%,White,CashOut_Refinance,Principal_Residence,Originated,1.0,0,0.36149734839637476,43.45
0,225.0,285000,375000.0,78.353,Unknown,White,Home_Purchase,Principal_Residence,Withdrawn,,0,0.36245908592514736,30.06
5,310.0,335000,1255000.0,53.35,20%-<30%,White,CashOut_Refinance,Principal_Residence,Originated,1.0,1,0.44280639445832626,28.03
0,53.0,115000,115000.0,96.5,20%-<30%,White,Home_Purchase,Principal_Residence,Originated,1.0,0,0.3884031637397387,7.13
0,81.0,225000,215000.0,100.0,36%-<43%,White,Home_Purchase,Principal_Residence,Originated,1.0,0,0.371065716393757,14.87
0,54.0,245000,415000.0,60.0,43%-<50%,Race Not Available,Home_Purchase,Principal_Residence,Originated,1.0,0,0.3721825067427961,43.86
5,88.0,55000,445000.0,51.018,36%-<43%,White,Home_Improvement,Principal_Residence,Originated,1.0,0,0.4534162554251631,15.21
5,100.0,5000,225000.0,102.12,36%-<43%,Race Not Available,Home_Purchase,Principal_Residence,Originated,1.0,1,0.5326799919847283,91.13
6,99.0,445000,455000.0,96.5,50%-60%,White,Home_Purchase,Principal_Residence,Preapproval_Approved_NotAccepted,,2,0.5385636655952271,0.0
0,103.0,425000,375000.0,78.353,Unknown,Asian,Home_Purchase,Principal_Residence,Approved_NotAccepted,,0,0.381259032693878,62.24
5,59.0,55000,665000.0,52.412,43%-<50%,White,Refinance,Principal_Residence,Denied,0.0,0,0.46050138510257604,25.25
3,73.0,135000,375000.0,78.353,Unknown,White,CashOut_Refinance,Principal_Residence,Withdrawn,,0,0.4278669960799197,85.85
3,95.0,175000,375000.0,78.353,Unknown,Black or African American,Refinance,Principal_Residence,Originated,1.0,0,0.3679141289378261,78.56
5,66.0,45000,375000.0,78.647,36%-<43%,White,Other,Principal_Residence,Originated,1.0,0,0.40461974426013186,51.23
0,230.0,1005000,1505000.0,67.0,36%-<43%,White,Home_Purchase,Principal_Residence,Originated,1.0,0,0.48535945170109945,42.55
0,90.0,245000,375000.0,78.353,Unknown,White,Home_Purchase,Principal_Residence,Withdrawn,,0,0.3588030760798899,69.18
3,87.0,465000,675000.0,67.847,36%-<43%,White,CashOut_Refinance,Principal_Residence,Originated,1.0,0,0.39902678693737814,17.14
3,26.0,45000,375000.0,78.353,Unknown,Race Not Available,CashOut_Refinance,Principal_Residence,Withdrawn,,0,0.40372612190401447,7.13
5,136.0,75000,375000.0,78.353,Unknown,White,Home_Improvement,Principal_Residence,Withdrawn,,0,0.38506651503812805,16.27
0,146.0,465000,585000.0,80.0,36%-<43%,White,Home_Purchase,Principal_Residence,Originated,1.0,0,0.41065283417256265,59.24
3,95.0,285000,375000.0,78.353,Unknown,White,Refinance,Principal_Residence,Withdrawn,,0,0.35415964392136107,58.1
3,80.0,325000,405000.0,79.928,43%-<50%,White,CashOut_Refinance,Principal_Residence,Denied,0.0,0,0.35521408790639086,25.33
5,94.0,15000,405000.0,101.689,<20%,Black or African American,Home_Purchase,Principal_Residence,Denied,0.0,1,0.5349892409845828,95.23
0,58.0,135000,135000.0,98.02,36%-<43%,Race Not Available,Home_Purchase,Principal_Residence,Originated,1.0,0,0.374402406757827,28.69
5,77.0,25000,375000.0,78.353,Exempt,White,Home_Improvement,Principal_Residence,Originated,1.0,0,0.4031378678152733,45.93
1,333.0,835000,375000.0,78.353,Unknown,Black or African American,Refinance,Principal_Residence,Incomplete,,1,0.5193958642321322,92.6
0,63.0,235000,255000.0,78.353,Unknown,Race Not Available,Home_Purchase,Principal_Residence,Purchased,,0,0.3538465213131322,45.67
0,90.0,205000,265000.0,77.528,20%-<30%,Race Not Available,Home_Purchase,Principal_Residence,Originated,1.0,0,0.36133038625877245,10.44
1,429.0,2655000,5315000.0,49.896,50%-60%,Asian,Other,Principal_Residence,Denied,0.0,3,0.6947760081931633,47.83
2,104.0,205000,335000.0,61.194,20%-<30%,Black or African American,Home_Purchase,Investment,Originated,1.0,0,0.39976771950222,60.72
3,158.0,505000,375000.0,78.353,Unknown,Race Not Available,CashOut_Refinance,Principal_Residence,Withdrawn,,0,0.3687371870057973,59.94
0,60.0,105000,145000.0,71.43,30%-<36%,Race Not Available,Home_Improvement,Principal_Residence,Denied,0.0,0,0.4374244355958549,98.34
0,74.0,175000,225000.0,80.0,43%-<50%,White,Home_Purchase,Principal_Residence,Originated,1.0,0,0.36033120190652795,6.78
0,65.0,235000,245000.0,95.0,43%-<50%,Race Not Available,Home_Purchase,Principal_Residence,Originated,1.0,0,0.3589190701950687,16.7
0,146.0,335000,425000.0,80.0,36%-<43%,White,Home_Purchase,Principal_Residence,Originated,1.0,0,0.377034391626287,7.3
0,161.0,355000,435000.0,80.0,30%-<36%,White,Home_Purchase,Principal_Residence,Originated,1.0,0,0.37666808587810685,14.53
5,120.0,35000,275000.0,65.015,43%-<50%,White,Other,Principal_Residence,Denied,0.0,0,0.38220283615162187,6.34
1,645.0,475000,375000.0,78.353,Unknown,Black or African American,Home_Purchase,Principal_Residence,Withdrawn,,0,0.42895824245562686,20.37
3,61.0,165000,285000.0,57.895,20%-<30%,White,CashOut_Refinance,Principal_Residence,Originated,1.0,0,0.4547609923961878,74.61
3,50.0,75000,375000.0,78.353,Unknown,Race Not Available,Refinance,Principal_Residence,Incomplete,,0,0.37458000098915295,71.67
0,121.0,305000,315000.0,95.0,43%-<50%,Black or African American,Home_Purchase,Principal_Residence,Originated,1.0,0,0.36279989079277114,15.13
4,95.0,45000,375000.0,78.353,Unknown,Race Not Available,NotApplicable,Principal_Residence,Purchased,,0,0.3884549385216619,18.43
5,70.0,265000,1105000.0,31.529,43%-<50%,Race Not Available,Other,Principal_Residence,Originated,1.0,1,0.4679170847911046,30.65
0,44.0,175000,205000.0,89.75,43%-<50%,White,Home_Purchase,Principal_Residence,Approved_NotAccepted,,0,0.40657319712709866,10.82
3,95.0,235000,235000.0,100.068,Unknown,White,Refinance,Principal_Residence,Approved_NotAccepted,,0,0.3789563234442889,36.14
5,95.0,155000,365000.0,43.26,20%-<30%,White,Home_Improvement,Principal_Residence,Originated,1.0,0,0.41509714541521275,18.38
0,126.0,155000,165000.0,95.0,36%-<43%,White,Home_Purchase,Principal_Residence,Originated,1.0,0,0.3929569990358411,51.24
1,537.0,585000,655000.0,90.0,20%-<30%,Race Not Available,Home_Purchase,Second_Residence,Originated,1.0,0,0.4692629012944794,18.01
1,584.0,1505000,1685000.0,89.021,20%-<30%,White,Home_Purchase,Principal_Residence,Originated,1.0,1,0.5840581515377973,23.25
0,100.0,285000,305000.0,95.0,30%-<36%,White,Home_Purchase,Principal_Residence,Preapproval_Denied,,2,0.5209787242874576,0.0
2,61.0,85000,195000.0,41.026,<20%,Asian,Home_Purchase,Investment,Originated,1.0,0,0.47593328112481154,59.88
5,171.0,145000,955000.0,68.53,30%-<36%,Joint,CashOut_Refinance,Principal_Residence,Denied,0.0,0,0.40011335382949265,30.57
0,55.0,185000,255000.0,74.0,43%-<50%,White,Home_Purchase,Principal_Residence,Originated,1.0,0,0.36110909282770093,31.54
0,103.0,275000,375000.0,78.353,Unknown,Asian,Home_Purchase,Principal_Residence,Incomplete,,0,0.3503345003910179,24.07
3,128.0,215000,575000.0,37.19,20%-<30%,White,CashOut_Refinance,Principal_Residence,Originated,1.0,0,0.4885927390898891,90.17
2,159.0,305000,375000.0,78.353,Unknown,White,Home_Purchase,Investment,Withdrawn,,0,0.3895422283259766,81.01
0,62.0,185000,205000.0,85.0,30%-<36%,White,Home_Purchase,Principal_Residence,Originated,1.0,0,0.37702659349940376,16.19
3,95.0,115000,125000.0,95.085,Unknown,White,Refinance,Principal_Residence,Approved_NotAccepted,,0,0.3805754086390757,6.88
0,95.0,375000,355000.0,78.353,Unknown,Race Not Available,Home_Purchase,Principal_Residence,Purchased,,0,0.3500073898770874,11.05
0,32.0,95000,115000.0,103.653,30%-<36%,White,Home_Purchase,Principal_Residence,Originated,1.0,0,0.5080659976999878,99.71
0,285.0,515000,375000.0,78.353,Unknown,White,Home_Purchase,Principal_Residence,Withdrawn,,0,0.37669030939681997,12.67
3,140.0,755000,375000.0,78.353,Unknown,Black or African American,CashOut_Refinance,Principal_Residence,Withdrawn,,0,0.4316226363418089,89.0
3,143.0,535000,375000.0,78.353,Unknown,Asian,Refinance,Principal_Residence,Withdrawn,,0,0.3916104480919834,35.34
0,95.0,135000,145000.0,78.353,Unknown,Race Not Available,Home_Purchase,Principal_Residence,Purchased,,0,0.3776608776271206,57.18
5,85.0,25000,375000.0,78.353,Exempt,White,Home_Improvement,Principal_Residence,Denied,0.0,0,0.37815453607963895,43.67
5,71.0,55000,335000.0,54.496,36%-<43%,White,Other,Principal_Residence,Originated,1.0,0,0.38550160668053524,7.48
3,46.0,115000,215000.0,50.23,43%-<50%,White,Refinance,Principal_Residence,Originated,1.0,0,0.3867950017008736,38.45
3,23.0,65000,375000.0,78.353,Exempt,White,Refinance,Principal_Residence,Originated,1.0,0,0.3692033299556943,6.33
0,158.0,485000,485000.0,100.0,43%-<50%,White,Home_Purchase,Principal_Residence,Originated,1.0,0,0.4052126532770622,53.1
0,109.0,265000,335000.0,80.0,36%-<43%,White,Home_Purchase,Second_Residence,Originated,1.0,0,0.35317470990965366,18.41
3,82.0,295000,365000.0,80.0,30%-<36%,White,CashOut_Refinance,Principal_Residence,Denied,0.0,0,0.34688966282031747,22.75
0,35.0,85000,185000.0,45.917,30%-<36%,White,Home_Purchase,Principal_Residence,Originated,1.0,0,0.4086363525786457,6.69
3,272.0,245000,375000.0,65.387,20%-<30%,White,Refinance,Principal_Residence,Originated,1.0,0,0.44208294970003353,6.2
5,96.0,105000,375000.0,85.0,43%-<50%,White,Home_Improvement,Principal_Residence,Originated,1.0,0,0.41290902592338624,97.42
3,31.0,135000,195000.0,69.388,30%-<36%,White,CashOut_Refinance,Principal_Residence,Originated,1.0,0,0.3658071432897813,31.65
0,105.0,105000,195000.0,50.5,30%-<36%,Black or African American,Other,Principal_Residence,Originated,1.0,0,0.4932731199525465,72.11
5,47.0,75000,205000.0,89.883,36%-<43%,Black or African American,Other,Principal_Residence,Originated,1.0,0,0.4329042870510896,98.68
5,100.0,55000,375000.0,78.353,Unknown,White,Other,Principal_Residence,Incomplete,,0,0.3498202474165091,39.18
6,77.0,105000,135000.0,72.78,50%-60%,White,Other,Principal_Residence,Denied,0.0,0,0.39380049414354745,43.34
2,192.0,255000,375000.0,78.353,Unknown,White,Home_Purchase,Investment,Preapproval_Approved_NotAccepted,,0,0.378186462815884,37.98
0,95.0,685000,915000.0,78.353,Unknown,Race Not Available,Home_Purchase,Principal_Residence,Purchased,,0,0.4284948069687017,15.81
6,95.0,75000,355000.0,53.558,>60%,White,Home_Improvement,Principal_Residence,Denied,0.0,0,0.4356502134206385,10.52
4,34.0,55000,95000.0,59.574,43%-<50%,White,Refinance,Principal_Residence,Denied,0.0,0,0.4440548931456193,28.58
0,237.0,805000,905000.0,90.0,43%-<50%,Race Not Available,Home_Purchase,Principal_Residence,Originated,1.0,0,0.47054400193094453,61.94
0,192.0,575000,375000.0,78.353,Unknown,White,Home_Purchase,Principal_Residence,Preapproval_Approved_NotAccepted,,0,0.3837107502958151,20.54
0,105.0,275000,375000.0,78.353,Unknown,White,Home_Purchase,Principal_Residence,Withdrawn,,0,0.35457140447370816,31.58
0,81.0,205000,225000.0,88.403,20%-<30%,White,Home_Purchase,Principal_Residence,Originated,1.0,0,0.3558208641641693,27.99
1,300.0,715000,375000.0,78.353,Unknown,White,Refinance,Principal_Residence,Incomplete,,0,0.4415381830800088,49.3
6,53.0,245000,315000.0,76.508,50%-60%,Race Not Available,Refinance,Principal_Residence,Denied,0.0,1,0.39641421371457036,62.41
6,42.0,215000,505000.0,43.167,50%-60%,White,CashOut_Refinance,Principal_Residence,Originated,1.0,0,0.41249683454216807,53.68
0,95.0,255000,495000.0,78.353,Unknown,Race Not Available,Home_Purchase,Principal_Residence,Purchased,,1,0.4938455163331716,52.77
2,167.0,615000,765000.0,80.0,50%-60%,White,Home_Purchase,Investment,Denied,0.0,0,0.39088996296487744,10.55
3,77.0,225000,605000.0,37.007,36%-<43%,Race Not Available,CashOut_Refinance,Principal_Residence,Originated,1.0,0,0.39314629891640496,30.12
0,91.0,495000,375000.0,78.353,Unknown,Black or African American,Home_Purchase,Principal_Residence,Incomplete,,0,0.40453823621853513,90.08
3,102.0,405000,375000.0,78.353,Unknown,White,CashOut_Refinance,Principal_Residence,Incomplete,,0,0.3882228224518075,14.72
0,193.0,315000,535000.0,78.353,36%-<43%,Race Not Available,Home_Purchase,Second_Residence,Originated,1.0,0,0.36244581392324865,7.38
6,65.0,735000,755000.0,95.132,50%-60%,Black or African American,Home_Purchase,Principal_Residence,Originated,1.0,0,0.4731185319033371,97.21
2,178.0,185000,245000.0,75.0,43%-<50%,White,Refinance,Investment,Originated,1.0,0,0.36898539336219355,7.78
4,71.0,135000,145000.0,90.0,Unknown,White,Home_Purchase,Principal_Residence,Denied,0.0,2,0.5441132477610827,0.0
4,32.0,45000,375000.0,78.353,Unknown,White,Home_Purchase,Principal_Residence,Withdrawn,,0,0.4712724989158208,7.36
3,158.0,375000,375000.0,78.353,Unknown,White,Refinance,Principal_Residence,Withdrawn,,0,0.37479658264805427,61.86
0,59.0,205000,205000.0,78.353,43%-<50%,White,Home_Purchase,Principal_Residence,Originated,1.0,0,0.3578762450019326,21.73
0,72.0,225000,375000.0,78.353,Unknown,White,Home_Purchase,Principal_Residence,Withdrawn,,0,0.34990620625022856,26.28
3,47.0,325000,375000.0,78.353,Unknown,White,CashOut_Refinance,Principal_Residence,Withdrawn,,0,0.37378154563993804,77.89
0,47.0,55000,375000.0,78.353,Unknown,White,Other,Principal_Residence,Withdrawn,,0,0.43302257477502254,10.49
0,34.0,145000,375000.0,78.353,Unknown,Black or African American,Home_Purchase,Principal_Residence,Withdrawn,,0,0.4138978310731529,94.9
6,83.0,355000,385000.0,90.0,50%-60%,Black or African American,Home_Purchase,Principal_Residence,Denied,0.0,0,0.3575228139477268,22.56
6,35.0,205000,375000.0,78.353,>60%,White,Refinance,Principal_Residence,Denied,0.0,0,0.389096084862483,12.11
0,42.0,185000,215000.0,83.871,36%-<43%,White,Home_Purchase,Principal_Residence,Originated,1.0,0,0.36125758297924815,12.32
5,92.0,35000,335000.0,72.871,20%-<30%,White,Other,Principal_Residence,Originated,1.0,0,0.39027616015871386,26.58
0,95.0,305000,415000.0,78.353,Unknown,Race Not Available,Home_Purchase,Second_Residence,Purchased,,0,0.36604747337194987,40.69
0,62.0,145000,185000.0,80.0,43%-<50%,Asian,Home_Purchase,Principal_Residence,Originated,1.0,0,0.39905963896327584,32.11
5,50.0,55000,375000.0,78.353,Unknown,White,Home_Improvement,Principal_Residence,Incomplete,,0,0.3641488571286711,9.39
3,126.0,375000,465000.0,80.0,43%-<50%,Black or African American,CashOut_Refinance,Principal_Residence,Originated,1.0,0,0.38515005194789065,21.48
0,73.0,245000,375000.0,78.353,Unknown,Black or African American,Home_Purchase,Principal_Residence,Withdrawn,,0,0.3482425362042741,28.82
3,105.0,325000,435000.0,77.0,30%-<36%,White,Refinance,Principal_Residence,Originated,1.0,0,0.39086869465849255,3.97
1,510.0,715000,1065000.0,67.453,36%-<43%,White,CashOut_Refinance,Principal_Residence,Approved_NotAccepted,,0,0.49659179752882127,58.74
0,120.0,555000,375000.0,78.353,Unknown,Race Not Available,Home_Purchase,Principal_Residence,Withdrawn,,0,0.3635585019849093,43.35
3,141.0,305000,535000.0,57.0,36%-<43%,White,CashOut_Refinance,Principal_Residence,Originated,1.0,0,0.40121528057915395,19.04
0,125.0,295000,315000.0,95.0,20%-<30%,White,Home_Purchase,Principal_Residence,Originated,1.0,0,0.3976090586064104,60.72
0,130.0,295000,325000.0,90.0,20%-<30%,White,Home_Purchase,Principal_Residence,Originated,1.0,0,0.45189573380587805,73.82
1,428.0,785000,985000.0,78.353,Unknown,White,Home_Purchase,Principal_Residence,Purchased,,1,0.4630549938328378,29.88
3,163.0,345000,375000.0,78.353,Unknown,Race Not Available,CashOut_Refinance,Principal_Residence,Withdrawn,,0,0.42022831969912655,42.51
0,112.0,205000,205000.0,96.5,30%-<36%,Race Not Available,Home_Purchase,Principal_Residence,Approved_NotAccepted,,0,0.4445638982742938,97.69
0,104.0,645000,675000.0,95.0,43%-<50%,White,Home_Purchase,Principal_Residence,Originated,1.0,2,0.547967826389511,0.0
0,220.0,945000,375000.0,78.353,Unknown,White,Home_Purchase,Principal_Residence,Withdrawn,,0,0.44992894970951763,57.18
3,52.0,45000,175000.0,25.714,36%-<43%,White,Home_Improvement,Principal_Residence,Denied,0.0,0,0.47742395856379155,7.42
3,59.0,135000,545000.0,26.0,43%-<50%,White,CashOut_Refinance,Principal_Residence,Originated,1.0,0,0.4515864337619995,37.98
3,64.0,395000,375000.0,78.353,Unknown,White,CashOut_Refinance,Principal_Residence,Withdrawn,,0,0.3684478442360361,9.42
2,95.0,935000,375000.0,78.353,Unknown,Race Not Available,Home_Purchase,Investment,Withdrawn,,1,0.49168074350002194,15.1
4,26.0,45000,45000.0,78.353,50%-60%,Joint,Home_Purchase,Principal_Residence,Denied,0.0,0,0.40962884287492857,45.08
2,95.0,135000,275000.0,78.353,Unknown,Race Not Available,Home_Purchase,Investment,Purchased,,0,0.3578232627237532,61.57
5,50.0,55000,375000.0,78.353,Unknown,Race Not Available,Home_Improvement,Principal_Residence,Withdrawn,,0,0.41051683849842113,32.4
0,43.0,245000,245000.0,100.84,36%-<43%,Black or African American,Home_Purchase,Principal_Residence,Originated,1.0,0,0.38898521607842845,8.9
0,142.0,495000,505000.0,96.5,30%-<36%,Joint,Home_Purchase,Principal_Residence,Originated,1.0,0,0.38401534076270927,33.4
0,230.0,765000,965000.0,80.0,20%-<30%,Asian,Home_Purchase,Principal_Residence,Originated,1.0,0,0.4422874942672639,70.41
3,98.0,225000,345000.0,66.129,20%-<30%,White,CashOut_Refinance,Principal_Residence,Originated,1.0,0,0.41387523708327895,36.98
0,58.0,265000,335000.0,80.0,36%-<43%,White,Home_Purchase,Principal_Residence,Originated,1.0,0,0.3500167894667293,13.03
0,35.0,115000,145000.0,105.0,36%-<43%,White,Home_Purchase,Principal_Residence,Originated,1.0,0,0.43301354427106575,41.48
3,133.0,35000,325000.0,10.76,<20%,Race Not Available,Home_Improvement,Principal_Residence,Originated,1.0,1,0.5307197185728042,7.59
5,164.0,255000,1895000.0,38.76,43%-<50%,Race Not Available,Other,Principal_Residence,Originated,1.0,0,0.5140114502666195,24.33
0,115.0,235000,235000.0,100.0,36%-<43%,White,Home_Purchase,Principal_Residence,Approved_NotAccepted,,0,0.3729991145904719,19.23
0,137.0,235000,375000.0,78.353,Unknown,White,Home_Purchase,Principal_Residence,Withdrawn,,0,0.3514753215199949,18.78
6,108.0,425000,435000.0,96.5,50%-60%,White,Home_Purchase,Principal_Residence,Originated,1.0,0,0.37918005956233364,52.48
1,304.0,1065000,1405000.0,75.714,30%-<36%,American Indian or Alaska Native,Refinance,Principal_Residence,Originated,1.0,1,0.4949736401653159,42.87
0,51.0,175000,175000.0,97.85,Unknown,Race Not Available,Home_Purchase,Principal_Residence,Denied,0.0,0,0.40122355003714477,74.1
0,95.0,1485000,375000.0,78.353,Exempt,Race Not Available,Home_Purchase,Principal_Residence,Originated,1.0,0,0.4332708268503673,26.41
6,28.0,195000,195000.0,96.5,>60%,White,Home_Purchase,Principal_Residence,Denied,0.0,0,0.4487718913381108,88.83
3,203.0,235000,355000.0,65.826,20%-<30%,Race Not Available,CashOut_Refinance,Principal_Residence,Originated,1.0,0,0.4259240429524065,11.49
1,599.0,755000,1075000.0,70.0,<20%,Asian,CashOut_Refinance,Principal_Residence,Originated,1.0,2,0.5086542814685612,39.6
6,262.0,135000,635000.0,88.125,50%-60%,Race Not Available,Home_Improvement,Principal_Residence,Originated,1.0,0,0.4745762024284695,11.04
6,93.0,395000,845000.0,80.184,>60%,White,Other,Principal_Residence,Denied,0.0,0,0.40375004750614807,15.31
2,118.0,75000,105000.0,71.29,43%-<50%,Black or African American,Refinance,Investment,Originated,1.0,0,0.40783068764706826,72.36
5,230.0,75000,465000.0,80.0,20%-<30%,White,Home_Improvement,Principal_Residence,Originated,1.0,0,0.3698853119645848,30.76
0,68.0,145000,155000.0,95.0,36%-<43%,White,Home_Purchase,Principal_Residence,Originated,1.0,0,0.3609767931715789,20.95
1,303.0,835000,925000.0,78.353,Unknown,Race Not Available,Home_Purchase,Principal_Residence,Purchased,,1,0.4795987952292029,25.21
5,58.0,5000,155000.0,55.0,36%-<43%,White,Home_Improvement,Principal_Residence,Originated,1.0,1,0.4779961471320371,14.37
4,40.0,55000,65000.0,78.353,43%-<50%,Black or African American,Home_Purchase,Principal_Residence,Denied,0.0,0,0.42385438457911245,22.64
0,182.0,425000,725000.0,58.333,36%-<43%,Asian,Home_Purchase,Principal_Residence,Originated,1.0,0,0.4401276360400857,87.91
3,192.0,285000,355000.0,80.0,30%-<36%,White,CashOut_Refinance,Principal_Residence,Originated,1.0,0,0.3642468809047343,19.96
3,57.0,235000,305000.0,76.67,36%-<43%,Race Not Available,CashOut_Refinance,Principal_Residence,Approved_NotAccepted,,0,0.35972190072363197,28.5
0,82.0,355000,445000.0,79.545,43%-<50%,White,Home_Purchase,Principal_Residence,Originated,1.0,0,0.35026808857006625,39.38
3,91.0,275000,545000.0,50.648,20%-<30%,White,CashOut_Refinance,Principal_Residence,Originated,1.0,0,0.3891713960920614,52.53
3,57.0,195000,375000.0,78.353,Unknown,White,CashOut_Refinance,Principal_Residence,Withdrawn,,0,0.379061932359747,76.52
6,42.0,325000,675000.0,48.14,>60%,White,CashOut_Refinance,Principal_Residence,Denied,0.0,0,0.46863375778957334,13.06
1,377.0,1365000,1705000.0,80.0,36%-<43%,Joint,Home_Purchase,Principal_Residence,Originated,1.0,1,0.5274243411380899,39.91
3,105.0,455000,375000.0,78.353,36%-<43%,White,CashOut_Refinance,Principal_Residence,Originated,1.0,0,0.3628824171911827,17.82
3,51.0,75000,375000.0,78.353,Unknown,White,Refinance,Principal_Residence,Withdrawn,,0,0.3820052318147214,6.53
0,49.0,205000,215000.0,96.5,43%-<50%,Black or African American,Home_Purchase,Principal_Residence,Originated,1.0,0,0.40088591989007727,56.25
3,15.0,55000,245000.0,20.325,43%-<50%,Native Hawaiian or Other Pacific Islander,Other,Principal_Residence,Originated,1.0,0,0.45784664108326034,54.03
0,52.0,255000,255000.0,100.0,36%-<43%,White,Home_Purchase,Principal_Residence,Originated,1.0,0,0.38655496287609104,14.16
3,50.0,75000,305000.0,24.917,20%-<30%,White,Refinance,Principal_Residence,Originated,1.0,0,0.5066607385042273,11.54
3,32.0,105000,375000.0,78.353,Exempt,Race Not Available,Refinance,Principal_Residence,Originated,1.0,0,0.3679638153525352,12.99
0,82.0,405000,685000.0,60.0,36%-<43%,Asian,Home_Purchase,Second_Residence,Originated,1.0,0,0.43905604932571946,95.14
5,141.0,105000,655000.0,87.936,30%-<36%,White,Home_Improvement,Principal_Residence,Originated,1.0,0,0.44858779650691727,41.46
0,84.0,115000,375000.0,78.353,Unknown,Race Not Available,Home_Improvement,Principal_Residence,Withdrawn,,0,0.40785756843252646,60.43
4,76.0,275000,375000.0,78.353,>60%,White,Home_Purchase,Principal_Residence,Denied,0.0,0,0.3629023005103784,17.7
0,67.0,295000,305000.0,97.0,36%-<43%,White,Home_Purchase,Principal_Residence,Originated,1.0,0,0.3817881718417921,35.78
0,213.0,855000,375000.0,78.353,Unknown,White,Home_Purchase,Principal_Residence,Withdrawn,,0,0.4797424459373201,75.45
6,50.0,235000,245000.0,95.0,50%-60%,White,Home_Purchase,Principal_Residence,Originated,1.0,0,0.3618355590148618,29.13
0,54.0,265000,265000.0,100.504,43%-<50%,White,Home_Purchase,Principal_Residence,Originated,1.0,0,0.3808842176974492,37.55
0,60.0,145000,145000.0,96.5,30%-<36%,Black or African American,Home_Purchase,Principal_Residence,Originated,1.0,0,0.3952346504128775,74.04
5,100.0,65000,945000.0,64.017,43%-<50%,White,CashOut_Refinance,Principal_Residence,Originated,1.0,0,0.478510052554091,23.34
0,118.0,305000,375000.0,78.353,Unknown,Race Not Available,Home_Purchase,Principal_Residence,Incomplete,,0,0.3584659610568888,60.48
5,121.0,65000,205000.0,88.0,36%-<43%,White,Home_Purchase,Principal_Residence,Originated,1.0,1,0.4849625689707902,5.59
3,24.0,55000,245000.0,21.399,36%-<43%,White,Refinance,Principal_Residence,Originated,1.0,0,0.5115348474713077,50.17
0,87.0,385000,435000.0,89.58,36%-<43%,White,Home_Purchase,Principal_Residence,Originated,1.0,0,0.370029658270754,66.38
5,296.0,155000,465000.0,79.74,<20%,White,Home_Improvement,Principal_Residence,Originated,1.0,0,0.43284142843776086,18.01
4,61.0,75000,75000.0,78.353,36%-<43%,White,Home_Purchase,Principal_Residence,Originated,1.0,0,0.4007534496832745,36.73
0,141.0,305000,485000.0,62.0,20%-<30%,White,Home_Purchase,Principal_Residence,Originated,1.0,0,0.3982530503834761,64.28
0,238.0,1295000,1765000.0,73.394,43%-<50%,White,Home_Purchase,Principal_Residence,Originated,1.0,0,0.5014995191068073,32.88
0,97.0,395000,445000.0,90.0,43%-<50%,White,Home_Purchase,Principal_Residence,Originated,1.0,0,0.3882813431753123,43.37
3,83.0,185000,585000.0,30.928,43%-<50%,White,Other,Principal_Residence,Denied,0.0,0,0.42290732013240456,40.62
6,35.0,125000,185000.0,66.667,50%-60%,White,Home_Purchase,Principal_Residence,Originated,1.0,0,0.3811812093813677,40.79
1,350.0,655000,825000.0,80.0,36%-<43%,Black or African American,Home_Purchase,Second_Residence,Originated,1.0,0,0.42932722114926236,26.64
0,78.0,305000,375000.0,78.353,Unknown,White,Home_Purchase,Principal_Residence,Incomplete,,0,0.34703778695207765,23.92
3,95.0,135000,375000.0,78.353,Exempt,White,Refinance,Principal_Residence,Originated,1.0,0,0.3701231581529702,9.09
3,34.0,405000,375000.0,78.353,Unknown,White,Refinance,Principal_Residence,Withdrawn,,0,0.3873658782521161,22.93
2,264.0,195000,375000.0,78.353,Unknown,Race Not Available,Home_Purchase,Investment,Withdrawn,,0,0.38213941727921286,47.78
3,120.0,235000,375000.0,78.353,Unknown,White,CashOut_Refinance,Principal_Residence,Withdrawn,,0,0.37481837136487073,49.69
1,341.0,695000,865000.0,80.0,<20%,White,Home_Purchase,Principal_Residence,Originated,1.0,0,0.435124295536788,33.81
5,351.0,305000,1105000.0,77.273,30%-<36%,White,Other,Principal_Residence,Originated,1.0,0,0.43046707036866594,20.94
1,467.0,2755000,375000.0,78.353,Unknown,White,Home_Purchase,Principal_Residence,Incomplete,,0,0.5230973880668837,20.42
3,204.0,255000,375000.0,78.353,Unknown,White,CashOut_Refinance,Principal_Residence,Withdrawn,,0,0.36935987238747703,26.85
0,100.0,325000,375000.0,78.353,Unknown,White,Home_Purchase,Principal_Residence,Withdrawn,,0,0.3468669556574326,35.54
2,95.0,1175000,2705000.0,44.0,Unknown,Race Not Available,CashOut_Refinance,Investment,Originated,1.0,1,0.5678125758497334,43.29
5,120.0,25000,265000.0,101.54,43%-<50%,Black or African American,Other,Principal_Residence,Denied,0.0,0,0.3863116445199876,41.29
3,56.0,195000,245000.0,80.0,43%-<50%,White,CashOut_Refinance,Principal_Residence,Originated,1.0,0,0.356954613496116,16.79
0,95.0,285000,295000.0,78.353,Unknown,Race Not Available,Home_Purchase,Principal_Residence,Purchased,,0,0.34472837936148615,39.06
5,85.0,105000,375000.0,78.353,36%-<43%,White,Other,Principal_Residence,Denied,0.0,0,0.3714248130514885,24.05
0,47.0,135000,375000.0,78.353,Exempt,American Indian or Alaska Native,Home_Purchase,Principal_Residence,Preapproval_Denied,,1,0.5178234966108597,0.0
0,130.0,425000,435000.0,96.5,36%-<43%,White,Home_Purchase,Principal_Residence,Originated,1.0,0,0.3794380241681463,15.83
0,281.0,505000,625000.0,80.0,43%-<50%,Asian,Home_Purchase,Principal_Residence,Denied,0.0,0,0.41778251913356274,79.45
3,120.0,435000,585000.0,78.353,Unknown,White,CashOut_Refinance,Principal_Residence,Purchased,,0,0.3592822431135424,15.74
3,95.0,295000,375000.0,78.191,43%-<50%,Black or African American,Refinance,Principal_Residence,Originated,1.0,0,0.4209747486079717,40.97
0,77.0,255000,375000.0,78.353,Unknown,Joint,Home_Purchase,Principal_Residence,Withdrawn,,0,0.37370195958479435,58.72
5,40.0,25000,445000.0,41.98,36%-<43%,Race Not Available,Other,Principal_Residence,Originated,1.0,0,0.40850053812603043,17.1
2,99.0,175000,215000.0,78.353,Unknown,Race Not Available,Home_Purchase,Investment,Purchased,,0,0.3869001661408012,50.24
4,106.0,15000,375000.0,78.353,Exempt,White,Home_Improvement,Principal_Residence,Denied,0.0,0,0.37828668111926506,64.18
1,242.0,905000,375000.0,78.353,Exempt,White,Refinance,Principal_Residence,Originated,1.0,1,0.4769566924166564,17.47
2,142.0,215000,405000.0,53.086,36%-<43%,White,CashOut_Refinance,Investment,Originated,1.0,0,0.406084521085329,84.29
0,95.0,285000,375000.0,78.353,Unknown,Race Not Available,Home_Purchase,Principal_Residence,Purchased,,0,0.41636699656990384,85.31
5,371.0,155000,375000.0,78.353,Unknown,White,Home_Improvement,Principal_Residence,Incomplete,,0,0.45851848394555245,9.47
3,95.0,495000,685000.0,78.353,Unknown,Race Not Available,CashOut_Refinance,Principal_Residence,Purchased,,0,0.4012418811292945,74.54
5,325.0,155000,1775000.0,71.184,36%-<43%,White,Other,Principal_Residence,Originated,1.0,1,0.4943941494335944,21.31
0,132.0,325000,385000.0,85.0,20%-<30%,Asian,Home_Purchase,Principal_Residence,Originated,1.0,0,0.3676462162041318,36.86
6,25.0,105000,325000.0,75.0,>60%,Asian,Home_Improvement,Principal_Residence,Denied,0.0,0,0.39061815408276007,50.78
6,95.0,185000,1145000.0,82.45,50%-60%,White,Home_Improvement,Principal_Residence,Originated,1.0,0,0.45842727062831595,22.23
5,108.0,15000,505000.0,65.112,30%-<36%,White,Other,Principal_Residence,Originated,1.0,0,0.4643569049025035,53.0
0,43.0,155000,375000.0,78.353,Unknown,White,Other,Principal_Residence,Incomplete,,0,0.35838407260945887,8.16
0,216.0,505000,675000.0,75.0,30%-<36%,White,Home_Purchase,Principal_Residence,Originated,1.0,0,0.38590483718762547,11.63
0,165.0,665000,705000.0,95.0,36%-<43%,White,Home_Purchase,Principal_Residence,Originated,1.0,0,0.4367807872735539,62.45
0,66.0,155000,235000.0,67.03,36%-<43%,Asian,Home_Purchase,Principal_Residence,Originated,1.0,0,0.4341896634760002,70.69
5,77.0,55000,585000.0,33.159,36%-<43%,White,CashOut_Refinance,Principal_Residence,Originated,1.0,0,0.4363159864866473,38.29
5,209.0,55000,375000.0,78.353,Unknown,White,Home_Improvement,Principal_Residence,Incomplete,,0,0.42920166444491736,63.85
4,52.0,115000,105000.0,78.353,43%-<50%,White,Home_Purchase,Principal_Residence,Denied,0.0,0,0.4266816631544531,8.96
3,108.0,405000,455000.0,87.91,43%-<50%,Race Not Available,CashOut_Refinance,Principal_Residence,Denied,0.0,0,0.3716503552731663,28.38
5,250.0,335000,785000.0,68.88,20%-<30%,White,Home_Improvement,Principal_Residence,Denied,0.0,0,0.40018331220471,36.12
2,162.0,15000,375000.0,78.353,Unknown,White,Other,Investment,Withdrawn,,0,0.44361677882687317,37.53
3,175.0,1225000,375000.0,78.353,Unknown,White,CashOut_Refinance,Principal_Residence,Incomplete,,0,0.4642343261459823,49.47
0,134.0,395000,565000.0,70.0,20%-<30%,White,Home_Purchase,Principal_Residence,Originated,1.0,0,0.40806790480543964,23.19
0,124.0,485000,565000.0,85.0,43%-<50%,White,Home_Purchase,Principal_Residence,Originated,1.0,0,0.4280245383156461,39.58
0,215.0,465000,375000.0,78.353,Unknown,Race Not Available,Home_Purchase,Principal_Residence,Withdrawn,,0,0.4765704552429932,96.1
3,95.0,125000,135000.0,78.353,Unknown,White,Refinance,Principal_Residence,Denied,0.0,0,0.3660386486173175,11.52
0,90.0,225000,235000.0,96.5,30%-<36%,Race Not Available,Home_Purchase,Principal_Residence,Originated,1.0,0,0.3724740580074105,34.07
5,72.0,15000,195000.0,89.22,30%-<36%,White,Home_Improvement,Principal_Residence,Denied,0.0,0,0.37533292255982836,13.93
6,127.0,825000,815000.0,100.0,50%-60%,White,Home_Purchase,Principal_Residence,Originated,1.0,0,0.4896968859244283,87.3
3,60.0,115000,245000.0,45.0,43%-<50%,White,CashOut_Refinance,Principal_Residence,Originated,1.0,0,0.4416564925823178,13.81
2,95.0,1375000,1905000.0,72.5,Unknown,Race Not Available,Home_Purchase,Investment,Originated,1.0,2,0.5889489083489463,34.02
0,52.0,105000,375000.0,78.353,Unknown,White,Home_Improvement,Principal_Residence,Incomplete,,0,0.35959938935568764,21.39
0,228.0,965000,1205000.0,80.0,36%-<43%,Race Not Available,Home_Purchase,Principal_Residence,Originated,1.0,0,0.466465818678246,28.63
3,95.0,275000,375000.0,78.353,Unknown,Race Not Available,CashOut_Refinance,Principal_Residence,Purchased,,0,0.35220897419479236,20.66
5,101.0,105000,355000.0,79.461,30%-<36%,White,Home_Improvement,Principal_Residence,Originated,1.0,0,0.3983076698501867,13.49
3,179.0,475000,775000.0,61.039,20%-<30%,White,CashOut_Refinance,Principal_Residence,Originated,1.0,0,0.3960209906506045,20.59
3,130.0,105000,395000.0,28.17,<20%,White,Other,Principal_Residence,Originated,1.0,0,0.43927449951650555,5.25
0,95.0,255000,255000.0,100.785,30%-<36%,Black or African American,Home_Purchase,Principal_Residence,Originated,1.0,0,0.39263980200073073,39.8
6,50.0,125000,155000.0,80.0,50%-60%,White,CashOut_Refinance,Principal_Residence,Denied,0.0,0,0.42908985334668187,7.96
0,122.0,175000,275000.0,63.702,30%-<36%,White,Home_Purchase,Principal_Residence,Originated,1.0,0,0.36148714147688693,20.19
4,59.0,95000,95000.0,78.353,30%-<36%,White,Home_Purchase,Principal_Residence,Denied,0.0,0,0.48028856764662275,0.0
3,108.0,325000,395000.0,80.0,43%-<50%,White,CashOut_Refinance,Principal_Residence,Originated,1.0,0,0.3596853755602449,53.82
3,92.0,175000,615000.0,28.78,36%-<43%,White,Refinance,Principal_Residence,Originated,1.0,0,0.47379128508339474,22.2
2,95.0,135000,175000.0,80.0,Unknown,Race Not Available,Home_Purchase,Investment,Originated,1.0,0,0.39596983855622403,12.07
0,53.0,175000,185000.0,100.621,43%-<50%,Black or African American,Home_Purchase,Principal_Residence,Originated,1.0,0,0.4391426645533748,94.83
4,15.0,75000,375000.0,78.353,Unknown,White,CashOut_Refinance,Principal_Residence,Incomplete,,0,0.37986565617423396,6.85
3,78.0,115000,375000.0,78.353,Unknown,White,Refinance,Principal_Residence,Incomplete,,0,0.45840057769313336,50.82
0,230.0,745000,745000.0,99.0,30%-<36%,White,Home_Purchase,Principal_Residence,Originated,1.0,0,0.4618324831729557,39.71
0,137.0,425000,375000.0,78.353,Unknown,Black or African American,Home_Purchase,Principal_Residence,Withdrawn,,0,0.35800458903646615,47.45
3,95.0,505000,855000.0,59.118,<20%,Race Not Available,Refinance,Principal_Residence,Denied,0.0,0,0.4519481130157738,78.51
6,48.0,305000,335000.0,89.552,>60%,Asian,Refinance,Principal_Residence,Denied,0.0,0,0.37803992604400466,26.61
3,26.0,75000,195000.0,78.353,Unknown,White,Refinance,Principal_Residence,Originated,1.0,0,0.363965235254263,44.86
5,128.0,105000,435000.0,96.902,43%-<50%,White,Other,Principal_Residence,Denied,0.0,0,0.36877852484470597,29.9
6,76.0,135000,455000.0,28.889,>60%,White,Refinance,Second_Residence,Denied,0.0,0,0.4357425141878629,11.28
3,87.0,65000,185000.0,34.158,30%-<36%,White,Refinance,Principal_Residence,Originated,1.0,0,0.5524653614856773,98.53
6,75.0,315000,385000.0,79.478,50%-60%,Race Not Available,Home_Purchase,Principal_Residence,Approved_NotAccepted,,0,0.34779656161016165,36.66
3,95.0,165000,375000.0,78.353,Unknown,Black or African American,Refinance,Principal_Residence,Withdrawn,,0,0.4260172427343976,97.54
3,101.0,475000,725000.0,65.56,43%-<50%,White,Refinance,Principal_Residence,Originated,1.0,0,0.4040247680449642,71.15
2,74.0,175000,675000.0,27.0,30%-<36%,White,CashOut_Refinance,Investment,Originated,1.0,0,0.4807255860038766,48.72
5,312.0,415000,4555000.0,43.78,43%-<50%,Race Not Available,Home_Improvement,Principal_Residence,Originated,1.0,1,0.5746609202186534,34.16
0,24.0,85000,95000.0,90.0,36%-<43%,White,Home_Purchase,Principal_Residence,Originated,1.0,0,0.39380481148893387,50.42
3,228.0,155000,775000.0,21.0,<20%,White,CashOut_Refinance,Principal_Residence,Originated,1.0,0,0.512817347626832,60.66
3,66.0,85000,625000.0,14.274,20%-<30%,White,CashOut_Refinance,Principal_Residence,Originated,1.0,0,0.4968807364537663,9.88
3,84.0,475000,645000.0,74.375,43%-<50%,Asian,CashOut_Refinance,Principal_Residence,Originated,1.0,0,0.3947900694254919,51.81
3,29.0,75000,265000.0,27.891,43%-<50%,White,Home_Purchase,Principal_Residence,Originated,1.0,0,0.4240558224747133,25.89
2,103.0,365000,495000.0,75.0,30%-<36%,Race Not Available,Home_Purchase,Investment,Originated,1.0,0,0.384098079473462,10.81
0,56.0,245000,315000.0,80.0,43%-<50%,Black or African American,Home_Purchase,Principal_Residence,Originated,1.0,0,0.3954172971105328,92.93
3,111.0,255000,345000.0,74.49,20%-<30%,White,Refinance,Principal_Residence,Originated,1.0,0,0.354640611246746,13.46
3,100.0,165000,375000.0,78.353,Unknown,Race Not Available,CashOut_Refinance,Principal_Residence,Withdrawn,,0,0.3456701303329013,17.9
2,281.0,255000,375000.0,78.353,Exempt,White,Home_Purchase,Investment,Originated,1.0,0,0.38108492766422153,6.53
5,99.0,65000,285000.0,62.86,36%-<43%,White,CashOut_Refinance,Principal_Residence,Originated,1.0,0,0.403623157739401,88.37
3,83.0,165000,375000.0,78.353,Unknown,Race Not Available,CashOut_Refinance,Principal_Residence,Withdrawn,,0,0.36782584952531594,11.77
5,75.0,105000,1165000.0,8.62,<20%,Race Not Available,Home_Improvement,Principal_Residence,Originated,1.0,1,0.551843217746273,79.34
3,20.0,85000,105000.0,67.6,43%-<50%,White,CashOut_Refinance,Principal_Residence,Denied,0.0,0,0.39524136144242766,26.16
0,103.0,305000,295000.0,100.0,30%-<36%,White,Home_Purchase,Principal_Residence,Originated,1.0,0,0.41694435563081744,56.4
6,118.0,305000,385000.0,80.0,50%-60%,White,Other,Principal_Residence,Denied,0.0,0,0.3680434356398624,63.46
0,113.0,205000,305000.0,65.523,20%-<30%,White,Home_Purchase,Principal_Residence,Originated,1.0,0,0.3557841451345513,14.43
0,95.0,225000,265000.0,78.353,Unknown,Race Not Available,Home_Purchase,Principal_Residence,Purchased,,0,0.3461136160282803,31.96
3,29.0,195000,345000.0,78.353,Unknown,White,Refinance,Principal_Residence,Originated,1.0,0,0.4279393664291527,94.19
4,146.0,455000,435000.0,100.0,43%-<50%,White,Home_Purchase,Principal_Residence,Originated,1.0,0,0.3980858786695184,9.44
3,144.0,305000,375000.0,78.353,Unknown,Race Not Available,CashOut_Refinance,Principal_Residence,Withdrawn,,0,0.3538531877227619,34.4
0,31.0,165000,375000.0,78.353,Unknown,White,Home_Purchase,Principal_Residence,Withdrawn,,0,0.3524472722590275,17.36
5,216.0,195000,935000.0,89.9,36%-<43%,Asian,Home_Purchase,Principal_Residence,Originated,1.0,0,0.4083723738282218,59.03
6,78.0,345000,345000.0,100.0,>60%,Joint,Home_Purchase,Principal_Residence,Originated,1.0,0,0.3908958986205447,14.93
5,169.0,95000,365000.0,56.406,20%-<30%,White,Home_Improvement,Principal_Residence,Originated,1.0,0,0.46148755372032174,19.6
0,27.0,115000,375000.0,78.353,Unknown,White,Home_Purchase,Principal_Residence,Withdrawn,,0,0.36283114755438256,36.98
0,63.0,285000,325000.0,88.75,36%-<43%,White,Home_Purchase,Principal_Residence,Originated,1.0,0,0.3541509959625465,19.65
0,85.0,245000,245000.0,96.5,30%-<36%,White,Home_Purchase,Principal_Residence,Originated,1.0,0,0.36049759825399724,22.86
5,123.0,55000,555000.0,54.036,20%-<30%,White,CashOut_Refinance,Principal_Residence,Originated,1.0,0,0.43578674068321777,41.6
0,51.0,135000,175000.0,80.0,20%-<30%,White,Home_Purchase,Principal_Residence,Originated,1.0,0,0.353855741187431,35.43
1,291.0,205000,905000.0,22.222,20%-<30%,White,Other,Second_Residence,Originated,1.0,1,0.5445291194177765,9.46
2,95.0,415000,555000.0,78.353,Unknown,Race Not Available,Home_Purchase,Investment,Originated,1.0,0,0.4567250173535733,61.81
5,130.0,75000,685000.0,79.947,43%-<50%,Asian,Other,Principal_Residence,Originated,1.0,0,0.44916650772504496,71.37
5,145.0,55000,605000.0,52.891,<20%,White,Home_Improvement,Principal_Residence,Originated,1.0,0,0.453400282598283,34.62
0,200.0,575000,575000.0,78.353,Unknown,Race Not Available,Home_Purchase,Principal_Residence,Purchased,,0,0.43049514214185547,54.26
0,100.0,205000,215000.0,95.0,20%-<30%,Black or African American,Home_Purchase,Principal_Residence,Originated,1.0,0,0.35559346398157227,29.85
0,58.0,305000,375000.0,78.353,Unknown,White,Home_Purchase,Principal_Residence,Withdrawn,,0,0.36048154738110366,34.15
0,73.0,365000,375000.0,96.5,43%-<50%,Race Not Available,Home_Purchase,Principal_Residence,Originated,1.0,0,0.4056553813372944,91.64
0,95.0,285000,355000.0,78.353,Unknown,Race Not Available,Home_Purchase,Principal_Residence,Purchased,,0,0.4661837086702308,38.36
6,42.0,405000,615000.0,65.86,>60%,Black or African American,CashOut_Refinance,Principal_Residence,Denied,0.0,0,0.3992894928459789,44.51
0,250.0,275000,375000.0,85.0,30%-<36%,Joint,Home_Purchase,Principal_Residence,Preapproval_Approved_NotAccepted,,1,0.5283517195891794,0.0
6,26.0,25000,375000.0,35.85,>60%,White,Other,Principal_Residence,Denied,0.0,0,0.4407260555923594,69.62
1,403.0,1505000,2105000.0,71.429,20%-<30%,Race Not Available,Home_Purchase,Principal_Residence,Originated,1.0,1,0.5471073060103392,41.13
0,275.0,595000,745000.0,80.0,36%-<43%,Asian,Home_Purchase,Principal_Residence,Originated,1.0,0,0.4253078954707089,66.67
0,210.0,645000,735000.0,88.174,30%-<36%,White,Home_Purchase,Principal_Residence,Originated,1.0,0,0.3978914572259136,30.54
3,189.0,895000,1125000.0,79.769,36%-<43%,White,Refinance,Principal_Residence,Originated,1.0,0,0.46684318015103315,78.74
3,122.0,355000,385000.0,90.53,43%-<50%,White,Refinance,Principal_Residence,Approved_NotAccepted,,0,0.3694221466171437,10.98
0,53.0,175000,185000.0,95.0,36%-<43%,Race Not Available,Home_Purchase,Principal_Residence,Originated,1.0,0,0.3919642803848786,81.19
3,144.0,535000,375000.0,78.353,Exempt,White,Refinance,Second_Residence,Withdrawn,,0,0.40031912755414617,34.48
5,216.0,105000,665000.0,64.938,20%-<30%,White,Home_Improvement,Principal_Residence,Approved_NotAccepted,,0,0.43454706453617925,15.32
3,63.0,135000,375000.0,78.353,Unknown,Race Not Available,CashOut_Refinance,Principal_Residence,Incomplete,,0,0.34751611411209793,12.51
3,67.0,75000,145000.0,54.522,30%-<36%,Race Not Available,Refinance,Principal_Residence,Denied,0.0,0,0.40077344613238336,6.03
3,47.0,95000,155000.0,61.165,36%-<43%,White,Refinance,Principal_Residence,Originated,1.0,0,0.41145048888666713,7.98
4,36.0,75000,75000.0,92.74,>60%,White,Home_Purchase,Principal_Residence,Denied,0.0,0,0.42511620930054445,15.98
4,72.0,125000,375000.0,78.353,Unknown,White,Home_Purchase,Principal_Residence,Withdrawn,,0,0.4524598856006335,0.0
3,117.0,155000,265000.0,57.692,20%-<30%,Race Not Available,Refinance,Principal_Residence,Originated,1.0,0,0.40614767095178644,17.14
0,95.0,185000,255000.0,78.353,Unknown,Race Not Available,Home_Purchase,Principal_Residence,Purchased,,0,0.3459445754540953,29.2
3,145.0,245000,495000.0,48.485,20%-<30%,White,CashOut_Refinance,Principal_Residence,Originated,1.0,0,0.4360804806667885,13.24
3,95.0,305000,505000.0,78.353,Unknown,Race Not Available,Refinance,Principal_Residence,Purchased,,0,0.36211301199588425,36.07
0,88.0,205000,275000.0,75.0,43%-<50%,White,Home_Purchase,Principal_Residence,Preapproval_Denied,,1,0.5174692669198674,0.0
5,43.0,65000,255000.0,88.235,36%-<43%,White,Home_Improvement,Principal_Residence,Originated,1.0,0,0.46992053283278445,24.82
0,92.0,295000,365000.0,80.0,36%-<43%,White,Home_Purchase,Principal_Residence,Originated,1.0,0,0.3462088225011343,40.87
0,95.0,445000,555000.0,78.353,Unknown,Race Not Available,Home_Purchase,Principal_Residence,Purchased,,0,0.3825655295786568,21.3
0,144.0,355000,375000.0,78.353,Unknown,Black or African American,Home_Purchase,Principal_Residence,Withdrawn,,0,0.39256446773671005,60.28
0,122.0,105000,215000.0,46.512,43%-<50%,White,Home_Purchase,Principal_Residence,Originated,1.0,0,0.4059252770042106,7.9
5,112.0,115000,445000.0,103.508,36%-<43%,White,Home_Improvement,Principal_Residence,Denied,0.0,0,0.3980668344338918,63.9
3,32.0,145000,375000.0,78.353,Unknown,Black or African American,Refinance,Principal_Residence,Withdrawn,,0,0.35798841772633844,15.94
0,95.0,505000,715000.0,78.353,Unknown,Race Not Available,Home_Purchase,Principal_Residence,Purchased,,0,0.36743171589103535,14.94
5,91.0,5000,275000.0,101.964,43%-<50%,White,Home_Purchase,Principal_Residence,Originated,1.0,0,0.4136896730333938,58.15
3,54.0,265000,375000.0,78.353,Unknown,White,Refinance,Principal_Residence,Withdrawn,,0,0.35087500322745213,23.23
0,72.0,205000,255000.0,80.0,30%-<36%,White,Home_Purchase,Principal_Residence,Originated,1.0,0,0.3507912588478902,19.25
0,80.0,215000,265000.0,80.0,30%-<36%,Race Not Available,Home_Purchase,Principal_Residence,Originated,1.0,0,0.36698167166323414,12.8
0,172.0,625000,705000.0,89.286,43%-<50%,Asian,Home_Purchase,Principal_Residence,Originated,1.0,0,0.48674738332602496,30.85
3,37.0,165000,375000.0,78.353,Unknown,White,Refinance,Principal_Residence,Withdrawn,,0,0.3559904638458986,10.49
5,120.0,385000,845000.0,69.95,43%-<50%,Race Not Available,Refinance,Principal_Residence,Denied,0.0,0,0.41689973824558274,30.01
3,127.0,255000,375000.0,78.353,Unknown,Black or African American,CashOut_Refinance,Principal_Residence,Withdrawn,,0,0.36640523372431827,74.64
5,235.0,35000,595000.0,79.914,20%-<30%,White,Home_Improvement,Principal_Residence,Originated,1.0,0,0.4016699614086651,39.76
2,107.0,235000,305000.0,75.0,36%-<43%,White,CashOut_Refinance,Investment,Originated,1.0,0,0.3482121935748127,21.79
3,76.0,95000,305000.0,32.0,30%-<36%,White,CashOut_Refinance,Principal_Residence,Originated,1.0,0,0.4062399478317896,33.13
5,95.0,35000,215000.0,51.6,<20%,White,Home_Improvement,Principal_Residence,Originated,1.0,1,0.46926713266123526,22.92
3,52.0,245000,405000.0,61.0,43%-<50%,White,Refinance,Principal_Residence,Originated,1.0,0,0.42757957892665216,9.19
5,49.0,5000,125000.0,106.0,36%-<43%,Black or African American,Home_Purchase,Principal_Residence,Denied,0.0,1,0.5320892266665603,85.59
3,77.0,105000,345000.0,30.3,20%-<30%,White,Refinance,Principal_Residence,Originated,1.0,0,0.4199513569863234,16.74
4,55.0,65000,65000.0,101.729,20%-<30%,White,Home_Purchase,Principal_Residence,Originated,1.0,0,0.42894530712518353,39.42
0,85.0,255000,325000.0,79.0,43%-<50%,Race Not Available,Home_Purchase,Principal_Residence,Originated,1.0,0,0.34386766594785706,34.47
6,51.0,95000,115000.0,191.916,>60%,Black or African American,Home_Purchase,Principal_Residence,Denied,0.0,0,0.5194659299623042,47.1
0,61.0,335000,375000.0,78.353,Unknown,Race Not Available,Home_Purchase,Principal_Residence,Withdrawn,,0,0.3729439984062346,74.38
0,56.0,315000,395000.0,78.745,43%-<50%,Race Not Available,Home_Purchase,Principal_Residence,Originated,1.0,0,0.3772764978881358,7.38
4,66.0,55000,65000.0,78.353,>60%,White,Home_Purchase,Investment,Denied,0.0,0,0.407660875072812,4.07
0,20.0,25000,375000.0,78.353,Unknown,White,Home_Improvement,Principal_Residence,Incomplete,,0,0.3869778427265473,15.61
3,24.0,95000,375000.0,78.353,Unknown,Black or African American,CashOut_Refinance,Principal_Residence,Withdrawn,,0,0.39330033073072584,78.91
6,152.0,425000,675000.0,79.858,50%-60%,Race Not Available,Home_Purchase,Principal_Residence,Originated,1.0,0,0.4443804427480774,33.69
1,248.0,355000,395000.0,90.0,36%-<43%,White,Home_Purchase,Second_Residence,Originated,1.0,1,0.4442450607382605,44.53
3,144.0,465000,575000.0,80.0,30%-<36%,White,CashOut_Refinance,Principal_Residence,Originated,1.0,0,0.36169001546716456,39.18
5,77.0,35000,135000.0,24.0,Unknown,White,Home_Improvement,Principal_Residence,Denied,0.0,0,0.5064609480765081,7.03
0,126.0,465000,665000.0,69.61,36%-<43%,White,Home_Purchase,Principal_Residence,Originated,1.0,0,0.37803207361095603,22.3
6,77.0,275000,335000.0,81.818,50%-60%,Black or African American,CashOut_Refinance,Principal_Residence,Denied,0.0,0,0.439957393477956,91.76
2,337.0,655000,875000.0,75.0,20%-<30%,White,Home_Purchase,Investment,Denied,0.0,1,0.4565304941915987,20.23
0,219.0,745000,375000.0,78.353,Unknown,Asian,Home_Purchase,Second_Residence,Withdrawn,,0,0.4195983377856654,39.85
5,75.0,65000,375000.0,78.353,Unknown,White,Home_Improvement,Principal_Residence,Withdrawn,,0,0.3592590634486351,37.52
3,62.0,305000,375000.0,78.353,Unknown,Black or African American,CashOut_Refinance,Principal_Residence,Withdrawn,,0,0.3655842999650418,67.68
3,66.0,305000,435000.0,69.768,43%-<50%,White,CashOut_Refinance,Principal_Residence,Originated,1.0,0,0.3771600530028733,46.23
6,82.0,505000,625000.0,80.0,>60%,White,Other,Principal_Residence,Originated,1.0,0,0.45101997058465976,22.17
3,179.0,575000,695000.0,83.173,20%-<30%,Black or African American,Refinance,Principal_Residence,Originated,1.0,0,0.4319191347004891,63.57
3,46.0,405000,375000.0,78.353,Exempt,White,Refinance,Principal_Residence,Withdrawn,,0,0.37496657543072387,26.64
3,154.0,355000,445000.0,80.0,30%-<36%,White,CashOut_Refinance,Principal_Residence,Originated,1.0,0,0.35669585941915294,26.05
0,87.0,175000,275000.0,65.0,20%-<30%,White,Home_Purchase,Principal_Residence,Originated,1.0,0,0.3622716396921451,13.88
3,86.0,125000,225000.0,55.556,30%-<36%,White,CashOut_Refinance,Principal_Residence,Denied,0.0,0,0.36592049977114144,30.73
0,58.0,195000,195000.0,78.353,36%-<43%,White,Home_Purchase,Principal_Residence,Originated,1.0,0,0.3571554335298501,22.26
6,145.0,215000,595000.0,35.893,50%-60%,White,Refinance,Principal_Residence,Denied,0.0,0,0.49033676558171463,92.88
5,83.0,75000,165000.0,81.4,20%-<30%,Race Not Available,Home_Improvement,Principal_Residence,Originated,1.0,0,0.35580989055382634,13.15
2,126.0,75000,375000.0,78.353,Unknown,White,CashOut_Refinance,Investment,Withdrawn,,0,0.36337236266306094,26.28
0,18.0,65000,105000.0,78.353,30%-<36%,White,Home_Purchase,Principal_Residence,Originated,1.0,0,0.3781094636032943,8.38
3,54.0,205000,245000.0,80.0,43%-<50%,Black or African American,CashOut_Refinance,Principal_Residence,Originated,1.0,0,0.39503299424508803,92.24
0,112.0,445000,555000.0,80.0,30%-<36%,Race Not Available,Home_Purchase,Principal_Residence,Originated,1.0,0,0.3643644012583687,22.28
5,131.0,125000,2305000.0,21.09,43%-<50%,White,Other,Principal_Residence,Originated,1.0,0,0.5250089146227594,42.69
0,95.0,195000,195000.0,78.353,Unknown,Race Not Available,Home_Purchase,Principal_Residence,Purchased,,0,0.3604707226956841,7.97
4,57.0,35000,45000.0,86.743,20%-<30%,White,Home_Purchase,Principal_Residence,Originated,1.0,0,0.4098759979959622,26.26
0,95.0,105000,145000.0,69.444,30%-<36%,White,Home_Improvement,Principal_Residence,Originated,1.0,0,0.3898311175172023,78.13
2,95.0,2375000,375000.0,78.353,Exempt,Race Not Available,Home_Purchase,Investment,Denied,0.0,0,0.5193497164433529,20.3
1,4065.0,11005000,18955000.0,58.047,36%-<43%,White,Home_Purchase,Principal_Residence,Originated,1.0,3,0.7533599270290964,20.33
0,300.0,805000,955000.0,84.99,20%-<30%,Race Not Available,Home_Purchase,Principal_Residence,Originated,1.0,1,0.46891367123545347,37.81
0,153.0,775000,965000.0,80.0,36%-<43%,Asian,Home_Purchase,Principal_Residence,Originated,1.0,0,0.4426626258090398,64.85
1,777.0,335000,375000.0,78.353,Unknown,Race Not Available,CashOut_Refinance,Investment,Withdrawn,,0,0.4538299605126114,57.18
3,93.0,445000,375000.0,78.353,Unknown,White,CashOut_Refinance,Principal_Residence,Withdrawn,,0,0.3834086878154333,58.68
2,144.0,295000,375000.0,78.353,Unknown,Race Not Available,CashOut_Refinance,Investment,Withdrawn,,0,0.3994035264363995,33.51
0,128.0,455000,465000.0,78.353,30%-<36%,White,Home_Purchase,Principal_Residence,Originated,1.0,0,0.3706485231834669,55.12
6,87.0,505000,515000.0,96.5,50%-60%,White,Home_Purchase,Principal_Residence,Originated,1.0,0,0.444812946863381,98.44
5,70.0,15000,305000.0,85.77880184,36%-<43%,Race Not Available,Other,Principal_Residence,Approved_NotAccepted,,0,0.4180747368708519,79.19
3,241.0,655000,855000.0,77.176,30%-<36%,White,CashOut_Refinance,Principal_Residence,Originated,1.0,0,0.4087296956638493,9.36
0,79.0,275000,275000.0,98.439,30%-<36%,White,Home_Purchase,Principal_Residence,Originated,1.0,0,0.41260473161377614,8.79
3,110.0,155000,1005000.0,15.0,36%-<43%,White,Home_Improvement,Principal_Residence,Denied,0.0,1,0.5132076998671886,48.92
2,95.0,265000,405000.0,65.0,Unknown,Race Not Available,CashOut_Refinance,Investment,Denied,0.0,0,0.36013750209928236,47.37
1,1260.0,65000,375000.0,78.353,Exempt,White,Home_Improvement,Principal_Residence,Denied,0.0,0,0.4767341708531466,18.98
6,123.0,535000,515000.0,100.0,50%-60%,Race Not Available,Home_Purchase,Principal_Residence,Originated,1.0,0,0.41371449826247897,62.11
0,74.0,235000,295000.0,80.0,43%-<50%,Race Not Available,Home_Purchase,Second_Residence,Originated,1.0,0,0.365858990072553,75.93
2,209.0,305000,375000.0,78.353,Unknown,Race Not Available,Home_Purchase,Investment,Withdrawn,,0,0.35475934224009964,25.26
5,95.0,115000,455000.0,78.353,Unknown,Race Not Available,NotApplicable,Principal_Residence,Purchased,,0,0.3597197140599511,32.31
0,156.0,555000,585000.0,95.0,43%-<50%,White,Home_Purchase,Principal_Residence,Originated,1.0,0,0.4475376451001212,92.99
3,64.0,105000,375000.0,78.353,Unknown,White,CashOut_Refinance,Principal_Residence,Withdrawn,,0,0.36298178019599925,56.77
6,91.0,355000,415000.0,87.831,>60%,Black or African American,Refinance,Principal_Residence,Denied,0.0,0,0.35547462767412463,30.28
0,263.0,455000,375000.0,78.353,Unknown,Race Not Available,Home_Purchase,Principal_Residence,Withdrawn,,0,0.37892236282150876,17.75
0,109.0,395000,375000.0,78.353,Unknown,White,Home_Purchase,Principal_Residence,Withdrawn,,0,0.372366289960638,17.14
2,148.0,365000,495000.0,75.0,36%-<43%,Race Not Available,Home_Purchase,Investment,Originated,1.0,0,0.3837278693292641,65.08
3,90.0,355000,375000.0,78.353,Unknown,White,CashOut_Refinance,Principal_Residence,Withdrawn,,0,0.343027445887072,35.75
3,59.0,185000,375000.0,78.353,Unknown,Race Not Available,CashOut_Refinance,Principal_Residence,Incomplete,,0,0.3515547370772239,41.47
3,139.0,825000,375000.0,78.353,Unknown,White,Refinance,Principal_Residence,Withdrawn,,0,0.40809467884191947,22.57
0,112.0,645000,945000.0,68.342,43%-<50%,Asian,Home_Purchase,Principal_Residence,Originated,1.0,0,0.44291053900394983,57.18
0,121.0,265000,265000.0,100.0,36%-<43%,White,Home_Purchase,Principal_Residence,Originated,1.0,0,0.3887730245689114,75.89
2,167.0,455000,375000.0,78.353,Unknown,Asian,CashOut_Refinance,Investment,Withdrawn,,0,0.4008419735691815,81.21
6,120.0,465000,815000.0,56.79,>60%,White,Home_Purchase,Principal_Residence,Originated,1.0,0,0.4137770612746203,8.34
3,79.0,335000,375000.0,78.353,Unknown,White,Refinance,Principal_Residence,Withdrawn,,0,0.3600606749042333,36.91
3,95.0,295000,305000.0,95.69,Unknown,Black or African American,Refinance,Principal_Residence,Approved_NotAccepted,,0,0.36408750427047754,53.39
2,95.0,515000,375000.0,78.353,Unknown,Race Not Available,Other,Investment,Withdrawn,,1,0.5294808854617643,0.0
5,100.0,25000,355000.0,62.679,20%-<30%,White,Home_Improvement,Principal_Residence,Originated,1.0,0,0.36540668785258246,31.78
1,431.0,255000,375000.0,78.353,Unknown,White,Home_Improvement,Principal_Residence,Denied,0.0,0,0.47161950360981053,18.28
5,122.0,65000,235000.0,80.0,30%-<36%,Race Not Available,Home_Purchase,Principal_Residence,Originated,1.0,0,0.3717228394044722,61.85
0,106.0,315000,365000.0,85.0,30%-<36%,White,Home_Purchase,Principal_Residence,Originated,1.0,0,0.37129104380404954,44.72
3,200.0,335000,475000.0,69.979,30%-<36%,White,CashOut_Refinance,Principal_Residence,Originated,1.0,0,0.4238176407697672,11.18
6,154.0,595000,705000.0,85.0,50%-60%,Race Not Available,Home_Purchase,Principal_Residence,Denied,0.0,0,0.4827316940273402,39.43
2,105.0,275000,375000.0,78.353,Unknown,Race Not Available,CashOut_Refinance,Investment,Withdrawn,,0,0.35581691563151946,42.79
1,533.0,1145000,1425000.0,80.0,36%-<43%,White,Home_Purchase,Principal_Residence,Originated,1.0,2,0.5772105140441385,15.45
5,146.0,75000,625000.0,72.5,43%-<50%,Black or African American,Home_Improvement,Principal_Residence,Denied,0.0,0,0.3980295909685978,27.01
3,56.0,145000,245000.0,60.0,36%-<43%,White,CashOut_Refinance,Principal_Residence,Denied,0.0,0,0.3837212354961875,34.91
0,95.0,425000,435000.0,78.353,Unknown,Race Not Available,Home_Purchase,Principal_Residence,Purchased,,0,0.38989256804083855,78.23
1,303.0,725000,905000.0,80.0,20%-<30%,White,Home_Purchase,Principal_Residence,Originated,1.0,1,0.47457306676200356,22.12
5,124.0,45000,555000.0,61.289,43%-<50%,White,Other,Principal_Residence,Originated,1.0,0,0.41774787321432283,25.47
0,66.0,285000,305000.0,41.575,Unknown,White,Home_Purchase,Principal_Residence,Preapproval_Approved_NotAccepted,,2,0.5509099958629071,0.0
5,167.0,65000,735000.0,68.904,20%-<30%,White,Home_Improvement,Principal_Residence,Denied,0.0,0,0.40737191818994045,27.22
3,95.0,145000,375000.0,78.353,Unknown,White,Refinance,Principal_Residence,Withdrawn,,0,0.3601518747025113,30.26
6,37.0,125000,535000.0,23.36,>60%,White,Other,Principal_Residence,Originated,1.0,0,0.4703299605979974,26.12
0,178.0,275000,375000.0,78.353,Unknown,White,Home_Purchase,Principal_Residence,Incomplete,,0,0.389974267378826,88.97
3,136.0,445000,375000.0,78.353,Unknown,White,Refinance,Principal_Residence,Denied,0.0,0,0.377261790227442,53.66
5,132.0,55000,375000.0,69.32,43%-<50%,Black or African American,Home_Purchase,Second_Residence,Denied,0.0,0,0.43230602179261274,23.62
3,33.0,115000,185000.0,59.459,43%-<50%,Race Not Available,Refinance,Principal_Residence,Denied,0.0,0,0.39175403920816004,10.84
2,95.0,105000,295000.0,34.6,Unknown,Race Not Available,Refinance,Investment,Originated,1.0,0,0.4658488669541107,38.01
5,50.0,85000,265000.0,84.804,43%-<50%,White,Home_Improvement,Principal_Residence,Originated,1.0,0,0.4408090545362883,47.97
5,186.0,85000,405000.0,79.876,30%-<36%,White,Other,Principal_Residence,Originated,1.0,0,0.3676800396518915,14.52
0,97.0,295000,305000.0,95.0,43%-<50%,Black or African American,Home_Purchase,Principal_Residence,Originated,1.0,0,0.35922781351572364,43.89
0,78.0,365000,375000.0,78.353,Unknown,White,Home_Purchase,Principal_Residence,Withdrawn,,0,0.38489064554030494,52.48
3,90.0,425000,755000.0,56.56,36%-<43%,Race Not Available,Refinance,Principal_Residence,Originated,1.0,0,0.45277296746304996,42.68
3,45.0,295000,375000.0,78.353,Unknown,White,CashOut_Refinance,Principal_Residence,Incomplete,,0,0.39117398779989987,83.51
0,181.0,115000,195000.0,60.0,36%-<43%,White,Home_Purchase,Second_Residence,Originated,1.0,0,0.3869841276024548,15.17
3,77.0,305000,375000.0,78.353,Unknown,Race Not Available,CashOut_Refinance,Principal_Residence,Withdrawn,,0,0.3787774400206217,74.02
0,95.0,265000,265000.0,78.353,Unknown,Race Not Available,Home_Purchase,Principal_Residence,Purchased,,0,0.35442571740223605,27.85
0,62.0,235000,295000.0,80.0,36%-<43%,Asian,Home_Purchase,Principal_Residence,Originated,1.0,0,0.37089490009264287,68.84
0,60.0,265000,355000.0,75.0,43%-<50%,Asian,Home_Purchase,Principal_Residence,Originated,1.0,0,0.3903994950542141,82.87
3,77.0,55000,375000.0,78.353,Unknown,White,Refinance,Principal_Residence,Withdrawn,,0,0.36062128537979005,46.04
0,29.0,505000,375000.0,78.353,Unknown,White,Home_Purchase,Principal_Residence,Denied,0.0,0,0.4984754532512043,18.67
3,166.0,515000,865000.0,60.0,30%-<36%,Race Not Available,Refinance,Principal_Residence,Originated,1.0,0,0.4104498940342319,13.1
0,177.0,605000,375000.0,78.353,Unknown,White,Home_Purchase,Principal_Residence,Withdrawn,,0,0.3711048666197214,16.35
5,228.0,35000,665000.0,84.708,30%-<36%,White,Other,Principal_Residence,Originated,1.0,0,0.43470269138887935,8.34
0,80.0,355000,345000.0,100.0,36%-<43%,Black or African American,Home_Purchase,Principal_Residence,Originated,1.0,0,0.38679659319557863,61.6
6,0.0,645000,665000.0,97.0,>60%,White,Home_Purchase,Principal_Residence,Denied,0.0,2,0.5623217780624962,0.0
3,62.0,225000,275000.0,81.14,30%-<36%,White,CashOut_Refinance,Principal_Residence,Originated,1.0,0,0.35461875775802004,26.02
0,30.0,95000,95000.0,101.499,20%-<30%,Race Not Available,Home_Purchase,Principal_Residence,Originated,1.0,0,0.40947158796714567,9.04
3,72.0,155000,375000.0,78.353,Unknown,Black or African American,CashOut_Refinance,Principal_Residence,Withdrawn,,0,0.3856260385868303,92.59
0,74.0,255000,375000.0,78.353,Unknown,White,Home_Purchase,Principal_Residence,Withdrawn,,1,0.5112235697272548,0.0
2,125.0,125000,175000.0,75.0,43%-<50%,White,Home_Purchase,Investment,Originated,1.0,0,0.37679641898447885,69.18
0,129.0,645000,875000.0,74.391,36%-<43%,White,Home_Purchase,Principal_Residence,Originated,1.0,0,0.4122363285216264,8.76
4,34.0,55000,55000.0,78.353,43%-<50%,American Indian or Alaska Native,Home_Purchase,Principal_Residence,Denied,0.0,0,0.4272183302958995,43.37
5,134.0,75000,375000.0,78.353,Unknown,White,Other,Principal_Residence,Withdrawn,,0,0.4140659257979481,18.14
5,90.0,105000,615000.0,66.575,36%-<43%,Race Not Available,Home_Improvement,Principal_Residence,Originated,1.0,0,0.3874327743873129,33.79
5,150.0,55000,295000.0,84.995,20%-<30%,White,Other,Principal_Residence,Originated,1.0,0,0.4131560700516947,11.69
3,42.0,225000,375000.0,78.353,Unknown,White,CashOut_Refinance,Principal_Residence,Withdrawn,,0,0.3660624548123832,34.42
3,70.0,155000,815000.0,18.491,43%-<50%,Race Not Available,Refinance,Principal_Residence,Denied,0.0,0,0.491627527555273,19.24
1,365.0,645000,1205000.0,53.933,36%-<43%,White,Home_Purchase,Principal_Residence,Originated,1.0,1,0.5557870147723546,23.06
1,384.0,675000,865000.0,77.457,20%-<30%,White,CashOut_Refinance,Principal_Residence,Originated,1.0,0,0.4447832065489563,19.88
0,168.0,525000,375000.0,78.353,Unknown,Asian,Home_Purchase,Principal_Residence,Withdrawn,,0,0.41056982990994123,48.12
3,117.0,545000,675000.0,79.852,36%-<43%,White,CashOut_Refinance,Principal_Residence,Originated,1.0,0,0.4667838921500473,92.51
5,115.0,55000,375000.0,78.353,Unknown,Asian,Other,Principal_Residence,Denied,0.0,0,0.44989553453298314,81.34
1,1594.0,785000,375000.0,78.353,Unknown,Race Not Available,Home_Purchase,Second_Residence,Withdrawn,,2,0.5811842099046033,15.35
3,110.0,295000,425000.0,70.0,30%-<36%,White,CashOut_Refinance,Principal_Residence,Denied,0.0,0,0.37995629035413325,26.76
0,95.0,575000,625000.0,78.353,Unknown,Race Not Available,Home_Purchase,Principal_Residence,Purchased,,0,0.3830605955764703,6.73
4,22.0,45000,375000.0,78.353,Unknown,White,Other,Principal_Residence,Withdrawn,,0,0.361620856230582,33.18
3,97.0,425000,375000.0,78.353,Unknown,White,CashOut_Refinance,Principal_Residence,Incomplete,,0,0.3541551845362376,41.38
1,765.0,1015000,1265000.0,80.0,20%-<30%,Joint,Home_Purchase,Principal_Residence,Originated,1.0,1,0.5420903243755216,41.72
2,34.0,165000,375000.0,78.353,Unknown,Race Not Available,Home_Purchase,Investment,Withdrawn,,0,0.36752912299642354,15.93
0,189.0,645000,765000.0,84.0,43%-<50%,White,Home_Purchase,Principal_Residence,Originated,1.0,0,0.40758973262791914,8.61
3,120.0,325000,405000.0,80.0,36%-<43%,Race Not Available,CashOut_Refinance,Principal_Residence,Originated,1.0,0,0.3634630789905193,71.55
3,81.0,105000,135000.0,80.0,43%-<50%,Race Not Available,CashOut_Refinance,Principal_Residence,Originated,1.0,0,0.37752688072269425,11.88
1,916.0,505000,375000.0,78.353,Unknown,White,Other,Principal_Residence,Incomplete,,0,0.47962250691175595,9.63
3,118.0,325000,465000.0,69.892,43%-<50%,White,CashOut_Refinance,Principal_Residence,Originated,1.0,0,0.4169890070730086,36.61
5,103.0,125000,435000.0,82.462,36%-<43%,White,Refinance,Principal_Residence,Originated,1.0,0,0.3984453470565286,6.44
0,95.0,315000,315000.0,78.353,Unknown,Race Not Available,Home_Purchase,Principal_Residence,Purchased,,0,0.35867008644124193,19.12
3,105.0,235000,375000.0,78.353,Unknown,White,Refinance,Principal_Residence,Incomplete,,0,0.38854924697047005,50.39
3,82.0,305000,375000.0,78.353,Unknown,Race Not Available,CashOut_Refinance,Principal_Residence,Denied,0.0,0,0.37482382848090806,72.34
0,39.0,175000,185000.0,95.0,36%-<43%,White,Home_Purchase,Principal_Residence,Originated,1.0,0,0.3640641182566114,33.89
3,140.0,205000,375000.0,78.353,Unknown,White,CashOut_Refinance,Principal_Residence,Incomplete,,0,0.4109439396525963,14.16
0,98.0,235000,375000.0,78.353,Unknown,White,Home_Purchase,Principal_Residence,Withdrawn,,0,0.4080730879046127,96.22
1,1937.0,355000,1275000.0,97.31,<20%,White,Home_Improvement,Principal_Residence,Denied,0.0,3,0.6037444007282368,31.17
0,134.0,375000,635000.0,59.52,36%-<43%,White,Home_Purchase,Principal_Residence,Originated,1.0,0,0.39177703674959935,15.23
3,24.0,25000,375000.0,78.353,Unknown,White,Refinance,Principal_Residence,Withdrawn,,1,0.4675827279172554,16.43
3,75.0,135000,375000.0,78.353,Unknown,White,CashOut_Refinance,Principal_Residence,Incomplete,,0,0.3452960973110935,15.42
0,44.0,165000,165000.0,78.353,43%-<50%,Race Not Available,Home_Purchase,Principal_Residence,Originated,1.0,0,0.3642473484725461,24.78
2,95.0,65000,125000.0,51.18,Unknown,Race Not Available,Home_Purchase,Investment,Originated,1.0,1,0.5429524997203794,74.83
0,48.0,265000,325000.0,80.0,43%-<50%,Asian,Home_Purchase,Principal_Residence,Originated,1.0,0,0.3651087553953255,24.77
3,40.0,25000,255000.0,9.73,<20%,White,Refinance,Principal_Residence,Originated,1.0,0,0.48234290149353204,8.14
0,69.0,255000,375000.0,78.353,Unknown,White,Home_Purchase,Principal_Residence,Withdrawn,,1,0.5118582753736273,0.0
0,291.0,525000,375000.0,78.353,Exempt,White,Home_Purchase,Second_Residence,Withdrawn,,0,0.40909082002152536,6.15
0,86.0,425000,435000.0,96.5,43%-<50%,Native Hawaiian or Other Pacific Islander,Home_Purchase,Principal_Residence,Approved_NotAccepted,,0,0.37672735754602016,50.3
4,68.0,85000,375000.0,78.353,Unknown,White,Home_Purchase,Principal_Residence,Withdrawn,,0,0.39056842133093456,57.8
0,95.0,535000,565000.0,78.353,Unknown,Race Not Available,Home_Purchase,Principal_Residence,Purchased,,0,0.38534619991195074,53.79
0,80.0,245000,355000.0,78.353,Unknown,American Indian or Alaska Native,Home_Purchase,Principal_Residence,Purchased,,0,0.35307296062746624,41.96
0,48.0,105000,115000.0,96.5,43%-<50%,White,Home_Purchase,Principal_Residence,Originated,1.0,0,0.3990701105580667,4.17
0,95.0,215000,225000.0,78.353,Unknown,Race Not Available,Home_Purchase,Principal_Residence,Purchased,,0,0.3812039416579327,81.72
0,206.0,365000,365000.0,78.353,Unknown,White,Home_Purchase,Principal_Residence,Purchased,,0,0.3575579636044262,23.55
2,85.0,235000,315000.0,78.353,Unknown,Race Not Available,Home_Purchase,Investment,Purchased,,0,0.34547928743665735,32.81
0,153.0,645000,755000.0,85.7,43%-<50%,White,Home_Purchase,Principal_Residence,Approved_NotAccepted,,0,0.41951020164927344,10.72
3,70.0,215000,285000.0,73.944,43%-<50%,White,CashOut_Refinance,Principal_Residence,Originated,1.0,0,0.3645710907774729,36.82
2,39.0,115000,145000.0,85.0,43%-<50%,White,Home_Purchase,Investment,Originated,1.0,0,0.36708355139241616,43.51
3,272.0,445000,505000.0,90.0,20%-<30%,Black or African American,CashOut_Refinance,Principal_Residence,Denied,0.0,0,0.4395880156167442,70.93
3,176.0,275000,385000.0,71.053,20%-<30%,Race Not Available,CashOut_Refinance,Principal_Residence,Originated,1.0,0,0.4235530629368826,22.92
0,64.0,245000,305000.0,80.0,36%-<43%,Asian,Home_Purchase,Principal_Residence,Originated,1.0,0,0.41978906096183155,72.24
5,69.0,15000,255000.0,72.516,20%-<30%,White,Home_Improvement,Principal_Residence,Originated,1.0,1,0.4837779296800824,50.65
6,0.0,285000,285000.0,98.189,50%-60%,White,Home_Purchase,Principal_Residence,Originated,1.0,0,0.3943244703267986,23.95
0,35.0,95000,125000.0,75.0,43%-<50%,White,Home_Purchase,Principal_Residence,Originated,1.0,0,0.36428755743964825,30.68
2,141.0,465000,375000.0,78.353,Unknown,White,CashOut_Refinance,Investment,Withdrawn,,0,0.42727674006739164,35.29
5,81.0,35000,295000.0,82.42,30%-<36%,Race Not Available,Home_Purchase,Principal_Residence,Originated,1.0,0,0.37969032748613624,27.75
5,95.0,55000,365000.0,84.82,20%-<30%,Joint,Home_Improvement,Principal_Residence,Originated,1.0,0,0.36775813212227054,7.45
0,221.0,1055000,1315000.0,79.995,36%-<43%,Asian,Home_Purchase,Principal_Residence,Originated,1.0,2,0.5450934405484804,70.66
0,264.0,705000,875000.0,78.353,Unknown,Race Not Available,Home_Purchase,Principal_Residence,Purchased,,1,0.4523730558527052,40.18
0,61.0,195000,195000.0,100.0,36%-<43%,Black or African American,Home_Purchase,Principal_Residence,Originated,1.0,0,0.3808555665454723,17.46
3,111.0,215000,375000.0,78.353,Exempt,White,CashOut_Refinance,Principal_Residence,Originated,1.0,0,0.35444714659699855,15.82
0,147.0,665000,885000.0,78.353,Unknown,White,Home_Purchase,Principal_Residence,Purchased,,0,0.42688870395836714,37.33
3,50.0,195000,245000.0,80.0,36%-<43%,White,Refinance,Principal_Residence,Originated,1.0,0,0.3926543415185917,36.64
0,110.0,455000,565000.0,79.948,30%-<36%,White,Home_Purchase,Principal_Residence,Originated,1.0,0,0.38667032585036754,27.78
3,34.0,55000,235000.0,25.467,43%-<50%,White,Refinance,Principal_Residence,Originated,1.0,0,0.43201980765255926,32.95
0,95.0,485000,505000.0,78.353,Unknown,Race Not Available,Home_Purchase,Principal_Residence,Purchased,,0,0.35692163564263,24.26
2,102.0,75000,375000.0,78.353,Unknown,White,Home_Purchase,Investment,Withdrawn,,0,0.4147165178391213,99.46
0,234.0,645000,655000.0,99.569,36%-<43%,Joint,Home_Purchase,Principal_Residence,Originated,1.0,0,0.42968574119218217,45.09
0,95.0,235000,235000.0,78.353,Unknown,Race Not Available,Home_Purchase,Principal_Residence,Purchased,,0,0.36085327621180335,40.58
5,266.0,25000,395000.0,90.0,20%-<30%,Race Not Available,Home_Improvement,Principal_Residence,Approved_NotAccepted,,0,0.399234103998598,7.84
5,107.0,35000,855000.0,19.724,20%-<30%,White,Home_Improvement,Principal_Residence,Originated,1.0,0,0.47413986522259016,62.85
5,125.0,15000,365000.0,76.498,20%-<30%,Joint,Home_Improvement,Principal_Residence,Originated,1.0,1,0.4879077542711076,32.59
6,73.0,485000,535000.0,90.96,>60%,Black or African American,CashOut_Refinance,Principal_Residence,Approved_NotAccepted,,0,0.3867456817181378,74.09
2,95.0,165000,225000.0,71.75,Unknown,Race Not Available,Refinance,Investment,Denied,0.0,0,0.5049945561099295,95.55
3,95.0,285000,475000.0,60.084,36%-<43%,Asian,Refinance,Principal_Residence,Originated,1.0,0,0.4561140782627304,33.13
5,66.0,55000,605000.0,48.306,36%-<43%,White,Other,Principal_Residence,Denied,0.0,0,0.4508022769653933,96.49
5,154.0,95000,635000.0,64.89,43%-<50%,Race Not Available,Other,Principal_Residence,Originated,1.0,0,0.4081918390283088,78.98
3,90.0,115000,275000.0,42.0,30%-<36%,White,CashOut_Refinance,Principal_Residence,Originated,1.0,0,0.4264528218009785,31.59
4,24.0,65000,375000.0,78.353,>60%,Race Not Available,Home_Purchase,Principal_Residence,Denied,0.0,0,0.4657638796808982,95.26
1,776.0,2005000,1765000.0,70.0,43%-<50%,White,Home_Purchase,Principal_Residence,Denied,0.0,1,0.5922522232261375,12.45
5,247.0,55000,375000.0,78.353,Unknown,White,Home_Improvement,Principal_Residence,Incomplete,,0,0.46122231785316814,9.63
0,95.0,495000,505000.0,78.353,Unknown,Race Not Available,Home_Purchase,Principal_Residence,Purchased,,0,0.36140367817823,36.33
0,221.0,365000,455000.0,80.0,36%-<43%,White,Home_Purchase,Principal_Residence,Originated,1.0,0,0.3807177929106728,47.14
5,141.0,45000,665000.0,49.77,20%-<30%,White,Other,Principal_Residence,Originated,1.0,0,0.4268604826468495,17.59
0,32.0,375000,375000.0,78.353,Unknown,Asian,Home_Purchase,Principal_Residence,Withdrawn,,0,0.36834976695328214,61.31
2,95.0,185000,275000.0,104.94,Unknown,Race Not Available,Home_Purchase,Investment,Originated,1.0,1,0.5460600654195021,95.51
0,95.0,145000,145000.0,78.353,Unknown,Race Not Available,Home_Purchase,Principal_Residence,Purchased,,0,0.38394195879054244,78.62
5,255.0,155000,505000.0,98.985,20%-<30%,White,Home_Improvement,Principal_Residence,Originated,1.0,1,0.44219629285693124,8.72
0,138.0,305000,445000.0,68.182,36%-<43%,White,Home_Purchase,Second_Residence,Originated,1.0,0,0.3635067103417405,14.58
5,69.0,35000,225000.0,83.97,30%-<36%,White,Home_Improvement,Principal_Residence,Originated,1.0,0,0.360223689660604,12.16
3,54.0,85000,95000.0,90.0,43%-<50%,White,CashOut_Refinance,Principal_Residence,Originated,1.0,1,0.4798607629427912,6.52
0,128.0,55000,75000.0,80.0,20%-<30%,White,Home_Purchase,Second_Residence,Originated,1.0,0,0.38375556619565093,5.47
0,133.0,525000,555000.0,78.353,Unknown,Race Not Available,Home_Purchase,Principal_Residence,Purchased,,0,0.38393983494508244,41.79
1,564.0,535000,375000.0,78.353,Unknown,White,Refinance,Principal_Residence,Withdrawn,,0,0.45857133544121165,48.54
0,41.0,225000,375000.0,78.353,Exempt,Race Not Available,Other,Principal_Residence,Denied,0.0,0,0.3508401218559018,33.78
0,80.0,395000,495000.0,80.0,36%-<43%,White,Home_Purchase,Principal_Residence,Originated,1.0,0,0.37136593589081557,17.94
5,47.0,75000,405000.0,56.082,43%-<50%,White,Home_Improvement,Principal_Residence,Originated,1.0,0,0.40424881241296934,14.88
0,127.0,265000,495000.0,52.104,43%-<50%,Race Not Available,Home_Purchase,Second_Residence,Denied,0.0,0,0.38597644861755714,9.66
0,85.0,365000,385000.0,95.0,43%-<50%,White,Home_Purchase,Principal_Residence,Originated,1.0,0,0.3863061923734905,12.72
4,60.0,15000,315000.0,80.055,36%-<43%,White,Home_Improvement,Principal_Residence,Denied,0.0,0,0.4365168905649567,16.07
2,143.0,595000,795000.0,78.353,Unknown,White,Home_Purchase,Investment,Purchased,,0,0.42546478745249333,78.12
4,85.0,205000,375000.0,86.606,36%-<43%,White,Home_Purchase,Principal_Residence,Denied,0.0,2,0.5403991488692013,0.0
3,131.0,205000,305000.0,70.0,30%-<36%,White,Refinance,Principal_Residence,Originated,1.0,0,0.4080740494802104,53.78
1,618.0,535000,955000.0,56.316,<20%,White,CashOut_Refinance,Principal_Residence,Originated,1.0,1,0.5147358336600324,9.41
3,43.0,95000,535000.0,17.79,43%-<50%,White,CashOut_Refinance,Principal_Residence,Originated,1.0,0,0.46099407387222324,17.97
0,278.0,415000,435000.0,78.353,Unknown,Race Not Available,Home_Purchase,Principal_Residence,Purchased,,0,0.3801762122231634,50.25
6,143.0,65000,505000.0,92.48,>60%,White,Other,Principal_Residence,Denied,0.0,0,0.3937390222282048,41.63
1,381.0,465000,475000.0,96.5,20%-<30%,White,Home_Purchase,Second_Residence,Denied,0.0,0,0.42563472811262615,60.14
5,170.0,155000,1145000.0,23.687,30%-<36%,Joint,Other,Principal_Residence,Originated,1.0,0,0.49912759943803625,82.05
3,135.0,265000,375000.0,78.353,Unknown,White,CashOut_Refinance,Principal_Residence,Incomplete,,0,0.34676232691171116,23.08
0,69.0,255000,275000.0,94.99,43%-<50%,White,Home_Purchase,Principal_Residence,Originated,1.0,0,0.36945207376111283,60.28
0,170.0,505000,485000.0,100.0,30%-<36%,Race Not Available,Home_Purchase,Principal_Residence,Originated,1.0,0,0.3935785433746854,34.14
5,86.0,75000,375000.0,78.353,Exempt,White,Home_Improvement,Principal_Residence,Withdrawn,,0,0.3508061931422237,28.41
0,157.0,455000,505000.0,90.0,36%-<43%,Race Not Available,Home_Purchase,Principal_Residence,Originated,1.0,0,0.3839074298000092,59.64
0,29.0,75000,375000.0,78.353,Unknown,Black or African American,Home_Purchase,Principal_Residence,Withdrawn,,0,0.4195669422391821,94.1
0,242.0,385000,375000.0,100.0,20%-<30%,White,Home_Purchase,Principal_Residence,Originated,1.0,0,0.4093578986261036,34.06
0,80.0,275000,275000.0,96.5,43%-<50%,Black or African American,Home_Purchase,Principal_Residence,Originated,1.0,0,0.41451042182553616,99.28
5,72.0,45000,225000.0,56.911,20%-<30%,White,Other,Principal_Residence,Originated,1.0,0,0.41515241386067747,34.46
3,81.0,515000,645000.0,80.0,43%-<50%,White,CashOut_Refinance,Principal_Residence,Originated,1.0,0,0.39892232052086696,57.43
0,62.0,305000,325000.0,104.22,43%-<50%,American Indian or Alaska Native,Home_Purchase,Principal_Residence,Originated,1.0,0,0.4085401503506184,75.88
3,49.0,75000,305000.0,25.0,<20%,White,Home_Improvement,Principal_Residence,Originated,1.0,0,0.5110914324703426,8.01
0,69.0,245000,375000.0,78.353,Unknown,White,Home_Purchase,Principal_Residence,Incomplete,,0,0.3650637440954381,13.27
1,478.0,1575000,2255000.0,70.0,30%-<36%,Asian,Home_Purchase,Principal_Residence,Originated,1.0,2,0.6149582595822948,84.24
3,97.0,145000,195000.0,75.0,43%-<50%,White,CashOut_Refinance,Second_Residence,Originated,1.0,0,0.377015061983608,6.85
3,223.0,515000,1955000.0,26.21,36%-<43%,White,Other,Principal_Residence,Originated,1.0,0,0.5402273236853196,12.34
3,34.0,95000,555000.0,17.545,36%-<43%,White,CashOut_Refinance,Principal_Residence,Originated,1.0,0,0.4525004353794474,43.85
4,86.0,125000,55000.0,78.353,36%-<43%,White,Home_Purchase,Principal_Residence,Denied,0.0,0,0.4072973295308048,17.61
0,353.0,975000,1305000.0,74.93,30%-<36%,Joint,Home_Purchase,Second_Residence,Originated,1.0,1,0.5024407471490017,67.75
0,244.0,715000,845000.0,78.353,Unknown,Race Not Available,Home_Purchase,Principal_Residence,Purchased,,0,0.4144154792279143,35.54
1,439.0,1305000,375000.0,78.353,Unknown,Joint,CashOut_Refinance,Principal_Residence,Withdrawn,,0,0.47133415618568203,32.45
4,40.0,225000,245000.0,94.058,Unknown,White,Home_Purchase,Principal_Residence,Denied,0.0,0,0.4150951632645825,22.15
0,105.0,365000,545000.0,65.466,20%-<30%,White,Home_Purchase,Principal_Residence,Originated,1.0,0,0.37698072080269257,53.94
3,75.0,295000,505000.0,60.0,43%-<50%,Black or African American,CashOut_Refinance,Principal_Residence,Originated,1.0,0,0.4599371482057294,97.48
0,95.0,135000,165000.0,78.353,Unknown,Race Not Available,NotApplicable,Principal_Residence,Purchased,,0,0.36571656521374657,67.3
6,117.0,305000,475000.0,63.158,>60%,Joint,CashOut_Refinance,Principal_Residence,Denied,0.0,0,0.37353748695288813,27.43
5,76.0,35000,165000.0,75.807,30%-<36%,White,Home_Improvement,Principal_Residence,Originated,1.0,0,0.43521809481410967,12.1
0,64.0,65000,375000.0,78.353,Unknown,White,Home_Purchase,Principal_Residence,Withdrawn,,0,0.3632689614899187,6.15
3,144.0,115000,235000.0,51.304,20%-<30%,White,Refinance,Second_Residence,Originated,1.0,0,0.3843651760298376,18.83
0,85.0,285000,365000.0,80.0,20%-<30%,Asian,Home_Purchase,Principal_Residence,Originated,1.0,0,0.35327803111307066,17.68
3,39.0,85000,255000.0,33.529,20%-<30%,White,Refinance,Principal_Residence,Originated,1.0,0,0.41826327524536655,28.61
5,135.0,105000,375000.0,78.353,Exempt,White,Other,Principal_Residence,Originated,1.0,0,0.349093704906157,14.63
0,81.0,265000,375000.0,78.353,Unknown,Black or African American,Home_Purchase,Principal_Residence,Withdrawn,,0,0.36477294665001253,56.99
3,197.0,145000,265000.0,55.0,43%-<50%,Race Not Available,Refinance,Second_Residence,Originated,1.0,0,0.43425106891154935,42.68
4,95.0,15000,425000.0,78.353,Unknown,Race Not Available,Home_Purchase,Principal_Residence,Purchased,,0,0.36853471800706394,45.7
6,131.0,345000,355000.0,95.0,50%-60%,Black or African American,Home_Purchase,Principal_Residence,Denied,0.0,0,0.37134135425016884,47.84
5,95.0,25000,195000.0,55.78,36%-<43%,White,Home_Improvement,Principal_Residence,Originated,1.0,0,0.4498859899830027,6.17
5,120.0,65000,445000.0,62.028,36%-<43%,Race Not Available,Home_Improvement,Principal_Residence,Originated,1.0,0,0.4661646809976117,90.93
0,84.0,285000,295000.0,96.5,36%-<43%,White,Home_Purchase,Principal_Residence,Preapproval_Denied,,2,0.523713628140475,0.0
6,75.0,285000,295000.0,96.5,50%-60%,White,Home_Purchase,Principal_Residence,Originated,1.0,0,0.35925839075970456,17.5
6,202.0,595000,595000.0,100.0,50%-60%,Black or African American,Home_Purchase,Principal_Residence,Originated,1.0,0,0.4139951513401688,32.6
0,90.0,205000,375000.0,78.353,Unknown,White,Home_Purchase,Principal_Residence,Incomplete,,0,0.34392714363762666,18.89
5,77.0,105000,385000.0,67.3,43%-<50%,White,CashOut_Refinance,Principal_Residence,Originated,1.0,0,0.39325540314711976,34.72
0,113.0,395000,445000.0,90.0,20%-<30%,Race Not Available,Home_Purchase,Principal_Residence,Originated,1.0,0,0.37686336882834287,29.31
5,95.0,25000,345000.0,79.03,36%-<43%,Black or African American,Home_Improvement,Principal_Residence,Denied,0.0,0,0.36102371042072073,45.43
0,240.0,665000,375000.0,78.353,Unknown,White,Home_Purchase,Principal_Residence,Withdrawn,,0,0.4122139361381001,21.74
4,43.0,45000,375000.0,78.353,30%-<36%,Race Not Available,Home_Purchase,Principal_Residence,Originated,1.0,0,0.39214045224213245,15.3
0,60.0,105000,115000.0,97.0,20%-<30%,White,Home_Purchase,Principal_Residence,Originated,1.0,0,0.37407428275666077,28.14
6,50.0,35000,285000.0,75.306,>60%,White,Other,Principal_Residence,Denied,0.0,0,0.3671278225003028,17.94
3,114.0,335000,605000.0,78.353,Unknown,Race Not Available,CashOut_Refinance,Principal_Residence,Purchased,,0,0.3731360111352112,12.87
6,71.0,255000,485000.0,102.825,50%-60%,White,Home_Purchase,Principal_Residence,Denied,0.0,0,0.4208432430086778,49.42
4,34.0,165000,375000.0,78.353,Unknown,White,Home_Purchase,Principal_Residence,Withdrawn,,0,0.37805099288606325,61.02
3,60.0,275000,465000.0,59.0,30%-<36%,White,CashOut_Refinance,Principal_Residence,Originated,1.0,0,0.3699399356635118,23.19
0,159.0,355000,365000.0,97.0,36%-<43%,White,Home_Purchase,Principal_Residence,Originated,1.0,0,0.3780378061126797,47.23
1,337.0,235000,1355000.0,84.99,43%-<50%,Race Not Available,Other,Principal_Residence,Originated,1.0,2,0.5121035689804946,21.63
5,54.0,35000,195000.0,48.324,36%-<43%,White,Other,Principal_Residence,Originated,1.0,0,0.4409565495582428,10.41
6,38.0,145000,185000.0,80.0,>60%,White,Home_Purchase,Principal_Residence,Denied,0.0,0,0.410429045663372,62.5
3,0.0,325000,375000.0,78.353,Unknown,White,CashOut_Refinance,Principal_Residence,Withdrawn,,0,0.44994814291986435,23.57
5,189.0,85000,645000.0,94.59,20%-<30%,White,Other,Principal_Residence,Denied,0.0,1,0.49007005011250926,15.44
0,45.0,105000,375000.0,78.353,Unknown,Asian,Home_Improvement,Principal_Residence,Withdrawn,,0,0.37193560983968915,25.56
5,100.0,55000,265000.0,79.66,43%-<50%,White,Home_Improvement,Principal_Residence,Originated,1.0,0,0.4285859025212606,58.98
0,56.0,135000,265000.0,95.0,20%-<30%,White,Home_Purchase,Principal_Residence,Originated,1.0,0,0.36672491710383065,15.57
0,109.0,265000,375000.0,78.353,Unknown,Joint,Home_Purchase,Principal_Residence,Withdrawn,,0,0.3479866315939288,9.26
0,95.0,245000,245000.0,78.353,Unknown,Race Not Available,Home_Purchase,Principal_Residence,Purchased,,0,0.35038936040931723,19.52
0,29.0,235000,325000.0,73.54,30%-<36%,Asian,Home_Purchase,Principal_Residence,Originated,1.0,0,0.3776855908925641,62.51
6,17.0,125000,155000.0,80.0,>60%,White,CashOut_Refinance,Principal_Residence,Denied,0.0,0,0.39973062481858557,4.99
0,109.0,395000,375000.0,78.353,Unknown,White,Home_Purchase,Principal_Residence,Withdrawn,,0,0.3698857415233129,9.87
0,51.0,85000,115000.0,80.0,36%-<43%,White,Home_Purchase,Principal_Residence,Originated,1.0,0,0.3702506924721291,51.51
0,95.0,315000,405000.0,78.353,Unknown,Race Not Available,Home_Purchase,Principal_Residence,Purchased,,0,0.3785181070879917,77.89
0,41.0,275000,375000.0,78.353,Unknown,Race Not Available,Home_Purchase,Principal_Residence,Withdrawn,,1,0.517144893524636,0.0
3,181.0,375000,595000.0,62.104,20%-<30%,White,Refinance,Principal_Residence,Originated,1.0,0,0.3848634943933763,27.21
0,95.0,105000,125000.0,90.0,43%-<50%,White,Home_Purchase,Principal_Residence,Denied,0.0,0,0.4711356994079869,99.51
5,110.0,45000,335000.0,85.18,36%-<43%,White,Other,Principal_Residence,Originated,1.0,1,0.4834762732632787,18.17
0,97.0,555000,905000.0,61.326,36%-<43%,White,Home_Purchase,Principal_Residence,Approved_NotAccepted,,0,0.4062647481059524,44.86
1,339.0,1275000,1415000.0,90.0,30%-<36%,White,Home_Purchase,Principal_Residence,Originated,1.0,1,0.5380127296955144,23.37
6,95.0,205000,265000.0,80.0,50%-60%,White,Refinance,Principal_Residence,Originated,1.0,0,0.4459916252043606,8.96
3,210.0,115000,245000.0,45.267,<20%,Race Not Available,Refinance,Principal_Residence,Approved_NotAccepted,,0,0.41466630806963944,57.4
3,52.0,125000,155000.0,80.0,30%-<36%,White,CashOut_Refinance,Principal_Residence,Denied,0.0,0,0.36694145805658723,10.46
3,70.0,145000,375000.0,78.353,36%-<43%,Black or African American,CashOut_Refinance,Principal_Residence,Originated,1.0,1,0.37292879434393783,31.68
1,1200.0,525000,375000.0,78.353,Unknown,White,Home_Purchase,Principal_Residence,Withdrawn,,0,0.5411773562901069,0.0
0,172.0,565000,705000.0,80.0,36%-<43%,White,Home_Purchase,Second_Residence,Denied,0.0,1,0.5454033775913703,0.0
0,95.0,225000,375000.0,78.353,Exempt,White,Home_Purchase,Principal_Residence,Originated,1.0,0,0.3569112032723535,29.18
5,109.0,75000,305000.0,89.97,30%-<36%,White,Home_Improvement,Principal_Residence,Denied,0.0,0,0.35963217866604175,26.65
1,483.0,715000,2255000.0,80.39,50%-60%,White,Refinance,Principal_Residence,Denied,0.0,2,0.5687962119727668,21.45
0,0.0,105000,375000.0,78.353,Unknown,Race Not Available,Home_Purchase,Principal_Residence,Withdrawn,,1,0.5249959233814372,0.0
5,176.0,45000,575000.0,56.77,20%-<30%,White,Home_Improvement,Principal_Residence,Originated,1.0,0,0.3976591985234423,17.63
0,144.0,365000,375000.0,96.5,30%-<36%,Race Not Available,Home_Purchase,Principal_Residence,Originated,1.0,0,0.3728876987294902,43.25
0,339.0,575000,375000.0,78.353,Unknown,Asian,Home_Purchase,Second_Residence,Withdrawn,,0,0.40725151592111747,36.74
4,43.0,85000,375000.0,78.353,20%-<30%,White,Home_Purchase,Principal_Residence,Originated,1.0,0,0.38721821316211064,60.4
0,95.0,205000,215000.0,78.353,Unknown,Race Not Available,Home_Purchase,Principal_Residence,Purchased,,0,0.34814544848753814,39.75
0,95.0,105000,225000.0,78.353,Unknown,Race Not Available,NotApplicable,Principal_Residence,Purchased,,0,0.3744412563647834,16.41
0,95.0,95000,105000.0,78.353,Unknown,Race Not Available,NotApplicable,Principal_Residence,Purchased,,0,0.36741104486027126,6.03
3,77.0,55000,335000.0,14.925,30%-<36%,White,Other,Principal_Residence,Originated,1.0,0,0.46426806504593854,65.15
0,92.0,315000,355000.0,89.0,30%-<36%,Asian,Home_Purchase,Principal_Residence,Preapproval_Approved_NotAccepted,,1,0.5200128374014328,0.0
0,95.0,405000,445000.0,78.353,Unknown,Race Not Available,Home_Purchase,Principal_Residence,Purchased,,0,0.3554224722264834,25.46
3,106.0,295000,375000.0,78.353,Unknown,Black or African American,Refinance,Principal_Residence,Withdrawn,,0,0.35580086447318926,35.03
4,95.0,75000,375000.0,78.353,Unknown,White,Home_Purchase,Principal_Residence,Denied,0.0,0,0.4002899780703697,7.36
0,46.0,105000,145000.0,80.0,43%-<50%,Race Not Available,Home_Purchase,Principal_Residence,Originated,1.0,0,0.37387075220815436,37.22
5,28.0,15000,205000.0,20.428,20%-<30%,Race Not Available,Home_Improvement,Principal_Residence,Originated,1.0,0,0.45984019088215333,37.52
6,85.0,175000,505000.0,54.119,50%-60%,White,Refinance,Principal_Residence,Originated,1.0,1,0.3960830890659818,52.3
6,83.0,415000,485000.0,83.21,>60%,Race Not Available,Refinance,Principal_Residence,Denied,0.0,0,0.43768262338825126,87.67
5,124.0,55000,595000.0,47.923,30%-<36%,White,Home_Improvement,Principal_Residence,Originated,1.0,0,0.40882172328354105,21.04
3,225.0,145000,175000.0,87.647,20%-<30%,White,Refinance,Second_Residence,Originated,1.0,0,0.3918042914697843,6.88
0,102.0,325000,405000.0,80.0,43%-<50%,White,Home_Purchase,Principal_Residence,Originated,1.0,0,0.39935768180565545,28.0
3,130.0,365000,375000.0,78.353,Unknown,Race Not Available,CashOut_Refinance,Principal_Residence,Withdrawn,,0,0.3653214702993448,65.26
3,25.0,135000,375000.0,78.353,Unknown,White,CashOut_Refinance,Principal_Residence,Incomplete,,0,0.37440953914935887,9.0
0,108.0,355000,345000.0,100.0,30%-<36%,Race Not Available,Home_Purchase,Principal_Residence,Originated,1.0,0,0.36652386210037474,34.31
5,277.0,255000,725000.0,66.16,36%-<43%,White,Other,Principal_Residence,Originated,1.0,0,0.4260071057934478,21.05
3,61.0,85000,85000.0,78.353,30%-<36%,Black or African American,CashOut_Refinance,Principal_Residence,Denied,0.0,0,0.3867114707009942,70.64
3,77.0,195000,375000.0,52.28,43%-<50%,White,CashOut_Refinance,Principal_Residence,Originated,1.0,0,0.42509156703338175,14.64
0,247.0,175000,185000.0,91.0,43%-<50%,White,Home_Purchase,Principal_Residence,Originated,1.0,0,0.3762907420050052,45.11
4,66.0,95000,95000.0,78.353,36%-<43%,Race Not Available,Home_Purchase,Principal_Residence,Denied,0.0,0,0.5055623283881039,0.0
3,42.0,265000,375000.0,78.353,Unknown,White,CashOut_Refinance,Principal_Residence,Withdrawn,,0,0.3532369157020406,41.29
6,22.0,35000,285000.0,75.4,>60%,White,Home_Improvement,Principal_Residence,Denied,0.0,0,0.383112476584599,7.84
5,215.0,295000,935000.0,81.7,36%-<43%,White,Refinance,Principal_Residence,Originated,1.0,0,0.4388178525693513,53.35
5,200.0,25000,375000.0,78.353,Unknown,Black or African American,Home_Improvement,Principal_Residence,Incomplete,,0,0.365140704751748,34.86
0,298.0,645000,815000.0,80.0,20%-<30%,Race Not Available,Home_Purchase,Principal_Residence,Originated,1.0,0,0.4166119113217345,22.48
0,95.0,395000,395000.0,78.353,Unknown,Race Not Available,Home_Purchase,Principal_Residence,Purchased,,0,0.35689790828809326,14.65
4,50.0,85000,85000.0,78.353,20%-<30%,White,Home_Purchase,Principal_Residence,Originated,1.0,0,0.4176135220188868,4.78
3,64.0,75000,145000.0,54.333,20%-<30%,White,Refinance,Principal_Residence,Denied,0.0,0,0.42483274000810894,10.62
6,54.0,175000,185000.0,96.5,50%-60%,White,Home_Purchase,Principal_Residence,Originated,1.0,0,0.361620613825978,19.79
1,396.0,1705000,2005000.0,85.0,43%-<50%,Asian,Home_Purchase,Principal_Residence,Originated,1.0,2,0.6256064508210285,88.33
0,48.0,275000,285000.0,100.88,36%-<43%,White,Home_Purchase,Principal_Residence,Originated,1.0,0,0.40734251498194973,47.41
0,78.0,375000,375000.0,78.353,Unknown,White,Home_Purchase,Principal_Residence,Withdrawn,,0,0.3683447379419167,29.57
0,97.0,405000,745000.0,53.77,36%-<43%,White,Home_Purchase,Principal_Residence,Originated,1.0,0,0.4127995646244551,21.48
0,116.0,435000,565000.0,76.991,36%-<43%,Asian,Home_Purchase,Principal_Residence,Originated,1.0,0,0.4247224516838433,66.3
0,80.0,255000,265000.0,97.0,43%-<50%,White,Home_Purchase,Principal_Residence,Originated,1.0,0,0.36474553693329953,23.88
5,95.0,25000,165000.0,46.29,30%-<36%,Black or African American,Home_Improvement,Principal_Residence,Originated,1.0,0,0.4471736425186275,89.61
6,40.0,275000,365000.0,75.278,50%-60%,White,CashOut_Refinance,Principal_Residence,Denied,0.0,0,0.3647198189125332,25.63
1,1204.0,505000,375000.0,78.353,Unknown,White,CashOut_Refinance,Investment,Withdrawn,,0,0.49268912017031774,15.31
3,61.0,125000,165000.0,75.0,30%-<36%,White,CashOut_Refinance,Principal_Residence,Originated,1.0,0,0.41380768743264645,11.75
2,158.0,155000,225000.0,66.667,50%-60%,Race Not Available,Refinance,Investment,Denied,0.0,0,0.41980269511114776,21.04
5,53.0,65000,305000.0,68.15,20%-<30%,White,Refinance,Principal_Residence,Originated,1.0,0,0.4471985258885725,63.06
3,271.0,1005000,3255000.0,30.769,43%-<50%,White,Refinance,Principal_Residence,Originated,1.0,2,0.6398440534983992,29.95
0,154.0,415000,375000.0,78.353,Unknown,Race Not Available,Home_Purchase,Principal_Residence,Withdrawn,,0,0.35111711767235754,24.64
1,270.0,555000,375000.0,78.353,Unknown,White,CashOut_Refinance,Principal_Residence,Withdrawn,,0,0.42091396518324276,11.38
5,275.0,255000,2175000.0,43.077,30%-<36%,Race Not Available,CashOut_Refinance,Principal_Residence,Originated,1.0,1,0.5680371861649698,20.26
0,233.0,475000,555000.0,84.44,20%-<30%,Race Not Available,Home_Purchase,Principal_Residence,Originated,1.0,0,0.3810323863446069,18.52
2,47.0,35000,375000.0,78.353,Exempt,Black or African American,Home_Purchase,Investment,Originated,1.0,0,0.4095123520304936,89.05
3,225.0,325000,375000.0,78.353,Unknown,Race Not Available,CashOut_Refinance,Second_Residence,Incomplete,,0,0.38380377344288585,9.36
3,21.0,115000,165000.0,68.0,43%-<50%,Black or African American,CashOut_Refinance,Principal_Residence,Originated,1.0,0,0.38721913715899736,63.57
0,95.0,605000,715000.0,78.353,Unknown,Race Not Available,Home_Purchase,Principal_Residence,Purchased,,0,0.4199240655722772,10.88
5,73.0,95000,305000.0,86.99,43%-<50%,Race Not Available,Other,Principal_Residence,Denied,0.0,0,0.35968433647534487,42.76
0,109.0,155000,375000.0,78.353,Unknown,Race Not Available,Home_Purchase,Principal_Residence,Incomplete,,0,0.40552577658531447,59.25
5,157.0,175000,405000.0,56.122,36%-<43%,White,Refinance,Principal_Residence,Originated,1.0,0,0.39022817059190856,6.42
0,78.0,295000,305000.0,96.5,43%-<50%,White,Home_Purchase,Principal_Residence,Originated,1.0,0,0.3866134130964958,72.65
5,160.0,55000,295000.0,94.92,<20%,Asian,Other,Principal_Residence,Denied,0.0,0,0.36754570935987846,37.33
4,157.0,485000,545000.0,90.0,36%-<43%,White,Home_Purchase,Principal_Residence,Originated,1.0,0,0.37650273317998495,17.55
0,153.0,655000,825000.0,80.0,36%-<43%,White,Home_Purchase,Principal_Residence,Originated,1.0,0,0.3919000590639417,23.09
3,36.0,135000,135000.0,97.0,36%-<43%,White,Refinance,Principal_Residence,Originated,1.0,0,0.38736146785817044,17.87
2,269.0,55000,395000.0,50.833,20%-<30%,Asian,Home_Purchase,Investment,Originated,1.0,1,0.4136046696999357,18.11
4,21.0,85000,245000.0,78.353,Unknown,White,Other,Principal_Residence,Denied,0.0,0,0.3811585052378544,34.93
5,103.0,75000,375000.0,78.353,Unknown,White,Home_Improvement,Principal_Residence,Withdrawn,,0,0.45025770217392114,13.23
0,226.0,505000,515000.0,96.5,36%-<43%,White,Home_Purchase,Principal_Residence,Originated,1.0,0,0.4209188453458159,12.46
3,36.0,85000,325000.0,24.316,43%-<50%,White,Home_Purchase,Principal_Residence,Originated,1.0,0,0.4871439680837688,56.25
3,120.0,325000,375000.0,78.353,Unknown,Race Not Available,CashOut_Refinance,Principal_Residence,Incomplete,,0,0.35416072228365675,18.45
3,38.0,25000,85000.0,30.899,36%-<43%,White,Refinance,Principal_Residence,Denied,0.0,0,0.5227150270165395,50.63
0,83.0,445000,555000.0,80.0,43%-<50%,White,Home_Purchase,Principal_Residence,Originated,1.0,0,0.41863628238060135,92.99
6,233.0,415000,455000.0,89.99,50%-60%,Race Not Available,Home_Purchase,Principal_Residence,Originated,1.0,0,0.4066292426934442,47.48
0,85.0,205000,215000.0,95.0,30%-<36%,Race Not Available,Home_Purchase,Principal_Residence,Approved_NotAccepted,,0,0.39921066373112407,66.33
0,283.0,625000,695000.0,90.0,30%-<36%,White,Home_Purchase,Principal_Residence,Originated,1.0,0,0.4180013917983436,23.93
3,117.0,315000,395000.0,79.198,30%-<36%,Race Not Available,CashOut_Refinance,Principal_Residence,Originated,1.0,0,0.3615669651605166,64.25
0,95.0,205000,215000.0,78.353,Unknown,Race Not Available,Home_Purchase,Principal_Residence,Purchased,,0,0.373610353888747,19.08
0,165.0,185000,205000.0,87.8,43%-<50%,White,Home_Purchase,Principal_Residence,Denied,0.0,0,0.3657972273301376,29.59
2,83.0,265000,715000.0,37.413,43%-<50%,White,Refinance,Investment,Originated,1.0,0,0.4687765069641092,98.94
0,46.0,125000,125000.0,94.996,43%-<50%,White,Home_Purchase,Principal_Residence,Originated,1.0,0,0.38396493422989864,17.53
5,313.0,75000,565000.0,65.757,<20%,White,Home_Improvement,Principal_Residence,Originated,1.0,0,0.3932268715407811,36.1
0,115.0,275000,375000.0,78.353,Unknown,Race Not Available,Home_Purchase,Principal_Residence,Incomplete,,0,0.36019948284656544,20.19
0,158.0,785000,1305000.0,60.0,36%-<43%,White,Home_Purchase,Principal_Residence,Originated,1.0,0,0.45005566186319096,20.69
0,77.0,825000,375000.0,78.353,Unknown,White,Home_Purchase,Principal_Residence,Incomplete,,0,0.45639961047386285,28.51
0,34.0,105000,135000.0,100.0,30%-<36%,White,Home_Purchase,Principal_Residence,Originated,1.0,0,0.4236649815967269,83.19
0,130.0,385000,405000.0,95.0,20%-<30%,White,Home_Purchase,Principal_Residence,Originated,1.0,0,0.39484449271741257,38.06
0,48.0,285000,375000.0,78.353,Unknown,White,Home_Purchase,Principal_Residence,Incomplete,,0,0.3569521889835431,39.92
3,69.0,185000,485000.0,38.542,20%-<30%,White,CashOut_Refinance,Principal_Residence,Denied,0.0,0,0.40218126750215333,30.83
0,85.0,105000,375000.0,78.353,Unknown,White,Other,Principal_Residence,Incomplete,,0,0.3995422207414445,37.57
1,547.0,645000,865000.0,75.0,20%-<30%,White,Home_Purchase,Investment,Originated,1.0,1,0.484565020026025,14.98
3,64.0,55000,375000.0,78.353,Exempt,White,Refinance,Principal_Residence,Originated,1.0,0,0.35327291692988516,10.04
3,60.0,205000,305000.0,66.667,36%-<43%,White,CashOut_Refinance,Principal_Residence,Originated,1.0,0,0.3960496621886503,30.46
5,169.0,65000,305000.0,90.18,30%-<36%,White,Refinance,Principal_Residence,Originated,1.0,0,0.3756505625275354,16.4
0,82.0,225000,275000.0,78.353,Unknown,White,Home_Purchase,Principal_Residence,Purchased,,0,0.3842253550011558,72.9
3,177.0,505000,375000.0,78.353,Unknown,White,Refinance,Principal_Residence,Withdrawn,,0,0.3699530953741981,6.95
1,480.0,1555000,2355000.0,65.957,20%-<30%,White,Home_Purchase,Principal_Residence,Originated,1.0,1,0.6057814817909215,16.72
1,383.0,1515000,2165000.0,70.0,36%-<43%,White,Home_Purchase,Principal_Residence,Originated,1.0,1,0.5712755287369365,13.98
3,35.0,185000,315000.0,57.143,36%-<43%,White,CashOut_Refinance,Principal_Residence,Originated,1.0,0,0.39102527559116645,60.25
0,113.0,375000,395000.0,95.0,36%-<43%,White,Home_Purchase,Principal_Residence,Originated,1.0,0,0.35963212210676826,46.69
3,194.0,365000,375000.0,78.353,Unknown,White,Refinance,Principal_Residence,Withdrawn,,0,0.36743017949029033,57.83
5,250.0,245000,1185000.0,73.15,36%-<43%,White,Home_Improvement,Principal_Residence,Originated,1.0,0,0.40761504460635745,15.23
0,239.0,885000,935000.0,95.0,36%-<43%,Race Not Available,Home_Purchase,Principal_Residence,Originated,1.0,1,0.4970582052121136,85.14
0,95.0,205000,235000.0,78.353,Unknown,Race Not Available,Home_Purchase,Principal_Residence,Purchased,,0,0.3527499347512896,45.84
0,57.0,195000,195000.0,78.353,Unknown,Race Not Available,Home_Purchase,Principal_Residence,Purchased,,0,0.36027426820490804,37.82
0,40.0,55000,175000.0,78.353,20%-<30%,Race Not Available,Other,Principal_Residence,Denied,0.0,0,0.41067960561130157,9.96
4,95.0,65000,375000.0,78.353,Unknown,White,Home_Purchase,Principal_Residence,Denied,0.0,0,0.4272603906142241,83.46
2,95.0,12815000,8005000.0,80.0,Unknown,Race Not Available,Home_Purchase,Investment,Originated,1.0,3,0.7320390548111414,19.78
6,14.0,55000,505000.0,34.88,>60%,White,Home_Improvement,Principal_Residence,Denied,0.0,0,0.4260646543931187,15.98
3,72.0,255000,425000.0,60.0,43%-<50%,Race Not Available,CashOut_Refinance,Principal_Residence,Originated,1.0,0,0.37711976252990237,71.26
5,90.0,125000,435000.0,80.0,36%-<43%,White,Other,Principal_Residence,Originated,1.0,0,0.35064459517416313,30.18
6,79.0,295000,305000.0,96.5,50%-60%,White,Home_Purchase,Principal_Residence,Originated,1.0,0,0.36160154235039627,29.44
3,70.0,125000,175000.0,70.0,36%-<43%,White,CashOut_Refinance,Principal_Residence,Denied,0.0,0,0.3743441959127401,7.1
0,107.0,335000,345000.0,96.5,36%-<43%,White,Home_Purchase,Principal_Residence,Originated,1.0,0,0.3775230843276976,74.91
0,61.0,225000,235000.0,96.662,36%-<43%,White,Home_Purchase,Principal_Residence,Originated,1.0,0,0.3666147610866936,9.62
0,99.0,285000,355000.0,79.744,20%-<30%,Black or African American,Home_Purchase,Principal_Residence,Originated,1.0,0,0.42405179633682105,69.6
1,456.0,105000,305000.0,33.33,<20%,Race Not Available,Home_Improvement,Principal_Residence,Denied,0.0,0,0.4556782768921938,25.33
6,131.0,15000,685000.0,74.02,50%-60%,Asian,Home_Improvement,Principal_Residence,Denied,0.0,0,0.4089539957280652,75.96
3,49.0,155000,175000.0,85.0,36%-<43%,White,CashOut_Refinance,Principal_Residence,Originated,1.0,0,0.36175434932305495,31.93
5,35.0,35000,195000.0,97.0,43%-<50%,Race Not Available,Home_Purchase,Principal_Residence,Denied,0.0,0,0.45851913144214873,28.03
6,34.0,215000,215000.0,100.0,50%-60%,White,Home_Purchase,Principal_Residence,Denied,0.0,0,0.38475976730476436,8.96
0,166.0,345000,365000.0,95.0,20%-<30%,White,Home_Purchase,Principal_Residence,Originated,1.0,0,0.3785787406899305,11.34
3,95.0,485000,605000.0,80.0,Unknown,Asian,Refinance,Principal_Residence,Approved_NotAccepted,,0,0.4239478991965193,30.65
3,140.0,405000,375000.0,78.353,Unknown,White,CashOut_Refinance,Principal_Residence,Withdrawn,,0,0.3512609640683458,21.09
3,65.0,175000,375000.0,78.353,Unknown,White,CashOut_Refinance,Principal_Residence,Denied,0.0,0,0.4074942998532163,44.9
3,136.0,235000,375000.0,78.353,Unknown,Race Not Available,CashOut_Refinance,Principal_Residence,Withdrawn,,0,0.34837274340224766,12.75
3,82.0,75000,325000.0,24.0,30%-<36%,White,Home_Improvement,Principal_Residence,Denied,0.0,0,0.42419670727829284,14.07
4,128.0,275000,295000.0,93.976,20%-<30%,White,Home_Purchase,Principal_Residence,Denied,0.0,2,0.4935837243270617,88.31
6,108.0,645000,705000.0,92.457,>60%,Race Not Available,Home_Purchase,Principal_Residence,Denied,0.0,0,0.4092736660520561,20.19
2,79.0,85000,145000.0,78.353,>60%,White,Home_Purchase,Investment,Originated,1.0,2,0.507311262413396,93.56
2,82.0,205000,275000.0,73.09,43%-<50%,Race Not Available,CashOut_Refinance,Investment,Originated,1.0,0,0.37223476534233946,77.67
3,57.0,215000,375000.0,78.353,Unknown,White,Refinance,Principal_Residence,Withdrawn,,0,0.37697320761064085,19.5
0,181.0,325000,375000.0,78.353,Unknown,Race Not Available,Home_Purchase,Principal_Residence,Withdrawn,,0,0.36268651184913886,27.39
3,61.0,335000,375000.0,78.353,Unknown,White,CashOut_Refinance,Principal_Residence,Withdrawn,,0,0.3826873853016428,13.83
3,95.0,555000,1065000.0,78.353,Unknown,Race Not Available,Refinance,Principal_Residence,Purchased,,0,0.43412189947325147,75.82
3,72.0,245000,425000.0,58.333,36%-<43%,White,CashOut_Refinance,Principal_Residence,Originated,1.0,0,0.3586579787957964,34.27
5,185.0,105000,945000.0,67.257,36%-<43%,White,Home_Improvement,Principal_Residence,Originated,1.0,0,0.4175893967208454,48.0
0,95.0,205000,215000.0,78.353,Unknown,Race Not Available,Home_Purchase,Principal_Residence,Purchased,,0,0.3846975869136692,60.72
0,73.0,215000,235000.0,95.0,30%-<36%,White,Home_Purchase,Principal_Residence,Originated,1.0,0,0.36594640310089827,9.35
5,120.0,55000,375000.0,78.353,Unknown,White,Other,Principal_Residence,Incomplete,,0,0.36177322006423224,22.06
0,56.0,205000,225000.0,89.6,36%-<43%,White,Home_Purchase,Principal_Residence,Originated,1.0,0,0.3549745102548805,32.58
3,45.0,125000,235000.0,54.043,43%-<50%,White,CashOut_Refinance,Principal_Residence,Originated,1.0,0,0.3806178158687189,15.77
3,44.0,205000,375000.0,78.353,Unknown,White,CashOut_Refinance,Principal_Residence,Withdrawn,,0,0.4079694892315334,19.41
0,88.0,205000,455000.0,44.35,<20%,White,Other,Principal_Residence,Originated,1.0,0,0.4160060905708682,6.56
3,136.0,295000,905000.0,33.138,20%-<30%,White,Refinance,Principal_Residence,Originated,1.0,2,0.5087779620137319,29.11
0,80.0,335000,395000.0,84.596,36%-<43%,White,Home_Purchase,Principal_Residence,Originated,1.0,0,0.35182744694683143,19.54
5,164.0,155000,1635000.0,54.165,43%-<50%,White,CashOut_Refinance,Principal_Residence,Originated,1.0,0,0.4782878080665347,58.15
3,78.0,255000,325000.0,80.0,30%-<36%,White,Refinance,Principal_Residence,Originated,1.0,0,0.41710945906793506,30.79
6,63.0,315000,325000.0,95.0,50%-60%,White,Home_Purchase,Principal_Residence,Originated,1.0,0,0.36167732936109087,32.6
4,43.0,175000,185000.0,78.353,>60%,White,Home_Purchase,Principal_Residence,Denied,0.0,0,0.4961585724864933,0.0
0,169.0,425000,505000.0,85.0,20%-<30%,Race Not Available,Home_Purchase,Principal_Residence,Originated,1.0,0,0.3700601842052651,44.62
0,199.0,885000,935000.0,95.0,36%-<43%,White,Home_Purchase,Principal_Residence,Originated,1.0,1,0.4603682588582174,32.55
2,425.0,315000,415000.0,75.0,43%-<50%,Asian,Home_Purchase,Investment,Originated,1.0,0,0.3916209186742263,44.18
0,169.0,485000,505000.0,95.0,43%-<50%,White,Home_Purchase,Principal_Residence,Originated,1.0,0,0.3859420987684777,40.9
5,70.0,45000,375000.0,78.353,Unknown,Black or African American,Home_Improvement,Principal_Residence,Withdrawn,,0,0.380023642439923,37.09
0,125.0,285000,355000.0,79.999,36%-<43%,White,Home_Purchase,Principal_Residence,Originated,1.0,0,0.37231735290893525,80.03
5,74.0,25000,245000.0,72.028,20%-<30%,White,Home_Improvement,Principal_Residence,Originated,1.0,0,0.4254643703688419,20.37
5,131.0,115000,375000.0,78.353,Unknown,White,Home_Purchase,Principal_Residence,Withdrawn,,0,0.4310932102643106,21.13
3,53.0,125000,255000.0,48.8,30%-<36%,Black or African American,CashOut_Refinance,Principal_Residence,Denied,0.0,0,0.4376258455593103,49.12
0,93.0,125000,205000.0,61.0,20%-<30%,Joint,Home_Purchase,Principal_Residence,Denied,0.0,0,0.3824135241999276,7.18
3,175.0,345000,375000.0,78.353,Unknown,White,CashOut_Refinance,Principal_Residence,Withdrawn,,0,0.39849770486989805,46.7
4,89.0,145000,15000.0,78.353,50%-60%,White,Home_Purchase,Principal_Residence,Denied,0.0,0,0.39554359543972034,38.37
3,175.0,605000,815000.0,73.62,43%-<50%,White,CashOut_Refinance,Principal_Residence,Denied,0.0,0,0.4377294975088898,23.7
5,89.0,5000,215000.0,101.134,36%-<43%,White,Home_Purchase,Principal_Residence,Originated,1.0,1,0.5336364969223107,84.33
3,97.0,255000,655000.0,39.231,36%-<43%,White,Refinance,Principal_Residence,Originated,1.0,0,0.4325899418835445,14.58
3,95.0,295000,405000.0,70.787,43%-<50%,White,Refinance,Principal_Residence,Originated,1.0,0,0.3810899254888042,27.62
0,93.0,245000,265000.0,95.0,20%-<30%,White,Home_Purchase,Principal_Residence,Originated,1.0,0,0.3704037607541619,69.96
2,92.0,155000,215000.0,75.0,43%-<50%,Black or African American,Home_Purchase,Investment,Originated,1.0,0,0.3781917379645952,83.42
6,39.0,125000,135000.0,96.09,50%-60%,White,Home_Purchase,Principal_Residence,Originated,1.0,0,0.3983399140561473,26.88
0,170.0,465000,765000.0,78.353,Unknown,White,Home_Purchase,Principal_Residence,Purchased,,0,0.370973628079558,16.5
2,95.0,175000,255000.0,70.0,Unknown,Race Not Available,Home_Purchase,Investment,Originated,1.0,0,0.35596782475974154,30.26
6,58.0,105000,825000.0,83.657,>60%,Race Not Available,Other,Principal_Residence,Denied,0.0,0,0.4735435797030357,92.51
0,275.0,415000,515000.0,80.0,36%-<43%,White,Home_Purchase,Second_Residence,Originated,1.0,0,0.40336660385665585,21.01
1,1200.0,35000,375000.0,78.353,Unknown,White,Home_Improvement,Principal_Residence,Withdrawn,,0,0.5358524358351335,98.62
5,113.0,35000,945000.0,58.42,43%-<50%,White,Home_Improvement,Principal_Residence,Originated,1.0,1,0.4708756020530856,10.94
3,85.0,105000,415000.0,24.39,36%-<43%,White,Home_Improvement,Principal_Residence,Originated,1.0,0,0.4305376444802766,27.26
6,136.0,685000,705000.0,96.5,50%-60%,White,Home_Purchase,Principal_Residence,Originated,1.0,0,0.4377443269563382,73.39
0,125.0,535000,595000.0,90.0,43%-<50%,Asian,Home_Purchase,Principal_Residence,Preapproval_Approved_NotAccepted,,1,0.541928429914876,0.0
6,169.0,405000,1005000.0,93.273,>60%,White,Home_Improvement,Principal_Residence,Denied,0.0,1,0.5190259103836445,22.7
2,180.0,415000,375000.0,78.353,Unknown,White,Home_Purchase,Investment,Withdrawn,,1,0.44661419183110224,58.38
0,49.0,105000,155000.0,67.82,36%-<43%,American Indian or Alaska Native,Other,Principal_Residence,Denied,0.0,0,0.3755807089797917,31.4
0,41.0,85000,125000.0,106.39,43%-<50%,White,Home_Purchase,Principal_Residence,Denied,0.0,0,0.5148917456590189,99.81
6,38.0,155000,565000.0,26.786,>60%,White,Other,Principal_Residence,Denied,0.0,0,0.4751306290571913,20.84
5,146.0,155000,535000.0,79.992,36%-<43%,White,Home_Improvement,Principal_Residence,Originated,1.0,0,0.426612928566016,41.38
3,120.0,565000,375000.0,78.353,Unknown,Race Not Available,Refinance,Principal_Residence,Incomplete,,0,0.4093263115345556,82.11
6,80.0,415000,555000.0,75.0,>60%,White,CashOut_Refinance,Principal_Residence,Denied,0.0,0,0.3726909926317678,53.17
3,137.0,325000,375000.0,78.353,20%-<30%,White,CashOut_Refinance,Principal_Residence,Denied,0.0,0,0.3764189601878964,8.01
3,128.0,475000,635000.0,75.0,36%-<43%,White,CashOut_Refinance,Principal_Residence,Originated,1.0,0,0.37118499079048317,51.41
3,130.0,535000,675000.0,78.353,Unknown,White,Refinance,Principal_Residence,Purchased,,0,0.3955021158168457,66.67
0,95.0,665000,845000.0,78.353,Unknown,Race Not Available,Home_Purchase,Principal_Residence,Purchased,,0,0.3929375257751864,31.84
0,288.0,375000,505000.0,75.0,20%-<30%,White,Home_Purchase,Principal_Residence,Originated,1.0,0,0.38368947558705857,20.61
4,75.0,85000,95000.0,78.353,>60%,White,Home_Purchase,Principal_Residence,Denied,0.0,0,0.419862495899357,80.4
1,325.0,905000,1165000.0,77.253,36%-<43%,Asian,Home_Purchase,Principal_Residence,Originated,1.0,1,0.5235345606976639,17.91
2,20.0,175000,225000.0,80.0,Unknown,White,Home_Purchase,Investment,Originated,1.0,1,0.46122246548053714,25.01
6,48.0,55000,245000.0,38.067,50%-60%,White,Home_Improvement,Principal_Residence,Originated,1.0,0,0.44599448200516084,10.49
0,95.0,355000,495000.0,78.353,Unknown,Race Not Available,NotApplicable,Principal_Residence,Purchased,,0,0.3855181952081683,74.37
0,95.0,55000,245000.0,78.353,Unknown,Race Not Available,Home_Purchase,Principal_Residence,Purchased,,0,0.4464530584192727,75.73
0,172.0,355000,375000.0,78.353,Unknown,White,Home_Purchase,Principal_Residence,Withdrawn,,0,0.3529324694322461,18.27
2,266.0,135000,205000.0,65.0,30%-<36%,Asian,Home_Purchase,Investment,Originated,1.0,1,0.5004802334078887,25.24
5,38.0,55000,375000.0,78.353,Unknown,White,Home_Improvement,Principal_Residence,Incomplete,,0,0.4299047889153034,18.3
0,17.0,65000,375000.0,78.353,Unknown,Black or African American,Home_Purchase,Principal_Residence,Withdrawn,,0,0.4297339686532925,94.67
2,166.0,125000,1155000.0,52.8,30%-<36%,White,Refinance,Investment,Originated,1.0,1,0.4901748708206997,12.2
5,178.0,85000,565000.0,29.756,<20%,White,CashOut_Refinance,Principal_Residence,Originated,1.0,0,0.43573001515090715,13.8
0,149.0,505000,515000.0,100.0,36%-<43%,White,Home_Purchase,Principal_Residence,Originated,1.0,0,0.38370223780016727,29.34
6,48.0,205000,655000.0,33.601,>60%,White,Home_Improvement,Principal_Residence,Denied,0.0,0,0.44787785711247935,80.51
5,118.0,65000,495000.0,88.27,30%-<36%,White,Home_Improvement,Principal_Residence,Denied,0.0,0,0.40702990722461824,51.64
0,95.0,125000,135000.0,78.353,Unknown,Race Not Available,Home_Purchase,Principal_Residence,Purchased,,0,0.35394748592239733,22.35
5,139.0,45000,385000.0,69.643,36%-<43%,White,Home_Improvement,Principal_Residence,Originated,1.0,0,0.4603267567016461,9.9
4,95.0,45000,375000.0,78.353,Unknown,Asian,Home_Purchase,Principal_Residence,Denied,0.0,0,0.40172478434738224,30.05
1,500.0,345000,345000.0,100.0,<20%,Race Not Available,Home_Purchase,Principal_Residence,Originated,1.0,0,0.4322643509950289,26.24
3,254.0,455000,575000.0,80.0,20%-<30%,White,CashOut_Refinance,Principal_Residence,Originated,1.0,0,0.4520855288042426,6.41
1,342.0,335000,475000.0,70.0,43%-<50%,White,Home_Purchase,Principal_Residence,Originated,1.0,0,0.42211815146228343,13.48
3,177.0,285000,735000.0,46.736,43%-<50%,White,Refinance,Principal_Residence,Denied,0.0,1,0.4989512721500604,26.52
3,217.0,305000,455000.0,65.934,<20%,Race Not Available,CashOut_Refinance,Principal_Residence,Originated,1.0,0,0.37505140776123636,34.72
5,74.0,55000,365000.0,100.6,43%-<50%,Asian,CashOut_Refinance,Principal_Residence,Denied,0.0,0,0.4219386727154484,15.19
3,28.0,75000,375000.0,78.353,Unknown,White,CashOut_Refinance,Principal_Residence,Incomplete,,0,0.3707344583064992,5.93
5,237.0,75000,595000.0,55.368,20%-<30%,White,Refinance,Principal_Residence,Originated,1.0,1,0.49246299604492005,24.28
6,110.0,65000,395000.0,107.516,50%-60%,White,Other,Principal_Residence,Denied,0.0,1,0.4524362201705489,27.93
0,120.0,335000,355000.0,95.0,30%-<36%,White,Home_Purchase,Principal_Residence,Preapproval_Approved_NotAccepted,,2,0.5232898656912655,0.0
3,214.0,365000,785000.0,45.919,36%-<43%,White,CashOut_Refinance,Principal_Residence,Originated,1.0,0,0.4114832121090126,20.9
3,70.0,275000,375000.0,78.353,Unknown,White,Refinance,Principal_Residence,Withdrawn,,0,0.34740895895533563,25.6
3,59.0,175000,375000.0,78.353,Unknown,White,Refinance,Principal_Residence,Withdrawn,,0,0.35876203510634236,9.1
2,143.0,95000,375000.0,78.353,Exempt,White,Home_Purchase,Investment,Originated,1.0,0,0.3746456655630171,71.84
3,95.0,345000,525000.0,78.353,Unknown,Race Not Available,CashOut_Refinance,Principal_Residence,Purchased,,0,0.38495599057546986,30.54
0,102.0,645000,875000.0,73.991,36%-<43%,Race Not Available,Home_Purchase,Principal_Residence,Originated,1.0,0,0.40273931644473276,51.69
0,108.0,335000,345000.0,96.5,30%-<36%,White,Home_Purchase,Principal_Residence,Originated,1.0,0,0.38529140750675145,8.73
3,44.0,185000,435000.0,41.86,43%-<50%,White,CashOut_Refinance,Principal_Residence,Originated,1.0,0,0.42134281771368554,48.21
0,50.0,185000,185000.0,100.0,43%-<50%,White,Home_Purchase,Principal_Residence,Originated,1.0,0,0.3894509521214492,49.4
0,180.0,515000,545000.0,95.0,43%-<50%,Race Not Available,Home_Purchase,Principal_Residence,Originated,1.0,0,0.382048984366087,35.35
4,36.0,85000,85000.0,100.0,50%-60%,Black or African American,Home_Purchase,Principal_Residence,Denied,0.0,0,0.40828480102518844,33.05
5,224.0,65000,735000.0,79.79,36%-<43%,Black or African American,Home_Improvement,Principal_Residence,Originated,1.0,0,0.42277848383375094,59.03
3,95.0,185000,285000.0,64.561,36%-<43%,White,CashOut_Refinance,Principal_Residence,Originated,1.0,0,0.36684543212763104,16.56
5,86.0,25000,215000.0,79.388,20%-<30%,White,Other,Principal_Residence,Originated,1.0,0,0.42183050702557184,11.05
5,85.0,115000,455000.0,84.333,36%-<43%,White,Refinance,Principal_Residence,Originated,1.0,0,0.3598244714862441,27.4
3,91.0,115000,185000.0,61.667,30%-<36%,White,CashOut_Refinance,Principal_Residence,Originated,1.0,0,0.36486294070354175,19.62
6,121.0,495000,505000.0,96.5,50%-60%,White,Home_Purchase,Principal_Residence,Originated,1.0,0,0.4606438527730276,83.7
0,95.0,125000,125000.0,78.353,Unknown,Race Not Available,Home_Purchase,Principal_Residence,Purchased,,0,0.36794441309097287,38.97
3,69.0,105000,665000.0,33.5,43%-<50%,White,Refinance,Principal_Residence,Originated,1.0,0,0.45359518878681443,22.24
3,0.0,85000,185000.0,49.03,<20%,White,Refinance,Principal_Residence,Denied,0.0,0,0.3936499215023568,23.15
2,95.0,1605000,2305000.0,69.57,Unknown,Race Not Available,CashOut_Refinance,Investment,Originated,1.0,1,0.5978380538218481,50.92
0,95.0,1185000,1215000.0,78.353,Unknown,Race Not Available,Home_Purchase,Principal_Residence,Purchased,,1,0.4981110755322915,60.54
0,95.0,135000,145000.0,78.353,Unknown,Race Not Available,Home_Purchase,Principal_Residence,Purchased,,0,0.3800483736673329,74.24
5,134.0,45000,425000.0,69.262,36%-<43%,White,Home_Improvement,Principal_Residence,Originated,1.0,0,0.42682085670699155,21.53
5,230.0,75000,375000.0,78.353,Unknown,White,Other,Principal_Residence,Withdrawn,,0,0.4372566185694436,40.55
3,95.0,145000,455000.0,30.769,36%-<43%,White,Home_Purchase,Principal_Residence,Originated,1.0,0,0.42237949540079667,12.18
3,60.0,5000,375000.0,78.353,Unknown,White,Refinance,Principal_Residence,Withdrawn,,0,0.3746804903011629,25.18
0,95.0,105000,125000.0,78.353,Unknown,Race Not Available,NotApplicable,Principal_Residence,Purchased,,0,0.3578913952143416,17.8
0,0.0,105000,105000.0,96.5,43%-<50%,Black or African American,Home_Purchase,Principal_Residence,Originated,1.0,0,0.39646265066050956,38.29
0,76.0,135000,195000.0,68.46,43%-<50%,White,Home_Purchase,Principal_Residence,Originated,1.0,1,0.47108957017378644,11.38
0,210.0,635000,715000.0,90.0,20%-<30%,Asian,Home_Purchase,Principal_Residence,Originated,1.0,0,0.41237684240039757,40.32
1,464.0,165000,895000.0,90.0,36%-<43%,White,Home_Purchase,Principal_Residence,Originated,1.0,1,0.5023437899935203,23.37
6,60.0,485000,535000.0,90.0,50%-60%,Black or African American,CashOut_Refinance,Principal_Residence,Originated,1.0,0,0.4005602974937535,80.12
5,55.0,25000,375000.0,78.353,Unknown,Black or African American,Home_Improvement,Principal_Residence,Withdrawn,,0,0.4513382839705641,81.37
5,75.0,35000,255000.0,79.78,43%-<50%,White,Home_Improvement,Principal_Residence,Originated,1.0,0,0.3594157925244421,10.17
3,97.0,205000,405000.0,49.875,30%-<36%,White,Refinance,Principal_Residence,Originated,1.0,0,0.45422330155798335,15.67
3,116.0,215000,345000.0,64.0,43%-<50%,White,CashOut_Refinance,Principal_Residence,Originated,1.0,0,0.40354515451643047,16.0
0,95.0,225000,225000.0,78.353,Unknown,Race Not Available,Home_Purchase,Principal_Residence,Purchased,,0,0.3561083699482813,55.82
3,59.0,135000,225000.0,60.248,20%-<30%,Race Not Available,Refinance,Principal_Residence,Originated,1.0,0,0.44302992290235593,43.36
0,134.0,345000,385000.0,90.0,36%-<43%,Race Not Available,Home_Purchase,Principal_Residence,Originated,1.0,0,0.36966823503829427,68.96
6,58.0,145000,145000.0,96.5,50%-60%,Black or African American,Home_Purchase,Principal_Residence,Originated,1.0,0,0.37534875287294406,31.56
5,74.0,15000,185000.0,83.33,36%-<43%,Race Not Available,Home_Purchase,Principal_Residence,Denied,0.0,0,0.384428766926046,61.87
0,105.0,325000,375000.0,78.353,Unknown,White,Home_Purchase,Principal_Residence,Withdrawn,,0,0.3507031231047676,14.69
6,150.0,335000,465000.0,72.826,>60%,White,CashOut_Refinance,Principal_Residence,Denied,0.0,0,0.40741629554817005,53.44
0,84.0,195000,275000.0,72.22,<20%,White,Home_Purchase,Principal_Residence,Originated,1.0,0,0.363760839132595,48.63
3,95.0,225000,375000.0,78.353,Unknown,Asian,Refinance,Principal_Residence,Incomplete,,0,0.3527848448775813,25.63
1,1440.0,165000,375000.0,78.353,Unknown,White,CashOut_Refinance,Investment,Incomplete,,2,0.49232665431945266,67.45
3,104.0,265000,755000.0,78.353,Unknown,Race Not Available,CashOut_Refinance,Principal_Residence,Purchased,,0,0.37252153992678266,29.0
4,60.0,65000,375000.0,78.353,Unknown,Black or African American,Home_Purchase,Principal_Residence,Denied,0.0,0,0.3776646476276192,42.54
3,62.0,85000,125000.0,70.0,36%-<43%,White,Refinance,Principal_Residence,Originated,1.0,0,0.4191462351020779,4.04
3,65.0,195000,355000.0,55.71,43%-<50%,White,CashOut_Refinance,Principal_Residence,Originated,1.0,0,0.4200799315050897,4.81
0,135.0,605000,755000.0,80.0,43%-<50%,Asian,Home_Purchase,Principal_Residence,Originated,1.0,0,0.398868051262052,46.04
3,127.0,185000,375000.0,78.353,Exempt,White,Refinance,Principal_Residence,Originated,1.0,0,0.349831806490568,13.1
0,89.0,285000,375000.0,78.353,Unknown,Race Not Available,Home_Purchase,Principal_Residence,Withdrawn,,0,0.34305723038702496,26.25
5,302.0,205000,2815000.0,46.702,43%-<50%,Race Not Available,Home_Improvement,Principal_Residence,Originated,1.0,1,0.5432393991313682,48.29
5,70.0,15000,135000.0,71.538,<20%,White,Home_Improvement,Principal_Residence,Denied,0.0,0,0.371624617528361,10.82
1,762.0,435000,375000.0,78.353,Unknown,Race Not Available,CashOut_Refinance,Principal_Residence,Withdrawn,,0,0.5070880302372736,21.28
3,48.0,75000,185000.0,44.01,36%-<43%,White,Refinance,Principal_Residence,Approved_NotAccepted,,0,0.4959711190797358,92.52
2,95.0,85000,115000.0,72.14,Unknown,White,Refinance,Investment,Originated,1.0,0,0.3943562509586819,76.07
5,200.0,405000,2555000.0,51.81,<20%,Joint,Home_Improvement,Principal_Residence,Originated,1.0,1,0.5427314711421525,19.69
3,95.0,255000,375000.0,78.353,Unknown,Race Not Available,CashOut_Refinance,Principal_Residence,Purchased,,0,0.3871343125597016,57.43
3,34.0,965000,1555000.0,78.353,Unknown,White,Refinance,Principal_Residence,Originated,1.0,0,0.4794108879499251,36.09
0,44.0,195000,215000.0,95.0,43%-<50%,Race Not Available,Home_Purchase,Principal_Residence,Originated,1.0,0,0.425543461633567,94.7
3,86.0,75000,125000.0,64.257,20%-<30%,White,CashOut_Refinance,Principal_Residence,Originated,1.0,0,0.41839622011652844,10.54
0,310.0,325000,405000.0,80.0,20%-<30%,White,Home_Purchase,Second_Residence,Originated,1.0,0,0.37367604793713066,33.14
3,83.0,125000,165000.0,75.0,36%-<43%,White,CashOut_Refinance,Principal_Residence,Denied,0.0,0,0.38683263540719526,77.94
4,191.0,115000,115000.0,78.353,20%-<30%,White,Home_Purchase,Principal_Residence,Originated,1.0,0,0.39233282117776486,39.09
0,101.0,355000,405000.0,87.5,30%-<36%,White,Home_Purchase,Principal_Residence,Originated,1.0,0,0.35231820549643283,20.01
5,211.0,205000,375000.0,78.353,Unknown,Race Not Available,CashOut_Refinance,Principal_Residence,Withdrawn,,0,0.4783631588973876,51.28
5,75.0,105000,515000.0,75.682,43%-<50%,Native Hawaiian or Other Pacific Islander,Other,Principal_Residence,Originated,1.0,1,0.46585611387516945,31.65
5,218.0,155000,375000.0,78.353,Unknown,Asian,Refinance,Principal_Residence,Incomplete,,0,0.4107120075613877,60.34
5,80.0,65000,175000.0,73.13,43%-<50%,White,Other,Principal_Residence,Originated,1.0,0,0.3593479918381079,29.75
3,93.0,305000,375000.0,78.353,Unknown,White,CashOut_Refinance,Principal_Residence,Withdrawn,,0,0.3495326547321891,14.86
1,446.0,125000,455000.0,29.67,20%-<30%,White,Home_Purchase,Principal_Residence,Originated,1.0,2,0.5526800465546564,34.09
5,113.0,35000,355000.0,80.0,30%-<36%,White,Home_Improvement,Principal_Residence,Originated,1.0,0,0.4221788073819834,28.7
5,128.0,45000,465000.0,76.175,43%-<50%,White,Home_Improvement,Principal_Residence,Originated,1.0,0,0.40987484433716637,21.31
0,55.0,105000,375000.0,78.353,Unknown,White,Home_Improvement,Principal_Residence,Withdrawn,,0,0.3609260135208518,11.46
5,117.0,35000,125000.0,74.62,<20%,White,Home_Improvement,Principal_Residence,Originated,1.0,0,0.3755419409752762,16.25
5,78.0,85000,375000.0,78.353,Unknown,Race Not Available,CashOut_Refinance,Principal_Residence,Withdrawn,,0,0.401890035702516,23.14
0,189.0,395000,495000.0,80.0,30%-<36%,Race Not Available,Home_Purchase,Principal_Residence,Originated,1.0,0,0.3841412116292599,9.35
0,291.0,645000,885000.0,73.523,20%-<30%,White,Home_Purchase,Principal_Residence,Originated,1.0,1,0.48659637421160445,37.48
6,90.0,135000,905000.0,54.0,>60%,White,Other,Principal_Residence,Denied,0.0,1,0.43668650339936754,9.37
2,149.0,55000,75000.0,75.0,20%-<30%,Race Not Available,Home_Purchase,Investment,Originated,1.0,0,0.43406315126474865,98.25
3,63.0,115000,175000.0,70.0,20%-<30%,White,CashOut_Refinance,Principal_Residence,Originated,1.0,0,0.370164041616135,5.98
0,22.0,15000,375000.0,78.353,Unknown,White,Other,Principal_Residence,Denied,0.0,0,0.4698544369693924,9.19
5,230.0,155000,375000.0,78.353,Unknown,White,Other,Principal_Residence,Incomplete,,0,0.4026873872844914,13.86
5,34.0,85000,465000.0,42.35,<20%,White,Home_Improvement,Principal_Residence,Approved_NotAccepted,,0,0.432840784658111,44.87
3,130.0,35000,245000.0,12.07,<20%,White,Home_Improvement,Principal_Residence,Denied,0.0,0,0.46223633055387403,14.87
3,67.0,195000,375000.0,78.353,Unknown,Joint,CashOut_Refinance,Principal_Residence,Incomplete,,0,0.36002628530746855,5.32
6,78.0,55000,125000.0,73.565,50%-60%,White,Other,Principal_Residence,Denied,0.0,0,0.37407766112603835,37.57
3,197.0,215000,535000.0,40.41,20%-<30%,Race Not Available,Refinance,Principal_Residence,Originated,1.0,0,0.4828178657251082,10.95
5,53.0,75000,855000.0,37.767,43%-<50%,White,Home_Improvement,Principal_Residence,Originated,1.0,0,0.44891116315074814,77.12
3,65.0,265000,405000.0,65.5,36%-<43%,White,Refinance,Principal_Residence,Originated,1.0,0,0.35711362630345905,22.53
5,61.0,35000,375000.0,78.353,Unknown,Race Not Available,Home_Improvement,Principal_Residence,Withdrawn,,0,0.3629877404187197,32.03
0,97.0,375000,375000.0,78.353,Unknown,White,Home_Purchase,Principal_Residence,Withdrawn,,0,0.36548465092771176,46.8
0,67.0,225000,225000.0,99.445,36%-<43%,Black or African American,Home_Purchase,Principal_Residence,Originated,1.0,0,0.422594065760032,96.77
0,95.0,125000,145000.0,78.353,Unknown,Race Not Available,NotApplicable,Principal_Residence,Purchased,,0,0.3677996284503962,4.81
0,95.0,375000,505000.0,78.353,Unknown,Race Not Available,Home_Purchase,Principal_Residence,Purchased,,0,0.39373692786524567,13.88
2,95.0,195000,265000.0,78.353,Unknown,Race Not Available,CashOut_Refinance,Investment,Originated,1.0,0,0.3633561886997479,66.51
2,220.0,545000,1525000.0,35.41,43%-<50%,White,CashOut_Refinance,Investment,Originated,1.0,0,0.4918133722585153,23.79
3,133.0,285000,425000.0,69.0,36%-<43%,Black or African American,Refinance,Principal_Residence,Originated,1.0,0,0.40719732742314,27.36
5,87.0,105000,375000.0,78.353,Unknown,White,Other,Principal_Residence,Incomplete,,0,0.39550509150857205,90.03
2,240.0,305000,465000.0,66.022,36%-<43%,White,Refinance,Investment,Originated,1.0,2,0.49522074229395513,27.19
2,161.0,205000,375000.0,78.353,Unknown,White,Refinance,Investment,Withdrawn,,0,0.3602150496657283,7.35
5,107.0,65000,485000.0,99.31,43%-<50%,White,Other,Principal_Residence,Originated,1.0,0,0.45652436136730973,26.78
6,78.0,505000,1995000.0,25.05,>60%,White,Refinance,Principal_Residence,Denied,0.0,3,0.6184997795106194,20.37
2,95.0,485000,375000.0,78.353,Unknown,Asian,Home_Purchase,Investment,Withdrawn,,0,0.3841003732932241,86.06
3,202.0,825000,375000.0,78.353,Unknown,Race Not Available,CashOut_Refinance,Principal_Residence,Withdrawn,,0,0.4450344512483948,68.94
2,94.0,55000,75000.0,75.0,20%-<30%,White,Home_Purchase,Investment,Originated,1.0,0,0.3873617062771051,33.77
0,125.0,175000,475000.0,36.842,20%-<30%,Race Not Available,Home_Purchase,Principal_Residence,Originated,1.0,0,0.4298309318389215,25.72
3,95.0,545000,995000.0,78.353,Unknown,Race Not Available,Refinance,Principal_Residence,Purchased,,0,0.3983915049129872,20.12
6,77.0,25000,445000.0,35.955,50%-60%,White,Other,Principal_Residence,Denied,0.0,0,0.4420707242189343,29.89
3,35.0,65000,355000.0,18.679,43%-<50%,White,Home_Purchase,Principal_Residence,Originated,1.0,0,0.4481596548873977,9.38
3,51.0,165000,375000.0,78.353,Unknown,Race Not Available,Refinance,Principal_Residence,Incomplete,,0,0.3776758952536084,4.03
6,70.0,85000,525000.0,59.81,>60%,Race Not Available,Other,Principal_Residence,Denied,0.0,0,0.4350007294902866,96.91
0,132.0,415000,525000.0,80.0,20%-<30%,White,Home_Purchase,Principal_Residence,Originated,1.0,0,0.4120385649434543,9.57
3,162.0,145000,375000.0,78.353,Unknown,Asian,CashOut_Refinance,Principal_Residence,Incomplete,,0,0.42442431725285373,70.04
3,138.0,385000,685000.0,78.353,Unknown,White,CashOut_Refinance,Principal_Residence,Purchased,,0,0.369433205499456,52.47
0,95.0,505000,535000.0,78.353,Unknown,Race Not Available,Home_Purchase,Principal_Residence,Purchased,,0,0.42628089094220184,78.04
5,161.0,35000,325000.0,57.71,<20%,White,CashOut_Refinance,Principal_Residence,Originated,1.0,0,0.45728824461350787,5.37
0,154.0,275000,505000.0,78.353,Unknown,Race Not Available,Home_Purchase,Principal_Residence,Purchased,,0,0.3582105297577045,13.19
3,72.0,245000,405000.0,62.25,36%-<43%,White,Refinance,Principal_Residence,Originated,1.0,0,0.37476964776414107,6.59
3,113.0,245000,415000.0,60.0,<20%,White,CashOut_Refinance,Principal_Residence,Originated,1.0,0,0.4098867477688859,76.58
3,95.0,275000,605000.0,78.353,Unknown,Race Not Available,CashOut_Refinance,Principal_Residence,Purchased,,0,0.35480121111610524,21.36
6,82.0,245000,245000.0,100.0,50%-60%,Race Not Available,Home_Purchase,Principal_Residence,Originated,1.0,0,0.38294367605017376,27.39
6,146.0,205000,855000.0,67.206,50%-60%,Race Not Available,Other,Principal_Residence,Denied,0.0,0,0.4476533765747067,15.87
5,75.0,45000,335000.0,90.0,36%-<43%,Race Not Available,Home_Improvement,Principal_Residence,Denied,0.0,0,0.36824959419976044,11.06
5,93.0,35000,375000.0,78.353,Unknown,White,Home_Improvement,Principal_Residence,Incomplete,,0,0.351816678009322,22.39
5,95.0,55000,265000.0,89.882,20%-<30%,White,Home_Improvement,Principal_Residence,Originated,1.0,0,0.4618271710336032,73.93
3,162.0,505000,635000.0,78.353,Unknown,Race Not Available,CashOut_Refinance,Principal_Residence,Purchased,,0,0.40105252052475976,13.75
4,34.0,155000,375000.0,78.353,>60%,Black or African American,Home_Purchase,Principal_Residence,Denied,0.0,0,0.39801545103756747,61.58
0,31.0,85000,95000.0,96.5,43%-<50%,White,Home_Purchase,Principal_Residence,Preapproval_Denied,,2,0.5401557703971969,0.0
1,341.0,1505000,4905000.0,30.612,36%-<43%,White,Refinance,Principal_Residence,Originated,1.0,2,0.645590438728037,11.75
0,125.0,245000,255000.0,95.0,36%-<43%,White,Home_Purchase,Principal_Residence,Originated,1.0,0,0.3722117440477606,35.2
0,31.0,165000,165000.0,98.189,43%-<50%,Black or African American,Home_Purchase,Principal_Residence,Originated,1.0,0,0.43459303466161225,94.78
3,33.0,265000,375000.0,78.353,Unknown,White,CashOut_Refinance,Principal_Residence,Incomplete,,0,0.3736693031423904,53.9
3,51.0,165000,375000.0,78.353,Unknown,Black or African American,CashOut_Refinance,Principal_Residence,Withdrawn,,0,0.40496225765032556,94.2
3,125.0,315000,325000.0,94.377,43%-<50%,White,Refinance,Principal_Residence,Originated,1.0,0,0.39459559190327276,4.65
3,136.0,135000,305000.0,61.91,20%-<30%,Race Not Available,Refinance,Principal_Residence,Originated,1.0,0,0.3976268997086823,9.52
0,251.0,645000,805000.0,78.353,Unknown,Race Not Available,Home_Purchase,Principal_Residence,Purchased,,0,0.4173776009938139,64.54
5,176.0,25000,385000.0,78.73,20%-<30%,White,Home_Improvement,Principal_Residence,Originated,1.0,0,0.36691847450933845,29.17
0,93.0,375000,375000.0,78.353,Unknown,White,Home_Purchase,Principal_Residence,Withdrawn,,0,0.37567853867587797,35.85
3,68.0,225000,255000.0,90.0,43%-<50%,White,CashOut_Refinance,Principal_Residence,Originated,1.0,0,0.3568156647204021,25.31
5,142.0,75000,975000.0,80.0,43%-<50%,Asian,Home_Improvement,Principal_Residence,Originated,1.0,0,0.4087759567806696,64.85
5,199.0,105000,575000.0,85.339,36%-<43%,White,Home_Improvement,Principal_Residence,Originated,1.0,0,0.4501452367231529,20.38
1,674.0,605000,755000.0,80.0,20%-<30%,Asian,Home_Purchase,Second_Residence,Originated,1.0,0,0.4743351457303621,52.91
0,0.0,155000,375000.0,78.353,Unknown,Race Not Available,Home_Purchase,Principal_Residence,Withdrawn,,1,0.5241192642480583,0.0
3,92.0,405000,375000.0,78.353,Unknown,Race Not Available,Refinance,Principal_Residence,Incomplete,,0,0.3507652627455421,37.76
5,66.0,45000,375000.0,78.353,Exempt,White,Home_Improvement,Principal_Residence,Originated,1.0,0,0.41976981272462127,43.56
6,62.0,275000,455000.0,60.0,>60%,White,CashOut_Refinance,Principal_Residence,Denied,0.0,0,0.3608604207269878,25.28
2,95.0,295000,805000.0,36.87,Unknown,Race Not Available,CashOut_Refinance,Investment,Originated,1.0,0,0.5031114231457076,85.93
0,145.0,445000,915000.0,48.087,36%-<43%,White,Home_Purchase,Principal_Residence,Originated,1.0,1,0.4814221108141618,9.32
0,126.0,355000,375000.0,78.353,Unknown,Black or African American,Home_Purchase,Principal_Residence,Withdrawn,,0,0.42951573342127547,91.69
0,127.0,655000,875000.0,75.0,36%-<43%,Race Not Available,Home_Purchase,Principal_Residence,Originated,1.0,0,0.4291636201532243,74.4
0,65.0,315000,345000.0,92.0,36%-<43%,White,Home_Purchase,Principal_Residence,Originated,1.0,0,0.39852936734691935,18.8
6,9.0,25000,145000.0,95.172,50%-60%,Black or African American,Other,Principal_Residence,Denied,0.0,0,0.4713836507537588,89.13
0,95.0,165000,175000.0,78.353,Unknown,Race Not Available,Home_Purchase,Principal_Residence,Purchased,,0,0.3479817183009502,30.89
0,39.0,175000,185000.0,97.0,36%-<43%,White,Home_Purchase,Principal_Residence,Originated,1.0,0,0.4373866892438416,88.93
0,141.0,455000,605000.0,75.0,36%-<43%,White,Home_Purchase,Principal_Residence,Originated,1.0,0,0.37339564537568615,13.5
4,73.0,25000,375000.0,78.353,Exempt,White,Other,Principal_Residence,Withdrawn,,0,0.3750108052166491,37.65
3,95.0,345000,425000.0,78.353,Unknown,Race Not Available,CashOut_Refinance,Principal_Residence,Purchased,,0,0.42591239853119417,22.65
6,148.0,915000,1025000.0,89.9647,50%-60%,Asian,CashOut_Refinance,Principal_Residence,Approved_NotAccepted,,0,0.4711958054447192,81.64
0,97.0,425000,445000.0,95.0,43%-<50%,Black or African American,Home_Purchase,Principal_Residence,Originated,1.0,0,0.3941868588965069,15.06
0,95.0,505000,505000.0,78.353,Unknown,Race Not Available,Home_Purchase,Principal_Residence,Purchased,,0,0.40788009512517015,94.15
0,95.0,215000,275000.0,78.353,Unknown,Race Not Available,Home_Purchase,Principal_Residence,Purchased,,0,0.34600533840322306,34.73
0,83.0,85000,95000.0,90.0,36%-<43%,White,Home_Purchase,Principal_Residence,Originated,1.0,0,0.3824045844619501,12.45
5,85.0,95000,515000.0,60.0,30%-<36%,White,Other,Principal_Residence,Originated,1.0,1,0.48381279273859723,11.27
0,52.0,155000,195000.0,80.0,43%-<50%,Joint,Home_Purchase,Principal_Residence,Originated,1.0,0,0.3569622487320921,30.6
3,115.0,265000,375000.0,78.353,Unknown,Race Not Available,CashOut_Refinance,Principal_Residence,Withdrawn,,0,0.3463483954901604,41.2
2,95.0,185000,325000.0,78.353,Unknown,Race Not Available,Home_Purchase,Investment,Purchased,,0,0.35253774543450195,52.05
5,10.0,15000,375000.0,78.353,43%-<50%,White,Home_Improvement,Principal_Residence,Denied,0.0,0,0.4482385418101323,11.06
6,298.0,55000,895000.0,57.14,50%-60%,White,Home_Improvement,Principal_Residence,Originated,1.0,1,0.46555192585298266,7.29
3,25.0,25000,265000.0,10.77,36%-<43%,White,Home_Improvement,Principal_Residence,Originated,1.0,0,0.4818655125848182,26.03
3,140.0,235000,265000.0,90.0,20%-<30%,White,CashOut_Refinance,Principal_Residence,Originated,1.0,0,0.36229948792816663,18.66
0,114.0,345000,375000.0,90.0,20%-<30%,Asian,Home_Purchase,Second_Residence,Denied,0.0,0,0.38756549447491856,65.69
0,111.0,185000,375000.0,78.353,Unknown,Black or African American,Home_Purchase,Principal_Residence,Withdrawn,,0,0.44551938083337167,96.74
0,110.0,525000,725000.0,72.222,36%-<43%,White,Home_Purchase,Principal_Residence,Approved_NotAccepted,,0,0.389590221416714,24.19
3,132.0,195000,245000.0,80.0,<20%,White,CashOut_Refinance,Principal_Residence,Denied,0.0,0,0.36250815019465077,58.23
0,110.0,225000,245000.0,78.353,Unknown,Race Not Available,Home_Purchase,Principal_Residence,Purchased,,0,0.35517398033505804,46.92
1,1620.0,1495000,5505000.0,60.0,<20%,White,Other,Principal_Residence,Originated,1.0,3,0.6928503559070042,22.14
5,95.0,105000,375000.0,78.353,Exempt,Race Not Available,Other,Principal_Residence,Purchased,,0,0.35285936588573974,20.1
3,209.0,485000,805000.0,60.0,20%-<30%,White,CashOut_Refinance,Principal_Residence,Originated,1.0,0,0.4702380453820272,22.95
3,110.0,215000,425000.0,68.753,<20%,White,CashOut_Refinance,Principal_Residence,Originated,1.0,0,0.37105656435093887,16.8
0,93.0,185000,235000.0,97.0,20%-<30%,White,Home_Purchase,Principal_Residence,Originated,1.0,0,0.3739792484248974,18.01
2,95.0,225000,285000.0,78.353,Unknown,White,Home_Purchase,Investment,Originated,1.0,0,0.3774024728924113,82.89
5,95.0,55000,345000.0,78.353,Unknown,Race Not Available,Other,Principal_Residence,Purchased,,0,0.36637818288364044,38.39
1,21131.0,17705000,29505000.0,60.0,20%-<30%,White,Home_Improvement,Principal_Residence,Originated,1.0,3,0.7509786955401847,9.53
0,82.0,105000,375000.0,78.353,Exempt,White,Home_Purchase,Principal_Residence,Originated,1.0,0,0.36203116732345014,4.84
4,59.0,205000,215000.0,96.5,30%-<36%,White,Home_Purchase,Principal_Residence,Denied,0.0,0,0.36192302136653204,19.14
6,117.0,75000,455000.0,70.22,50%-60%,White,Home_Improvement,Principal_Residence,Originated,1.0,0,0.36869553527497073,33.78
6,53.0,175000,185000.0,99.446,50%-60%,White,Home_Purchase,Principal_Residence,Originated,1.0,0,0.4591158092078282,94.18
3,42.0,225000,335000.0,70.0,43%-<50%,White,CashOut_Refinance,Principal_Residence,Originated,1.0,0,0.363524256294599,40.13
3,16.0,325000,375000.0,78.353,Unknown,White,Refinance,Principal_Residence,Withdrawn,,0,0.3630910435990493,14.46
3,98.0,115000,375000.0,78.353,Unknown,American Indian or Alaska Native,CashOut_Refinance,Principal_Residence,Denied,0.0,0,0.36641306226877157,45.56
6,179.0,325000,315000.0,100.0,50%-60%,White,Home_Purchase,Principal_Residence,Originated,1.0,0,0.3836286591268733,10.96
3,45.0,85000,115000.0,76.2,36%-<43%,White,Refinance,Principal_Residence,Originated,1.0,0,0.45211435353408747,13.17
2,95.0,335000,455000.0,78.353,Unknown,Race Not Available,CashOut_Refinance,Investment,Purchased,,0,0.3652414421297113,38.91
3,54.0,185000,375000.0,78.353,Unknown,White,CashOut_Refinance,Principal_Residence,Withdrawn,,0,0.3531417274928214,51.42
0,250.0,765000,965000.0,80.0,36%-<43%,White,Home_Purchase,Principal_Residence,Originated,1.0,1,0.4643292797975407,41.34
3,280.0,365000,375000.0,78.353,Exempt,White,Refinance,Principal_Residence,Approved_NotAccepted,,0,0.41918332330460184,62.84
3,59.0,155000,185000.0,80.0,43%-<50%,White,CashOut_Refinance,Principal_Residence,Denied,0.0,0,0.3665219602528563,32.61
0,95.0,715000,895000.0,78.353,Unknown,Race Not Available,Home_Purchase,Principal_Residence,Purchased,,0,0.3979789298948761,22.41
6,61.0,125000,145000.0,82.76,>60%,White,Other,Principal_Residence,Denied,0.0,0,0.3733155967791753,58.56
3,89.0,345000,375000.0,78.353,Unknown,Race Not Available,CashOut_Refinance,Principal_Residence,Withdrawn,,0,0.35349992509489747,28.12
2,95.0,185000,245000.0,78.353,Unknown,Race Not Available,CashOut_Refinance,Investment,Originated,1.0,0,0.35344144374055586,31.58
3,68.0,145000,195000.0,75.68,20%-<30%,White,CashOut_Refinance,Principal_Residence,Originated,1.0,0,0.36514971287140147,29.03
6,124.0,455000,565000.0,78.944,50%-60%,White,Home_Purchase,Principal_Residence,Originated,1.0,0,0.3607875426125145,18.6
0,185.0,565000,625000.0,90.0,36%-<43%,White,Home_Purchase,Principal_Residence,Originated,1.0,0,0.3876914807273207,19.51
3,85.0,475000,375000.0,78.353,Unknown,White,CashOut_Refinance,Principal_Residence,Withdrawn,,0,0.4135795433989287,45.41
0,120.0,565000,375000.0,78.353,Unknown,Asian,Home_Purchase,Principal_Residence,Withdrawn,,0,0.398875175347155,60.21
3,95.0,265000,375000.0,78.353,Unknown,Race Not Available,Refinance,Principal_Residence,Incomplete,,0,0.3951611400157204,16.43
1,550.0,205000,1055000.0,85.0,<20%,White,Home_Improvement,Principal_Residence,Approved_NotAccepted,,0,0.49177235999820423,17.83
3,85.0,395000,705000.0,56.371,36%-<43%,White,CashOut_Refinance,Principal_Residence,Originated,1.0,0,0.3928041574354677,16.2
3,118.0,235000,375000.0,78.353,Unknown,Race Not Available,Refinance,Principal_Residence,Withdrawn,,0,0.35486480017983596,59.96
1,686.0,2005000,3505000.0,57.14,30%-<36%,White,Other,Principal_Residence,Originated,1.0,2,0.6537457881698512,7.56
2,176.0,115000,375000.0,78.353,Exempt,White,Home_Improvement,Investment,Withdrawn,,0,0.37225195677259404,26.21
1,403.0,755000,955000.0,78.947,20%-<30%,Race Not Available,CashOut_Refinance,Principal_Residence,Denied,0.0,1,0.459505336188388,44.13
0,130.0,395000,405000.0,96.5,36%-<43%,Joint,Home_Purchase,Principal_Residence,Originated,1.0,0,0.38806428162267753,55.51
6,105.0,415000,425000.0,96.5,50%-60%,Race Not Available,Home_Purchase,Principal_Residence,Approved_NotAccepted,,0,0.3657771608552204,50.26
6,64.0,285000,355000.0,149.193,>60%,Black or African American,CashOut_Refinance,Principal_Residence,Denied,0.0,0,0.4766354592061201,87.08
5,195.0,125000,495000.0,78.81,36%-<43%,White,Other,Principal_Residence,Originated,1.0,0,0.35949348151691796,32.89
3,178.0,75000,375000.0,78.353,Unknown,White,Refinance,Principal_Residence,Withdrawn,,0,0.402280851456888,10.1
5,54.0,15000,55000.0,108.076,20%-<30%,White,Refinance,Principal_Residence,Denied,0.0,0,0.432328468318795,46.48
0,109.0,335000,355000.0,95.0,36%-<43%,Race Not Available,Home_Purchase,Principal_Residence,Originated,1.0,0,0.3923426717093827,79.81
3,94.0,405000,375000.0,78.353,Unknown,Race Not Available,CashOut_Refinance,Principal_Residence,Incomplete,,0,0.36873860344912124,75.81
0,77.0,295000,335000.0,78.353,Unknown,White,Home_Purchase,Principal_Residence,Purchased,,0,0.3577251781127936,30.53
0,168.0,45000,375000.0,78.353,Unknown,White,Home_Purchase,Principal_Residence,Withdrawn,,0,0.41004088045984965,18.46
1,501.0,365000,555000.0,65.812,20%-<30%,White,Home_Purchase,Principal_Residence,Originated,1.0,0,0.4299788740424023,8.08
6,103.0,385000,395000.0,96.5,50%-60%,White,Home_Purchase,Principal_Residence,Originated,1.0,0,0.36365619102166147,11.18
1,413.0,1125000,1405000.0,80.0,30%-<36%,White,Home_Purchase,Principal_Residence,Originated,1.0,1,0.5033738500267165,25.8
1,636.0,625000,925000.0,67.568,<20%,White,Home_Purchase,Principal_Residence,Originated,1.0,0,0.4804193835850986,27.24
3,57.0,205000,285000.0,71.429,36%-<43%,Race Not Available,CashOut_Refinance,Principal_Residence,Originated,1.0,0,0.35309433638506177,12.29
0,182.0,425000,675000.0,70.11,43%-<50%,White,Home_Purchase,Principal_Residence,Originated,1.0,0,0.40424604897816685,67.83
3,60.0,135000,335000.0,41.364,20%-<30%,Race Not Available,Refinance,Principal_Residence,Denied,0.0,0,0.4336229651699222,40.71
5,255.0,165000,675000.0,101.643,20%-<30%,White,Home_Improvement,Principal_Residence,Denied,0.0,0,0.4321013476733673,9.0
2,46.0,395000,615000.0,63.934,>60%,Race Not Available,CashOut_Refinance,Investment,Denied,0.0,0,0.5002080549687818,85.89
4,95.0,215000,255000.0,78.353,Unknown,Race Not Available,Refinance,Principal_Residence,Purchased,,0,0.3687539178346022,5.06
3,150.0,195000,335000.0,60.0,20%-<30%,White,CashOut_Refinance,Principal_Residence,Originated,1.0,0,0.3730995587775746,25.93
2,60.0,85000,375000.0,78.353,Unknown,Race Not Available,Refinance,Investment,Incomplete,,0,0.37017572343658395,7.73
5,55.0,15000,155000.0,40.523,36%-<43%,Black or African American,Other,Principal_Residence,Denied,0.0,0,0.5245829950695063,87.89
1,721.0,755000,855000.0,88.235,20%-<30%,White,Home_Purchase,Principal_Residence,Originated,1.0,1,0.48514010532941465,11.64
1,748.0,2325000,375000.0,78.353,Unknown,White,Home_Purchase,Principal_Residence,Withdrawn,,0,0.5396632536931888,29.92
5,24.0,105000,845000.0,55.52,20%-<30%,Race Not Available,Home_Improvement,Principal_Residence,Originated,1.0,0,0.401225703480401,17.8
6,93.0,55000,255000.0,79.51,50%-60%,White,Other,Principal_Residence,Originated,1.0,0,0.3753592129401392,19.78
0,63.0,65000,105000.0,60.0,20%-<30%,White,Home_Improvement,Principal_Residence,Originated,1.0,0,0.416171142301332,7.32
0,111.0,275000,285000.0,97.0,43%-<50%,White,Home_Purchase,Principal_Residence,Originated,1.0,0,0.3832765517129007,24.17
6,34.0,155000,205000.0,73.66,50%-60%,Race Not Available,CashOut_Refinance,Principal_Residence,Denied,0.0,0,0.38612120661218036,59.78
2,144.0,55000,75000.0,80.0,36%-<43%,Black or African American,Home_Purchase,Investment,Originated,1.0,0,0.4053872098860485,76.56
5,220.0,205000,725000.0,65.876,20%-<30%,White,Other,Principal_Residence,Originated,1.0,0,0.428617873895404,15.38
4,210.0,135000,135000.0,102.19,<20%,White,Home_Purchase,Principal_Residence,Approved_NotAccepted,,0,0.45486537043961256,11.88
0,157.0,455000,905000.0,50.0,43%-<50%,White,Home_Purchase,Principal_Residence,Originated,1.0,0,0.4040162013779662,24.2
0,240.0,525000,625000.0,85.0,20%-<30%,White,Home_Purchase,Principal_Residence,Originated,1.0,0,0.4111367032726012,11.96
3,36.0,75000,445000.0,16.854,43%-<50%,White,CashOut_Refinance,Principal_Residence,Originated,1.0,0,0.48682130715398464,71.1
5,48.0,35000,185000.0,77.26,20%-<30%,White,Other,Principal_Residence,Originated,1.0,0,0.4509010799078647,15.4
2,43.0,115000,155000.0,75.0,30%-<36%,Black or African American,Home_Purchase,Investment,Originated,1.0,0,0.3684902912623116,8.96
0,163.0,805000,1085000.0,74.074,36%-<43%,Asian,Home_Purchase,Principal_Residence,Approved_NotAccepted,,1,0.46478188077356664,56.38
3,185.0,365000,375000.0,78.353,Unknown,White,CashOut_Refinance,Principal_Residence,Withdrawn,,0,0.4171339015344774,8.3
3,59.0,325000,405000.0,80.0,36%-<43%,White,CashOut_Refinance,Principal_Residence,Denied,0.0,0,0.3827980896340407,73.47
3,71.0,125000,425000.0,29.412,20%-<30%,Race Not Available,CashOut_Refinance,Principal_Residence,Denied,0.0,0,0.43720252930029435,65.48
6,55.0,335000,455000.0,74.444,50%-60%,Asian,Refinance,Principal_Residence,Originated,1.0,0,0.3812636875835818,26.39
4,80.0,65000,375000.0,78.353,Unknown,Race Not Available,Home_Purchase,Principal_Residence,Incomplete,,0,0.4069984318352474,87.4
5,168.0,155000,1205000.0,45.839,43%-<50%,White,Other,Principal_Residence,Originated,1.0,1,0.4346400824960601,18.84
1,535.0,1095000,2355000.0,46.497,20%-<30%,White,CashOut_Refinance,Principal_Residence,Originated,1.0,2,0.5954074233471586,6.78
0,67.0,195000,375000.0,78.353,Unknown,White,Home_Purchase,Principal_Residence,Withdrawn,,0,0.36792694571156587,52.26
0,87.0,445000,375000.0,78.353,Unknown,Black or African American,Home_Purchase,Principal_Residence,Withdrawn,,0,0.38009135295076696,86.22
0,30.0,105000,375000.0,78.353,Unknown,White,Other,Principal_Residence,Withdrawn,,0,0.4549722612334214,11.74
5,126.0,75000,765000.0,85.714,<20%,Black or African American,Home_Purchase,Principal_Residence,Originated,1.0,1,0.46824796196897495,63.0
0,74.0,335000,375000.0,78.353,Unknown,Black or African American,Home_Purchase,Principal_Residence,Withdrawn,,0,0.3451149362499127,42.51
4,47.0,75000,115000.0,68.794,<20%,White,Home_Purchase,Principal_Residence,Originated,1.0,0,0.41897059665995223,8.17
6,66.0,225000,235000.0,96.5,50%-60%,White,Home_Purchase,Principal_Residence,Approved_NotAccepted,,0,0.36597217434583995,19.84
3,37.0,65000,125000.0,55.159,36%-<43%,White,CashOut_Refinance,Principal_Residence,Originated,1.0,0,0.4299125113469703,30.8
5,34.0,45000,275000.0,38.036,36%-<43%,Race Not Available,Home_Purchase,Principal_Residence,Denied,0.0,0,0.4316024750733568,71.11
0,332.0,1515000,2025000.0,75.0,36%-<43%,Asian,Home_Purchase,Principal_Residence,Originated,1.0,1,0.5497319263669279,70.46
6,80.0,325000,335000.0,96.5,50%-60%,Black or African American,Home_Purchase,Principal_Residence,Originated,1.0,0,0.3883557017789332,81.97
0,94.0,215000,335000.0,63.01,43%-<50%,White,Home_Improvement,Principal_Residence,Originated,1.0,0,0.3613152501644447,50.43
2,143.0,995000,1325000.0,74.925,20%-<30%,Race Not Available,Refinance,Investment,Originated,1.0,0,0.47336973284931383,7.69
3,106.0,445000,505000.0,89.71,36%-<43%,White,CashOut_Refinance,Principal_Residence,Originated,1.0,0,0.36832126926492953,44.79
6,31.0,65000,405000.0,36.156,>60%,White,Refinance,Principal_Residence,Denied,0.0,1,0.4991847703222707,21.59
6,239.0,895000,1005000.0,89.925,50%-60%,White,CashOut_Refinance,Principal_Residence,Originated,1.0,0,0.44085553809895434,24.98
4,95.0,165000,135000.0,78.353,Unknown,Race Not Available,Home_Purchase,Principal_Residence,Purchased,,0,0.3903211788255018,53.17
2,95.0,215000,285000.0,75.0,Unknown,White,Home_Purchase,Investment,Originated,1.0,0,0.3940731048476329,77.9
6,105.0,435000,435000.0,96.5,50%-60%,White,Home_Purchase,Principal_Residence,Originated,1.0,0,0.3891005337678664,43.97
3,95.0,75000,105000.0,73.271,Unknown,Black or African American,Refinance,Principal_Residence,Originated,1.0,0,0.38090857112554993,39.63
3,92.0,505000,695000.0,72.03,43%-<50%,Black or African American,CashOut_Refinance,Principal_Residence,Originated,1.0,0,0.41673561984936847,21.33
3,28.0,65000,375000.0,78.353,Unknown,Race Not Available,Refinance,Principal_Residence,Withdrawn,,0,0.36307458411784416,41.06
0,95.0,245000,255000.0,78.353,Unknown,Race Not Available,Home_Purchase,Principal_Residence,Purchased,,0,0.382056782623923,62.28
6,60.0,235000,335000.0,69.419,50%-60%,White,Home_Purchase,Principal_Residence,Originated,1.0,0,0.37621438937813967,72.92
6,326.0,1005000,1305000.0,93.9,>60%,Race Not Available,Home_Improvement,Principal_Residence,Denied,0.0,1,0.5326494017450316,16.83
0,82.0,155000,215000.0,72.0,20%-<30%,White,Home_Purchase,Principal_Residence,Originated,1.0,0,0.38771177517290284,15.76
0,73.0,335000,375000.0,78.353,Unknown,White,Home_Purchase,Principal_Residence,Withdrawn,,0,0.38013100263803856,84.7
0,165.0,485000,605000.0,80.0,20%-<30%,Race Not Available,Home_Purchase,Principal_Residence,Originated,1.0,0,0.3946167272924598,39.71
0,95.0,175000,185000.0,78.353,Unknown,Race Not Available,Home_Purchase,Principal_Residence,Purchased,,0,0.3523573410755502,42.74
0,95.0,525000,665000.0,78.353,Unknown,Race Not Available,Home_Purchase,Principal_Residence,Purchased,,0,0.4247987499867112,20.04
3,95.0,435000,375000.0,78.353,Unknown,Race Not Available,Refinance,Principal_Residence,Purchased,,0,0.3791864492999206,48.79
3,125.0,325000,405000.0,80.0,43%-<50%,White,CashOut_Refinance,Principal_Residence,Originated,1.0,0,0.35718578443706295,12.73
0,191.0,385000,505000.0,75.0,43%-<50%,White,Home_Purchase,Principal_Residence,Originated,1.0,0,0.3707008574057661,33.45
3,121.0,455000,605000.0,74.38,36%-<43%,Joint,CashOut_Refinance,Principal_Residence,Originated,1.0,0,0.3763930237300747,27.75
0,95.0,255000,265000.0,78.353,Unknown,Race Not Available,Home_Purchase,Principal_Residence,Purchased,,0,0.3987000187897416,84.97
0,133.0,475000,375000.0,78.353,Unknown,White,Home_Purchase,Principal_Residence,Withdrawn,,0,0.3707687488659571,15.99
0,179.0,295000,335000.0,88.209,30%-<36%,White,Home_Purchase,Principal_Residence,Originated,1.0,0,0.3577250850620205,35.67
3,60.0,115000,305000.0,37.0,36%-<43%,White,Refinance,Principal_Residence,Denied,0.0,0,0.42474844948335727,10.93
3,96.0,75000,375000.0,78.353,Unknown,Black or African American,Refinance,Principal_Residence,Denied,0.0,0,0.3997557619596313,39.46
0,58.0,275000,375000.0,78.353,Unknown,Asian,Home_Purchase,Principal_Residence,Withdrawn,,0,0.38933183659163645,85.9
2,68.0,105000,375000.0,78.353,Unknown,Asian,Home_Purchase,Investment,Withdrawn,,0,0.3934079827981902,31.11
3,24.0,25000,315000.0,6.31,36%-<43%,White,Home_Improvement,Principal_Residence,Originated,1.0,0,0.4722476864996712,7.31
0,83.0,305000,385000.0,80.0,36%-<43%,Race Not Available,Home_Purchase,Principal_Residence,Originated,1.0,0,0.37860041717733534,59.88
0,153.0,475000,505000.0,94.966,43%-<50%,White,Home_Purchase,Principal_Residence,Originated,1.0,0,0.38212429103484696,27.98
3,54.0,225000,375000.0,78.353,Unknown,White,CashOut_Refinance,Principal_Residence,Withdrawn,,0,0.351434603023295,43.89
0,155.0,295000,415000.0,71.951,<20%,White,Home_Purchase,Principal_Residence,Originated,1.0,0,0.4030064164074143,55.41
5,111.0,15000,505000.0,101.432,43%-<50%,White,Home_Purchase,Principal_Residence,Originated,1.0,0,0.42713278383590464,60.23
0,52.0,205000,205000.0,96.5,36%-<43%,White,Home_Purchase,Principal_Residence,Originated,1.0,0,0.4165331675332791,84.94
3,58.0,135000,185000.0,74.054,30%-<36%,White,Refinance,Principal_Residence,Originated,1.0,0,0.40775743337344506,12.26
0,168.0,445000,465000.0,95.0,43%-<50%,White,Home_Purchase,Principal_Residence,Originated,1.0,0,0.43625769000533604,62.38
3,65.0,205000,375000.0,78.353,Unknown,Race Not Available,Refinance,Principal_Residence,Incomplete,,0,0.37299753050911566,75.77
3,202.0,495000,675000.0,74.0,20%-<30%,White,CashOut_Refinance,Principal_Residence,Approved_NotAccepted,,0,0.3896877339733162,7.55
3,146.0,325000,545000.0,60.0,30%-<36%,White,CashOut_Refinance,Principal_Residence,Originated,1.0,0,0.4448659192736051,7.73
6,106.0,615000,695000.0,87.673,50%-60%,White,CashOut_Refinance,Principal_Residence,Originated,1.0,0,0.39156395185218634,44.84
0,144.0,475000,375000.0,78.353,Unknown,Black or African American,Home_Purchase,Principal_Residence,Withdrawn,,0,0.368770838113914,63.36
0,120.0,315000,345000.0,89.9,43%-<50%,White,Home_Improvement,Principal_Residence,Originated,1.0,0,0.366859270899291,7.64
0,136.0,545000,1045000.0,55.075,36%-<43%,Joint,Home_Purchase,Principal_Residence,Originated,1.0,0,0.45082803965556734,9.62
2,135.0,125000,375000.0,78.353,Unknown,White,CashOut_Refinance,Investment,Withdrawn,,0,0.3955419175601313,21.8
6,71.0,305000,345000.0,90.0,50%-60%,White,Refinance,Principal_Residence,Approved_NotAccepted,,0,0.3678329348629615,34.1
4,95.0,25000,375000.0,78.353,Unknown,Race Not Available,Home_Purchase,Principal_Residence,Purchased,,0,0.40906869159378495,12.32
0,123.0,455000,445000.0,100.0,36%-<43%,White,Home_Purchase,Principal_Residence,Denied,0.0,0,0.3890603599092356,14.93
0,72.0,215000,245000.0,85.0,30%-<36%,White,Home_Purchase,Principal_Residence,Originated,1.0,0,0.35788561008230735,11.0
0,95.0,455000,505000.0,78.353,Unknown,Race Not Available,Home_Purchase,Principal_Residence,Purchased,,0,0.3823527394373619,36.1
4,95.0,175000,295000.0,59.242,Unknown,Race Not Available,Refinance,Principal_Residence,Originated,1.0,0,0.36896531810402927,8.46
6,57.0,115000,115000.0,96.5,50%-60%,White,Home_Purchase,Principal_Residence,Denied,0.0,0,0.3687604553412622,13.95
5,175.0,255000,965000.0,67.3407,43%-<50%,White,Home_Purchase,Principal_Residence,Denied,0.0,1,0.46690158615184746,22.77
6,16.0,55000,925000.0,5.417,>60%,White,Refinance,Principal_Residence,Denied,0.0,1,0.579220003171531,18.55
2,95.0,345000,495000.0,69.3,Unknown,Race Not Available,Home_Purchase,Investment,Originated,1.0,0,0.4306911618073853,27.29
6,55.0,285000,295000.0,96.5,>60%,Black or African American,Home_Purchase,Principal_Residence,Denied,0.0,0,0.36515124044761066,16.24
6,62.0,345000,355000.0,96.0,50%-60%,White,Home_Purchase,Principal_Residence,Originated,1.0,0,0.454744777011214,55.91
0,72.0,375000,355000.0,100.0,43%-<50%,White,Home_Purchase,Principal_Residence,Originated,1.0,0,0.3703145223966908,35.03
6,0.0,235000,245000.0,95.0,>60%,White,Home_Purchase,Principal_Residence,Approved_NotAccepted,,0,0.37291195864249294,12.84
1,336.0,25000,35000.0,66.667,<20%,White,Other,Principal_Residence,Denied,0.0,0,0.4252434893557472,9.93
5,174.0,85000,875000.0,77.45,36%-<43%,Race Not Available,CashOut_Refinance,Principal_Residence,Denied,0.0,0,0.4064374374475162,58.21
0,71.0,295000,305000.0,96.5,43%-<50%,White,Home_Purchase,Principal_Residence,Originated,1.0,0,0.39501953025300557,76.64
0,66.0,235000,225000.0,102.3,43%-<50%,Race Not Available,Home_Purchase,Principal_Residence,Originated,1.0,0,0.38245269574808827,21.74
6,34.0,125000,245000.0,52.084,>60%,White,CashOut_Refinance,Principal_Residence,Denied,0.0,0,0.4287257130167145,66.81
5,44.0,15000,365000.0,30.314,43%-<50%,White,CashOut_Refinance,Principal_Residence,Denied,0.0,0,0.45586877818284877,52.53
3,54.0,265000,375000.0,70.0,36%-<43%,Race Not Available,CashOut_Refinance,Principal_Residence,Originated,1.0,0,0.3786550843164075,62.12
5,128.0,155000,335000.0,50.689,30%-<36%,White,Home_Purchase,Second_Residence,Originated,1.0,1,0.4900691835530562,55.04
3,44.0,135000,655000.0,20.615,36%-<43%,White,CashOut_Refinance,Principal_Residence,Originated,1.0,0,0.5164786037386152,86.12
5,255.0,25000,225000.0,11.112,20%-<30%,White,Home_Improvement,Principal_Residence,Denied,0.0,1,0.4877937749900624,31.52
0,120.0,315000,375000.0,78.353,Unknown,White,Home_Purchase,Principal_Residence,Withdrawn,,0,0.3529491385875887,10.03
3,23.0,105000,125000.0,80.0,36%-<43%,White,CashOut_Refinance,Principal_Residence,Originated,1.0,0,0.3755827623571376,10.5
3,56.0,75000,265000.0,28.64,20%-<30%,White,Home_Purchase,Principal_Residence,Originated,1.0,0,0.42015652042683777,19.62
3,145.0,525000,755000.0,69.8,30%-<36%,White,CashOut_Refinance,Principal_Residence,Originated,1.0,0,0.3781215838461454,30.72
5,38.0,35000,375000.0,78.353,43%-<50%,White,Home_Improvement,Principal_Residence,Denied,0.0,0,0.4176774694142494,10.93
3,28.0,685000,1355000.0,78.353,Unknown,White,Refinance,Principal_Residence,Denied,0.0,0,0.46465642077683156,52.44
5,145.0,105000,1225000.0,48.688,36%-<43%,Black or African American,Other,Principal_Residence,Approved_NotAccepted,,0,0.4493170941746981,60.98
0,45.0,275000,375000.0,78.353,Unknown,White,Other,Principal_Residence,Incomplete,,0,0.35471419322526326,41.01
1,4007.0,1295000,1625000.0,80.0,<20%,White,Home_Purchase,Principal_Residence,Originated,1.0,1,0.5993386836092376,25.69
3,99.0,345000,375000.0,78.353,Unknown,Race Not Available,CashOut_Refinance,Principal_Residence,Incomplete,,0,0.40838095527298496,6.04
3,99.0,345000,375000.0,78.353,Unknown,Race Not Available,CashOut_Refinance,Principal_Residence,Withdrawn,,0,0.3656572285469771,43.12
2,95.0,95000,375000.0,78.353,Exempt,Race Not Available,Refinance,Investment,Originated,1.0,0,0.3719020994784421,22.34
6,37.0,325000,335000.0,95.0,>60%,Joint,Home_Purchase,Principal_Residence,Denied,0.0,0,0.4028736181515793,84.7
5,165.0,55000,515000.0,79.976,<20%,White,Home_Improvement,Principal_Residence,Originated,1.0,0,0.44903991249078107,12.96
5,164.0,65000,465000.0,69.705,20%-<30%,White,Refinance,Principal_Residence,Originated,1.0,0,0.386193907715463,20.98
6,97.0,865000,875000.0,98.189,>60%,White,Home_Purchase,Principal_Residence,Denied,0.0,1,0.4618912635733568,22.95
2,95.0,95000,115000.0,80.0,Unknown,Race Not Available,Refinance,Investment,Originated,1.0,0,0.4014448118189257,25.78
0,95.0,615000,775000.0,78.353,Unknown,Race Not Available,Home_Purchase,Principal_Residence,Purchased,,0,0.41199658778354364,11.04
0,115.0,445000,565000.0,80.0,36%-<43%,White,Home_Purchase,Principal_Residence,Originated,1.0,0,0.4146073936896124,36.3
3,115.0,165000,375000.0,78.353,Unknown,White,Refinance,Principal_Residence,Incomplete,,0,0.42767246198223063,75.39
0,120.0,565000,595000.0,95.0,43%-<50%,White,Home_Purchase,Principal_Residence,Originated,1.0,1,0.4511602685074398,18.07
6,72.0,145000,475000.0,100.505,>60%,Race Not Available,Home_Improvement,Principal_Residence,Denied,0.0,0,0.4386726424491129,29.95
5,142.0,85000,705000.0,72.481,43%-<50%,White,Refinance,Principal_Residence,Originated,1.0,0,0.39723726564478506,41.31
2,86.0,165000,225000.0,75.0,30%-<36%,White,Refinance,Investment,Originated,1.0,0,0.4164197713960564,95.05
0,121.0,455000,505000.0,90.0,36%-<43%,White,Home_Purchase,Principal_Residence,Originated,1.0,0,0.4041534912336831,77.89
0,119.0,335000,355000.0,78.353,Unknown,Asian,Home_Purchase,Principal_Residence,Purchased,,0,0.3516995798178116,48.22
0,87.0,265000,335000.0,80.0,43%-<50%,White,Home_Purchase,Principal_Residence,Originated,1.0,0,0.4131226350745907,26.27
0,68.0,275000,335000.0,83.33,43%-<50%,Black or African American,Home_Purchase,Principal_Residence,Preapproval_Approved_NotAccepted,,1,0.5126360081774077,0.0
5,80.0,75000,375000.0,78.353,Unknown,White,Other,Principal_Residence,Incomplete,,0,0.352431382817905,13.25
0,95.0,315000,335000.0,95.0,20%-<30%,Asian,Home_Purchase,Principal_Residence,Originated,1.0,0,0.3960827927699901,69.04
3,29.0,75000,225000.0,33.33,43%-<50%,White,CashOut_Refinance,Principal_Residence,Originated,1.0,0,0.4331656866119938,9.32
6,98.0,75000,425000.0,69.528,>60%,White,Home_Improvement,Principal_Residence,Denied,0.0,0,0.37479129617461315,46.48
2,114.0,375000,505000.0,75.0,30%-<36%,White,Refinance,Investment,Originated,1.0,0,0.41935771585764614,40.93
5,70.0,185000,405000.0,62.53,43%-<50%,Race Not Available,Other,Principal_Residence,Denied,0.0,0,0.3652370232356552,49.21
0,95.0,625000,615000.0,78.353,Unknown,Race Not Available,Home_Purchase,Principal_Residence,Purchased,,0,0.42162716111126525,38.63
6,113.0,485000,545000.0,90.0,50%-60%,White,CashOut_Refinance,Principal_Residence,Originated,1.0,0,0.40889321707551357,78.29
3,43.0,85000,85000.0,97.701,36%-<43%,Race Not Available,CashOut_Refinance,Principal_Residence,Denied,0.0,0,0.40531313969044863,4.41
3,0.0,175000,225000.0,80.0,<20%,Race Not Available,CashOut_Refinance,Principal_Residence,Denied,0.0,0,0.36893422206714444,17.95
6,23.0,125000,275000.0,45.455,>60%,American Indian or Alaska Native,CashOut_Refinance,Second_Residence,Denied,0.0,0,0.39992477706052315,16.81
3,201.0,605000,905000.0,67.0,20%-<30%,White,CashOut_Refinance,Principal_Residence,Originated,1.0,0,0.43407339836731346,21.36
1,858.0,205000,515000.0,86.26,<20%,White,Home_Improvement,Principal_Residence,Originated,1.0,1,0.48603479811137695,18.98
3,137.0,325000,445000.0,73.864,36%-<43%,White,Refinance,Principal_Residence,Originated,1.0,0,0.4232204277733054,91.64
3,67.0,175000,285000.0,62.5,<20%,White,CashOut_Refinance,Principal_Residence,Originated,1.0,0,0.4037540453279105,39.4
3,64.0,215000,305000.0,72.0,36%-<43%,White,CashOut_Refinance,Principal_Residence,Originated,1.0,0,0.4052898252773752,52.02
3,36.0,165000,255000.0,66.0,36%-<43%,White,CashOut_Refinance,Principal_Residence,Originated,1.0,0,0.36606563784812113,34.56
4,60.0,155000,165000.0,94.0,Unknown,White,Home_Purchase,Principal_Residence,Denied,0.0,2,0.5517220273287908,0.0
0,114.0,245000,305000.0,80.0,20%-<30%,White,Home_Purchase,Principal_Residence,Originated,1.0,0,0.34818834082985783,20.23
1,1164.0,505000,4255000.0,52.7,<20%,White,Other,Principal_Residence,Denied,0.0,3,0.6794685949260441,45.46
1,275.0,605000,675000.0,90.0,<20%,White,Home_Purchase,Principal_Residence,Originated,1.0,0,0.43758298188738115,19.7
2,95.0,75000,125000.0,69.95,Unknown,Race Not Available,Home_Purchase,Investment,Originated,1.0,1,0.5143877871850563,76.94
3,85.0,335000,495000.0,66.532,43%-<50%,Race Not Available,CashOut_Refinance,Principal_Residence,Originated,1.0,0,0.37700883344375874,49.42
3,89.0,165000,375000.0,78.353,Unknown,Race Not Available,CashOut_Refinance,Principal_Residence,Withdrawn,,0,0.3571317344944738,40.29
0,90.0,185000,195000.0,95.0,30%-<36%,White,Home_Purchase,Principal_Residence,Originated,1.0,0,0.3605691844826151,17.93
5,130.0,75000,515000.0,45.65,20%-<30%,White,Home_Improvement,Principal_Residence,Originated,1.0,0,0.45728759603362695,32.74
3,54.0,185000,335000.0,57.273,36%-<43%,White,Refinance,Principal_Residence,Originated,1.0,0,0.3727073542914744,41.41
3,43.0,115000,375000.0,78.353,Unknown,White,Refinance,Principal_Residence,Incomplete,,0,0.36367354326314627,64.05
0,71.0,235000,245000.0,95.0,36%-<43%,Race Not Available,Home_Purchase,Principal_Residence,Originated,1.0,0,0.35588440931315374,22.69
0,63.0,65000,175000.0,37.0,20%-<30%,White,Home_Purchase,Principal_Residence,Originated,1.0,0,0.4365596050283522,41.8
0,92.0,355000,375000.0,95.0,36%-<43%,White,Home_Purchase,Principal_Residence,Originated,1.0,0,0.36249882065180716,48.47
3,41.0,85000,155000.0,57.237,20%-<30%,White,CashOut_Refinance,Principal_Residence,Originated,1.0,0,0.38813760389878127,10.06
0,87.0,235000,255000.0,95.0,36%-<43%,White,Home_Purchase,Principal_Residence,Originated,1.0,0,0.35559488712176524,37.84
0,184.0,365000,465000.0,80.0,36%-<43%,White,Home_Purchase,Principal_Residence,Originated,1.0,0,0.36296205689660455,41.08
1,385.0,545000,375000.0,78.353,Unknown,Race Not Available,Home_Purchase,Principal_Residence,Originated,1.0,0,0.4292820170844764,86.87
3,166.0,185000,555000.0,32.964,<20%,White,CashOut_Refinance,Principal_Residence,Denied,0.0,0,0.4663109478446067,90.4
2,105.0,195000,255000.0,75.0,36%-<43%,White,Home_Purchase,Investment,Denied,0.0,0,0.3520152241257944,10.59
3,210.0,195000,375000.0,78.353,Unknown,White,Refinance,Principal_Residence,Withdrawn,,0,0.3558272126897332,44.65
3,145.0,195000,795000.0,25.0,20%-<30%,Asian,Refinance,Principal_Residence,Originated,1.0,0,0.5132842818739075,13.28
1,444.0,655000,375000.0,78.353,Exempt,White,Refinance,Principal_Residence,Withdrawn,,0,0.47093985109481795,32.74
3,180.0,105000,915000.0,10.942,36%-<43%,White,Home_Purchase,Principal_Residence,Originated,1.0,0,0.4855796318334199,17.95
2,297.0,55000,75000.0,79.167,20%-<30%,White,Home_Purchase,Investment,Originated,1.0,0,0.4109552510222953,6.83
6,29.0,585000,875000.0,66.514,>60%,Race Not Available,Refinance,Principal_Residence,Denied,0.0,0,0.4374265638563205,58.24
5,247.0,135000,705000.0,70.0,36%-<43%,Black or African American,Home_Improvement,Principal_Residence,Originated,1.0,0,0.4346719088933706,29.08
6,248.0,605000,1645000.0,80.0,50%-60%,White,Refinance,Principal_Residence,Originated,1.0,1,0.5272207460930114,22.06
3,38.0,75000,115000.0,70.0,43%-<50%,Race Not Available,CashOut_Refinance,Principal_Residence,Originated,1.0,0,0.3753309814878192,28.76
1,955.0,1925000,375000.0,78.353,Unknown,Race Not Available,Refinance,Principal_Residence,Withdrawn,,0,0.5335667033763702,30.79
5,83.0,155000,325000.0,80.065,43%-<50%,White,Home_Improvement,Principal_Residence,Originated,1.0,0,0.4610563382884696,26.89
0,79.0,255000,265000.0,97.0,43%-<50%,White,Home_Purchase,Principal_Residence,Originated,1.0,0,0.3779448649444798,64.0
0,124.0,375000,385000.0,101.416,30%-<36%,Asian,Home_Purchase,Principal_Residence,Originated,1.0,0,0.39079521853856286,26.64
0,95.0,1385000,1855000.0,78.353,Unknown,Race Not Available,Home_Purchase,Principal_Residence,Purchased,,0,0.5177411066813291,22.12
2,81.0,135000,185000.0,70.757,20%-<30%,White,Home_Purchase,Investment,Originated,1.0,0,0.3580709799516644,46.55
0,182.0,415000,555000.0,74.996,30%-<36%,Joint,Home_Purchase,Principal_Residence,Originated,1.0,1,0.4235450628598345,27.55
0,120.0,375000,375000.0,78.353,Unknown,Asian,Home_Purchase,Principal_Residence,Withdrawn,,0,0.387929634467074,25.86
0,31.0,175000,265000.0,78.353,Unknown,Race Not Available,Home_Purchase,Principal_Residence,Purchased,,0,0.35701010117045007,30.06
2,100.0,545000,1025000.0,53.75,>60%,Race Not Available,Home_Purchase,Investment,Denied,0.0,0,0.42455998849408244,22.13
0,95.0,95000,105000.0,96.5,Unknown,White,Home_Purchase,Principal_Residence,Preapproval_Denied,,2,0.527540117480433,0.0
6,10.0,55000,65000.0,72.464,>60%,Black or African American,CashOut_Refinance,Principal_Residence,Denied,0.0,0,0.5122780130607462,94.58
0,29.0,135000,145000.0,78.353,Unknown,White,Home_Purchase,Principal_Residence,Purchased,,0,0.44799175819927717,93.81
2,88.0,475000,785000.0,60.0,>60%,White,Home_Purchase,Investment,Denied,0.0,0,0.4749765226214426,12.39
0,75.0,245000,255000.0,96.5,43%-<50%,White,Home_Purchase,Principal_Residence,Originated,1.0,0,0.38145198919245044,12.69
3,39.0,165000,375000.0,78.353,Unknown,Race Not Available,CashOut_Refinance,Principal_Residence,Withdrawn,,0,0.4252199579477764,70.53
5,115.0,15000,275000.0,101.5,36%-<43%,American Indian or Alaska Native,Home_Purchase,Principal_Residence,Originated,1.0,0,0.5129199425836207,93.23
0,154.0,225000,275000.0,80.0,36%-<43%,Race Not Available,Home_Purchase,Second_Residence,Originated,1.0,0,0.3577073467876247,30.92
6,112.0,435000,435000.0,100.0,50%-60%,White,Home_Purchase,Principal_Residence,Denied,0.0,0,0.4227935765739414,92.19
3,96.0,185000,375000.0,78.353,Unknown,White,CashOut_Refinance,Principal_Residence,Withdrawn,,0,0.35653435547776846,5.21
4,99.0,75000,95000.0,78.95,20%-<30%,White,Home_Improvement,Principal_Residence,Denied,0.0,0,0.3807607980051952,5.38
0,45.0,145000,165000.0,78.353,Unknown,Race Not Available,Home_Purchase,Principal_Residence,Purchased,,0,0.35975189253603,21.8
3,125.0,245000,485000.0,51.77,36%-<43%,White,CashOut_Refinance,Principal_Residence,Originated,1.0,0,0.4040458411109229,13.87
0,51.0,275000,275000.0,78.353,Unknown,White,Home_Purchase,Principal_Residence,Purchased,,0,0.3506606724711582,14.56
0,174.0,785000,875000.0,90.0,36%-<43%,Asian,Home_Purchase,Principal_Residence,Originated,1.0,1,0.4426170191172873,19.27
5,43.0,25000,375000.0,78.353,Exempt,White,Refinance,Principal_Residence,Originated,1.0,0,0.37410864205464567,17.71
0,264.0,435000,375000.0,78.353,Unknown,Race Not Available,Home_Purchase,Principal_Residence,Incomplete,,0,0.36831096334302404,23.53
0,52.0,265000,375000.0,78.353,Unknown,White,Home_Purchase,Principal_Residence,Withdrawn,,0,0.36013015042719504,51.28
1,398.0,315000,1445000.0,25.95,<20%,White,Other,Principal_Residence,Denied,0.0,2,0.6032714832121897,26.49
0,95.0,165000,275000.0,78.353,Unknown,Race Not Available,NotApplicable,Principal_Residence,Purchased,,0,0.3622900072312324,12.19
3,225.0,285000,975000.0,30.0,20%-<30%,White,Refinance,Principal_Residence,Originated,1.0,0,0.4669688635803327,50.16
3,126.0,345000,425000.0,80.0,30%-<36%,White,CashOut_Refinance,Principal_Residence,Originated,1.0,0,0.3505338359615055,19.98
0,191.0,495000,695000.0,71.31,36%-<43%,Asian,Home_Purchase,Principal_Residence,Originated,1.0,0,0.4120759578983834,40.09
3,120.0,385000,495000.0,76.77,36%-<43%,Race Not Available,CashOut_Refinance,Principal_Residence,Originated,1.0,0,0.35294656443755745,16.9
0,105.0,335000,375000.0,90.0,43%-<50%,White,Home_Purchase,Principal_Residence,Originated,1.0,0,0.3536011400762542,32.22
4,100.0,125000,375000.0,78.353,Unknown,White,Home_Purchase,Principal_Residence,Withdrawn,,2,0.5336846388130646,0.0
5,133.0,45000,555000.0,79.997,20%-<30%,White,Home_Improvement,Principal_Residence,Approved_NotAccepted,,0,0.3881470346332207,24.65
4,110.0,225000,375000.0,78.353,Unknown,Asian,Home_Purchase,Principal_Residence,Incomplete,,0,0.34544120044319393,15.76
3,89.0,265000,265000.0,100.0,36%-<43%,Black or African American,CashOut_Refinance,Principal_Residence,Originated,1.0,0,0.3931701201674261,41.11
3,130.0,105000,455000.0,22.222,20%-<30%,White,Home_Improvement,Second_Residence,Denied,0.0,0,0.4551177739191046,7.36
0,95.0,265000,315000.0,78.353,Unknown,Race Not Available,Home_Purchase,Principal_Residence,Purchased,,0,0.3496032954124628,26.67
3,96.0,285000,555000.0,51.9,36%-<43%,Race Not Available,CashOut_Refinance,Principal_Residence,Originated,1.0,1,0.5100205819719277,79.99
3,51.0,195000,255000.0,78.0,36%-<43%,Black or African American,Refinance,Principal_Residence,Originated,1.0,0,0.41252396399222363,96.02
0,124.0,625000,775000.0,80.0,36%-<43%,American Indian or Alaska Native,Home_Purchase,Principal_Residence,Originated,1.0,0,0.3896651622916374,13.46
5,82.0,45000,375000.0,78.353,Unknown,White,CashOut_Refinance,Principal_Residence,Incomplete,,0,0.3993634879005298,24.31
1,3472.0,8005000,11505000.0,69.565,20%-<30%,Race Not Available,Home_Purchase,Principal_Residence,Preapproval_Approved_NotAccepted,,5,0.7588357717701771,0.0
0,65.0,165000,375000.0,78.353,Unknown,White,Home_Purchase,Principal_Residence,Incomplete,,0,0.3783030288786622,6.7
5,88.0,85000,865000.0,53.63,43%-<50%,Joint,Home_Improvement,Principal_Residence,Originated,1.0,0,0.4108553524125677,53.66
6,48.0,575000,575000.0,100.0,>60%,Race Not Available,Home_Purchase,Principal_Residence,Denied,0.0,0,0.4016317415110131,25.25
3,115.0,275000,425000.0,65.0,36%-<43%,White,CashOut_Refinance,Principal_Residence,Originated,1.0,0,0.36564825187065425,47.02
3,0.0,295000,375000.0,78.353,Unknown,Race Not Available,CashOut_Refinance,Principal_Residence,Withdrawn,,0,0.37055150014020594,47.14
3,83.0,325000,325000.0,100.0,30%-<36%,White,CashOut_Refinance,Principal_Residence,Denied,0.0,0,0.37535630593936725,43.59
3,249.0,605000,2005000.0,78.353,Unknown,Race Not Available,CashOut_Refinance,Principal_Residence,Purchased,,0,0.5558271258367512,4.16
5,128.0,55000,295000.0,66.061,43%-<50%,American Indian or Alaska Native,Other,Principal_Residence,Denied,0.0,0,0.3823119262081283,22.85
5,133.0,125000,295000.0,89.31,20%-<30%,White,Other,Principal_Residence,Originated,1.0,0,0.35848357488854266,18.79
2,65.0,275000,375000.0,72.973,36%-<43%,White,Home_Purchase,Investment,Originated,1.0,0,0.38539263653171757,61.19
5,114.0,105000,365000.0,67.336,36%-<43%,White,Refinance,Principal_Residence,Originated,1.0,0,0.3712330160901402,31.17
0,261.0,805000,1405000.0,56.86,20%-<30%,Race Not Available,Other,Second_Residence,Originated,1.0,1,0.4831902312192884,8.55
2,277.0,205000,275000.0,75.0,<20%,White,Home_Purchase,Investment,Originated,1.0,0,0.37776524098932857,47.57
5,102.0,35000,355000.0,89.96,30%-<36%,White,CashOut_Refinance,Principal_Residence,Originated,1.0,0,0.4482048238238332,14.62
0,86.0,255000,325000.0,80.0,36%-<43%,White,Home_Purchase,Principal_Residence,Originated,1.0,0,0.39185763508074706,82.37
3,87.0,235000,305000.0,79.0,36%-<43%,White,CashOut_Refinance,Principal_Residence,Originated,1.0,0,0.3701390211250591,56.15
2,95.0,65000,85000.0,75.0,Unknown,Race Not Available,Refinance,Investment,Originated,1.0,0,0.3678388204010822,38.1
1,323.0,295000,435000.0,67.05,36%-<43%,White,Refinance,Principal_Residence,Originated,1.0,0,0.4768697928466834,9.34
0,95.0,395000,435000.0,78.353,Unknown,Race Not Available,Home_Purchase,Principal_Residence,Purchased,,0,0.42514012291088027,88.64
0,195.0,375000,395000.0,95.0,36%-<43%,White,Home_Purchase,Principal_Residence,Originated,1.0,0,0.3751629416244465,17.07
3,34.0,65000,355000.0,17.465,30%-<36%,Race Not Available,Refinance,Principal_Residence,Originated,1.0,0,0.49921585903847726,47.81
3,95.0,85000,135000.0,63.05,Unknown,White,Refinance,Principal_Residence,Originated,1.0,0,0.3932843111351614,5.84
0,45.0,205000,345000.0,57.307,36%-<43%,White,Home_Purchase,Principal_Residence,Originated,1.0,0,0.37184634147141366,10.04
4,31.0,95000,95000.0,78.353,43%-<50%,White,Home_Purchase,Principal_Residence,Originated,1.0,0,0.4194314306370637,4.98
3,124.0,285000,365000.0,80.0,30%-<36%,White,CashOut_Refinance,Principal_Residence,Originated,1.0,0,0.3952279536323048,38.64
3,164.0,395000,375000.0,78.353,Unknown,White,CashOut_Refinance,Principal_Residence,Withdrawn,,0,0.3515922875299549,24.18
0,45.0,155000,375000.0,78.353,Unknown,White,Home_Purchase,Principal_Residence,Withdrawn,,0,0.3793918262666134,80.37
0,65.0,435000,435000.0,99.927,36%-<43%,White,Home_Purchase,Principal_Residence,Originated,1.0,0,0.39108437724190537,20.21
1,276.0,365000,575000.0,63.0,<20%,White,Refinance,Principal_Residence,Originated,1.0,1,0.4947501638127644,35.05
0,66.0,305000,515000.0,58.25,43%-<50%,Joint,Home_Purchase,Principal_Residence,Approved_NotAccepted,,0,0.39418065769323624,9.93
3,26.0,95000,275000.0,34.545,43%-<50%,Black or African American,Refinance,Principal_Residence,Originated,1.0,0,0.43990164741526655,49.17
6,40.0,15000,205000.0,36.5,>60%,Black or African American,Other,Principal_Residence,Denied,0.0,0,0.4656997324846546,70.87
5,195.0,505000,1275000.0,64.16,36%-<43%,White,CashOut_Refinance,Principal_Residence,Originated,1.0,0,0.434178795881479,30.74
4,43.0,75000,75000.0,78.353,20%-<30%,White,Home_Purchase,Principal_Residence,Denied,0.0,0,0.40835196644278476,7.82
0,81.0,405000,375000.0,78.353,Unknown,White,Home_Purchase,Principal_Residence,Withdrawn,,0,0.34884308427016836,19.71
2,157.0,235000,365000.0,66.389,20%-<30%,White,Home_Purchase,Investment,Originated,1.0,0,0.374720070689309,9.0
3,60.0,145000,175000.0,79.964,30%-<36%,Race Not Available,Refinance,Principal_Residence,Originated,1.0,0,0.3771227022886653,8.82
3,61.0,155000,205000.0,75.0,43%-<50%,Race Not Available,CashOut_Refinance,Principal_Residence,Originated,1.0,0,0.40776919174258225,8.4
4,56.0,365000,355000.0,78.353,>60%,American Indian or Alaska Native,Home_Purchase,Principal_Residence,Denied,0.0,0,0.4622562400955224,0.0
0,41.0,175000,375000.0,78.353,Unknown,White,Home_Purchase,Principal_Residence,Incomplete,,0,0.36690681974208095,35.31
0,169.0,575000,615000.0,95.0,36%-<43%,Race Not Available,Home_Purchase,Principal_Residence,Originated,1.0,1,0.4540384458291756,43.77
5,107.0,65000,215000.0,56.055,36%-<43%,White,Home_Improvement,Principal_Residence,Originated,1.0,0,0.45492952378214385,90.04
0,87.0,205000,205000.0,97.0,43%-<50%,White,Home_Purchase,Principal_Residence,Originated,1.0,0,0.37885127967274657,63.49
5,72.0,105000,245000.0,100.53,43%-<50%,White,Home_Improvement,Principal_Residence,Denied,0.0,0,0.393617921807188,47.67
3,90.0,225000,355000.0,62.82,30%-<36%,White,CashOut_Refinance,Principal_Residence,Denied,0.0,0,0.37784561081129464,19.09
5,171.0,255000,945000.0,77.8,36%-<43%,White,Refinance,Principal_Residence,Originated,1.0,0,0.45955342325513937,16.2
3,45.0,105000,375000.0,78.353,Unknown,Race Not Available,CashOut_Refinance,Principal_Residence,Withdrawn,,0,0.3712141785617022,75.7
3,104.0,495000,615000.0,80.0,30%-<36%,White,CashOut_Refinance,Principal_Residence,Originated,1.0,0,0.3799966698551059,11.42
3,43.0,155000,155000.0,102.0,36%-<43%,White,CashOut_Refinance,Principal_Residence,Denied,0.0,0,0.3899048292592221,37.75
0,114.0,665000,755000.0,87.417,36%-<43%,White,Home_Purchase,Principal_Residence,Originated,1.0,0,0.4134979633969419,6.37
0,-25.0,225000,235000.0,96.5,<20%,White,Home_Purchase,Principal_Residence,Denied,0.0,0,0.3844847232011059,25.53
0,73.0,265000,355000.0,75.0,43%-<50%,Race Not Available,Home_Purchase,Principal_Residence,Originated,1.0,0,0.38022037619490157,29.13
3,120.0,215000,375000.0,78.353,Unknown,White,CashOut_Refinance,Principal_Residence,Withdrawn,,0,0.3548358793719325,6.06
0,42.0,245000,245000.0,97.0,43%-<50%,White,Home_Purchase,Principal_Residence,Originated,1.0,0,0.37008738755123766,19.71
3,95.0,295000,315000.0,95.085,Unknown,White,Refinance,Principal_Residence,Originated,1.0,0,0.37153034612449476,49.94
0,66.0,205000,255000.0,80.0,36%-<43%,Race Not Available,Home_Purchase,Second_Residence,Denied,0.0,0,0.4117224043414666,62.47
0,66.0,335000,445000.0,75.0,36%-<43%,Race Not Available,Home_Purchase,Principal_Residence,Originated,1.0,0,0.3604603597623724,35.35
0,95.0,265000,415000.0,78.353,Unknown,Race Not Available,Home_Purchase,Principal_Residence,Purchased,,0,0.362646729540302,14.13
5,120.0,105000,455000.0,89.9119,20%-<30%,White,Home_Improvement,Principal_Residence,Denied,0.0,0,0.42625290073227456,16.05
3,91.0,165000,375000.0,78.353,Unknown,White,CashOut_Refinance,Principal_Residence,Withdrawn,,0,0.3529664912284372,7.77
2,137.0,225000,355000.0,65.0,43%-<50%,White,Home_Purchase,Investment,Originated,1.0,1,0.4201446793290496,17.38
0,136.0,555000,695000.0,80.0,36%-<43%,Black or African American,Home_Purchase,Principal_Residence,Originated,1.0,0,0.39346623011240767,14.23
3,121.0,275000,345000.0,80.0,43%-<50%,White,CashOut_Refinance,Principal_Residence,Originated,1.0,0,0.3466545513150441,41.8
6,190.0,555000,695000.0,80.0,50%-60%,White,Home_Purchase,Principal_Residence,Originated,1.0,0,0.3905646080633295,16.63
0,77.0,385000,415000.0,95.0,36%-<43%,Race Not Available,Home_Purchase,Principal_Residence,Originated,1.0,0,0.4848030946946718,98.01
3,142.0,255000,465000.0,54.753,20%-<30%,Asian,Refinance,Principal_Residence,Originated,1.0,0,0.40153114271548207,38.15
0,60.0,365000,405000.0,90.0,36%-<43%,White,Home_Purchase,Principal_Residence,Originated,1.0,0,0.37908758722099944,77.04
6,41.0,55000,275000.0,54.88,50%-60%,Black or African American,Other,Principal_Residence,Originated,1.0,0,0.43745199120113143,85.39
0,163.0,515000,375000.0,78.353,Unknown,Race Not Available,Home_Purchase,Principal_Residence,Withdrawn,,0,0.36992638632087665,40.19
4,89.0,105000,115000.0,97.9,<20%,Black or African American,Home_Purchase,Principal_Residence,Approved_NotAccepted,,0,0.4299875231840048,70.5
1,450.0,255000,785000.0,31.89,20%-<30%,White,Other,Principal_Residence,Denied,0.0,0,0.46663650971185827,13.95
3,122.0,265000,335000.0,80.0,30%-<36%,White,CashOut_Refinance,Principal_Residence,Originated,1.0,0,0.35029066689533267,27.37
5,174.0,105000,375000.0,78.353,Unknown,White,Home_Improvement,Principal_Residence,Withdrawn,,0,0.35205439605328287,30.46
3,65.0,105000,165000.0,65.03,43%-<50%,White,CashOut_Refinance,Principal_Residence,Originated,1.0,1,0.476535456433626,6.94
0,95.0,255000,255000.0,78.353,Unknown,Race Not Available,Home_Purchase,Principal_Residence,Purchased,,0,0.3570089328315972,10.06
3,42.0,165000,425000.0,40.0,43%-<50%,White,CashOut_Refinance,Principal_Residence,Originated,1.0,0,0.4238220360522997,49.35
6,26.0,215000,285000.0,75.82,50%-60%,White,Refinance,Principal_Residence,Denied,0.0,0,0.3588283424287577,37.86
6,68.0,375000,365000.0,100.0,50%-60%,Black or African American,Home_Purchase,Principal_Residence,Originated,1.0,0,0.4045844226175262,56.02
3,143.0,425000,545000.0,77.61,36%-<43%,Black or African American,CashOut_Refinance,Principal_Residence,Originated,1.0,0,0.43818941914539017,87.67
0,127.0,715000,375000.0,78.353,Unknown,Black or African American,Home_Purchase,Principal_Residence,Withdrawn,,0,0.42887443940671344,94.55
1,458.0,1155000,1655000.0,70.0,36%-<43%,White,Home_Purchase,Second_Residence,Originated,1.0,1,0.537666566137558,13.42
3,71.0,255000,505000.0,78.353,Unknown,Race Not Available,CashOut_Refinance,Principal_Residence,Purchased,,0,0.3486045284576148,35.01
3,0.0,205000,375000.0,78.353,Unknown,White,CashOut_Refinance,Principal_Residence,Withdrawn,,0,0.361552685320755,46.81
3,240.0,545000,375000.0,78.353,Unknown,White,CashOut_Refinance,Principal_Residence,Withdrawn,,0,0.39346051833934426,33.83
3,41.0,175000,345000.0,50.716,43%-<50%,White,CashOut_Refinance,Principal_Residence,Originated,1.0,0,0.38957981729202834,6.91
0,50.0,245000,325000.0,75.0,43%-<50%,Asian,Home_Purchase,Principal_Residence,Originated,1.0,0,0.3493959026831843,25.05
3,72.0,215000,375000.0,78.353,Unknown,White,CashOut_Refinance,Principal_Residence,Withdrawn,,0,0.34611136673916754,22.2
6,68.0,185000,305000.0,60.0,>60%,White,Refinance,Principal_Residence,Denied,0.0,0,0.3817662919139864,65.32
6,42.0,55000,405000.0,80.61,>60%,Race Not Available,Other,Principal_Residence,Denied,0.0,0,0.3689631334497793,29.39
0,30.0,155000,375000.0,78.353,Unknown,Race Not Available,Home_Purchase,Principal_Residence,Withdrawn,,0,0.35188160680888303,21.49
5,71.0,15000,585000.0,75.44,43%-<50%,Race Not Available,Home_Improvement,Principal_Residence,Denied,0.0,0,0.4853368864561744,21.31
3,52.0,85000,155000.0,58.0,20%-<30%,Race Not Available,Refinance,Principal_Residence,Originated,1.0,0,0.4309909445734904,24.94
0,102.0,425000,505000.0,82.29,30%-<36%,Race Not Available,Home_Purchase,Principal_Residence,Originated,1.0,0,0.4012121165386246,40.69
0,102.0,345000,365000.0,95.0,30%-<36%,Black or African American,Home_Purchase,Principal_Residence,Originated,1.0,0,0.38562746925659097,62.22
5,189.0,185000,755000.0,106.7,36%-<43%,Black or African American,CashOut_Refinance,Principal_Residence,Denied,0.0,0,0.42114468038904024,32.32
1,567.0,445000,635000.0,70.0,<20%,White,Home_Purchase,Principal_Residence,Originated,1.0,0,0.4550062967267983,17.95
0,138.0,465000,555000.0,85.0,20%-<30%,White,Home_Purchase,Principal_Residence,Originated,1.0,0,0.38238930829227713,6.77
6,60.0,215000,405000.0,53.925,>60%,Race Not Available,CashOut_Refinance,Principal_Residence,Denied,0.0,0,0.43580184755595125,53.51
3,23.0,75000,325000.0,25.0,36%-<43%,Black or African American,CashOut_Refinance,Principal_Residence,Denied,0.0,0,0.5242082193164644,96.39
4,40.0,85000,85000.0,95.0,30%-<36%,White,Home_Purchase,Principal_Residence,Originated,1.0,0,0.373877473522843,30.34
0,60.0,215000,215000.0,100.0,43%-<50%,White,Home_Purchase,Principal_Residence,Originated,1.0,0,0.3692191083759026,19.04
3,111.0,645000,735000.0,87.183,36%-<43%,White,CashOut_Refinance,Principal_Residence,Originated,1.0,0,0.43111463147515794,46.61
3,53.0,195000,285000.0,67.72,43%-<50%,White,CashOut_Refinance,Principal_Residence,Denied,0.0,0,0.3704320019165286,49.39
3,123.0,305000,435000.0,69.02,30%-<36%,White,CashOut_Refinance,Principal_Residence,Originated,1.0,0,0.39716235729585747,57.94
0,111.0,405000,435000.0,95.0,36%-<43%,White,Home_Purchase,Principal_Residence,Originated,1.0,0,0.37325434516293476,12.33
0,87.0,335000,465000.0,71.29,36%-<43%,White,Home_Purchase,Principal_Residence,Originated,1.0,0,0.3777040626116546,24.55
4,64.0,65000,75000.0,78.353,20%-<30%,White,Home_Purchase,Principal_Residence,Denied,0.0,0,0.4162860042595859,8.44
3,180.0,405000,455000.0,90.0,<20%,Race Not Available,CashOut_Refinance,Principal_Residence,Originated,1.0,0,0.3827351994145602,33.39
6,119.0,395000,455000.0,86.667,50%-60%,Asian,Home_Purchase,Principal_Residence,Originated,1.0,0,0.3740378019610284,59.05
6,68.0,45000,355000.0,79.828,>60%,Race Not Available,Other,Principal_Residence,Denied,0.0,0,0.4409706171774297,29.35
3,116.0,385000,375000.0,78.353,Unknown,Race Not Available,CashOut_Refinance,Principal_Residence,Withdrawn,,0,0.43663196213043126,84.19
0,74.0,185000,195000.0,99.487,30%-<36%,White,Home_Purchase,Principal_Residence,Originated,1.0,0,0.37541477039021015,9.26
0,95.0,245000,305000.0,78.353,Unknown,Race Not Available,Home_Purchase,Principal_Residence,Purchased,,0,0.34878370517928675,39.46
2,73.0,75000,105000.0,70.0,20%-<30%,White,Refinance,Investment,Denied,0.0,0,0.3894986368967809,6.3
1,614.0,1005000,3655000.0,43.56,20%-<30%,Joint,Home_Improvement,Principal_Residence,Originated,1.0,3,0.6513053752729049,40.22
1,270.0,405000,515000.0,80.0,20%-<30%,White,Home_Purchase,Principal_Residence,Originated,1.0,0,0.40154114576285543,30.22
5,230.0,75000,615000.0,52.89,<20%,White,Home_Improvement,Principal_Residence,Denied,0.0,0,0.47942298843753495,22.99
6,10.0,55000,375000.0,78.353,>60%,White,Other,Principal_Residence,Denied,0.0,0,0.41432007036138,42.36
3,60.0,225000,395000.0,56.41,36%-<43%,2 or more minority races,CashOut_Refinance,Principal_Residence,Originated,1.0,0,0.36396349093772074,34.84
3,32.0,185000,375000.0,78.353,Unknown,White,CashOut_Refinance,Principal_Residence,Withdrawn,,0,0.35500155229883434,23.27
4,95.0,285000,305000.0,78.353,Unknown,Race Not Available,Home_Purchase,Principal_Residence,Purchased,,0,0.35197415341140326,10.28
0,95.0,375000,475000.0,78.353,Unknown,Race Not Available,Home_Purchase,Principal_Residence,Purchased,,0,0.36394740488108906,63.93
0,95.0,365000,375000.0,78.353,Unknown,Race Not Available,Home_Purchase,Principal_Residence,Purchased,,0,0.35685639243328354,64.79
0,116.0,225000,225000.0,100.0,36%-<43%,Race Not Available,Home_Purchase,Principal_Residence,Originated,1.0,0,0.4162268000442628,68.82
4,34.0,25000,25000.0,78.353,>60%,Race Not Available,Home_Purchase,Principal_Residence,Denied,0.0,0,0.44559932861872054,12.52
0,95.0,225000,225000.0,78.353,Unknown,Race Not Available,Home_Purchase,Principal_Residence,Purchased,,0,0.351260772857628,45.2
0,85.0,265000,675000.0,38.7,43%-<50%,White,Home_Purchase,Principal_Residence,Originated,1.0,0,0.40915911933216015,43.25
1,720.0,485000,375000.0,78.353,Unknown,Race Not Available,Refinance,Principal_Residence,Withdrawn,,0,0.46274501808637375,43.34
0,180.0,675000,375000.0,78.353,Unknown,White,Home_Purchase,Principal_Residence,Withdrawn,,0,0.3905217158891533,45.59
3,70.0,205000,375000.0,78.353,Unknown,Black or African American,CashOut_Refinance,Principal_Residence,Incomplete,,0,0.3669418162400631,79.66
4,59.0,165000,165000.0,101.01,43%-<50%,White,Home_Purchase,Principal_Residence,Originated,1.0,0,0.39506287493213976,13.37
5,37.0,25000,215000.0,58.045,36%-<43%,White,Refinance,Principal_Residence,Originated,1.0,0,0.4439539541261918,62.28
5,53.0,25000,165000.0,79.804,43%-<50%,White,Home_Improvement,Principal_Residence,Originated,1.0,0,0.4340320603470629,96.95
0,98.0,315000,335000.0,95.0,43%-<50%,White,Home_Purchase,Principal_Residence,Originated,1.0,0,0.3684984376767323,21.47
0,95.0,225000,255000.0,78.353,Unknown,Race Not Available,Home_Purchase,Principal_Residence,Purchased,,0,0.37081721278906166,63.66
3,87.0,285000,345000.0,80.0,43%-<50%,White,CashOut_Refinance,Principal_Residence,Originated,1.0,0,0.36580452275220077,22.08
3,62.0,245000,405000.0,60.0,43%-<50%,Race Not Available,CashOut_Refinance,Principal_Residence,Denied,0.0,0,0.39727094222290493,59.17
5,157.0,55000,375000.0,78.353,Unknown,White,Home_Improvement,Principal_Residence,Withdrawn,,0,0.3686204721236669,27.56
3,66.0,155000,205000.0,73.85,30%-<36%,White,CashOut_Refinance,Principal_Residence,Originated,1.0,0,0.35872948831134016,9.6
0,68.0,155000,155000.0,96.5,30%-<36%,Black or African American,Home_Purchase,Principal_Residence,Originated,1.0,0,0.43226302768674296,97.47
0,162.0,665000,735000.0,90.0,30%-<36%,Asian,Home_Purchase,Principal_Residence,Denied,0.0,0,0.4089090096604609,29.0
0,230.0,415000,495000.0,85.0,<20%,Asian,Home_Purchase,Principal_Residence,Originated,1.0,0,0.3910277887732067,59.12
2,243.0,245000,535000.0,46.23,43%-<50%,Race Not Available,Home_Purchase,Investment,Approved_NotAccepted,,1,0.40271145973575456,18.24
5,149.0,55000,375000.0,78.353,Unknown,White,Home_Improvement,Principal_Residence,Denied,0.0,0,0.40226811205271923,8.68
0,48.0,185000,435000.0,41.995,43%-<50%,Joint,Home_Purchase,Principal_Residence,Originated,1.0,0,0.3909732768047912,14.48
0,172.0,545000,845000.0,64.286,36%-<43%,Race Not Available,Home_Purchase,Principal_Residence,Originated,1.0,1,0.46409918661084965,16.48
3,61.0,165000,375000.0,78.353,Unknown,White,CashOut_Refinance,Principal_Residence,Withdrawn,,0,0.37297442926693336,75.79
2,95.0,40485000,116805000.0,34.66,Unknown,Race Not Available,Refinance,Investment,Originated,1.0,5,0.7567459567082616,58.64
0,95.0,665000,715000.0,78.353,Unknown,Race Not Available,Home_Purchase,Principal_Residence,Purchased,,0,0.4096678868823919,35.75
5,145.0,35000,375000.0,78.353,Unknown,White,Home_Improvement,Principal_Residence,Incomplete,,0,0.39694410937961755,69.08
3,56.0,145000,195000.0,74.949,36%-<43%,White,CashOut_Refinance,Principal_Residence,Approved_NotAccepted,,0,0.4187644485463779,5.88
5,72.0,25000,455000.0,76.587,36%-<43%,White,Other,Principal_Residence,Originated,1.0,0,0.3759999654190005,26.29
6,128.0,415000,455000.0,78.353,50%-60%,Race Not Available,CashOut_Refinance,Principal_Residence,Originated,1.0,0,0.3775802804583814,19.02
6,115.0,25000,565000.0,88.115,>60%,Asian,Home_Improvement,Principal_Residence,Denied,0.0,0,0.3878882513012264,24.63
2,321.0,225000,325000.0,68.0,<20%,Black or African American,Home_Purchase,Investment,Originated,1.0,0,0.4232600235011679,79.55
4,36.0,95000,375000.0,78.353,Unknown,White,Home_Purchase,Principal_Residence,Incomplete,,0,0.37240346874683894,44.46
0,134.0,805000,375000.0,78.353,Unknown,White,Home_Purchase,Principal_Residence,Incomplete,,0,0.39226343126689944,25.41
2,95.0,20165000,22375000.0,75.0,Unknown,Race Not Available,NotApplicable,Investment,Originated,1.0,3,0.7002009926616536,43.62
0,95.0,315000,325000.0,78.353,Unknown,Race Not Available,Home_Purchase,Principal_Residence,Purchased,,0,0.3548197467527552,57.08
1,519.0,185000,225000.0,80.0,<20%,Race Not Available,Home_Purchase,Second_Residence,Originated,1.0,0,0.42189447828626403,21.93
6,7.0,85000,525000.0,89.78,>60%,White,Home_Purchase,Principal_Residence,Denied,0.0,0,0.38377779970321085,38.12
0,45.0,155000,155000.0,99.5,20%-<30%,White,Home_Purchase,Principal_Residence,Originated,1.0,0,0.3843768087785221,49.41
2,95.0,105000,905000.0,80.0,Unknown,Race Not Available,Home_Improvement,Investment,Originated,1.0,2,0.4748498680590789,36.07
5,138.0,75000,685000.0,79.994,36%-<43%,White,Home_Improvement,Principal_Residence,Originated,1.0,0,0.4011828103673608,8.55
5,85.0,5000,295000.0,100.9,36%-<43%,White,Home_Purchase,Principal_Residence,Originated,1.0,0,0.4380708793084738,41.5
0,62.0,235000,245000.0,78.353,Unknown,White,Home_Purchase,Principal_Residence,Purchased,,0,0.362982290425548,55.07
3,95.0,345000,355000.0,78.353,Unknown,Race Not Available,Refinance,Principal_Residence,Purchased,,0,0.3449074879275713,31.45
3,330.0,485000,375000.0,78.353,Unknown,White,Refinance,Principal_Residence,Withdrawn,,0,0.3824323519045082,27.54
3,287.0,795000,995000.0,80.0,20%-<30%,White,Refinance,Principal_Residence,Originated,1.0,1,0.48794416208662716,83.44
0,54.0,255000,535000.0,46.729,43%-<50%,White,Home_Purchase,Principal_Residence,Originated,1.0,0,0.39129790123929903,15.23
1,648.0,255000,935000.0,26.76,<20%,White,Home_Improvement,Principal_Residence,Originated,1.0,1,0.5132512210621951,17.82
6,85.0,375000,385000.0,96.5,50%-60%,Race Not Available,Home_Purchase,Principal_Residence,Originated,1.0,0,0.3633176402243418,47.01
0,130.0,325000,345000.0,95.0,36%-<43%,White,Home_Purchase,Principal_Residence,Originated,1.0,0,0.3621215598955796,40.82
5,149.0,155000,735000.0,24.233,<20%,White,Home_Improvement,Principal_Residence,Originated,1.0,0,0.4780589289614149,75.97
0,170.0,755000,885000.0,85.0,43%-<50%,Race Not Available,Home_Purchase,Principal_Residence,Approved_NotAccepted,,0,0.4442572663355627,74.32
0,62.0,195000,205000.0,98.189,43%-<50%,Black or African American,Home_Purchase,Principal_Residence,Originated,1.0,0,0.3968608609228229,73.45
3,108.0,625000,1205000.0,78.353,Unknown,Race Not Available,CashOut_Refinance,Principal_Residence,Purchased,,0,0.4117199758665974,35.81
3,103.0,265000,835000.0,32.0,43%-<50%,White,Home_Purchase,Principal_Residence,Originated,1.0,0,0.4547066755228987,23.19
0,260.0,945000,375000.0,78.353,Unknown,Black or African American,Home_Purchase,Principal_Residence,Withdrawn,,0,0.4227785316510932,6.88
5,82.0,35000,445000.0,49.13,20%-<30%,White,Home_Improvement,Principal_Residence,Originated,1.0,0,0.3899932663003588,26.93
5,137.0,235000,1075000.0,75.599,36%-<43%,Race Not Available,Home_Improvement,Principal_Residence,Originated,1.0,0,0.3941157228573924,54.88
0,76.0,175000,225000.0,80.0,20%-<30%,White,Home_Purchase,Principal_Residence,Originated,1.0,0,0.3495954469019291,24.97
0,227.0,515000,375000.0,78.353,Unknown,Race Not Available,Home_Purchase,Principal_Residence,Withdrawn,,0,0.38561554599766634,24.2
6,99.0,575000,595000.0,96.5,50%-60%,American Indian or Alaska Native,Home_Purchase,Principal_Residence,Originated,1.0,0,0.4170749815001701,54.77
0,54.0,275000,375000.0,78.353,Unknown,Race Not Available,Home_Purchase,Principal_Residence,Incomplete,,0,0.389785808385766,93.02
0,36.0,125000,375000.0,78.353,Unknown,Black or African American,Home_Purchase,Principal_Residence,Withdrawn,,0,0.4094122283793208,96.19
5,180.0,165000,375000.0,78.353,Unknown,White,Other,Principal_Residence,Incomplete,,0,0.40831540382269266,18.89
0,47.0,255000,375000.0,78.353,Unknown,White,Home_Purchase,Principal_Residence,Withdrawn,,0,0.3524330226165968,41.24
3,162.0,205000,315000.0,65.46,20%-<30%,White,CashOut_Refinance,Principal_Residence,Originated,1.0,0,0.4369818048449094,8.17
0,263.0,425000,445000.0,95.0,43%-<50%,White,Home_Purchase,Principal_Residence,Originated,1.0,0,0.38712803212431585,45.4
5,140.0,305000,375000.0,78.353,Unknown,Asian,Refinance,Principal_Residence,Withdrawn,,0,0.4141358392503415,57.95
3,40.0,235000,375000.0,78.353,Unknown,White,CashOut_Refinance,Principal_Residence,Incomplete,,0,0.35454092950812105,13.47
6,91.0,565000,585000.0,96.55,50%-60%,Joint,CashOut_Refinance,Principal_Residence,Originated,1.0,0,0.40547148364310315,57.12
3,77.0,235000,405000.0,58.75,20%-<30%,Race Not Available,Refinance,Principal_Residence,Denied,0.0,0,0.3884039680530233,82.12
3,95.0,475000,595000.0,78.353,Unknown,Race Not Available,CashOut_Refinance,Principal_Residence,Purchased,,0,0.36028463624511115,44.33
4,79.0,245000,185000.0,78.353,20%-<30%,White,Home_Purchase,Principal_Residence,Approved_NotAccepted,,0,0.37667545029210386,17.71
3,115.0,205000,685000.0,29.304,20%-<30%,White,Home_Purchase,Principal_Residence,Originated,1.0,0,0.45534134323236475,33.24
0,38.0,135000,375000.0,78.353,Unknown,White,Home_Purchase,Principal_Residence,Withdrawn,,0,0.35513134058480117,15.99
5,106.0,165000,415000.0,75.86,36%-<43%,White,Home_Improvement,Principal_Residence,Originated,1.0,0,0.3825635691930486,7.69
5,174.0,115000,325000.0,90.0,20%-<30%,White,Other,Principal_Residence,Originated,1.0,0,0.3807054513202322,40.05
3,42.0,585000,2235000.0,78.353,Unknown,White,Refinance,Principal_Residence,Originated,1.0,0,0.4733707859521596,7.41
0,38.0,65000,85000.0,74.012,20%-<30%,Race Not Available,Home_Purchase,Principal_Residence,Originated,1.0,0,0.43293359853205765,25.73
4,101.0,155000,375000.0,78.353,Unknown,White,Home_Purchase,Principal_Residence,Withdrawn,,0,0.47341895950858137,0.0
5,218.0,105000,375000.0,78.353,36%-<43%,White,Other,Principal_Residence,Denied,0.0,1,0.5025583357481669,26.27
0,95.0,155000,165000.0,78.353,Unknown,Race Not Available,Home_Purchase,Principal_Residence,Purchased,,0,0.36084074363395063,7.01
0,23.0,465000,585000.0,80.0,43%-<50%,White,Home_Purchase,Principal_Residence,Denied,0.0,0,0.40728080942113026,27.49
6,71.0,175000,265000.0,68.654,50%-60%,White,Refinance,Principal_Residence,Originated,1.0,0,0.36996188268123664,28.25
0,185.0,705000,945000.0,74.469,30%-<36%,White,Home_Purchase,Principal_Residence,Originated,1.0,0,0.4751209111816406,97.08
0,53.0,95000,375000.0,78.353,Exempt,White,Home_Purchase,Principal_Residence,Originated,1.0,0,0.36602428794919856,18.88
1,581.0,2005000,4305000.0,46.46,43%-<50%,White,Other,Principal_Residence,Originated,1.0,2,0.6728324239746871,27.49
4,50.0,155000,165000.0,78.353,30%-<36%,White,Home_Purchase,Principal_Residence,Originated,1.0,0,0.36867663770225206,14.65
0,175.0,645000,805000.0,80.0,43%-<50%,White,Home_Purchase,Principal_Residence,Originated,1.0,0,0.4071881177877774,45.57
5,128.0,65000,275000.0,98.177,20%-<30%,White,Home_Improvement,Principal_Residence,Denied,0.0,1,0.467523839778728,19.29
0,141.0,305000,375000.0,78.353,Unknown,White,Home_Purchase,Principal_Residence,Withdrawn,,0,0.34910285046986184,13.73
3,85.0,85000,205000.0,41.644,20%-<30%,Black or African American,Refinance,Principal_Residence,Originated,1.0,0,0.44288073743108963,65.41
3,48.0,175000,375000.0,78.353,Unknown,White,CashOut_Refinance,Principal_Residence,Incomplete,,0,0.37346224063805955,27.86
0,87.0,245000,245000.0,100.0,43%-<50%,Black or African American,Home_Purchase,Principal_Residence,Originated,1.0,0,0.4162605011935648,91.69
0,132.0,495000,535000.0,92.729,36%-<43%,Joint,Home_Purchase,Principal_Residence,Originated,1.0,0,0.4009593993202652,64.65
3,54.0,285000,375000.0,77.027,43%-<50%,White,CashOut_Refinance,Principal_Residence,Originated,1.0,0,0.34510417284927564,32.6
3,192.0,515000,375000.0,78.353,Unknown,White,CashOut_Refinance,Principal_Residence,Withdrawn,,0,0.398538374989226,43.98
0,98.0,445000,375000.0,78.353,Unknown,Race Not Available,Home_Purchase,Principal_Residence,Originated,1.0,0,0.38008634544687653,70.71
3,280.0,1125000,375000.0,78.353,Unknown,White,CashOut_Refinance,Principal_Residence,Withdrawn,,0,0.43057293348195935,19.01
0,118.0,265000,375000.0,78.353,Unknown,White,Home_Purchase,Principal_Residence,Withdrawn,,0,0.38555598251418194,93.22
1,745.0,105000,1255000.0,49.37,<20%,White,Other,Principal_Residence,Originated,1.0,1,0.5659923095219076,14.88
0,56.0,165000,205000.0,80.0,20%-<30%,White,Home_Purchase,Principal_Residence,Originated,1.0,0,0.3598954726426101,16.3
0,42.0,145000,165000.0,96.99,30%-<36%,Race Not Available,Home_Purchase,Principal_Residence,Denied,0.0,0,0.4590302674837426,97.61
5,145.0,55000,125000.0,91.923,36%-<43%,White,Other,Principal_Residence,Denied,0.0,0,0.3865650345340036,15.89
4,36.0,85000,115000.0,78.353,43%-<50%,White,Home_Purchase,Principal_Residence,Denied,0.0,0,0.396143227990114,38.99
0,67.0,285000,285000.0,100.0,43%-<50%,Black or African American,Home_Purchase,Principal_Residence,Originated,1.0,0,0.3748565471851718,51.34
0,88.0,445000,445000.0,78.353,30%-<36%,Race Not Available,Home_Purchase,Principal_Residence,Originated,1.0,0,0.383385764761674,41.0
0,95.0,255000,265000.0,78.353,Unknown,Race Not Available,Home_Purchase,Principal_Residence,Purchased,,0,0.3869758347470337,26.63
3,48.0,155000,375000.0,78.353,Unknown,White,CashOut_Refinance,Principal_Residence,Withdrawn,,0,0.38468529927855766,64.91
0,138.0,545000,555000.0,100.0,30%-<36%,Black or African American,Home_Purchase,Principal_Residence,Originated,1.0,0,0.4042464062784411,53.32
5,84.0,75000,435000.0,60.993,43%-<50%,White,Home_Improvement,Principal_Residence,Originated,1.0,0,0.3929697454013538,6.36
0,75.0,275000,285000.0,96.5,30%-<36%,White,Home_Purchase,Principal_Residence,Approved_NotAccepted,,0,0.3734292218836201,50.57
0,87.0,265000,275000.0,78.353,Unknown,Race Not Available,Home_Purchase,Principal_Residence,Purchased,,0,0.349011471991639,15.12
6,113.0,145000,605000.0,90.0,50%-60%,White,Other,Principal_Residence,Approved_NotAccepted,,0,0.47254880609919836,6.98
5,230.0,85000,855000.0,79.53,30%-<36%,Race Not Available,Home_Improvement,Principal_Residence,Originated,1.0,0,0.44978662489121346,43.24
3,95.0,255000,355000.0,78.353,Unknown,Race Not Available,CashOut_Refinance,Principal_Residence,Purchased,,0,0.3538853136897822,50.32
0,65.0,75000,375000.0,78.353,Unknown,Race Not Available,Other,Principal_Residence,Incomplete,,0,0.3543994686455383,47.91
0,78.0,445000,565000.0,77.47,43%-<50%,White,Home_Purchase,Principal_Residence,Originated,1.0,0,0.3785667641083691,10.6
0,130.0,415000,375000.0,78.353,Unknown,White,Home_Purchase,Principal_Residence,Withdrawn,,0,0.3778054442661526,81.68
0,95.0,255000,275000.0,78.353,Unknown,Race Not Available,NotApplicable,Principal_Residence,Purchased,,0,0.41583839534415457,60.04
4,37.0,115000,375000.0,78.353,Unknown,White,Home_Purchase,Principal_Residence,Incomplete,,0,0.4180018898424897,85.02
0,60.0,165000,205000.0,80.0,36%-<43%,White,Other,Principal_Residence,Originated,1.0,0,0.35352301229373717,12.28
6,195.0,25000,115000.0,18.2,50%-60%,White,Other,Principal_Residence,Denied,0.0,0,0.5275646106574307,5.35
5,120.0,305000,375000.0,78.353,Unknown,White,Home_Improvement,Principal_Residence,Withdrawn,,0,0.38345706103696875,21.98
6,67.0,85000,465000.0,76.191,50%-60%,Black or African American,Home_Improvement,Principal_Residence,Denied,0.0,0,0.42304331547620677,65.31
1,650.0,205000,995000.0,91.32,<20%,White,Home_Improvement,Principal_Residence,Denied,0.0,2,0.539319834986394,7.28
5,208.0,85000,1365000.0,36.9,20%-<30%,White,Home_Improvement,Principal_Residence,Originated,1.0,1,0.4950500916708447,16.58
0,95.0,475000,1025000.0,78.353,Unknown,Race Not Available,Home_Purchase,Principal_Residence,Purchased,,0,0.4532956221957415,51.47
2,206.0,55000,75000.0,80.0,20%-<30%,White,Refinance,Investment,Approved_NotAccepted,,1,0.4810810046639757,18.76
3,157.0,315000,465000.0,67.957,36%-<43%,White,Refinance,Principal_Residence,Originated,1.0,0,0.4018460702533202,19.81
3,45.0,95000,415000.0,23.17,43%-<50%,White,Home_Improvement,Principal_Residence,Originated,1.0,0,0.44458574240735954,66.15
3,92.0,175000,245000.0,72.073,20%-<30%,White,CashOut_Refinance,Principal_Residence,Denied,0.0,0,0.37451692448108426,37.09
5,69.0,55000,375000.0,78.353,Exempt,Asian,CashOut_Refinance,Principal_Residence,Originated,1.0,0,0.36865285184893964,62.06
0,77.0,265000,265000.0,96.5,36%-<43%,Black or African American,Home_Purchase,Principal_Residence,Originated,1.0,0,0.3632115247185806,44.57
0,95.0,555000,615000.0,90.0,43%-<50%,Asian,Home_Purchase,Principal_Residence,Originated,1.0,0,0.4065562552297307,58.23
3,130.0,275000,515000.0,52.91,36%-<43%,White,CashOut_Refinance,Principal_Residence,Originated,1.0,1,0.4921908252308105,58.38
0,125.0,405000,375000.0,78.353,Unknown,White,Home_Purchase,Principal_Residence,Withdrawn,,0,0.3492460261613386,23.66
3,105.0,95000,305000.0,33.0,20%-<30%,White,Refinance,Principal_Residence,Originated,1.0,0,0.4589935139790424,28.18
0,146.0,505000,565000.0,90.0,36%-<43%,White,Home_Purchase,Principal_Residence,Originated,1.0,0,0.41071672949654164,75.33
0,73.0,155000,175000.0,88.7,20%-<30%,White,Home_Purchase,Principal_Residence,Originated,1.0,0,0.37566564276883707,31.04
1,420.0,505000,2535000.0,58.58,36%-<43%,Asian,CashOut_Refinance,Principal_Residence,Originated,1.0,3,0.6199434974483303,65.42
1,489.0,1805000,2255000.0,80.0,30%-<36%,White,Home_Purchase,Principal_Residence,Originated,1.0,1,0.5790986934793537,15.62
2,95.0,2005000,3405000.0,59.0,Unknown,Race Not Available,Home_Purchase,Investment,Originated,1.0,1,0.6066053072358354,40.49
0,125.0,425000,375000.0,78.353,Unknown,Asian,Home_Purchase,Second_Residence,Withdrawn,,0,0.3491454956936997,25.69
6,59.0,175000,655000.0,68.962,>60%,White,Home_Improvement,Principal_Residence,Denied,0.0,0,0.4527973860781402,33.67
0,77.0,315000,415000.0,77.439,43%-<50%,White,Home_Purchase,Principal_Residence,Originated,1.0,0,0.40969785302389256,53.35
6,161.0,635000,655000.0,96.5,50%-60%,White,Home_Purchase,Principal_Residence,Originated,1.0,0,0.44218680454071335,88.04
3,180.0,485000,375000.0,78.353,Unknown,Race Not Available,Refinance,Principal_Residence,Withdrawn,,0,0.4005895945335103,46.78
0,34.0,135000,145000.0,92.0,36%-<43%,White,Home_Purchase,Principal_Residence,Originated,1.0,0,0.37233248333067437,31.64
3,60.0,35000,465000.0,6.49,<20%,White,Home_Improvement,Principal_Residence,Originated,1.0,0,0.47349865554734855,20.55
5,98.0,35000,355000.0,69.954,20%-<30%,White,Other,Principal_Residence,Originated,1.0,0,0.3671288840588029,44.33
0,51.0,165000,175000.0,101.77,36%-<43%,Black or African American,Home_Purchase,Principal_Residence,Originated,1.0,0,0.3937302450633373,22.39
3,60.0,155000,375000.0,78.353,Unknown,White,CashOut_Refinance,Principal_Residence,Withdrawn,,0,0.4065552755382747,10.18
4,59.0,95000,175000.0,78.353,50%-60%,White,Home_Purchase,Principal_Residence,Originated,1.0,0,0.3851638122353948,50.57
0,95.0,235000,235000.0,78.353,Unknown,Race Not Available,Home_Purchase,Principal_Residence,Purchased,,0,0.3784492873754924,87.27
3,43.0,255000,375000.0,78.353,Unknown,Joint,CashOut_Refinance,Principal_Residence,Incomplete,,0,0.36969912420759304,69.1
0,95.0,445000,445000.0,78.353,Unknown,Race Not Available,Home_Purchase,Principal_Residence,Purchased,,0,0.3948328117868762,28.84
0,74.0,145000,375000.0,78.353,43%-<50%,White,Home_Improvement,Principal_Residence,Denied,0.0,0,0.3490626641262895,13.83
2,170.0,75000,95000.0,80.0,<20%,White,Home_Purchase,Investment,Approved_NotAccepted,,0,0.41494346753824607,86.25
3,105.0,95000,115000.0,80.0,20%-<30%,Joint,Refinance,Principal_Residence,Originated,1.0,0,0.40885077055112234,35.4
3,86.0,85000,365000.0,23.924,<20%,White,CashOut_Refinance,Principal_Residence,Originated,1.0,0,0.4274956629807152,8.56
0,130.0,425000,605000.0,70.0,36%-<43%,White,Other,Principal_Residence,Denied,0.0,0,0.42727287151869014,24.47
3,56.0,245000,375000.0,66.0,36%-<43%,Race Not Available,CashOut_Refinance,Principal_Residence,Originated,1.0,0,0.37567331605440957,60.69
3,157.0,705000,1125000.0,62.22,43%-<50%,White,Refinance,Principal_Residence,Originated,1.0,0,0.47604219062682634,77.89
5,169.0,25000,375000.0,78.353,Unknown,White,Home_Improvement,Principal_Residence,Withdrawn,,0,0.424064092025287,35.58
5,68.0,15000,235000.0,79.189,20%-<30%,White,Home_Improvement,Second_Residence,Originated,1.0,0,0.37536563991322935,12.46
5,185.0,95000,295000.0,77.55,20%-<30%,White,Refinance,Principal_Residence,Originated,1.0,0,0.4660293556601189,59.11
3,74.0,295000,555000.0,53.27,43%-<50%,White,Refinance,Principal_Residence,Originated,1.0,0,0.44542225164604443,65.94
0,95.0,355000,425000.0,78.353,Unknown,Race Not Available,Home_Purchase,Principal_Residence,Purchased,,0,0.34884643543634103,24.24
6,44.0,235000,235000.0,100.0,50%-60%,Black or African American,Home_Purchase,Principal_Residence,Originated,1.0,0,0.3914713771695814,59.0
3,80.0,45000,145000.0,28.03,43%-<50%,Race Not Available,Other,Principal_Residence,Originated,1.0,0,0.4422687365251442,5.94
0,269.0,975000,1265000.0,76.984,36%-<43%,Asian,Home_Purchase,Principal_Residence,Originated,1.0,2,0.5355409523003195,60.66
6,59.0,305000,295000.0,78.353,50%-60%,White,Home_Purchase,Principal_Residence,Originated,1.0,0,0.3644687993327422,21.48
0,29.0,5000,375000.0,78.353,Unknown,Black or African American,Home_Purchase,Principal_Residence,Withdrawn,,0,0.4308026402036027,21.79
0,107.0,325000,375000.0,78.353,Unknown,White,Home_Purchase,Principal_Residence,Withdrawn,,0,0.36696237812329696,10.08
0,41.0,195000,205000.0,95.0,43%-<50%,Black or African American,Home_Purchase,Principal_Residence,Originated,1.0,0,0.44676051564442076,99.58
0,90.0,345000,365000.0,95.0,43%-<50%,Race Not Available,Home_Purchase,Principal_Residence,Originated,1.0,0,0.4176533390429973,94.49
0,105.0,545000,375000.0,78.353,Unknown,Black or African American,Home_Purchase,Principal_Residence,Withdrawn,,0,0.3612384154673971,47.13
3,55.0,305000,375000.0,78.353,Unknown,Black or African American,CashOut_Refinance,Principal_Residence,Incomplete,,0,0.39057880978347265,93.02
3,73.0,285000,425000.0,67.059,43%-<50%,Black or African American,CashOut_Refinance,Principal_Residence,Originated,1.0,0,0.43359686160019995,97.84
6,38.0,65000,245000.0,61.49,50%-60%,Black or African American,Refinance,Principal_Residence,Denied,0.0,0,0.3915371246289626,25.29
3,263.0,365000,455000.0,80.0,36%-<43%,White,CashOut_Refinance,Principal_Residence,Denied,0.0,0,0.4131034512144257,47.78
3,59.0,105000,155000.0,68.0,20%-<30%,Race Not Available,Refinance,Principal_Residence,Originated,1.0,0,0.4259957897850542,50.8
1,356.0,1505000,2305000.0,65.22,43%-<50%,White,Other,Principal_Residence,Originated,1.0,1,0.567639485236966,11.31
3,183.0,285000,725000.0,39.449,20%-<30%,White,CashOut_Refinance,Principal_Residence,Denied,0.0,0,0.45553388763585195,35.88
3,128.0,405000,405000.0,100.0,36%-<43%,Joint,CashOut_Refinance,Principal_Residence,Originated,1.0,0,0.39505726670350766,44.42
4,88.0,315000,545000.0,58.781,43%-<50%,Race Not Available,Refinance,Principal_Residence,Originated,1.0,0,0.3830981552145979,45.61
0,51.0,255000,265000.0,95.0,43%-<50%,White,Home_Purchase,Principal_Residence,Denied,0.0,0,0.36256538492567864,27.71
0,224.0,405000,375000.0,78.353,Unknown,Race Not Available,Home_Purchase,Principal_Residence,Incomplete,,0,0.3641258612715048,15.69
5,117.0,75000,335000.0,96.801,43%-<50%,White,CashOut_Refinance,Principal_Residence,Originated,1.0,0,0.40281313092265925,27.7
0,35.0,135000,135000.0,99.702,43%-<50%,White,Home_Purchase,Principal_Residence,Originated,1.0,0,0.38131607820363816,21.76
5,148.0,15000,295000.0,78.53,<20%,White,Home_Improvement,Principal_Residence,Approved_NotAccepted,,0,0.4164235976777809,9.02
2,169.0,275000,375000.0,78.353,Unknown,Race Not Available,Home_Purchase,Investment,Withdrawn,,0,0.38310542488145405,57.92
1,2844.0,5505000,10505000.0,52.38,20%-<30%,Race Not Available,Home_Purchase,Principal_Residence,Originated,1.0,3,0.7513587351469746,15.17
3,95.0,255000,315000.0,78.353,Unknown,Race Not Available,CashOut_Refinance,Principal_Residence,Purchased,,0,0.36684386372739247,47.89
1,566.0,235000,305000.0,75.0,43%-<50%,White,Home_Purchase,Investment,Originated,1.0,0,0.4269836561703621,8.62
3,40.0,25000,185000.0,13.661,<20%,White,Other,Principal_Residence,Originated,1.0,0,0.5064564927275681,25.59
3,82.0,185000,475000.0,39.36,20%-<30%,White,Refinance,Principal_Residence,Originated,1.0,2,0.580742877311974,0.0
0,95.0,295000,855000.0,78.353,Unknown,Race Not Available,Home_Purchase,Principal_Residence,Purchased,,0,0.37254721326046364,11.09
0,95.0,495000,525000.0,78.353,Unknown,Race Not Available,Home_Purchase,Principal_Residence,Purchased,,0,0.37053435544649366,40.66
6,107.0,185000,645000.0,80.354,>60%,White,Home_Improvement,Principal_Residence,Denied,0.0,0,0.45204160122084797,5.74
3,47.0,45000,205000.0,19.417,30%-<36%,Joint,Home_Improvement,Principal_Residence,Originated,1.0,1,0.5133748135933489,34.86
0,44.0,145000,155000.0,97.0,30%-<36%,White,Home_Purchase,Principal_Residence,Originated,1.0,0,0.402129463070057,2.6
3,95.0,545000,655000.0,78.353,Unknown,Race Not Available,CashOut_Refinance,Principal_Residence,Purchased,,0,0.4117981787481836,23.07
0,57.0,95000,95000.0,88.622,36%-<43%,White,Home_Purchase,Principal_Residence,Originated,1.0,0,0.3699140595486082,14.45
0,140.0,275000,345000.0,80.0,20%-<30%,White,Home_Purchase,Principal_Residence,Originated,1.0,0,0.35456285310211216,52.53
0,125.0,415000,425000.0,97.475,36%-<43%,White,Home_Purchase,Principal_Residence,Preapproval_Denied,,2,0.5340707342614706,0.0
5,110.0,105000,375000.0,78.353,Unknown,Race Not Available,Other,Principal_Residence,Withdrawn,,0,0.42833738029093354,41.72
5,225.0,85000,375000.0,78.353,Unknown,Asian,Home_Improvement,Principal_Residence,Withdrawn,,0,0.3977919711924412,51.31
3,168.0,625000,625000.0,100.0,43%-<50%,Race Not Available,CashOut_Refinance,Principal_Residence,Denied,0.0,0,0.4611061634880798,65.68
2,95.0,345000,535000.0,65.0,Unknown,Race Not Available,Home_Improvement,Investment,Approved_NotAccepted,,0,0.41821688448603095,27.68
0,90.0,355000,375000.0,95.0,30%-<36%,White,Home_Purchase,Principal_Residence,Originated,1.0,0,0.3763132383762457,31.56
5,103.0,25000,345000.0,70.0,30%-<36%,White,CashOut_Refinance,Principal_Residence,Originated,1.0,0,0.3944218226166021,6.47
5,176.0,55000,245000.0,82.191,30%-<36%,Joint,Home_Improvement,Principal_Residence,Originated,1.0,0,0.4711895560179231,66.37
1,342.0,315000,375000.0,78.353,Unknown,Race Not Available,Home_Purchase,Principal_Residence,Withdrawn,,0,0.39689905614799703,23.52
0,50.0,105000,375000.0,78.353,Unknown,White,Home_Improvement,Principal_Residence,Denied,0.0,0,0.4283332765791348,17.93
2,95.0,215000,265000.0,80.0,Unknown,Race Not Available,Refinance,Investment,Originated,1.0,0,0.349263436316139,15.15
6,74.0,285000,355000.0,80.0,>60%,White,Refinance,Principal_Residence,Denied,0.0,0,0.39903737766523434,27.74
3,120.0,205000,375000.0,78.353,Unknown,White,Refinance,Principal_Residence,Withdrawn,,0,0.39431342877946296,26.54
5,115.0,115000,395000.0,59.0,43%-<50%,Asian,CashOut_Refinance,Principal_Residence,Originated,1.0,0,0.41052857686468974,32.93
6,95.0,475000,485000.0,96.5,50%-60%,Race Not Available,Home_Purchase,Principal_Residence,Originated,1.0,0,0.4103838550650793,32.76
0,116.0,225000,245000.0,90.0,<20%,White,Home_Purchase,Principal_Residence,Originated,1.0,0,0.40297463945628337,8.33
3,23.0,405000,565000.0,72.5,30%-<36%,White,Refinance,Principal_Residence,Originated,1.0,0,0.389969141485101,54.04
0,100.0,425000,375000.0,78.353,Unknown,Race Not Available,Home_Purchase,Principal_Residence,Withdrawn,,0,0.36705374902612026,18.18
3,41.0,145000,375000.0,78.353,Unknown,White,CashOut_Refinance,Principal_Residence,Withdrawn,,0,0.40072172771845355,25.15
0,35.0,75000,85000.0,96.5,36%-<43%,Black or African American,Home_Purchase,Principal_Residence,Denied,0.0,0,0.5011780265081126,99.45
6,56.0,135000,145000.0,96.5,50%-60%,White,Home_Purchase,Principal_Residence,Originated,1.0,0,0.3697340535090654,34.22
3,175.0,125000,545000.0,22.17,<20%,White,Home_Improvement,Second_Residence,Denied,0.0,0,0.44692748894592577,19.52
3,90.0,265000,375000.0,68.53,43%-<50%,Black or African American,CashOut_Refinance,Principal_Residence,Originated,1.0,0,0.3939973102060271,87.5
3,62.0,405000,375000.0,78.353,Unknown,Race Not Available,Refinance,Principal_Residence,Withdrawn,,0,0.3494945611991113,39.18
5,232.0,105000,1065000.0,68.98,20%-<30%,Black or African American,Home_Improvement,Principal_Residence,Denied,0.0,0,0.42875927942027015,58.21
5,166.0,65000,395000.0,48.032,<20%,White,Home_Improvement,Principal_Residence,Originated,1.0,0,0.46627257770668146,11.23
3,47.0,285000,475000.0,60.0,36%-<43%,White,CashOut_Refinance,Principal_Residence,Originated,1.0,0,0.3668831388065172,33.36
5,104.0,35000,375000.0,78.353,Unknown,White,Other,Principal_Residence,Withdrawn,,0,0.3630979157477951,41.72
1,401.0,1835000,2625000.0,70.0,43%-<50%,White,Home_Purchase,Principal_Residence,Originated,1.0,1,0.6079762213774247,27.54
5,79.0,5000,255000.0,101.13,43%-<50%,White,Home_Purchase,Principal_Residence,Originated,1.0,0,0.40438082739588355,28.83
6,34.0,195000,205000.0,96.5,50%-60%,White,Home_Purchase,Principal_Residence,Originated,1.0,0,0.44886727565742823,96.15
3,270.0,555000,995000.0,56.475,36%-<43%,White,CashOut_Refinance,Principal_Residence,Originated,1.0,1,0.5012742428138642,13.65
0,103.0,305000,375000.0,78.353,Unknown,White,Home_Purchase,Principal_Residence,Incomplete,,0,0.35896422002757583,9.57
3,43.0,195000,375000.0,78.353,Unknown,Race Not Available,CashOut_Refinance,Principal_Residence,Incomplete,,0,0.35044728345666926,41.7
0,98.0,165000,185000.0,84.0,36%-<43%,White,Home_Purchase,Principal_Residence,Originated,1.0,0,0.35388650008719136,13.04
0,161.0,235000,375000.0,78.353,Unknown,Race Not Available,Home_Purchase,Principal_Residence,Withdrawn,,0,0.3487647255473971,35.03
0,38.0,135000,135000.0,95.78,36%-<43%,White,Home_Purchase,Principal_Residence,Originated,1.0,0,0.3885675536375432,9.96
3,57.0,65000,255000.0,27.0,20%-<30%,White,Home_Improvement,Principal_Residence,Originated,1.0,0,0.5007448033841756,80.81
6,16.0,135000,205000.0,65.0,>60%,White,CashOut_Refinance,Principal_Residence,Denied,0.0,0,0.3779775178628171,9.61
2,79.0,295000,395000.0,74.99,>60%,Asian,Home_Purchase,Investment,Denied,0.0,0,0.36193365416659457,36.31
3,200.0,565000,715000.0,77.886,30%-<36%,White,CashOut_Refinance,Principal_Residence,Approved_NotAccepted,,0,0.3971901878854972,12.09
3,65.0,255000,425000.0,59.0,30%-<36%,White,CashOut_Refinance,Principal_Residence,Denied,0.0,0,0.3615788271675796,19.13
0,233.0,1085000,1355000.0,78.353,Unknown,Race Not Available,Home_Purchase,Principal_Residence,Purchased,,1,0.5076857690633886,24.29
4,38.0,85000,375000.0,78.353,Unknown,White,Home_Purchase,Principal_Residence,Incomplete,,0,0.37156113110756467,21.41
5,95.0,85000,1155000.0,40.214,36%-<43%,Joint,Other,Principal_Residence,Originated,1.0,0,0.45340844347707177,22.57
0,164.0,155000,295000.0,51.724,<20%,White,Home_Purchase,Principal_Residence,Originated,1.0,0,0.3851301685358937,32.03
0,157.0,575000,725000.0,80.0,36%-<43%,White,Home_Purchase,Principal_Residence,Originated,1.0,0,0.3854432717536702,43.11
4,76.0,75000,75000.0,78.353,30%-<36%,White,Home_Purchase,Principal_Residence,Originated,1.0,0,0.4071060829127552,31.88
3,82.0,175000,265000.0,68.84,43%-<50%,White,CashOut_Refinance,Principal_Residence,Originated,1.0,0,0.3835030157812543,21.74
0,186.0,545000,375000.0,78.353,Unknown,Race Not Available,Home_Purchase,Principal_Residence,Withdrawn,,0,0.373285773245538,7.11
0,39.0,345000,375000.0,78.353,Unknown,White,Home_Purchase,Principal_Residence,Withdrawn,,0,0.3581829665450531,17.1
3,95.0,305000,315000.0,100.41,Unknown,Black or African American,Refinance,Principal_Residence,Originated,1.0,1,0.4528077158552213,77.9
3,63.0,145000,405000.0,34.38,36%-<43%,White,Home_Purchase,Principal_Residence,Originated,1.0,1,0.46551756194698757,33.32
2,95.0,265000,365000.0,110.33,Unknown,Race Not Available,Home_Purchase,Investment,Originated,1.0,1,0.4907003870362041,21.56
3,114.0,275000,375000.0,78.353,Unknown,White,Refinance,Principal_Residence,Incomplete,,0,0.34855640676305855,50.64
6,86.0,105000,655000.0,80.194,>60%,Race Not Available,Home_Improvement,Principal_Residence,Denied,0.0,0,0.44255928827086044,14.13
3,106.0,35000,215000.0,83.31,<20%,White,CashOut_Refinance,Principal_Residence,Originated,1.0,0,0.39997290631777394,29.43
3,73.0,275000,385000.0,72.08,36%-<43%,White,CashOut_Refinance,Principal_Residence,Originated,1.0,0,0.379523058007497,31.94
3,46.0,165000,355000.0,45.59,30%-<36%,White,Refinance,Principal_Residence,Originated,1.0,0,0.3901925753650792,11.94
1,868.0,1845000,2305000.0,80.0,36%-<43%,White,Home_Purchase,Principal_Residence,Originated,1.0,2,0.6266913290815346,8.12
3,278.0,715000,895000.0,80.0,30%-<36%,Race Not Available,CashOut_Refinance,Principal_Residence,Originated,1.0,0,0.4221497602015874,15.95
3,156.0,385000,905000.0,43.222,20%-<30%,White,CashOut_Refinance,Principal_Residence,Originated,1.0,1,0.47691393031396656,25.57
0,313.0,1045000,1305000.0,80.0,20%-<30%,Asian,Home_Purchase,Principal_Residence,Originated,1.0,1,0.5423777882462164,88.91
4,0.0,205000,655000.0,30.769,>60%,White,CashOut_Refinance,Principal_Residence,Denied,0.0,1,0.4760276808888384,18.07
3,12.0,105000,505000.0,19.663,<20%,White,Other,Principal_Residence,Originated,1.0,0,0.45325013195972025,5.24
5,345.0,255000,1315000.0,56.19,30%-<36%,White,Refinance,Principal_Residence,Originated,1.0,1,0.4573923753981967,25.39
0,110.0,355000,375000.0,95.0,36%-<43%,White,Home_Purchase,Principal_Residence,Originated,1.0,0,0.3641647530328543,27.05
3,168.0,405000,455000.0,90.889,30%-<36%,Race Not Available,CashOut_Refinance,Principal_Residence,Denied,0.0,0,0.3770604193175411,18.69
3,76.0,85000,275000.0,32.037,<20%,Race Not Available,Home_Purchase,Principal_Residence,Originated,1.0,0,0.4380732744149259,32.66
3,68.0,125000,375000.0,78.353,Unknown,White,Refinance,Principal_Residence,Withdrawn,,0,0.453236502924173,22.52
5,186.0,105000,445000.0,62.8,36%-<43%,White,Home_Improvement,Second_Residence,Originated,1.0,0,0.40750178641402757,8.77
1,434.0,375000,375000.0,78.353,Unknown,White,CashOut_Refinance,Principal_Residence,Withdrawn,,0,0.4018544510485129,53.1
2,239.0,235000,375000.0,78.353,Unknown,Black or African American,Refinance,Investment,Withdrawn,,0,0.37404608172922826,38.91
0,110.0,105000,145000.0,75.0,20%-<30%,White,Home_Purchase,Principal_Residence,Originated,1.0,0,0.37485849200932647,55.29
5,148.0,125000,615000.0,62.328,43%-<50%,White,Other,Principal_Residence,Denied,0.0,0,0.48409740016355124,9.27
0,95.0,315000,395000.0,78.353,Unknown,Race Not Available,Home_Purchase,Principal_Residence,Purchased,,0,0.369534107801987,13.81
4,55.0,115000,125000.0,78.353,20%-<30%,White,Home_Purchase,Principal_Residence,Approved_NotAccepted,,0,0.38037254276515636,35.07
0,104.0,285000,315000.0,90.0,36%-<43%,White,Home_Purchase,Principal_Residence,Originated,1.0,0,0.3628880723970274,56.62
0,194.0,345000,365000.0,95.0,20%-<30%,White,Home_Purchase,Principal_Residence,Originated,1.0,0,0.37645312143131515,25.77
3,51.0,345000,375000.0,78.353,Unknown,White,Refinance,Principal_Residence,Incomplete,,0,0.3582533032691492,57.05
3,121.0,305000,435000.0,69.9,36%-<43%,White,CashOut_Refinance,Principal_Residence,Originated,1.0,0,0.3554654336599126,41.13
4,154.0,255000,375000.0,78.353,Unknown,White,Home_Purchase,Investment,Incomplete,,0,0.5124239075560821,0.0
0,108.0,175000,345000.0,50.147,36%-<43%,White,Home_Purchase,Principal_Residence,Originated,1.0,0,0.3885970316127232,20.22
4,37.0,135000,375000.0,78.353,Unknown,White,Home_Purchase,Principal_Residence,Incomplete,,0,0.46630613795722103,0.0
5,80.0,125000,495000.0,71.916,36%-<43%,White,Refinance,Principal_Residence,Originated,1.0,0,0.36349627970302956,33.16
5,55.0,55000,355000.0,63.778,43%-<50%,White,Refinance,Principal_Residence,Originated,1.0,0,0.36433584105840366,31.44
0,112.0,645000,805000.0,80.0,43%-<50%,White,Home_Purchase,Principal_Residence,Originated,1.0,0,0.4561864237591734,48.97
5,65.0,35000,375000.0,78.353,Unknown,White,Home_Improvement,Principal_Residence,Incomplete,,0,0.43456634714094905,76.28
2,24.0,185000,265000.0,67.79,43%-<50%,White,Refinance,Investment,Originated,1.0,0,0.38611322152891253,34.46
5,30.0,35000,375000.0,78.353,Unknown,Black or African American,Other,Principal_Residence,Incomplete,,0,0.40409567110978467,87.69
3,95.0,585000,925000.0,78.353,Unknown,Race Not Available,Refinance,Principal_Residence,Purchased,,0,0.4534340501160821,23.21
0,79.0,55000,375000.0,78.353,Unknown,Race Not Available,Other,Principal_Residence,Withdrawn,,0,0.4492219640078084,83.73
0,95.0,325000,325000.0,78.353,Unknown,Race Not Available,Home_Purchase,Principal_Residence,Purchased,,0,0.37403422587419316,38.04
3,95.0,195000,425000.0,78.353,Unknown,Race Not Available,Refinance,Principal_Residence,Purchased,,0,0.35418130813098897,30.28
3,46.0,225000,305000.0,73.334,43%-<50%,White,CashOut_Refinance,Principal_Residence,Originated,1.0,0,0.3655629528866376,7.68
5,70.0,15000,375000.0,78.353,Exempt,White,Home_Improvement,Principal_Residence,Originated,1.0,0,0.37262324736896185,5.18
5,300.0,105000,475000.0,78.947,<20%,Black or African American,Other,Principal_Residence,Denied,0.0,0,0.46511588227773265,34.5
3,32.0,125000,155000.0,80.0,30%-<36%,White,CashOut_Refinance,Principal_Residence,Originated,1.0,0,0.3856674368401631,5.91
4,84.0,175000,325000.0,54.2814,43%-<50%,White,Refinance,Principal_Residence,Originated,1.0,0,0.38061800144820307,4.7
0,110.0,535000,745000.0,80.0,36%-<43%,White,Home_Purchase,Principal_Residence,Approved_NotAccepted,,0,0.38708802978868045,8.39
3,81.0,275000,405000.0,67.5,20%-<30%,White,Refinance,Principal_Residence,Originated,1.0,0,0.37155457808172,15.97
3,85.0,85000,135000.0,61.54,20%-<30%,White,CashOut_Refinance,Principal_Residence,Originated,1.0,0,0.377666408441715,33.2
0,217.0,205000,725000.0,78.353,Unknown,White,Home_Purchase,Principal_Residence,Purchased,,0,0.38805489398272414,35.74
3,90.0,305000,445000.0,70.0,43%-<50%,White,Refinance,Principal_Residence,Originated,1.0,0,0.43944772963641965,93.95
3,41.0,105000,375000.0,78.353,Unknown,White,Refinance,Principal_Residence,Incomplete,,0,0.3759408301834651,77.3
0,95.0,395000,395000.0,78.353,Unknown,Race Not Available,Home_Purchase,Principal_Residence,Purchased,,0,0.35706752972936023,20.17
0,95.0,355000,475000.0,78.353,Unknown,Race Not Available,Home_Purchase,Second_Residence,Purchased,,0,0.38280059760353724,50.0
3,104.0,245000,325000.0,73.252,43%-<50%,White,Refinance,Principal_Residence,Originated,1.0,0,0.427417526031807,10.11
3,106.0,255000,295000.0,86.0,36%-<43%,White,Refinance,Principal_Residence,Originated,1.0,0,0.4215307017527558,14.1
0,86.0,235000,305000.0,79.0,43%-<50%,White,Home_Purchase,Principal_Residence,Originated,1.0,0,0.3640500003436332,45.04
3,182.0,365000,465000.0,80.0,36%-<43%,White,CashOut_Refinance,Principal_Residence,Originated,1.0,0,0.39021876043056375,6.55
6,192.0,745000,745000.0,100.0,50%-60%,Race Not Available,CashOut_Refinance,Principal_Residence,Originated,1.0,1,0.48857397420410675,56.39
0,92.0,455000,475000.0,95.0,43%-<50%,White,Home_Purchase,Principal_Residence,Originated,1.0,0,0.41618964138039094,70.94
3,123.0,235000,315000.0,73.277,20%-<30%,Race Not Available,Refinance,Principal_Residence,Originated,1.0,0,0.35315534898766654,11.44
6,48.0,245000,235000.0,78.353,50%-60%,Race Not Available,Home_Purchase,Principal_Residence,Originated,1.0,0,0.351117347230141,35.2
0,91.0,345000,435000.0,80.0,36%-<43%,White,Home_Purchase,Principal_Residence,Originated,1.0,0,0.39288425748763267,83.51
0,83.0,405000,395000.0,100.0,36%-<43%,White,Home_Purchase,Principal_Residence,Originated,1.0,0,0.378577986982214,20.83
6,85.0,315000,315000.0,100.0,>60%,Black or African American,Home_Purchase,Principal_Residence,Originated,1.0,0,0.38271139249777614,37.9
0,58.0,175000,225000.0,80.0,43%-<50%,White,Home_Purchase,Principal_Residence,Originated,1.0,0,0.3716131693717234,5.29
6,90.0,35000,155000.0,69.2,50%-60%,White,Other,Principal_Residence,Denied,0.0,0,0.3743995691268566,42.74
3,95.0,145000,495000.0,78.353,Unknown,Race Not Available,CashOut_Refinance,Principal_Residence,Purchased,,0,0.377291804676165,14.09
3,64.0,105000,465000.0,21.322,36%-<43%,Race Not Available,Home_Purchase,Principal_Residence,Originated,1.0,0,0.42841627104374214,15.73
0,175.0,405000,505000.0,80.0,<20%,White,Home_Purchase,Principal_Residence,Originated,1.0,0,0.3653320162779113,11.38
0,75.0,125000,225000.0,55.556,20%-<30%,White,Home_Purchase,Principal_Residence,Originated,1.0,0,0.3841503955222944,27.93
0,95.0,115000,255000.0,78.353,Unknown,Race Not Available,Other,Principal_Residence,Purchased,,0,0.3775709451227596,32.66
3,127.0,465000,375000.0,78.353,36%-<43%,Joint,CashOut_Refinance,Principal_Residence,Originated,1.0,0,0.389464515648103,88.46
0,64.0,175000,225000.0,78.18,43%-<50%,White,Other,Principal_Residence,Originated,1.0,0,0.3607361693410685,13.15
5,293.0,105000,375000.0,78.353,Unknown,Race Not Available,Home_Improvement,Principal_Residence,Incomplete,,0,0.4126210400315197,15.36
0,69.0,245000,375000.0,78.353,Unknown,White,Home_Improvement,Principal_Residence,Withdrawn,,0,0.3711441437561559,15.8
5,54.0,35000,205000.0,94.286,30%-<36%,White,Other,Principal_Residence,Denied,0.0,0,0.4080099774351775,79.99
0,226.0,425000,425000.0,100.77,20%-<30%,White,Home_Purchase,Principal_Residence,Denied,0.0,0,0.3990920576378244,36.21
3,76.0,395000,375000.0,78.353,Unknown,White,CashOut_Refinance,Principal_Residence,Withdrawn,,0,0.3732345920405249,35.74
0,95.0,235000,245000.0,78.353,Unknown,Race Not Available,Home_Purchase,Principal_Residence,Purchased,,0,0.3520872103621318,51.4
5,95.0,35000,375000.0,58.601,20%-<30%,Race Not Available,Home_Improvement,Principal_Residence,Originated,1.0,1,0.482549489929159,11.3
4,339.0,165000,175000.0,78.353,<20%,Race Not Available,Home_Purchase,Principal_Residence,Denied,0.0,0,0.41124368697693203,12.5
5,64.0,25000,895000.0,40.414,43%-<50%,Race Not Available,Home_Improvement,Principal_Residence,Originated,1.0,1,0.5571203747454284,88.85
0,27.0,75000,85000.0,90.0,36%-<43%,White,Home_Purchase,Principal_Residence,Originated,1.0,0,0.3771239321344278,16.57
0,95.0,415000,835000.0,50.0,Unknown,Race Not Available,Home_Purchase,Principal_Residence,Originated,1.0,0,0.39224181341779174,26.93
6,123.0,255000,1105000.0,61.38,>60%,Asian,CashOut_Refinance,Principal_Residence,Denied,0.0,0,0.45047444358272315,46.75
0,165.0,555000,585000.0,95.0,43%-<50%,White,Home_Purchase,Principal_Residence,Denied,0.0,0,0.4198157330574766,8.77
0,138.0,335000,425000.0,80.0,36%-<43%,White,Home_Purchase,Principal_Residence,Originated,1.0,0,0.36458539559686426,22.98
0,158.0,135000,375000.0,78.353,Exempt,White,Home_Purchase,Principal_Residence,Preapproval_Approved_NotAccepted,,1,0.5169531034088019,0.0
1,1662.0,1605000,3305000.0,48.48,<20%,White,Other,Principal_Residence,Originated,1.0,2,0.6672238102033865,29.09
3,100.0,255000,315000.0,80.0,20%-<30%,White,CashOut_Refinance,Principal_Residence,Denied,0.0,0,0.35182365250043085,39.25
2,178.0,75000,95000.0,86.637,Unknown,White,Home_Purchase,Investment,Originated,1.0,2,0.6058249008691426,0.0
0,95.0,195000,225000.0,78.353,Unknown,Race Not Available,Home_Purchase,Principal_Residence,Purchased,,0,0.3553785951179002,10.25
0,77.0,225000,345000.0,64.706,30%-<36%,Race Not Available,Home_Purchase,Principal_Residence,Originated,1.0,0,0.36397935668736664,24.9
6,116.0,475000,485000.0,96.415,50%-60%,Asian,Home_Purchase,Principal_Residence,Originated,1.0,0,0.4190054958886645,71.65
2,95.0,405000,545000.0,73.0,Unknown,White,Refinance,Investment,Originated,1.0,0,0.4491310483915911,27.67
6,75.0,65000,225000.0,66.28,50%-60%,White,Other,Principal_Residence,Originated,1.0,0,0.3862996417242764,9.36
0,112.0,255000,275000.0,90.0,30%-<36%,Race Not Available,Home_Purchase,Principal_Residence,Originated,1.0,0,0.3675785313797125,15.52
6,72.0,35000,585000.0,90.0,>60%,Black or African American,Other,Principal_Residence,Denied,0.0,0,0.43820325746990524,28.45
3,0.0,2105000,375000.0,78.353,Unknown,White,Refinance,Principal_Residence,Withdrawn,,1,0.5333581890223369,21.06
0,47.0,205000,215000.0,95.0,36%-<43%,White,Home_Purchase,Principal_Residence,Originated,1.0,0,0.37273259500168837,9.12
5,95.0,25000,275000.0,18.194,43%-<50%,White,Home_Improvement,Principal_Residence,Originated,1.0,1,0.5226160159318073,43.22
0,44.0,105000,235000.0,43.478,36%-<43%,White,Home_Purchase,Principal_Residence,Originated,1.0,0,0.41539372552730786,14.97
3,51.0,135000,435000.0,30.876,36%-<43%,White,Refinance,Principal_Residence,Originated,1.0,0,0.4532442908284884,22.6
0,90.0,275000,335000.0,83.333,36%-<43%,Race Not Available,Home_Purchase,Principal_Residence,Originated,1.0,0,0.3535824615041455,11.75
4,443.0,505000,725000.0,70.0,<20%,White,Home_Purchase,Second_Residence,Originated,1.0,0,0.4288567303026977,38.3
0,95.0,155000,195000.0,78.353,Unknown,Race Not Available,Home_Purchase,Principal_Residence,Purchased,,0,0.3866105850443729,17.59
1,485.0,455000,375000.0,78.353,Exempt,Black or African American,Refinance,Second_Residence,Originated,1.0,1,0.4182608879614956,43.44
0,99.0,435000,435000.0,101.75,36%-<43%,White,Home_Purchase,Principal_Residence,Originated,1.0,0,0.3863523949078936,21.96
3,104.0,185000,325000.0,58.0,36%-<43%,White,CashOut_Refinance,Principal_Residence,Originated,1.0,0,0.4692948049749854,5.35
3,86.0,285000,365000.0,78.202,30%-<36%,White,Refinance,Principal_Residence,Originated,1.0,0,0.371026042595329,7.8
0,78.0,315000,355000.0,90.0,36%-<43%,White,Home_Purchase,Principal_Residence,Originated,1.0,0,0.3605401938904682,32.2
5,156.0,75000,355000.0,80.0,36%-<43%,White,Other,Principal_Residence,Originated,1.0,0,0.352184535535366,30.72
3,31.0,85000,115000.0,69.658,36%-<43%,White,CashOut_Refinance,Principal_Residence,Denied,0.0,0,0.38891313624086404,66.25
2,95.0,135000,375000.0,78.353,Unknown,Native Hawaiian or Other Pacific Islander,Home_Purchase,Investment,Withdrawn,,0,0.36160342350116637,69.27
0,97.0,345000,355000.0,96.5,36%-<43%,Race Not Available,Home_Purchase,Principal_Residence,Originated,1.0,0,0.35794476817869947,30.72
0,110.0,265000,275000.0,95.0,20%-<30%,White,Home_Purchase,Principal_Residence,Originated,1.0,0,0.38008446230734055,16.47
6,158.0,165000,545000.0,81.68,>60%,White,Other,Principal_Residence,Denied,0.0,0,0.38838807280698484,17.26
1,566.0,245000,535000.0,45.047,20%-<30%,White,Home_Purchase,Investment,Originated,1.0,1,0.4731879177679083,40.36
0,89.0,155000,185000.0,85.0,<20%,White,Home_Purchase,Principal_Residence,Originated,1.0,0,0.36809395691176283,32.29
0,76.0,355000,385000.0,92.0,43%-<50%,Black or African American,Home_Purchase,Principal_Residence,Originated,1.0,0,0.36309034946550584,23.83
0,86.0,305000,315000.0,97.0,36%-<43%,White,Home_Purchase,Principal_Residence,Originated,1.0,0,0.3628454148778194,47.49
6,51.0,335000,325000.0,101.75,>60%,White,Home_Purchase,Principal_Residence,Denied,0.0,0,0.4582661996604036,27.14
0,95.0,35000,65000.0,78.353,Unknown,Race Not Available,NotApplicable,Principal_Residence,Purchased,,0,0.3837294564702678,32.05
4,95.0,65000,375000.0,78.353,Unknown,Race Not Available,NotApplicable,Principal_Residence,Purchased,,0,0.37285137177205974,9.09
3,95.0,105000,375000.0,78.353,Unknown,White,CashOut_Refinance,Principal_Residence,Incomplete,,0,0.35096888572922014,40.64
0,91.0,315000,385000.0,80.131,36%-<43%,White,Home_Purchase,Principal_Residence,Originated,1.0,0,0.3582362443337814,14.09
3,27.0,165000,215000.0,75.0,43%-<50%,Race Not Available,CashOut_Refinance,Principal_Residence,Originated,1.0,0,0.3609280221219296,29.21
0,156.0,345000,435000.0,80.0,30%-<36%,White,Home_Purchase,Principal_Residence,Originated,1.0,0,0.36744300082960624,15.18
2,95.0,135000,175000.0,78.353,Unknown,White,Home_Purchase,Investment,Purchased,,0,0.4151259789052951,92.33
3,147.0,305000,375000.0,78.353,Unknown,White,CashOut_Refinance,Principal_Residence,Withdrawn,,0,0.3464544071291372,34.04
0,117.0,165000,185000.0,90.0,36%-<43%,White,Home_Purchase,Second_Residence,Originated,1.0,0,0.3581620948773208,13.15
6,52.0,245000,255000.0,96.5,50%-60%,Black or African American,Home_Purchase,Principal_Residence,Originated,1.0,0,0.3635685097576687,26.64
2,80.0,225000,315000.0,71.429,50%-60%,Race Not Available,Refinance,Investment,Denied,0.0,1,0.4536081335129362,94.46
1,434.0,1585000,3005000.0,52.746,36%-<43%,White,Home_Purchase,Principal_Residence,Originated,1.0,1,0.5989036237355413,45.86
3,139.0,185000,355000.0,51.268,36%-<43%,Race Not Available,CashOut_Refinance,Principal_Residence,Originated,1.0,0,0.37168633185314276,22.64
0,95.0,575000,605000.0,78.353,Unknown,Race Not Available,Home_Purchase,Principal_Residence,Purchased,,0,0.4118780170812242,74.06
0,95.0,295000,305000.0,78.353,Unknown,Race Not Available,Home_Purchase,Principal_Residence,Purchased,,0,0.36793145403422584,46.51
4,128.0,145000,155000.0,78.353,43%-<50%,White,Home_Purchase,Principal_Residence,Originated,1.0,0,0.3806270126599002,35.12
3,129.0,515000,745000.0,70.0,30%-<36%,White,CashOut_Refinance,Principal_Residence,Originated,1.0,0,0.3761191655092436,31.8
2,95.0,235000,355000.0,78.353,Unknown,Race Not Available,NotApplicable,Investment,Originated,1.0,1,0.4843033772820548,78.5
3,27.0,125000,175000.0,69.83,43%-<50%,White,Refinance,Principal_Residence,Denied,0.0,0,0.3759982463962547,31.44
3,42.0,255000,325000.0,80.0,43%-<50%,White,CashOut_Refinance,Principal_Residence,Originated,1.0,0,0.37362307424227964,75.31
4,41.0,55000,375000.0,78.353,Unknown,White,Home_Purchase,Principal_Residence,Withdrawn,,0,0.3848951080519569,7.71
0,95.0,185000,235000.0,78.353,Unknown,Race Not Available,Home_Purchase,Principal_Residence,Purchased,,0,0.35523632144737166,18.18
0,80.0,365000,455000.0,80.0,30%-<36%,White,Home_Purchase,Principal_Residence,Originated,1.0,0,0.3515425715986842,38.78
0,120.0,345000,375000.0,78.353,Unknown,Race Not Available,Home_Purchase,Principal_Residence,Withdrawn,,0,0.37225655498797594,7.65
3,190.0,805000,375000.0,78.353,Unknown,White,Refinance,Principal_Residence,Originated,1.0,1,0.5186241157682117,60.28
4,39.0,105000,375000.0,78.353,Unknown,Race Not Available,Home_Purchase,Principal_Residence,Incomplete,,0,0.4069347224143733,58.26
3,126.0,305000,805000.0,37.267,43%-<50%,White,CashOut_Refinance,Second_Residence,Originated,1.0,0,0.41624960884484297,9.86
0,56.0,135000,155000.0,85.0,43%-<50%,Black or African American,Home_Purchase,Principal_Residence,Originated,1.0,0,0.42854776991749643,97.67
1,273.0,1225000,1955000.0,62.821,36%-<43%,White,CashOut_Refinance,Principal_Residence,Originated,1.0,2,0.5633435509446316,18.83
6,40.0,255000,335000.0,75.0,>60%,White,Home_Purchase,Principal_Residence,Denied,0.0,0,0.394067358148654,29.94
0,114.0,325000,325000.0,100.0,30%-<36%,White,Home_Purchase,Principal_Residence,Originated,1.0,0,0.37697166011455735,19.3
3,74.0,415000,455000.0,90.0,36%-<43%,White,Refinance,Principal_Residence,Originated,1.0,0,0.41263447186567664,26.06
3,52.0,205000,365000.0,78.353,Unknown,Race Not Available,CashOut_Refinance,Principal_Residence,Purchased,,0,0.3546577288968321,26.69
0,95.0,455000,565000.0,78.353,Unknown,Race Not Available,Home_Purchase,Principal_Residence,Purchased,,0,0.3579427774527532,18.83
3,25.0,135000,255000.0,54.8,43%-<50%,White,CashOut_Refinance,Principal_Residence,Originated,1.0,0,0.4233323882979419,11.22
0,51.0,165000,165000.0,96.5,43%-<50%,White,Home_Purchase,Principal_Residence,Originated,1.0,0,0.4035797528267923,7.38
2,95.0,10005000,16705000.0,59.9,Unknown,Race Not Available,Refinance,Investment,Originated,1.0,4,0.7134743472385697,88.76
6,85.0,265000,385000.0,69.474,>60%,White,Home_Purchase,Principal_Residence,Originated,1.0,0,0.3589990884619784,7.03
3,130.0,215000,375000.0,78.353,Unknown,White,Refinance,Principal_Residence,Incomplete,,0,0.36171958065742327,20.54
5,85.0,55000,505000.0,92.82,43%-<50%,White,Other,Principal_Residence,Denied,0.0,0,0.3822600897065368,59.66
0,95.0,535000,545000.0,78.353,Unknown,Race Not Available,Home_Purchase,Principal_Residence,Purchased,,0,0.3968611605898255,34.05
3,36.0,115000,175000.0,64.7,36%-<43%,Race Not Available,CashOut_Refinance,Principal_Residence,Originated,1.0,0,0.3690686769259175,20.98
3,158.0,525000,715000.0,72.867,43%-<50%,Black or African American,CashOut_Refinance,Principal_Residence,Originated,1.0,0,0.45526580864722566,9.11
3,70.0,55000,505000.0,10.0,30%-<36%,Race Not Available,Refinance,Principal_Residence,Denied,0.0,0,0.47408611449171184,69.36
0,155.0,405000,375000.0,78.353,Unknown,White,Other,Principal_Residence,Incomplete,,0,0.3574328240212066,19.04
5,45.0,5000,225000.0,101.522,43%-<50%,White,Home_Purchase,Principal_Residence,Originated,1.0,0,0.46480536187017346,11.74
5,105.0,65000,995000.0,54.516,43%-<50%,Asian,Home_Improvement,Principal_Residence,Originated,1.0,0,0.47628818003785345,98.52
5,48.0,15000,185000.0,88.547,30%-<36%,White,Other,Principal_Residence,Originated,1.0,1,0.48857844060511485,5.05
0,100.0,185000,215000.0,88.0,20%-<30%,Race Not Available,Home_Purchase,Principal_Residence,Originated,1.0,0,0.3719194144478998,58.66
5,93.0,15000,235000.0,57.131,20%-<30%,White,Home_Improvement,Principal_Residence,Originated,1.0,0,0.39650917100743976,6.92
1,314.0,805000,1075000.0,75.0,20%-<30%,Asian,Home_Purchase,Principal_Residence,Originated,1.0,1,0.46010398027618027,40.96
0,74.0,315000,395000.0,80.0,43%-<50%,White,Home_Purchase,Principal_Residence,Originated,1.0,0,0.3538777936263546,16.96
0,95.0,105000,115000.0,78.353,Unknown,Race Not Available,Home_Purchase,Principal_Residence,Purchased,,0,0.35881999907749285,36.77
6,27.0,85000,105000.0,80.0,50%-60%,Race Not Available,CashOut_Refinance,Principal_Residence,Denied,0.0,0,0.4249165010206886,82.8
0,55.0,245000,375000.0,78.353,43%-<50%,White,Other,Principal_Residence,Originated,1.0,0,0.34960126743817,13.96
0,160.0,675000,775000.0,87.613,36%-<43%,White,Home_Purchase,Principal_Residence,Originated,1.0,0,0.4142175810136622,17.56
5,72.0,45000,405000.0,58.5,30%-<36%,White,Home_Improvement,Principal_Residence,Originated,1.0,0,0.4308539984324526,21.25
0,95.0,85000,115000.0,78.353,Unknown,Race Not Available,NotApplicable,Principal_Residence,Purchased,,0,0.3754198323016137,72.22
0,306.0,285000,295000.0,95.0,<20%,White,Home_Purchase,Principal_Residence,Originated,1.0,0,0.38310526153306984,26.64
0,150.0,455000,475000.0,95.0,30%-<36%,White,Home_Purchase,Principal_Residence,Originated,1.0,0,0.39047952343559594,14.15
3,55.0,285000,545000.0,51.41,43%-<50%,Race Not Available,CashOut_Refinance,Principal_Residence,Originated,1.0,0,0.39700237446705877,61.82
0,58.0,145000,185000.0,80.0,36%-<43%,White,Home_Purchase,Principal_Residence,Originated,1.0,0,0.3572096313174265,15.32
4,38.0,25000,375000.0,78.353,20%-<30%,White,Home_Purchase,Principal_Residence,Approved_NotAccepted,,0,0.4056854961265775,19.84
3,70.0,305000,375000.0,78.353,Unknown,Black or African American,CashOut_Refinance,Principal_Residence,Withdrawn,,0,0.3433018528560072,29.68
3,92.0,175000,315000.0,56.5,20%-<30%,White,Refinance,Principal_Residence,Originated,1.0,0,0.42037152502109515,15.46
0,54.0,225000,325000.0,67.78,36%-<43%,Asian,Other,Principal_Residence,Denied,0.0,0,0.3986348782215816,24.86
1,387.0,255000,435000.0,56.95,36%-<43%,White,Home_Purchase,Second_Residence,Originated,1.0,1,0.4764751383102514,8.79
0,89.0,205000,215000.0,95.0,20%-<30%,Asian,Home_Purchase,Principal_Residence,Originated,1.0,0,0.35659301130487453,16.74
6,55.0,175000,625000.0,57.547,>60%,White,Home_Improvement,Principal_Residence,Denied,0.0,0,0.47606330798839236,44.28
5,93.0,105000,825000.0,78.353,<20%,White,Other,Principal_Residence,Denied,0.0,0,0.44440127934932655,18.16
3,95.0,265000,375000.0,78.353,Unknown,White,Refinance,Principal_Residence,Denied,0.0,0,0.4240148125326863,30.06
3,52.0,185000,375000.0,78.353,Unknown,White,Refinance,Principal_Residence,Withdrawn,,0,0.40695056130629204,9.33
5,360.0,505000,375000.0,78.353,Unknown,White,Other,Principal_Residence,Incomplete,,0,0.4809597732183831,11.64
0,114.0,325000,335000.0,97.0,43%-<50%,White,Home_Purchase,Principal_Residence,Originated,1.0,0,0.36236490475066446,18.06
0,237.0,495000,865000.0,78.353,Unknown,Asian,Home_Purchase,Principal_Residence,Purchased,,0,0.46748036249052854,83.41
6,25.0,155000,485000.0,30.864,50%-60%,White,CashOut_Refinance,Principal_Residence,Denied,0.0,0,0.4781226548324433,75.67
0,95.0,305000,305000.0,78.353,Unknown,Race Not Available,Home_Purchase,Principal_Residence,Purchased,,0,0.3588626654925062,51.68
0,95.0,205000,275000.0,78.353,Unknown,Race Not Available,Home_Purchase,Principal_Residence,Purchased,,0,0.3666657579834559,21.87
0,95.0,545000,705000.0,78.353,Unknown,Race Not Available,Home_Purchase,Principal_Residence,Purchased,,0,0.3905719216954451,68.42
5,69.0,65000,455000.0,58.881,36%-<43%,Black or African American,Other,Principal_Residence,Originated,1.0,0,0.3909258365014204,69.88
2,265.0,235000,515000.0,46.49,<20%,White,Refinance,Investment,Originated,1.0,2,0.46808057175656015,31.21
6,84.0,395000,435000.0,90.0,50%-60%,Race Not Available,Home_Purchase,Principal_Residence,Originated,1.0,0,0.37377473805947586,61.35
6,151.0,55000,505000.0,74.346,50%-60%,White,Other,Principal_Residence,Denied,0.0,0,0.3698743250914986,20.28
2,180.0,185000,255000.0,75.0,50%-60%,White,CashOut_Refinance,Investment,Denied,0.0,1,0.3906583646575825,66.67
2,222.0,245000,325000.0,75.0,20%-<30%,Race Not Available,Home_Purchase,Investment,Originated,1.0,0,0.3619975980165361,42.77
0,88.0,85000,145000.0,56.62,20%-<30%,White,Home_Purchase,Principal_Residence,Denied,0.0,0,0.3719151574386833,43.77
0,44.0,95000,95000.0,100.452,30%-<36%,Race Not Available,Home_Purchase,Principal_Residence,Originated,1.0,0,0.3967601659450724,44.28
5,95.0,105000,545000.0,19.033,<20%,White,Other,Principal_Residence,Originated,1.0,0,0.4457989715504228,63.05
1,582.0,1305000,375000.0,78.353,Unknown,Race Not Available,Refinance,Principal_Residence,Withdrawn,,0,0.5009220920805137,26.37
0,63.0,165000,375000.0,78.353,Unknown,Joint,Home_Purchase,Principal_Residence,Withdrawn,,0,0.37254239436233183,10.51
3,70.0,225000,355000.0,64.29,20%-<30%,White,Refinance,Principal_Residence,Denied,0.0,0,0.3698796900129078,54.73
0,95.0,285000,355000.0,78.353,Unknown,Race Not Available,Home_Purchase,Principal_Residence,Purchased,,0,0.3574722301654107,20.81
5,136.0,55000,195000.0,33.497,20%-<30%,White,Other,Principal_Residence,Originated,1.0,0,0.42998683566525675,11.47
3,77.0,255000,995000.0,78.353,Unknown,Race Not Available,Refinance,Principal_Residence,Purchased,,0,0.4173926416310319,33.76
3,63.0,305000,395000.0,78.974,43%-<50%,White,CashOut_Refinance,Principal_Residence,Originated,1.0,0,0.3514612062891453,26.77
2,95.0,95000,135000.0,75.0,Unknown,Race Not Available,Home_Purchase,Investment,Originated,1.0,1,0.4778871819782999,49.78
0,95.0,215000,215000.0,78.353,Unknown,Race Not Available,Home_Purchase,Principal_Residence,Purchased,,0,0.34996592625994627,33.22
2,76.0,195000,245000.0,80.0,36%-<43%,White,Home_Purchase,Investment,Originated,1.0,0,0.3606054295171607,22.59
0,176.0,475000,595000.0,80.0,43%-<50%,White,Home_Purchase,Principal_Residence,Originated,1.0,0,0.3755000546096721,32.74
3,95.0,265000,435000.0,78.353,Unknown,Race Not Available,CashOut_Refinance,Principal_Residence,Purchased,,0,0.3560760760931928,8.41
0,50.0,265000,275000.0,78.353,43%-<50%,Race Not Available,Home_Purchase,Principal_Residence,Originated,1.0,0,0.35745887771977825,18.74
3,162.0,305000,505000.0,60.0,30%-<36%,American Indian or Alaska Native,CashOut_Refinance,Principal_Residence,Originated,1.0,0,0.4011743560864566,53.42
2,95.0,515000,895000.0,58.09,Unknown,Asian,Home_Purchase,Investment,Originated,1.0,0,0.4342011906204693,52.89
3,32.0,85000,235000.0,35.0,43%-<50%,Race Not Available,Home_Purchase,Principal_Residence,Originated,1.0,0,0.4214412947592605,12.66
3,97.0,485000,725000.0,66.469,43%-<50%,Race Not Available,Refinance,Principal_Residence,Originated,1.0,0,0.3986550798525403,44.35
2,95.0,295000,375000.0,78.353,Unknown,White,Refinance,Investment,Incomplete,,0,0.4013340462290476,39.58
4,36.0,45000,375000.0,78.353,Unknown,Black or African American,Home_Purchase,Principal_Residence,Withdrawn,,3,0.5775138487792708,0.0
0,95.0,265000,275000.0,78.353,Unknown,Race Not Available,Home_Purchase,Principal_Residence,Purchased,,0,0.3673790014779352,46.4
3,60.0,155000,375000.0,78.353,Exempt,White,Refinance,Principal_Residence,Withdrawn,,0,0.3448463696725037,17.33
3,78.0,55000,355000.0,14.08,<20%,White,Refinance,Principal_Residence,Originated,1.0,1,0.5482856928051194,25.9
0,74.0,125000,265000.0,46.36,20%-<30%,White,Home_Purchase,Principal_Residence,Originated,1.0,0,0.44029670032439805,22.61
0,125.0,155000,375000.0,78.353,Unknown,Native Hawaiian or Other Pacific Islander,Home_Improvement,Principal_Residence,Incomplete,,0,0.4006196395656651,65.38
3,240.0,545000,775000.0,70.292,36%-<43%,Asian,Refinance,Principal_Residence,Originated,1.0,0,0.4013913154443226,29.31
0,63.0,205000,235000.0,90.0,30%-<36%,White,Home_Purchase,Principal_Residence,Originated,1.0,0,0.3863670017963294,30.3
0,300.0,275000,375000.0,78.353,Unknown,Race Not Available,Home_Purchase,Second_Residence,Withdrawn,,0,0.3866819778222422,50.63
0,59.0,225000,375000.0,78.353,Unknown,Race Not Available,Home_Purchase,Principal_Residence,Incomplete,,0,0.38647228101594067,87.62
2,139.0,295000,365000.0,78.353,Unknown,Race Not Available,Home_Purchase,Investment,Purchased,,0,0.3621586618395574,21.4
0,76.0,185000,185000.0,78.353,43%-<50%,White,Home_Purchase,Principal_Residence,Originated,1.0,0,0.37829346168176686,10.69
3,95.0,145000,265000.0,56.15,Unknown,Joint,Refinance,Principal_Residence,Denied,0.0,0,0.3630178757321869,27.05
6,94.0,385000,385000.0,78.353,>60%,Asian,Home_Purchase,Principal_Residence,Originated,1.0,0,0.356877605310679,8.06
0,29.0,135000,375000.0,78.353,Unknown,Asian,Home_Purchase,Principal_Residence,Withdrawn,,0,0.3955414847430731,85.64
6,65.0,695000,925000.0,75.004,>60%,Race Not Available,CashOut_Refinance,Principal_Residence,Denied,0.0,0,0.4238717263640095,48.74
5,320.0,85000,675000.0,79.98,36%-<43%,White,Home_Improvement,Principal_Residence,Originated,1.0,0,0.5067375197678142,60.47
3,41.0,55000,85000.0,58.824,20%-<30%,Black or African American,Refinance,Principal_Residence,Denied,0.0,0,0.40936032453272364,47.71
1,392.0,1245000,1555000.0,78.353,Unknown,Race Not Available,Home_Purchase,Principal_Residence,Purchased,,1,0.5336445548511755,46.13
0,120.0,355000,445000.0,80.0,43%-<50%,White,Home_Purchase,Principal_Residence,Originated,1.0,0,0.35572906253631337,15.28
0,71.0,285000,375000.0,78.353,Unknown,White,Home_Purchase,Principal_Residence,Withdrawn,,0,0.38437330892854077,14.26
5,180.0,65000,375000.0,78.353,Unknown,Asian,Home_Improvement,Principal_Residence,Withdrawn,,1,0.45905138550491476,49.74
1,654.0,785000,1155000.0,68.48,30%-<36%,Race Not Available,CashOut_Refinance,Principal_Residence,Originated,1.0,1,0.5249933072520618,23.65
2,95.0,185000,275000.0,78.353,Unknown,Race Not Available,CashOut_Refinance,Investment,Purchased,,0,0.3890807320778988,46.12
6,104.0,105000,925000.0,75.627,>60%,Asian,Other,Principal_Residence,Denied,0.0,0,0.40148459173224427,75.93
0,30.0,135000,145000.0,95.0,36%-<43%,White,Home_Purchase,Principal_Residence,Originated,1.0,0,0.37903883466706195,10.5
3,116.0,385000,555000.0,69.091,20%-<30%,Asian,Refinance,Principal_Residence,Denied,0.0,0,0.37002491188717795,47.68
3,126.0,385000,375000.0,78.353,Unknown,Race Not Available,CashOut_Refinance,Principal_Residence,Withdrawn,,0,0.3487451331191531,23.55
0,95.0,355000,365000.0,78.353,Unknown,Race Not Available,Home_Purchase,Principal_Residence,Purchased,,0,0.3694609300689872,78.99
6,101.0,205000,1345000.0,49.8,50%-60%,White,Home_Improvement,Principal_Residence,Denied,0.0,1,0.4884754345513163,72.34
0,28.0,135000,175000.0,80.0,43%-<50%,White,Home_Purchase,Principal_Residence,Originated,1.0,0,0.3622966085226618,14.05
3,46.0,85000,165000.0,78.353,Unknown,White,Refinance,Principal_Residence,Originated,1.0,0,0.3772687259030904,4.97
3,73.0,255000,505000.0,51.0,30%-<36%,White,CashOut_Refinance,Principal_Residence,Originated,1.0,0,0.3830054166704367,39.84
0,103.0,275000,275000.0,100.741,36%-<43%,Joint,Home_Purchase,Principal_Residence,Originated,1.0,0,0.3934110326958518,58.35
0,107.0,395000,395000.0,96.5,43%-<50%,Asian,Home_Purchase,Principal_Residence,Originated,1.0,0,0.3727849513897552,65.05
2,303.0,435000,575000.0,75.0,36%-<43%,Asian,Home_Purchase,Investment,Originated,1.0,0,0.3995030473314167,43.97
4,153.0,315000,375000.0,85.0,>60%,White,Home_Purchase,Second_Residence,Denied,0.0,0,0.42340824205931327,49.62
5,161.0,35000,385000.0,78.779,20%-<30%,White,Home_Improvement,Principal_Residence,Originated,1.0,0,0.44791060630155993,31.76
5,95.0,155000,605000.0,99.378,30%-<36%,White,Refinance,Principal_Residence,Originated,1.0,0,0.3885461309959001,11.26
5,138.0,55000,785000.0,28.529,20%-<30%,White,Home_Improvement,Principal_Residence,Approved_NotAccepted,,0,0.46843274427532094,15.99
5,245.0,95000,375000.0,78.353,Unknown,White,Refinance,Principal_Residence,Withdrawn,,0,0.3788288798959598,60.92
3,134.0,395000,1255000.0,31.968,43%-<50%,White,CashOut_Refinance,Principal_Residence,Originated,1.0,1,0.49691813433503473,20.89
3,90.0,285000,415000.0,70.0,43%-<50%,White,CashOut_Refinance,Second_Residence,Originated,1.0,0,0.37483681570415667,3.93
1,826.0,305000,1165000.0,25.86,<20%,White,Other,Principal_Residence,Originated,1.0,1,0.5907357622306152,28.95
6,37.0,75000,475000.0,15.69,>60%,White,CashOut_Refinance,Principal_Residence,Denied,0.0,0,0.499007515548814,16.13
3,95.0,445000,675000.0,78.353,Unknown,Race Not Available,Refinance,Principal_Residence,Purchased,,0,0.36582413325211893,14.6
1,271.0,375000,775000.0,48.387,<20%,White,Home_Purchase,Principal_Residence,Originated,1.0,0,0.4266604004505493,35.39
1,996.0,655000,825000.0,80.0,20%-<30%,White,Home_Purchase,Principal_Residence,Originated,1.0,1,0.5612770309792927,15.73
0,44.0,365000,385000.0,95.0,43%-<50%,White,Home_Purchase,Principal_Residence,Preapproval_Approved_NotAccepted,,2,0.5318282149072849,0.0
4,105.0,215000,235000.0,94.75,43%-<50%,White,Home_Purchase,Principal_Residence,Approved_NotAccepted,,0,0.40471515908103484,39.92
0,254.0,665000,375000.0,78.353,Unknown,Race Not Available,Home_Purchase,Principal_Residence,Withdrawn,,0,0.4545318070780831,95.12
0,87.0,205000,305000.0,67.213,36%-<43%,Race Not Available,Home_Purchase,Principal_Residence,Originated,1.0,0,0.4141609597332155,54.13
0,34.0,175000,275000.0,63.717,36%-<43%,White,Home_Purchase,Principal_Residence,Originated,1.0,0,0.3748743498677298,12.86
1,463.0,855000,375000.0,78.353,Unknown,Race Not Available,Home_Purchase,Principal_Residence,Withdrawn,,0,0.46621055569226133,18.6
0,90.0,355000,395000.0,90.0,43%-<50%,Asian,Home_Purchase,Principal_Residence,Originated,1.0,0,0.3977950405369016,60.21
3,235.0,355000,445000.0,80.0,36%-<43%,White,CashOut_Refinance,Principal_Residence,Originated,1.0,0,0.36895219844990257,33.93
3,76.0,405000,375000.0,78.353,Unknown,Race Not Available,Refinance,Principal_Residence,Withdrawn,,0,0.3778736185533111,4.85
3,182.0,865000,995000.0,86.086,43%-<50%,Race Not Available,CashOut_Refinance,Principal_Residence,Denied,0.0,0,0.48351643868850125,61.23
3,107.0,325000,375000.0,78.353,Unknown,Joint,CashOut_Refinance,Principal_Residence,Incomplete,,0,0.34688780013110204,41.52
2,196.0,155000,425000.0,101.471,20%-<30%,White,Refinance,Investment,Denied,0.0,1,0.44665729992800224,92.31
3,55.0,265000,365000.0,73.611,36%-<43%,White,CashOut_Refinance,Principal_Residence,Originated,1.0,0,0.3665018958931949,68.5
5,127.0,105000,395000.0,57.273,20%-<30%,White,Other,Principal_Residence,Originated,1.0,0,0.43855887109020875,67.09
3,177.0,275000,375000.0,78.353,Unknown,White,CashOut_Refinance,Principal_Residence,Withdrawn,,0,0.35178749669087017,18.15
3,165.0,265000,375000.0,78.353,Unknown,White,CashOut_Refinance,Principal_Residence,Withdrawn,,0,0.34575890147157734,26.48
3,136.0,395000,635000.0,62.791,30%-<36%,White,CashOut_Refinance,Principal_Residence,Originated,1.0,0,0.40444092719343067,12.18
5,65.0,35000,125000.0,84.73,30%-<36%,White,Other,Principal_Residence,Approved_NotAccepted,,0,0.424651649063833,26.48
2,130.0,565000,755000.0,75.0,43%-<50%,White,Home_Purchase,Investment,Originated,1.0,0,0.4469236377041808,72.3
5,197.0,95000,975000.0,90.0,36%-<43%,Race Not Available,Home_Purchase,Principal_Residence,Originated,1.0,0,0.4844008163567913,56.02
0,74.0,215000,285000.0,76.786,30%-<36%,White,Home_Purchase,Principal_Residence,Originated,1.0,0,0.3819831585052883,66.34
4,57.0,105000,115000.0,78.353,30%-<36%,Black or African American,Home_Purchase,Principal_Residence,Originated,1.0,0,0.4040819079484791,56.01
3,81.0,125000,155000.0,79.1,30%-<36%,White,Refinance,Principal_Residence,Originated,1.0,0,0.4917964595517942,0.0
1,360.0,775000,1075000.0,72.067,20%-<30%,White,Home_Purchase,Principal_Residence,Originated,1.0,1,0.44556874682085296,30.24
0,56.0,155000,165000.0,78.353,Unknown,Race Not Available,Home_Purchase,Principal_Residence,Purchased,,0,0.39812316421297106,69.64
3,120.0,375000,375000.0,78.353,Unknown,White,CashOut_Refinance,Principal_Residence,Withdrawn,,0,0.3569329278763335,35.93
0,62.0,325000,345000.0,95.0,43%-<50%,White,Home_Purchase,Principal_Residence,Originated,1.0,0,0.3758848761057786,70.32
0,70.0,255000,645000.0,39.002,43%-<50%,White,Home_Improvement,Principal_Residence,Originated,1.0,0,0.43862084965106635,10.42
3,95.0,85000,95000.0,95.53,Unknown,Black or African American,Refinance,Principal_Residence,Approved_NotAccepted,,0,0.45728504619303517,97.29
0,46.0,15000,375000.0,78.353,Exempt,White,Home_Improvement,Principal_Residence,Denied,0.0,0,0.36339973539248077,20.69
2,128.0,55000,75000.0,75.0,<20%,White,Home_Purchase,Investment,Originated,1.0,0,0.41221651175766505,85.47
6,73.0,315000,395000.0,79.8,>60%,Asian,Refinance,Principal_Residence,Denied,0.0,0,0.3758707529816282,35.08
0,218.0,725000,725000.0,100.0,20%-<30%,White,Home_Purchase,Principal_Residence,Originated,1.0,0,0.4409276590818089,11.23
2,114.0,165000,375000.0,78.353,Unknown,Black or African American,Home_Purchase,Investment,Withdrawn,,0,0.3748552752566397,49.62
1,683.0,495000,1335000.0,84.99,20%-<30%,White,Other,Second_Residence,Originated,1.0,2,0.5459582353828689,12.63
0,79.0,285000,355000.0,78.212,30%-<36%,Asian,Home_Purchase,Principal_Residence,Originated,1.0,0,0.3530584922500465,17.89
0,91.0,155000,165000.0,95.0,20%-<30%,Race Not Available,Home_Purchase,Principal_Residence,Preapproval_Denied,,2,0.5561717836077111,0.0
0,248.0,975000,1335000.0,72.883,43%-<50%,Asian,Home_Purchase,Principal_Residence,Originated,1.0,0,0.4715285144131411,51.6
4,140.0,195000,375000.0,78.353,Unknown,White,Home_Purchase,Principal_Residence,Incomplete,,0,0.3892068333177717,44.28
6,50.0,395000,605000.0,65.7,>60%,White,Home_Improvement,Principal_Residence,Denied,0.0,0,0.46128837394353944,11.8
5,212.0,75000,425000.0,71.16,20%-<30%,White,Home_Improvement,Principal_Residence,Originated,1.0,0,0.39560749479254553,17.61
3,190.0,125000,335000.0,37.31,<20%,White,Refinance,Principal_Residence,Originated,1.0,0,0.4437057058875502,15.99
2,201.0,405000,545000.0,75.0,36%-<43%,White,Home_Purchase,Investment,Originated,1.0,0,0.3819934122042795,39.78
3,70.0,315000,305000.0,103.6,43%-<50%,White,CashOut_Refinance,Principal_Residence,Approved_NotAccepted,,0,0.4049502078781298,66.37
6,90.0,55000,205000.0,113.399,50%-60%,White,Other,Principal_Residence,Denied,0.0,0,0.4705598346321458,8.31
6,40.0,195000,195000.0,96.5,50%-60%,Black or African American,Home_Purchase,Principal_Residence,Originated,1.0,0,0.40789124931539017,69.59
2,95.0,65000,85000.0,70.0,Unknown,Race Not Available,CashOut_Refinance,Investment,Originated,1.0,0,0.3935653633073356,15.01
1,372.0,205000,605000.0,55.7,43%-<50%,Race Not Available,Home_Improvement,Principal_Residence,Originated,1.0,1,0.4520960772219874,23.96
5,165.0,145000,825000.0,66.36,36%-<43%,White,Other,Principal_Residence,Originated,1.0,0,0.4304489255392138,80.7
0,22.0,95000,375000.0,78.353,Unknown,White,Home_Purchase,Principal_Residence,Withdrawn,,1,0.44873959402808317,17.98
0,133.0,325000,415000.0,80.0,<20%,White,Home_Purchase,Principal_Residence,Originated,1.0,0,0.35463090237917494,11.77
1,500.0,1005000,1005000.0,99.398,<20%,White,Home_Purchase,Principal_Residence,Originated,1.0,1,0.5061282444534049,42.21
0,221.0,635000,795000.0,80.0,43%-<50%,Joint,Home_Purchase,Principal_Residence,Originated,1.0,0,0.44225629228733665,31.71
1,448.0,655000,935000.0,70.0,20%-<30%,Joint,Home_Purchase,Second_Residence,Originated,1.0,0,0.4661693228491613,6.35
0,229.0,435000,575000.0,75.0,30%-<36%,White,Home_Purchase,Principal_Residence,Approved_NotAccepted,,0,0.40526755413718146,25.9
6,155.0,75000,685000.0,80.4,50%-60%,White,Home_Improvement,Principal_Residence,Originated,1.0,0,0.43011260525332473,49.78
3,95.0,205000,255000.0,78.353,Unknown,Race Not Available,Refinance,Principal_Residence,Purchased,,0,0.3508623405556432,13.09
3,50.0,265000,375000.0,78.353,Unknown,White,CashOut_Refinance,Principal_Residence,Incomplete,,0,0.3484038844944235,18.24
0,95.0,1125000,1105000.0,78.353,Unknown,Race Not Available,Home_Purchase,Principal_Residence,Purchased,,0,0.44862533989304915,16.56
3,132.0,195000,355000.0,56.66,20%-<30%,White,Refinance,Principal_Residence,Originated,1.0,0,0.40436453554098967,12.18
2,131.0,225000,295000.0,74.99,43%-<50%,White,Home_Purchase,Investment,Originated,1.0,0,0.3522133481892077,25.72
4,78.0,85000,375000.0,78.353,Unknown,White,Home_Purchase,Principal_Residence,Incomplete,,0,0.36750451214853885,14.89
0,61.0,335000,415000.0,80.0,43%-<50%,White,Home_Purchase,Principal_Residence,Originated,1.0,0,0.40558173820392146,42.79
3,95.0,95000,305000.0,30.0,20%-<30%,White,Refinance,Principal_Residence,Originated,1.0,0,0.4459260766877404,18.78
3,58.0,55000,375000.0,78.353,Unknown,White,CashOut_Refinance,Principal_Residence,Withdrawn,,0,0.4287482283829358,6.68
5,93.0,45000,235000.0,59.88,36%-<43%,White,Home_Improvement,Principal_Residence,Denied,0.0,0,0.43817663560380665,19.05
0,68.0,245000,245000.0,96.5,43%-<50%,Black or African American,Home_Purchase,Principal_Residence,Originated,1.0,0,0.397457143612307,70.84
0,50.0,135000,375000.0,78.353,Unknown,Black or African American,Home_Purchase,Principal_Residence,Incomplete,,0,0.3654635145704801,37.52
3,61.0,275000,375000.0,78.353,Unknown,White,CashOut_Refinance,Principal_Residence,Withdrawn,,0,0.36968217133276354,24.33
3,52.0,185000,245000.0,75.0,36%-<43%,Black or African American,CashOut_Refinance,Principal_Residence,Originated,1.0,0,0.37768760965483505,59.64
3,58.0,205000,255000.0,80.0,36%-<43%,White,CashOut_Refinance,Principal_Residence,Denied,0.0,0,0.36450600061713356,31.27
5,52.0,55000,375000.0,78.353,Unknown,White,Home_Improvement,Principal_Residence,Incomplete,,0,0.36092284424357707,29.11
0,268.0,645000,375000.0,80.0,20%-<30%,Race Not Available,Home_Purchase,Principal_Residence,Preapproval_Approved_NotAccepted,,2,0.5491933783026993,0.0
0,95.0,255000,265000.0,78.353,Unknown,Race Not Available,Home_Purchase,Principal_Residence,Purchased,,0,0.34604237408069527,31.85
3,31.0,135000,325000.0,39.85,43%-<50%,Race Not Available,CashOut_Refinance,Principal_Residence,Originated,1.0,0,0.4266879760659231,67.32
3,104.0,145000,1005000.0,13.879,<20%,White,Home_Purchase,Principal_Residence,Originated,1.0,0,0.4857028573784773,74.31
0,64.0,335000,325000.0,100.0,43%-<50%,White,Home_Purchase,Principal_Residence,Denied,0.0,0,0.3697366663006127,23.32
4,103.0,265000,295000.0,78.353,30%-<36%,White,Home_Purchase,Principal_Residence,Approved_NotAccepted,,0,0.39020274285845585,68.76
3,31.0,185000,465000.0,38.972,43%-<50%,White,CashOut_Refinance,Principal_Residence,Originated,1.0,0,0.4243382627254409,37.03
3,95.0,145000,355000.0,42.0,30%-<36%,Race Not Available,Refinance,Principal_Residence,Originated,1.0,0,0.4304777839733402,59.54
0,160.0,515000,645000.0,80.0,36%-<43%,White,Home_Purchase,Principal_Residence,Originated,1.0,0,0.38345274345946184,21.77
0,48.0,115000,135000.0,80.0,<20%,White,Home_Purchase,Principal_Residence,Originated,1.0,0,0.35762927638702713,24.88
3,71.0,285000,375000.0,78.353,Unknown,Race Not Available,CashOut_Refinance,Principal_Residence,Withdrawn,,0,0.35220411398276485,12.83
0,95.0,255000,265000.0,78.353,Unknown,Race Not Available,Home_Purchase,Principal_Residence,Purchased,,0,0.3570822372724773,9.26
6,84.0,215000,755000.0,28.8,50%-60%,White,Refinance,Principal_Residence,Originated,1.0,0,0.5248032928142193,87.14
3,68.0,195000,225000.0,85.0,30%-<36%,White,Refinance,Principal_Residence,Originated,1.0,0,0.3614269722258145,18.0
0,95.0,175000,175000.0,78.353,Unknown,Race Not Available,NotApplicable,Principal_Residence,Purchased,,0,0.3700474370389156,34.25
3,176.0,265000,1255000.0,21.08,20%-<30%,White,Home_Purchase,Principal_Residence,Originated,1.0,1,0.5292139560573257,12.32
3,135.0,255000,405000.0,63.75,43%-<50%,White,CashOut_Refinance,Principal_Residence,Originated,1.0,0,0.4077538118513861,42.51
2,95.0,1065000,1395000.0,80.0,Unknown,Race Not Available,Home_Purchase,Investment,Originated,1.0,0,0.46696696673360627,19.31
6,68.0,305000,335000.0,90.0,50%-60%,Asian,Home_Purchase,Principal_Residence,Originated,1.0,0,0.3649744900363251,50.72
5,102.0,55000,605000.0,79.0,36%-<43%,White,CashOut_Refinance,Principal_Residence,Originated,1.0,0,0.4347355236474792,24.93
3,95.0,195000,375000.0,78.353,Unknown,White,CashOut_Refinance,Principal_Residence,Withdrawn,,0,0.37350185838182137,7.67
0,76.0,285000,285000.0,100.0,20%-<30%,Joint,Home_Purchase,Principal_Residence,Originated,1.0,0,0.38496372033403914,42.24
3,240.0,595000,815000.0,72.84,20%-<30%,White,CashOut_Refinance,Principal_Residence,Originated,1.0,0,0.44076462655628995,27.95
0,57.0,2075000,375000.0,78.353,Exempt,White,Home_Purchase,Principal_Residence,Withdrawn,,0,0.48545391594762477,23.8
5,148.0,265000,615000.0,85.0,43%-<50%,Race Not Available,Refinance,Principal_Residence,Originated,1.0,0,0.3789713254766644,20.0
3,62.0,235000,375000.0,78.353,Unknown,White,CashOut_Refinance,Principal_Residence,Withdrawn,,0,0.3803233022064445,25.55
3,50.0,205000,375000.0,78.353,Unknown,Race Not Available,CashOut_Refinance,Principal_Residence,Incomplete,,0,0.3582472911510592,27.16
0,109.0,395000,495000.0,80.0,30%-<36%,White,Home_Purchase,Principal_Residence,Originated,1.0,0,0.35878251891122637,48.07
5,91.0,115000,255000.0,75.0,36%-<43%,Native Hawaiian or Other Pacific Islander,Home_Improvement,Principal_Residence,Originated,1.0,0,0.3727159668590456,75.42
3,170.0,305000,655000.0,46.154,20%-<30%,Asian,CashOut_Refinance,Principal_Residence,Denied,0.0,1,0.47187383549007306,40.33
5,63.0,25000,295000.0,78.12,43%-<50%,White,Other,Principal_Residence,Denied,0.0,0,0.37705447855756785,34.44
3,38.0,175000,465000.0,36.571,36%-<43%,Joint,Refinance,Principal_Residence,Originated,1.0,0,0.4115290249765987,45.79
0,89.0,315000,375000.0,78.353,Exempt,White,Home_Purchase,Principal_Residence,Originated,1.0,0,0.3569126555832725,26.91
3,144.0,785000,375000.0,78.353,Unknown,White,CashOut_Refinance,Principal_Residence,Withdrawn,,0,0.3969669101829537,47.79
2,95.0,75000,95000.0,73.469,Unknown,Race Not Available,Home_Purchase,Investment,Originated,1.0,1,0.46240535321691606,17.74
0,61.0,275000,375000.0,78.353,Unknown,White,Home_Purchase,Principal_Residence,Withdrawn,,0,0.34556332525341127,33.41
3,56.0,195000,595000.0,33.52,36%-<43%,White,Refinance,Principal_Residence,Originated,1.0,0,0.41794650649864923,8.56
1,353.0,1005000,6505000.0,52.558,>60%,White,Other,Principal_Residence,Denied,0.0,4,0.6432765863787865,17.25
2,223.0,255000,375000.0,78.353,Unknown,Black or African American,Home_Purchase,Investment,Incomplete,,0,0.3580950366381091,33.49
3,80.0,145000,245000.0,62.0,36%-<43%,White,Refinance,Principal_Residence,Denied,0.0,0,0.40075360474827926,20.48
5,95.0,15000,315000.0,78.353,Unknown,Race Not Available,Home_Purchase,Principal_Residence,Purchased,,1,0.48930177924802903,78.42
6,67.0,295000,325000.0,90.0,50%-60%,White,Home_Purchase,Principal_Residence,Originated,1.0,0,0.3538237539929235,35.93
5,112.0,95000,575000.0,74.775,43%-<50%,Black or African American,CashOut_Refinance,Principal_Residence,Denied,0.0,0,0.41766301042712073,72.1
0,61.0,245000,255000.0,96.14,43%-<50%,White,Home_Purchase,Principal_Residence,Originated,1.0,0,0.374062004644076,19.77
1,320.0,305000,655000.0,46.132,30%-<36%,White,Home_Improvement,Principal_Residence,Originated,1.0,1,0.4719817579597355,9.24
0,77.0,165000,175000.0,96.5,36%-<43%,White,Home_Purchase,Principal_Residence,Originated,1.0,0,0.367441596374489,36.94
1,406.0,585000,785000.0,75.0,36%-<43%,White,Other,Second_Residence,Originated,1.0,0,0.45115359560963825,8.49
6,88.0,245000,295000.0,81.4,50%-60%,White,CashOut_Refinance,Principal_Residence,Originated,1.0,0,0.36138535628219026,7.61
3,52.0,5000,375000.0,78.353,Unknown,White,CashOut_Refinance,Principal_Residence,Withdrawn,,0,0.37530713317927306,34.54
3,36.0,35000,215000.0,15.953,Unknown,American Indian or Alaska Native,Other,Principal_Residence,Denied,0.0,0,0.4457751188993088,27.83
6,42.0,205000,175000.0,112.36,50%-60%,White,CashOut_Refinance,Principal_Residence,Denied,0.0,0,0.41793351645973736,5.86
0,95.0,515000,545000.0,78.353,Unknown,Race Not Available,Home_Purchase,Principal_Residence,Purchased,,0,0.40840705530034865,82.77
3,329.0,535000,1555000.0,35.0,36%-<43%,White,Refinance,Second_Residence,Originated,1.0,1,0.5468109956212704,9.56
3,114.0,285000,365000.0,78.0,20%-<30%,White,CashOut_Refinance,Principal_Residence,Originated,1.0,0,0.35154682719772806,23.57
6,55.0,145000,445000.0,81.51,>60%,White,Refinance,Principal_Residence,Denied,0.0,0,0.4184647154693614,6.33
0,95.0,275000,285000.0,78.353,Unknown,Race Not Available,Home_Purchase,Principal_Residence,Purchased,,0,0.3447493265692681,34.47
3,67.0,35000,225000.0,15.356,36%-<43%,White,Home_Improvement,Principal_Residence,Denied,0.0,0,0.4802104841463845,26.21
0,57.0,215000,275000.0,80.0,36%-<43%,White,Home_Purchase,Principal_Residence,Originated,1.0,0,0.3832713427603636,10.14
3,67.0,215000,275000.0,80.0,43%-<50%,White,Refinance,Principal_Residence,Originated,1.0,0,0.3527629727697338,24.31
2,165.0,305000,505000.0,78.353,Unknown,Race Not Available,Home_Purchase,Investment,Purchased,,0,0.37882841117703275,62.27
6,106.0,235000,655000.0,85.61,50%-60%,Race Not Available,Home_Improvement,Principal_Residence,Denied,0.0,0,0.37798406937189505,52.89
5,54.0,105000,345000.0,67.17,43%-<50%,White,Other,Principal_Residence,Originated,1.0,0,0.369718461391975,20.17
6,85.0,455000,855000.0,52.941,>60%,Asian,CashOut_Refinance,Principal_Residence,Denied,0.0,1,0.4958804506548035,79.28
2,95.0,145000,225000.0,63.636,Unknown,Race Not Available,Other,Investment,Originated,1.0,0,0.3961209302851467,38.5
0,76.0,135000,235000.0,56.522,36%-<43%,White,Home_Purchase,Principal_Residence,Approved_NotAccepted,,0,0.3846584666406251,6.83
0,143.0,495000,545000.0,90.0,36%-<43%,Asian,Home_Purchase,Principal_Residence,Originated,1.0,0,0.417329666861363,66.4
6,126.0,55000,255000.0,19.305,50%-60%,White,Other,Principal_Residence,Denied,0.0,0,0.4868305647151309,25.03
3,137.0,145000,595000.0,25.0,30%-<36%,Race Not Available,Other,Principal_Residence,Originated,1.0,0,0.4962681710560252,28.93
6,105.0,465000,545000.0,85.0,50%-60%,White,Home_Purchase,Principal_Residence,Originated,1.0,0,0.368568516438787,35.49
6,21.0,65000,255000.0,24.0,>60%,White,Refinance,Principal_Residence,Denied,0.0,0,0.4761607270757781,8.68
6,22.0,125000,345000.0,34.915,>60%,White,CashOut_Refinance,Principal_Residence,Denied,0.0,0,0.43228071143095226,71.23
4,95.0,75000,75000.0,78.353,Unknown,Race Not Available,Home_Purchase,Principal_Residence,Purchased,,0,0.418801256145768,74.37
3,95.0,235000,355000.0,78.353,Unknown,Race Not Available,CashOut_Refinance,Principal_Residence,Purchased,,0,0.3534972669194047,18.37
3,69.0,275000,335000.0,80.712,30%-<36%,Race Not Available,CashOut_Refinance,Principal_Residence,Originated,1.0,0,0.35552490294000133,51.86
5,116.0,45000,385000.0,69.83,43%-<50%,White,Home_Improvement,Principal_Residence,Denied,0.0,0,0.362935643352423,10.51
0,96.0,535000,575000.0,78.353,Unknown,Race Not Available,Home_Purchase,Principal_Residence,Purchased,,0,0.3769845099968687,22.48
0,124.0,435000,465000.0,95.0,30%-<36%,White,Home_Purchase,Principal_Residence,Originated,1.0,0,0.37998140658377894,8.43
0,186.0,625000,785000.0,80.0,30%-<36%,White,Home_Purchase,Principal_Residence,Originated,1.0,0,0.3991933336487971,12.75
0,73.0,135000,145000.0,96.5,30%-<36%,Black or African American,Home_Purchase,Principal_Residence,Originated,1.0,0,0.39435937084598893,78.85
0,188.0,835000,825000.0,100.0,30%-<36%,Race Not Available,Home_Purchase,Principal_Residence,Approved_NotAccepted,,0,0.4613340616371188,50.87
0,295.0,205000,295000.0,68.475,36%-<43%,White,Home_Purchase,Principal_Residence,Originated,1.0,0,0.4063087626147046,47.96
0,95.0,145000,1005000.0,78.353,Unknown,Race Not Available,Home_Purchase,Principal_Residence,Purchased,,0,0.43670903748027656,22.15
3,37.0,245000,655000.0,39.0,43%-<50%,Race Not Available,Refinance,Principal_Residence,Originated,1.0,0,0.41005541596426254,20.59
1,271.0,695000,775000.0,90.0,36%-<43%,White,Home_Purchase,Principal_Residence,Originated,1.0,0,0.47089251746796934,26.54
3,103.0,265000,375000.0,78.353,Unknown,White,CashOut_Refinance,Principal_Residence,Incomplete,,0,0.3728873988002726,5.29
6,48.0,215000,245000.0,89.583,50%-60%,Black or African American,Home_Purchase,Principal_Residence,Originated,1.0,0,0.38232966812553465,36.19
5,350.0,25000,415000.0,79.84,20%-<30%,White,Home_Improvement,Second_Residence,Originated,1.0,0,0.4069421051148439,50.11
3,49.0,295000,375000.0,78.353,Unknown,White,CashOut_Refinance,Principal_Residence,Originated,1.0,0,0.3734684728997771,54.99
0,56.0,425000,535000.0,80.0,43%-<50%,White,Home_Purchase,Principal_Residence,Originated,1.0,0,0.35591266350134554,20.23
0,76.0,295000,345000.0,85.0,43%-<50%,White,Home_Purchase,Principal_Residence,Approved_NotAccepted,,0,0.3665579304032348,10.67
0,100.0,465000,375000.0,105.171,43%-<50%,Race Not Available,Home_Purchase,Principal_Residence,Preapproval_Approved_NotAccepted,,2,0.5528628356095213,0.0
0,65.0,335000,345000.0,95.0,43%-<50%,White,Home_Purchase,Principal_Residence,Originated,1.0,0,0.376921376559876,51.84
3,48.0,255000,375000.0,78.353,Unknown,White,CashOut_Refinance,Principal_Residence,Withdrawn,,0,0.3685771681600528,60.36
3,123.0,405000,555000.0,73.884,43%-<50%,White,Refinance,Principal_Residence,Originated,1.0,0,0.35988067604766777,28.49
3,156.0,895000,1345000.0,66.511,36%-<43%,Asian,CashOut_Refinance,Principal_Residence,Originated,1.0,0,0.501060680116588,58.31
3,47.0,305000,375000.0,78.353,Unknown,White,CashOut_Refinance,Principal_Residence,Withdrawn,,0,0.3643742185536343,27.69
0,76.0,175000,215000.0,80.186,36%-<43%,White,Home_Purchase,Principal_Residence,Denied,0.0,0,0.3743667359344685,25.73
3,114.0,365000,375000.0,78.353,Unknown,Black or African American,CashOut_Refinance,Principal_Residence,Withdrawn,,0,0.349486377382249,23.81
2,64.0,205000,275000.0,75.0,43%-<50%,White,Home_Purchase,Investment,Originated,1.0,0,0.35692140037154735,30.54
3,60.0,75000,375000.0,78.353,Unknown,White,Refinance,Principal_Residence,Withdrawn,,0,0.35353345074909054,15.36
3,95.0,245000,345000.0,78.353,Unknown,Race Not Available,CashOut_Refinance,Principal_Residence,Purchased,,0,0.35901733882921655,40.59
6,33.0,215000,965000.0,50.939,>60%,Native Hawaiian or Other Pacific Islander,Home_Improvement,Principal_Residence,Denied,0.0,0,0.4580052447914966,92.26
1,573.0,245000,315000.0,80.0,<20%,American Indian or Alaska Native,Home_Purchase,Investment,Denied,0.0,1,0.443478380280429,53.56
5,175.0,55000,545000.0,80.0,20%-<30%,White,Other,Principal_Residence,Originated,1.0,0,0.4213074675829443,18.23
0,95.0,245000,255000.0,78.353,Unknown,Race Not Available,Home_Purchase,Principal_Residence,Purchased,,0,0.4132917359697211,61.74
3,60.0,55000,75000.0,80.0,36%-<43%,White,CashOut_Refinance,Principal_Residence,Denied,0.0,0,0.37877084250645454,50.3
3,78.0,25000,485000.0,5.1,20%-<30%,White,Home_Improvement,Principal_Residence,Originated,1.0,1,0.5365296568790449,10.29
3,145.0,495000,565000.0,88.036,30%-<36%,Race Not Available,Refinance,Principal_Residence,Originated,1.0,0,0.3851877716500874,12.07
2,149.0,545000,745000.0,72.673,43%-<50%,Race Not Available,Home_Purchase,Investment,Originated,1.0,0,0.39994560021710784,59.03
3,122.0,325000,415000.0,79.268,43%-<50%,White,CashOut_Refinance,Principal_Residence,Originated,1.0,0,0.3512841273925837,21.07
3,68.0,105000,375000.0,26.667,20%-<30%,White,Home_Purchase,Principal_Residence,Originated,1.0,0,0.42429611545648194,22.25
2,95.0,285000,225000.0,86.0,Unknown,Race Not Available,Home_Purchase,Investment,Originated,1.0,2,0.5957612231732287,0.0
6,19.0,305000,505000.0,60.0,>60%,White,Other,Principal_Residence,Denied,0.0,0,0.4699598404869986,30.0
5,82.0,45000,375000.0,78.353,Unknown,Black or African American,Other,Principal_Residence,Withdrawn,,0,0.4006919734572179,42.06
3,69.0,115000,375000.0,78.353,Unknown,White,CashOut_Refinance,Principal_Residence,Withdrawn,,0,0.361301709778766,60.15
0,21.0,95000,105000.0,90.0,43%-<50%,White,Home_Purchase,Principal_Residence,Approved_NotAccepted,,0,0.3728935998639537,24.11
2,95.0,365000,825000.0,78.353,Unknown,Race Not Available,Home_Purchase,Investment,Purchased,,0,0.4071090170573363,51.07
0,115.0,405000,375000.0,78.353,Unknown,Race Not Available,Home_Purchase,Principal_Residence,Withdrawn,,0,0.4232205732557539,99.47
0,47.0,205000,225000.0,90.0,43%-<50%,Asian,Home_Purchase,Principal_Residence,Originated,1.0,0,0.36516177271347755,23.96
0,95.0,485000,575000.0,78.353,Unknown,Race Not Available,Home_Purchase,Principal_Residence,Purchased,,0,0.3623527910938424,14.12
3,132.0,155000,375000.0,78.353,Unknown,White,CashOut_Refinance,Principal_Residence,Incomplete,,0,0.4092553839184098,16.75
3,58.0,205000,305000.0,68.267,30%-<36%,White,CashOut_Refinance,Principal_Residence,Originated,1.0,0,0.3694394886551803,46.03
3,130.0,565000,1015000.0,55.17,20%-<30%,Asian,CashOut_Refinance,Principal_Residence,Originated,1.0,0,0.42538694992266324,50.57
0,90.0,325000,505000.0,65.0,36%-<43%,White,Home_Purchase,Principal_Residence,Originated,1.0,0,0.3642442488806876,19.62
3,27.0,315000,375000.0,78.353,Unknown,Black or African American,Refinance,Principal_Residence,Withdrawn,,0,0.3576634901080203,33.5
3,302.0,615000,375000.0,78.353,Unknown,Asian,Refinance,Principal_Residence,Incomplete,,0,0.43596540112015764,70.96
2,68.0,185000,375000.0,78.353,Unknown,Black or African American,CashOut_Refinance,Investment,Withdrawn,,0,0.34862760163990164,24.3
3,54.0,155000,335000.0,47.576,30%-<36%,White,Refinance,Principal_Residence,Originated,1.0,0,0.39829415053200906,57.28
0,52.0,175000,375000.0,78.353,Unknown,Asian,Home_Purchase,Principal_Residence,Withdrawn,,0,0.3556790736233149,44.85
5,119.0,15000,255000.0,53.34,<20%,White,Home_Improvement,Principal_Residence,Originated,1.0,0,0.45666157958376186,40.22
0,74.0,275000,285000.0,96.5,43%-<50%,White,Home_Purchase,Principal_Residence,Originated,1.0,0,0.35926589671412373,20.96
0,26.0,65000,115000.0,89.65,36%-<43%,White,Home_Purchase,Principal_Residence,Originated,1.0,0,0.4912642629293767,99.0
0,31.0,105000,145000.0,74.0,20%-<30%,White,Home_Purchase,Principal_Residence,Originated,1.0,0,0.4192020052602366,93.78
2,95.0,1855000,375000.0,78.353,Unknown,White,CashOut_Refinance,Investment,Withdrawn,,0,0.46126452047356536,33.63
5,211.0,405000,1455000.0,83.216,43%-<50%,Asian,CashOut_Refinance,Principal_Residence,Denied,0.0,2,0.5714067856451335,96.76
5,93.0,15000,265000.0,31.165,30%-<36%,Race Not Available,Other,Principal_Residence,Originated,1.0,1,0.5616979563524873,97.77
0,46.0,175000,215000.0,80.0,30%-<36%,White,Home_Purchase,Principal_Residence,Originated,1.0,0,0.36683133794283845,51.29
0,124.0,465000,625000.0,74.677,20%-<30%,White,Home_Purchase,Principal_Residence,Originated,1.0,0,0.39288265101084113,9.25
5,73.0,35000,405000.0,82.65,36%-<43%,White,Other,Principal_Residence,Originated,1.0,0,0.440729143437533,10.32
0,243.0,475000,525000.0,100.0,43%-<50%,White,Home_Purchase,Principal_Residence,Originated,1.0,0,0.41007456741978676,11.73
6,143.0,755000,775000.0,98.18,50%-60%,White,Home_Purchase,Principal_Residence,Approved_NotAccepted,,1,0.4670615112055561,43.52
0,165.0,195000,415000.0,46.99,43%-<50%,Race Not Available,Home_Purchase,Principal_Residence,Originated,1.0,0,0.38184824989789373,28.45
6,47.0,55000,55000.0,96.5,50%-60%,White,Home_Purchase,Principal_Residence,Originated,1.0,0,0.4051567635710875,10.67
0,154.0,295000,375000.0,78.353,Unknown,Asian,Home_Purchase,Principal_Residence,Incomplete,,0,0.37077250423422514,57.73
6,103.0,485000,205000.0,96.421,50%-60%,Black or African American,Home_Purchase,Principal_Residence,Approved_NotAccepted,,0,0.45908389689313833,99.57
3,48.0,55000,235000.0,21.277,30%-<36%,Asian,Home_Improvement,Principal_Residence,Originated,1.0,0,0.48173488299219713,21.58
3,138.0,285000,355000.0,80.0,20%-<30%,White,CashOut_Refinance,Principal_Residence,Denied,0.0,0,0.3489891083294321,12.22
0,167.0,615000,615000.0,100.0,43%-<50%,White,Home_Purchase,Principal_Residence,Originated,1.0,0,0.45269135656536885,19.75
3,90.0,285000,505000.0,55.446,30%-<36%,White,CashOut_Refinance,Principal_Residence,Originated,1.0,0,0.3703860192084505,12.36
5,190.0,55000,835000.0,54.71,43%-<50%,White,Home_Improvement,Principal_Residence,Originated,1.0,1,0.4768255804867223,14.91
0,44.0,245000,245000.0,96.5,43%-<50%,Black or African American,Home_Purchase,Principal_Residence,Originated,1.0,0,0.3682544633422421,40.18
0,78.0,105000,135000.0,72.993,30%-<36%,White,Other,Principal_Residence,Originated,1.0,0,0.4064674442824924,4.27
0,83.0,235000,375000.0,78.353,Unknown,Race Not Available,Home_Purchase,Principal_Residence,Withdrawn,,0,0.3789171723085784,72.53
1,414.0,355000,585000.0,60.0,20%-<30%,White,Home_Purchase,Second_Residence,Originated,1.0,0,0.4804247256111559,7.11
5,85.0,65000,325000.0,59.63,43%-<50%,White,Other,Principal_Residence,Originated,1.0,0,0.36579307702146024,20.43
0,71.0,195000,205000.0,96.499,36%-<43%,White,Home_Purchase,Principal_Residence,Originated,1.0,0,0.3624358467605211,31.79
0,204.0,645000,675000.0,95.0,36%-<43%,White,Home_Purchase,Principal_Residence,Originated,1.0,0,0.40525267289602335,34.17
6,54.0,65000,275000.0,82.52,>60%,White,Home_Improvement,Principal_Residence,Denied,0.0,0,0.36715265490715576,32.84
0,75.0,185000,195000.0,95.0,20%-<30%,Race Not Available,Home_Purchase,Principal_Residence,Originated,1.0,0,0.3671935893669026,18.06
5,77.0,55000,245000.0,79.99,20%-<30%,White,CashOut_Refinance,Principal_Residence,Approved_NotAccepted,,0,0.4240643629558342,22.74
0,95.0,415000,515000.0,78.353,Unknown,Race Not Available,Home_Purchase,Principal_Residence,Purchased,,0,0.42292970378418526,53.67
5,133.0,65000,515000.0,79.78,30%-<36%,White,Home_Improvement,Principal_Residence,Originated,1.0,0,0.36828271457899026,24.65
3,189.0,175000,375000.0,78.353,Unknown,White,Refinance,Principal_Residence,Withdrawn,,0,0.3833215489828903,70.04
4,19.0,65000,375000.0,78.353,Unknown,White,Home_Purchase,Principal_Residence,Incomplete,,0,0.4034278044479506,8.47
6,97.0,355000,665000.0,53.03,50%-60%,White,Refinance,Principal_Residence,Originated,1.0,0,0.42233552377934847,60.76
6,140.0,325000,385000.0,84.211,50%-60%,Joint,CashOut_Refinance,Principal_Residence,Originated,1.0,0,0.3727784012252722,29.19
0,109.0,345000,375000.0,78.353,Unknown,White,Home_Purchase,Principal_Residence,Withdrawn,,0,0.35383261622257306,23.33
6,93.0,475000,475000.0,100.0,50%-60%,Joint,Home_Purchase,Principal_Residence,Originated,1.0,0,0.3847663102749322,25.46
3,17.0,405000,1075000.0,78.353,Unknown,White,Refinance,Principal_Residence,Originated,1.0,0,0.4033900742529579,47.16
0,166.0,585000,615000.0,95.0,43%-<50%,Black or African American,Home_Purchase,Principal_Residence,Originated,1.0,0,0.48095540758939676,83.95
3,97.0,305000,375000.0,78.353,Unknown,Race Not Available,Refinance,Principal_Residence,Incomplete,,0,0.3494434392246907,21.33
0,42.0,45000,375000.0,78.353,Unknown,Race Not Available,Home_Purchase,Principal_Residence,Denied,0.0,1,0.4703897044075268,22.07
5,91.0,85000,105000.0,94.598,43%-<50%,Black or African American,Home_Improvement,Principal_Residence,Originated,1.0,0,0.4747536718751654,85.69
3,34.0,195000,375000.0,78.353,Unknown,White,CashOut_Refinance,Principal_Residence,Incomplete,,0,0.37713255399683177,33.8
3,202.0,115000,145000.0,80.0,30%-<36%,Black or African American,CashOut_Refinance,Principal_Residence,Originated,1.0,0,0.38874919634280697,49.86
6,255.0,255000,2705000.0,57.09,>60%,Asian,Other,Principal_Residence,Denied,0.0,2,0.572735668925713,33.59
5,125.0,55000,675000.0,69.96,30%-<36%,White,Other,Principal_Residence,Originated,1.0,0,0.441562682728,84.04
0,147.0,245000,315000.0,77.46,36%-<43%,White,Home_Purchase,Second_Residence,Originated,1.0,0,0.35407348549266177,18.87
4,98.0,95000,95000.0,78.353,36%-<43%,White,Home_Purchase,Principal_Residence,Denied,0.0,0,0.4082273090599754,5.09
3,75.0,205000,255000.0,79.176,20%-<30%,Race Not Available,Refinance,Principal_Residence,Originated,1.0,0,0.3773369089066738,32.66
3,137.0,275000,405000.0,67.65,43%-<50%,White,CashOut_Refinance,Principal_Residence,Originated,1.0,0,0.381877723414817,11.34
0,86.0,385000,375000.0,78.353,Unknown,Asian,Home_Purchase,Principal_Residence,Withdrawn,,0,0.38738549070615363,67.39
0,95.0,95000,95000.0,78.353,Unknown,Race Not Available,Home_Purchase,Principal_Residence,Purchased,,1,0.5558325972025077,99.23
3,36.0,225000,385000.0,59.38,43%-<50%,Race Not Available,CashOut_Refinance,Principal_Residence,Originated,1.0,0,0.3962332144243716,78.27
0,131.0,205000,255000.0,80.0,20%-<30%,Asian,Home_Purchase,Principal_Residence,Originated,1.0,0,0.4556285619151909,38.26
3,90.0,65000,375000.0,78.353,Unknown,White,Refinance,Principal_Residence,Withdrawn,,0,0.3835551315579085,13.89
0,121.0,275000,295000.0,95.0,36%-<43%,White,Home_Purchase,Principal_Residence,Originated,1.0,0,0.3662586946847233,40.99
0,64.0,315000,465000.0,67.53,43%-<50%,Black or African American,Home_Purchase,Principal_Residence,Originated,1.0,0,0.3799883267835884,68.86
0,94.0,105000,135000.0,80.0,<20%,White,Home_Purchase,Principal_Residence,Approved_NotAccepted,,0,0.3523030377250486,37.17
3,61.0,115000,255000.0,43.725,30%-<36%,White,Refinance,Principal_Residence,Denied,0.0,0,0.4294821156305579,27.09
0,225.0,725000,765000.0,95.0,30%-<36%,White,Home_Purchase,Principal_Residence,Originated,1.0,0,0.4250504136335112,25.96
2,95.0,305000,375000.0,78.353,Unknown,Race Not Available,CashOut_Refinance,Investment,Withdrawn,,0,0.35328079770744625,37.95
3,83.0,385000,485000.0,81.042,30%-<36%,White,Refinance,Principal_Residence,Originated,1.0,0,0.39989124171184964,76.32
0,227.0,425000,455000.0,95.0,30%-<36%,Black or African American,Home_Purchase,Principal_Residence,Originated,1.0,0,0.399927219941964,45.95
2,95.0,1205000,2055000.0,58.77,Unknown,Asian,Home_Purchase,Investment,Originated,1.0,0,0.5753510620768995,90.14
3,70.0,215000,375000.0,78.353,Unknown,White,CashOut_Refinance,Principal_Residence,Withdrawn,,0,0.3443715872484882,23.36
0,95.0,245000,245000.0,78.353,Unknown,Race Not Available,Home_Purchase,Principal_Residence,Purchased,,0,0.3469140751917155,14.46
0,86.0,265000,375000.0,78.353,Unknown,Race Not Available,Home_Purchase,Principal_Residence,Originated,1.0,0,0.35322753578819466,22.24
4,57.0,75000,375000.0,78.353,Unknown,White,Home_Purchase,Principal_Residence,Incomplete,,0,0.43062058761941274,10.06
3,135.0,395000,675000.0,60.0,43%-<50%,Black or African American,CashOut_Refinance,Principal_Residence,Originated,1.0,0,0.44592364075617413,64.86
3,43.0,275000,395000.0,69.0,43%-<50%,White,CashOut_Refinance,Principal_Residence,Originated,1.0,0,0.40665126541483604,82.48
2,95.0,255000,275000.0,71.31,Unknown,Race Not Available,Home_Purchase,Investment,Originated,1.0,2,0.5948693353352011,0.0
1,377.0,565000,565000.0,100.0,20%-<30%,Joint,Home_Purchase,Principal_Residence,Originated,1.0,0,0.4279794405121826,42.5
1,742.0,1125000,1625000.0,69.23,<20%,Race Not Available,CashOut_Refinance,Principal_Residence,Originated,1.0,2,0.579938931593857,28.45
3,80.0,215000,275000.0,78.353,Unknown,Race Not Available,Refinance,Principal_Residence,Purchased,,0,0.46411375336826166,97.78
0,81.0,195000,205000.0,98.106,30%-<36%,White,Home_Purchase,Principal_Residence,Originated,1.0,0,0.3669183579423102,14.98
0,61.0,195000,325000.0,60.0,20%-<30%,White,Other,Principal_Residence,Originated,1.0,0,0.3646682231828287,42.82
3,89.0,135000,165000.0,80.0,43%-<50%,White,CashOut_Refinance,Principal_Residence,Originated,1.0,0,0.356595599827657,9.36
3,190.0,355000,695000.0,51.159,20%-<30%,White,CashOut_Refinance,Principal_Residence,Originated,1.0,0,0.4381461970948155,8.69
2,85.0,155000,225000.0,70.0,36%-<43%,Asian,Other,Investment,Originated,1.0,0,0.3747884921311962,49.45
1,433.0,1535000,375000.0,78.353,Unknown,Asian,Home_Purchase,Principal_Residence,Withdrawn,,2,0.5593736593440569,79.6
0,95.0,225000,355000.0,78.353,Unknown,Race Not Available,NotApplicable,Principal_Residence,Purchased,,0,0.3587049944411179,66.19
6,32.0,305000,375000.0,83.514,>60%,Joint,Refinance,Principal_Residence,Denied,0.0,0,0.3865121616131186,76.9
3,126.0,385000,825000.0,46.388,20%-<30%,White,Refinance,Principal_Residence,Originated,1.0,0,0.4111556079184187,9.12
1,1043.0,485000,605000.0,80.0,<20%,White,Other,Principal_Residence,Denied,0.0,0,0.4840140252432904,17.63
6,30.0,75000,385000.0,19.74,>60%,White,Other,Second_Residence,Denied,0.0,0,0.4400418572933676,40.87
2,154.0,315000,455000.0,70.0,43%-<50%,White,Home_Purchase,Investment,Denied,0.0,0,0.37823122773727336,42.05
0,77.0,145000,205000.0,71.2,<20%,White,Home_Purchase,Principal_Residence,Originated,1.0,0,0.3658865987745976,43.68
0,196.0,785000,1035000.0,75.097,30%-<36%,Black or African American,Home_Purchase,Principal_Residence,Originated,1.0,1,0.45479922100437387,40.65
0,130.0,355000,345000.0,100.0,30%-<36%,Race Not Available,Home_Purchase,Principal_Residence,Originated,1.0,0,0.3792051949586256,49.78
3,116.0,205000,435000.0,46.744,20%-<30%,White,Refinance,Principal_Residence,Originated,1.0,0,0.41433997747567125,65.31
0,74.0,185000,265000.0,70.0,20%-<30%,White,Home_Purchase,Principal_Residence,Originated,1.0,0,0.3549024725917983,12.31
0,91.0,215000,375000.0,78.353,Unknown,White,Home_Purchase,Principal_Residence,Incomplete,,0,0.3460038976734195,40.09
0,97.0,425000,445000.0,95.0,43%-<50%,Asian,Home_Purchase,Principal_Residence,Originated,1.0,0,0.3807549556107536,48.62
3,124.0,595000,745000.0,80.0,36%-<43%,White,Refinance,Principal_Residence,Originated,1.0,0,0.4245077021980415,33.54
0,232.0,605000,605000.0,100.0,20%-<30%,Black or African American,Home_Purchase,Principal_Residence,Originated,1.0,0,0.4384896446210935,57.28
0,-707.0,785000,1205000.0,65.0,<20%,Race Not Available,Home_Purchase,Second_Residence,Denied,0.0,1,0.45707483389808923,42.1
3,22.0,105000,275000.0,78.353,Unknown,White,Refinance,Principal_Residence,Originated,1.0,0,0.36047059016680705,17.74
0,140.0,225000,285000.0,80.0,30%-<36%,Asian,Home_Purchase,Principal_Residence,Originated,1.0,1,0.44700947221058235,32.45
3,94.0,325000,375000.0,78.353,Unknown,Race Not Available,CashOut_Refinance,Principal_Residence,Withdrawn,,0,0.4544275028230433,67.83
0,161.0,55000,105000.0,50.0,36%-<43%,White,Home_Improvement,Second_Residence,Denied,0.0,0,0.4476745009689988,9.98
3,88.0,115000,175000.0,68.824,20%-<30%,White,Refinance,Principal_Residence,Denied,0.0,0,0.4423864253281259,88.13
5,98.0,15000,335000.0,84.0,30%-<36%,White,Other,Principal_Residence,Originated,1.0,0,0.45859925900282944,6.53
0,286.0,145000,195000.0,75.0,20%-<30%,Asian,Home_Purchase,Second_Residence,Originated,1.0,0,0.39598450023984016,56.0
0,140.0,195000,295000.0,67.0,36%-<43%,White,Home_Purchase,Principal_Residence,Originated,1.0,0,0.3789777904729439,56.63
0,77.0,385000,405000.0,95.0,43%-<50%,White,Home_Purchase,Principal_Residence,Originated,1.0,0,0.3619752061753896,22.53
3,115.0,565000,375000.0,78.353,Unknown,Race Not Available,CashOut_Refinance,Principal_Residence,Withdrawn,,0,0.4202284461040334,16.51
3,93.0,205000,295000.0,70.0,30%-<36%,White,CashOut_Refinance,Principal_Residence,Originated,1.0,0,0.42290165029294335,6.96
0,65.0,205000,205000.0,78.353,43%-<50%,Joint,Home_Purchase,Principal_Residence,Originated,1.0,0,0.3551280485256814,47.13
3,104.0,175000,375000.0,78.353,Unknown,White,CashOut_Refinance,Principal_Residence,Withdrawn,,0,0.4329562357976959,13.14
3,74.0,155000,375000.0,78.353,Unknown,White,Refinance,Principal_Residence,Incomplete,,0,0.47175940460012195,12.42
0,200.0,825000,845000.0,96.5,30%-<36%,Asian,Home_Purchase,Principal_Residence,Originated,1.0,1,0.5161553017356826,91.25
3,30.0,115000,155000.0,74.19,36%-<43%,White,Refinance,Principal_Residence,Originated,1.0,0,0.3749925550234926,6.94
0,75.0,265000,375000.0,78.353,Unknown,White,Home_Purchase,Principal_Residence,Withdrawn,,0,0.3721556272400996,38.04
3,157.0,415000,455000.0,91.972,30%-<36%,White,Refinance,Principal_Residence,Originated,1.0,0,0.3730029379282006,17.69
5,132.0,35000,375000.0,78.353,Unknown,White,Home_Improvement,Principal_Residence,Withdrawn,,0,0.4581260255989885,80.21
0,62.0,275000,385000.0,71.66,36%-<43%,White,Home_Purchase,Principal_Residence,Originated,1.0,0,0.3702088910066446,46.8
0,59.0,255000,255000.0,101.01,43%-<50%,White,Home_Purchase,Principal_Residence,Originated,1.0,0,0.45163299482832947,97.07
0,203.0,625000,775000.0,80.0,36%-<43%,White,Home_Purchase,Principal_Residence,Originated,1.0,0,0.4157014706939065,48.88
0,115.0,415000,545000.0,76.066,36%-<43%,Race Not Available,Home_Purchase,Principal_Residence,Approved_NotAccepted,,0,0.37054616321613765,27.5
0,68.0,175000,225000.0,80.0,43%-<50%,Race Not Available,Home_Purchase,Principal_Residence,Denied,0.0,0,0.36091511995505404,12.26
0,95.0,255000,255000.0,78.353,Unknown,Race Not Available,Home_Purchase,Principal_Residence,Purchased,,0,0.35787215862141747,28.39
0,30.0,125000,285000.0,44.643,30%-<36%,White,Home_Purchase,Principal_Residence,Denied,0.0,0,0.40846882267371093,56.87
3,94.0,175000,345000.0,50.345,36%-<43%,White,Refinance,Principal_Residence,Originated,1.0,0,0.41096676322838505,27.05
0,95.0,375000,375000.0,78.353,Unknown,White,Home_Purchase,Principal_Residence,Withdrawn,,0,0.3613031216393094,69.78
2,362.0,585000,775000.0,75.0,30%-<36%,White,Home_Purchase,Investment,Originated,1.0,0,0.41539160283734683,24.64
2,95.0,105000,215000.0,78.353,Unknown,White,CashOut_Refinance,Investment,Originated,1.0,0,0.35980394853430436,8.31
5,324.0,265000,1555000.0,67.505,43%-<50%,Race Not Available,Home_Improvement,Principal_Residence,Originated,1.0,1,0.539203640179135,66.11
0,226.0,225000,325000.0,68.75,20%-<30%,White,Home_Purchase,Principal_Residence,Originated,1.0,0,0.4171999867626274,24.18
0,172.0,445000,555000.0,80.0,20%-<30%,White,Home_Purchase,Principal_Residence,Originated,1.0,0,0.41341789032039583,82.48
2,126.0,365000,455000.0,80.0,43%-<50%,White,Home_Purchase,Investment,Originated,1.0,0,0.359461502480408,17.97
2,252.0,455000,755000.0,60.0,43%-<50%,White,Home_Purchase,Investment,Originated,1.0,0,0.40490497586563085,15.39
1,1040.0,2125000,2495000.0,85.0,36%-<43%,White,Home_Purchase,Principal_Residence,Originated,1.0,2,0.6141235317241438,34.23
0,200.0,325000,375000.0,78.353,Exempt,Race Not Available,Home_Purchase,Principal_Residence,Withdrawn,,0,0.3972043376993749,86.26
5,193.0,135000,375000.0,78.353,Unknown,Race Not Available,Other,Principal_Residence,Incomplete,,0,0.3627629832036676,52.6
5,79.0,25000,465000.0,70.779,30%-<36%,White,Home_Improvement,Principal_Residence,Originated,1.0,0,0.4191048822740608,8.39
0,95.0,475000,545000.0,78.353,Unknown,Race Not Available,Home_Purchase,Principal_Residence,Purchased,,0,0.4128766744417844,23.28
0,56.0,205000,225000.0,95.0,43%-<50%,Asian,Home_Purchase,Principal_Residence,Denied,0.0,0,0.3576640315186006,23.0
6,44.0,65000,285000.0,67.195,50%-60%,White,Refinance,Principal_Residence,Denied,0.0,0,0.40420222659197497,18.83
0,61.0,125000,125000.0,100.0,30%-<36%,Black or African American,Home_Purchase,Principal_Residence,Originated,1.0,0,0.37706903431829797,12.85
2,106.0,85000,255000.0,32.0,36%-<43%,White,CashOut_Refinance,Investment,Originated,1.0,0,0.4314460255625662,8.67
3,52.0,115000,375000.0,78.353,Unknown,Black or African American,CashOut_Refinance,Principal_Residence,Withdrawn,,0,0.400884931862185,90.78
0,101.0,245000,305000.0,80.0,20%-<30%,Race Not Available,Home_Purchase,Principal_Residence,Originated,1.0,1,0.4655767721450021,9.98
0,95.0,375000,365000.0,78.353,Unknown,Race Not Available,Home_Purchase,Principal_Residence,Purchased,,0,0.36820918347875864,12.63
2,95.0,85000,105000.0,78.353,Unknown,Race Not Available,Home_Purchase,Investment,Purchased,,0,0.42256259581635064,99.37
0,61.0,265000,265000.0,96.5,36%-<43%,White,Home_Purchase,Principal_Residence,Originated,1.0,0,0.35907893788077266,27.11
6,111.0,65000,705000.0,50.952,>60%,White,Home_Improvement,Principal_Residence,Denied,0.0,0,0.41437680206965744,13.78
0,149.0,575000,635000.0,90.0,30%-<36%,Joint,Home_Purchase,Principal_Residence,Originated,1.0,0,0.3945402058097251,53.82
2,154.0,55000,85000.0,67.901,43%-<50%,Black or African American,Home_Improvement,Investment,Originated,1.0,0,0.4912464949277419,97.2
0,216.0,135000,175000.0,80.0,20%-<30%,Race Not Available,Home_Purchase,Principal_Residence,Approved_NotAccepted,,0,0.36721580468106196,25.36
2,100.0,125000,165000.0,80.0,20%-<30%,White,Home_Purchase,Investment,Denied,0.0,0,0.368557575030349,40.7
1,317.0,535000,565000.0,95.0,36%-<43%,Asian,Home_Purchase,Principal_Residence,Originated,1.0,0,0.41237254990630445,39.23
3,91.0,175000,285000.0,62.767,<20%,White,CashOut_Refinance,Principal_Residence,Originated,1.0,0,0.37403125795641134,18.86
0,131.0,295000,375000.0,78.353,Unknown,Race Not Available,Home_Purchase,Principal_Residence,Incomplete,,0,0.3696584795253481,49.72
1,383.0,1385000,375000.0,78.353,Exempt,White,CashOut_Refinance,Principal_Residence,Originated,1.0,1,0.5105640499511651,11.76
0,32.0,75000,75000.0,96.0,36%-<43%,White,Home_Purchase,Principal_Residence,Originated,1.0,0,0.406510219855458,57.29
5,191.0,95000,1135000.0,49.664,20%-<30%,Race Not Available,Home_Improvement,Principal_Residence,Originated,1.0,0,0.42942691288213786,42.38
0,92.0,465000,635000.0,78.353,Unknown,Race Not Available,Home_Purchase,Principal_Residence,Purchased,,0,0.4116594903754093,20.54
0,95.0,745000,1495000.0,78.353,Unknown,Race Not Available,Home_Purchase,Principal_Residence,Purchased,,0,0.4749898952836123,61.87
3,110.0,295000,375000.0,78.353,Unknown,Race Not Available,CashOut_Refinance,Principal_Residence,Incomplete,,0,0.3489980841588764,21.03
0,171.0,405000,425000.0,95.0,43%-<50%,Race Not Available,Home_Purchase,Principal_Residence,Denied,0.0,0,0.388734217613641,10.08
3,53.0,135000,205000.0,65.0,20%-<30%,Race Not Available,CashOut_Refinance,Principal_Residence,Denied,0.0,0,0.4176413433111003,79.34
3,34.0,15000,125000.0,10.781,20%-<30%,White,Home_Improvement,Principal_Residence,Denied,0.0,0,0.5278076773861461,7.92
5,63.0,25000,375000.0,46.75,36%-<43%,White,Home_Improvement,Principal_Residence,Originated,1.0,0,0.4324278120758177,21.88
0,49.0,235000,375000.0,78.353,Unknown,Asian,Home_Purchase,Principal_Residence,Incomplete,,0,0.374928814648843,77.84
3,70.0,385000,475000.0,79.895,43%-<50%,Black or African American,Refinance,Principal_Residence,Originated,1.0,0,0.36532513351020945,24.28
1,500.0,15000,705000.0,80.0,<20%,Asian,Home_Improvement,Principal_Residence,Originated,1.0,0,0.4360001464169823,14.74
1,287.0,725000,1125000.0,64.44,20%-<30%,White,Home_Purchase,Principal_Residence,Originated,1.0,0,0.4554208596559751,24.78
0,212.0,665000,705000.0,95.0,20%-<30%,White,Home_Purchase,Principal_Residence,Originated,1.0,0,0.49611066530102926,68.9
0,203.0,515000,645000.0,80.0,20%-<30%,White,Home_Purchase,Principal_Residence,Originated,1.0,0,0.38789538271200935,24.18
0,241.0,715000,895000.0,80.0,36%-<43%,White,Home_Purchase,Principal_Residence,Originated,1.0,0,0.4402424968245497,34.88
0,286.0,755000,735000.0,100.0,20%-<30%,White,Home_Purchase,Principal_Residence,Originated,1.0,1,0.5012779285212379,24.51
3,52.0,195000,235000.0,78.353,Unknown,White,CashOut_Refinance,Principal_Residence,Purchased,,0,0.3526714368697094,15.79
0,125.0,505000,555000.0,89.99,43%-<50%,Race Not Available,Home_Purchase,Principal_Residence,Originated,1.0,0,0.4301074988375783,91.28
0,84.0,245000,255000.0,99.4,30%-<36%,White,Home_Purchase,Principal_Residence,Originated,1.0,0,0.3715363378916606,35.17
0,74.0,195000,225000.0,90.0,43%-<50%,White,Home_Purchase,Principal_Residence,Originated,1.0,0,0.35798776840986407,41.71
3,95.0,435000,545000.0,78.353,Unknown,Race Not Available,Refinance,Principal_Residence,Purchased,,0,0.35459910018639873,20.0
0,97.0,185000,195000.0,97.0,36%-<43%,White,Home_Purchase,Principal_Residence,Originated,1.0,0,0.3734894088453048,10.75
0,205.0,425000,475000.0,90.0,30%-<36%,White,Home_Purchase,Second_Residence,Originated,1.0,0,0.41867674851433967,84.09
3,97.0,245000,375000.0,64.53,43%-<50%,White,CashOut_Refinance,Principal_Residence,Denied,0.0,0,0.3710104951840928,25.88
5,158.0,65000,325000.0,85.0,20%-<30%,White,Home_Improvement,Principal_Residence,Approved_NotAccepted,,0,0.37512821100260757,60.42
5,176.0,85000,505000.0,79.804,30%-<36%,White,Other,Principal_Residence,Originated,1.0,0,0.4684349830692533,18.02
6,28.0,95000,305000.0,80.77,>60%,Black or African American,Other,Principal_Residence,Denied,0.0,0,0.46441711232310645,98.59
0,51.0,215000,375000.0,78.353,Unknown,White,Home_Purchase,Principal_Residence,Withdrawn,,0,0.3559596986825167,31.58
3,46.0,215000,375000.0,78.353,Unknown,White,CashOut_Refinance,Principal_Residence,Withdrawn,,0,0.4085740476352894,94.2
6,132.0,65000,655000.0,89.598,50%-60%,White,Other,Principal_Residence,Originated,1.0,1,0.4756381379275912,23.22
3,105.0,215000,515000.0,42.94,30%-<36%,White,CashOut_Refinance,Principal_Residence,Originated,1.0,0,0.43301137216391816,40.67
0,104.0,155000,255000.0,57.88,20%-<30%,Race Not Available,Home_Purchase,Principal_Residence,Originated,1.0,0,0.37691668841069015,26.45
5,102.0,75000,265000.0,79.884,30%-<36%,White,Refinance,Principal_Residence,Originated,1.0,0,0.44278974175200864,4.45
5,179.0,65000,375000.0,77.527,36%-<43%,Race Not Available,Home_Improvement,Principal_Residence,Originated,1.0,0,0.43478534459371204,76.16
2,29.0,95000,175000.0,50.3,>60%,White,Home_Purchase,Investment,Denied,0.0,1,0.5181625155076183,81.21
0,73.0,205000,425000.0,47.619,30%-<36%,White,Home_Purchase,Principal_Residence,Originated,1.0,0,0.38608008297040436,33.71
3,95.0,125000,185000.0,69.0,30%-<36%,Race Not Available,CashOut_Refinance,Principal_Residence,Originated,1.0,0,0.4299561797930835,41.11
1,347.0,1255000,2455000.0,50.979,30%-<36%,White,Home_Improvement,Principal_Residence,Originated,1.0,3,0.6180187457012564,6.55
3,109.0,315000,375000.0,78.353,Unknown,White,CashOut_Refinance,Principal_Residence,Withdrawn,,0,0.3642272795275149,14.44
0,62.0,195000,205000.0,97.0,30%-<36%,White,Home_Purchase,Principal_Residence,Originated,1.0,0,0.3715360554386088,10.21
0,95.0,235000,245000.0,78.353,Unknown,Race Not Available,Home_Purchase,Principal_Residence,Purchased,,0,0.3481546589832744,12.91
0,198.0,275000,375000.0,78.353,Unknown,Race Not Available,Home_Purchase,Principal_Residence,Withdrawn,,0,0.42098398730737363,42.16
5,96.0,95000,375000.0,78.353,Unknown,White,Other,Principal_Residence,Withdrawn,,0,0.3641000901000124,33.96
3,200.0,625000,905000.0,69.22,20%-<30%,White,Refinance,Principal_Residence,Originated,1.0,0,0.4226933006917828,52.33
0,120.0,405000,405000.0,100.999,36%-<43%,Race Not Available,Home_Purchase,Principal_Residence,Originated,1.0,0,0.39953884296574066,54.5
0,95.0,195000,225000.0,78.353,Unknown,Race Not Available,Home_Purchase,Principal_Residence,Purchased,,0,0.3707025987493147,18.3
0,124.0,345000,355000.0,97.0,20%-<30%,White,Home_Purchase,Principal_Residence,Originated,1.0,0,0.3619618370698175,28.2
0,80.0,155000,375000.0,78.353,Unknown,White,Home_Purchase,Principal_Residence,Withdrawn,,0,0.37326267375837324,45.52
0,95.0,5000,75000.0,78.353,Unknown,Race Not Available,NotApplicable,Principal_Residence,Purchased,,0,0.4331869444554516,97.2
0,86.0,275000,415000.0,65.94,36%-<43%,White,Home_Purchase,Principal_Residence,Originated,1.0,1,0.48115289161145214,9.82
0,75.0,345000,745000.0,46.164,43%-<50%,White,Home_Purchase,Principal_Residence,Originated,1.0,0,0.3991830801317173,32.66
5,83.0,55000,525000.0,59.18,36%-<43%,White,Home_Improvement,Principal_Residence,Originated,1.0,0,0.3796051027670042,21.35
3,116.0,325000,555000.0,58.455,30%-<36%,White,CashOut_Refinance,Principal_Residence,Denied,0.0,0,0.4237883227418683,55.52
6,54.0,265000,285000.0,91.228,50%-60%,White,Home_Purchase,Principal_Residence,Denied,0.0,0,0.3583833272666691,41.86
5,83.0,95000,175000.0,73.0,20%-<30%,White,CashOut_Refinance,Principal_Residence,Originated,1.0,0,0.42884159983756226,7.07
5,100.0,35000,365000.0,71.89,20%-<30%,Race Not Available,Other,Principal_Residence,Originated,1.0,0,0.3766668716443541,33.94
3,195.0,435000,375000.0,78.353,Unknown,Black or African American,Refinance,Principal_Residence,Withdrawn,,0,0.37962849144458183,75.88
1,738.0,3185000,5305000.0,60.0,30%-<36%,Asian,CashOut_Refinance,Principal_Residence,Originated,1.0,2,0.6818247712188809,56.08
0,168.0,175000,275000.0,63.636,20%-<30%,White,Home_Purchase,Principal_Residence,Originated,1.0,0,0.3710546986311436,26.57
0,135.0,535000,625000.0,85.0,36%-<43%,White,Home_Purchase,Principal_Residence,Originated,1.0,0,0.4051395802781294,16.82
0,92.0,255000,325000.0,80.0,20%-<30%,White,Home_Purchase,Principal_Residence,Originated,1.0,0,0.3727109969936363,7.76
0,123.0,245000,385000.0,64.01,20%-<30%,White,Home_Purchase,Principal_Residence,Originated,1.0,0,0.3677355618645386,51.76
3,118.0,235000,275000.0,84.97,20%-<30%,White,Refinance,Principal_Residence,Originated,1.0,0,0.4240783336922901,91.53
2,140.0,155000,195000.0,78.353,Unknown,Race Not Available,Home_Purchase,Investment,Purchased,,0,0.4502730607431458,99.18
2,108.0,135000,185000.0,75.0,50%-60%,Black or African American,CashOut_Refinance,Investment,Denied,0.0,1,0.40739488799297674,93.04
0,95.0,235000,265000.0,78.353,Unknown,Race Not Available,Home_Purchase,Principal_Residence,Purchased,,0,0.3487176107094816,38.84
0,98.0,125000,165000.0,80.0,43%-<50%,Race Not Available,Home_Purchase,Principal_Residence,Originated,1.0,0,0.35937961513582256,9.68
4,34.0,85000,85000.0,78.353,50%-60%,White,Home_Purchase,Principal_Residence,Denied,0.0,0,0.40868272026616836,26.2
0,24.0,85000,95000.0,98.187,30%-<36%,White,Home_Purchase,Principal_Residence,Denied,0.0,0,0.4081579780073512,60.1
5,67.0,5000,245000.0,101.69,36%-<43%,Race Not Available,Home_Purchase,Principal_Residence,Approved_NotAccepted,,0,0.4524984433788441,91.42
0,171.0,225000,375000.0,78.353,Exempt,White,Home_Purchase,Principal_Residence,Originated,1.0,0,0.36532231131691195,9.6
3,47.0,605000,1405000.0,78.353,Unknown,White,Refinance,Principal_Residence,Approved_NotAccepted,,0,0.4293606224290057,12.06
2,95.0,205000,245000.0,85.064,<20%,White,Refinance,Investment,Denied,0.0,0,0.35036884010526254,17.44
0,48.0,125000,135000.0,94.81,20%-<30%,White,Home_Purchase,Principal_Residence,Denied,0.0,0,0.41461316332793774,90.74
6,152.0,155000,435000.0,86.235,50%-60%,White,Refinance,Principal_Residence,Denied,0.0,0,0.35482251131843806,23.55
0,153.0,625000,695000.0,89.99,30%-<36%,Black or African American,Home_Purchase,Principal_Residence,Originated,1.0,0,0.39780020828734997,36.95
2,95.0,455000,835000.0,55.0,Unknown,Asian,Home_Purchase,Investment,Originated,1.0,0,0.400491152431067,51.36
0,95.0,195000,375000.0,78.353,36%-<43%,White,Home_Purchase,Principal_Residence,Denied,0.0,0,0.3665900972813114,23.6
0,107.0,295000,505000.0,58.0,36%-<43%,White,Home_Purchase,Principal_Residence,Originated,1.0,0,0.42739313655996214,15.94
0,232.0,465000,495000.0,95.0,36%-<43%,White,Home_Purchase,Principal_Residence,Originated,1.0,0,0.3884590704401829,15.13
0,176.0,205000,905000.0,78.353,Unknown,White,Home_Purchase,Principal_Residence,Purchased,,1,0.4374743916472189,36.38
3,95.0,115000,375000.0,78.353,Unknown,White,CashOut_Refinance,Principal_Residence,Incomplete,,0,0.34816597821274997,20.0
5,227.0,105000,1135000.0,24.76,20%-<30%,Race Not Available,Home_Improvement,Principal_Residence,Originated,1.0,1,0.5064302077779278,15.49
0,235.0,495000,375000.0,78.353,Unknown,White,Home_Purchase,Principal_Residence,Withdrawn,,0,0.40007428227670105,6.28
3,76.0,305000,425000.0,72.18,43%-<50%,White,CashOut_Refinance,Principal_Residence,Originated,1.0,0,0.3537664555058521,17.35
0,190.0,515000,375000.0,78.353,Exempt,Joint,Home_Purchase,Principal_Residence,Denied,0.0,0,0.37570033321446383,21.9
0,312.0,725000,855000.0,85.0,20%-<30%,White,Home_Purchase,Principal_Residence,Originated,1.0,1,0.5057433664256994,30.56
3,95.0,245000,995000.0,78.353,Unknown,Race Not Available,Refinance,Principal_Residence,Purchased,,0,0.37554453600216964,15.68
6,220.0,355000,1205000.0,67.788,>60%,Asian,Other,Principal_Residence,Denied,0.0,0,0.44209706341448596,50.09
2,242.0,525000,705000.0,75.0,43%-<50%,Asian,Home_Purchase,Investment,Originated,1.0,0,0.4265488889929619,83.54
0,95.0,135000,135000.0,78.353,Unknown,Race Not Available,Home_Purchase,Principal_Residence,Purchased,,0,0.35634163827930104,41.27
3,106.0,355000,565000.0,62.5,30%-<36%,Joint,CashOut_Refinance,Principal_Residence,Originated,1.0,0,0.3821025358524074,49.64
5,49.0,125000,175000.0,76.52,36%-<43%,White,Home_Improvement,Principal_Residence,Approved_NotAccepted,,0,0.3643109384205999,15.91
5,300.0,105000,585000.0,69.852,<20%,White,Refinance,Principal_Residence,Originated,1.0,1,0.4965805993669769,8.82
0,255.0,705000,905000.0,80.0,30%-<36%,White,Home_Purchase,Principal_Residence,Denied,0.0,0,0.41502398158398895,27.21
6,72.0,255000,255000.0,96.5,50%-60%,Race Not Available,Home_Purchase,Principal_Residence,Originated,1.0,0,0.3575886414709589,16.64
3,82.0,105000,135000.0,76.0,20%-<30%,White,CashOut_Refinance,Principal_Residence,Originated,1.0,0,0.40652735673840207,8.73
5,63.0,165000,745000.0,36.8,43%-<50%,White,Other,Principal_Residence,Originated,1.0,0,0.4474614927586457,20.17
0,255.0,365000,385000.0,95.0,30%-<36%,White,Home_Purchase,Principal_Residence,Originated,1.0,0,0.42215410820863364,5.26
4,81.0,295000,345000.0,84.611,43%-<50%,White,Refinance,Principal_Residence,Originated,1.0,0,0.4301516111081706,13.1
3,95.0,235000,335000.0,78.353,Unknown,Race Not Available,CashOut_Refinance,Principal_Residence,Purchased,,0,0.4163876186693662,32.79
4,106.0,385000,475000.0,80.0,20%-<30%,White,CashOut_Refinance,Principal_Residence,Denied,0.0,0,0.35330080737689046,44.64
0,85.0,265000,385000.0,70.05,30%-<36%,White,Home_Purchase,Principal_Residence,Originated,1.0,0,0.3542376341315762,9.74
5,81.0,105000,375000.0,77.343,30%-<36%,White,Refinance,Principal_Residence,Originated,1.0,0,0.34883008773177415,28.0
4,57.0,95000,375000.0,78.353,Unknown,White,Home_Purchase,Principal_Residence,Withdrawn,,0,0.3485398182805403,39.09
3,62.0,295000,605000.0,78.353,Unknown,White,Refinance,Principal_Residence,Originated,1.0,0,0.37159159505893596,6.32
5,147.0,105000,635000.0,56.408,30%-<36%,White,Refinance,Principal_Residence,Originated,1.0,0,0.37467555384774304,20.08
3,11.0,545000,725000.0,74.48,30%-<36%,Race Not Available,CashOut_Refinance,Principal_Residence,Originated,1.0,0,0.43983492119555334,90.78
2,95.0,295000,375000.0,78.353,Exempt,Race Not Available,Home_Improvement,Investment,Originated,1.0,0,0.3511529080654868,7.2
0,72.0,195000,205000.0,98.189,43%-<50%,Black or African American,Home_Purchase,Principal_Residence,Preapproval_Approved_NotAccepted,,2,0.5248890893249385,0.0
0,95.0,145000,375000.0,78.353,Exempt,White,Home_Purchase,Principal_Residence,Originated,1.0,0,0.3488366768865848,14.52
0,114.0,305000,375000.0,80.0,43%-<50%,White,Home_Purchase,Principal_Residence,Originated,1.0,0,0.3455234943518566,21.39
1,973.0,305000,565000.0,53.001,43%-<50%,White,Home_Purchase,Investment,Originated,1.0,0,0.4932645691655045,13.13
0,95.0,365000,375000.0,78.353,Unknown,Race Not Available,Home_Purchase,Principal_Residence,Withdrawn,,0,0.38124636140852836,13.71
3,10.0,15000,205000.0,5.0,<20%,2 or more minority races,CashOut_Refinance,Principal_Residence,Denied,0.0,0,0.49939646841224083,70.05
5,76.0,5000,375000.0,78.353,Unknown,Race Not Available,Home_Purchase,Principal_Residence,Withdrawn,,0,0.4307360494982393,64.07
0,95.0,615000,695000.0,78.353,Unknown,Race Not Available,Home_Purchase,Principal_Residence,Purchased,,0,0.42397394267876254,52.68
5,50.0,105000,375000.0,78.353,Unknown,Race Not Available,Home_Improvement,Principal_Residence,Withdrawn,,0,0.3861595089929246,45.92
6,134.0,765000,785000.0,96.5,50%-60%,White,Home_Purchase,Principal_Residence,Originated,1.0,0,0.4762711544587055,98.89
3,220.0,325000,375000.0,78.353,Unknown,White,Refinance,Principal_Residence,Withdrawn,,0,0.44612306909835886,21.57
6,74.0,335000,335000.0,96.5,50%-60%,White,Home_Purchase,Principal_Residence,Preapproval_Denied,,0,0.37890151245872145,12.05
5,48.0,25000,135000.0,67.403,36%-<43%,White,CashOut_Refinance,Principal_Residence,Originated,1.0,0,0.3905748933635808,5.64
3,74.0,445000,375000.0,78.353,Unknown,White,Refinance,Principal_Residence,Withdrawn,,0,0.36961460417519204,72.4
3,95.0,505000,875000.0,78.353,Unknown,Race Not Available,CashOut_Refinance,Principal_Residence,Purchased,,0,0.3882635032150728,45.27
6,58.0,305000,305000.0,96.5,50%-60%,Black or African American,Home_Purchase,Principal_Residence,Originated,1.0,0,0.3757288126090657,26.26
2,95.0,105000,375000.0,78.353,Unknown,Race Not Available,Home_Purchase,Investment,Withdrawn,,0,0.3584912243646423,22.56
3,174.0,465000,865000.0,53.896,30%-<36%,Asian,Refinance,Principal_Residence,Originated,1.0,1,0.5177612899203415,71.78
3,112.0,345000,425000.0,80.0,20%-<30%,White,CashOut_Refinance,Principal_Residence,Originated,1.0,0,0.3805181842735492,7.45
0,89.0,235000,235000.0,96.5,43%-<50%,White,Home_Purchase,Principal_Residence,Originated,1.0,0,0.36980931980934434,7.29
2,88.0,175000,465000.0,78.353,Unknown,Race Not Available,CashOut_Refinance,Investment,Purchased,,0,0.37389074928478644,48.65
0,64.0,75000,375000.0,78.353,Unknown,White,Home_Improvement,Principal_Residence,Denied,0.0,0,0.4598733409224298,43.78
0,80.0,385000,495000.0,91.984,43%-<50%,White,Home_Purchase,Principal_Residence,Originated,1.0,0,0.47180572624303746,97.54
0,195.0,405000,455000.0,90.0,43%-<50%,White,Home_Purchase,Principal_Residence,Approved_NotAccepted,,0,0.3981741135287954,54.02
5,126.0,155000,375000.0,78.353,Exempt,Race Not Available,Home_Improvement,Principal_Residence,Denied,0.0,0,0.38220545398038236,56.69
1,476.0,1325000,2205000.0,60.0,30%-<36%,White,Home_Purchase,Investment,Originated,1.0,2,0.5948970199666479,26.18
5,60.0,25000,255000.0,73.384,43%-<50%,White,Home_Improvement,Principal_Residence,Denied,0.0,0,0.4379609070678318,21.94
3,82.0,85000,355000.0,23.757,43%-<50%,White,Home_Improvement,Principal_Residence,Originated,1.0,0,0.4255716637086847,24.52
2,95.0,205000,355000.0,78.353,Unknown,Race Not Available,CashOut_Refinance,Investment,Purchased,,0,0.34180265134886706,19.71
3,79.0,125000,605000.0,20.554,20%-<30%,White,Home_Purchase,Principal_Residence,Originated,1.0,0,0.4347180413422434,10.92
0,202.0,765000,855000.0,89.999,30%-<36%,Race Not Available,Home_Purchase,Principal_Residence,Originated,1.0,0,0.45862427371221337,80.09
0,95.0,1075000,1345000.0,78.353,Unknown,Race Not Available,Home_Purchase,Principal_Residence,Purchased,,1,0.5223000368759699,85.5
5,317.0,505000,1625000.0,72.6,30%-<36%,Race Not Available,Other,Principal_Residence,Originated,1.0,0,0.4950009722582544,67.06
1,337.0,285000,305000.0,80.0,20%-<30%,Race Not Available,Other,Principal_Residence,Denied,0.0,0,0.3973013026742002,15.04
6,133.0,695000,675000.0,100.0,50%-60%,Black or African American,Home_Purchase,Principal_Residence,Originated,1.0,0,0.42288134165073116,43.56
6,112.0,245000,255000.0,99.87,50%-60%,White,CashOut_Refinance,Principal_Residence,Originated,1.0,0,0.37175899449939226,34.14
0,55.0,335000,375000.0,90.0,36%-<43%,White,Home_Purchase,Principal_Residence,Denied,0.0,0,0.3577889994882082,12.76
4,42.0,115000,375000.0,78.353,Unknown,White,Home_Purchase,Principal_Residence,Incomplete,,0,0.38741253481264426,8.89
5,59.0,135000,245000.0,66.116,36%-<43%,White,Refinance,Principal_Residence,Originated,1.0,0,0.418712029881674,6.05
0,44.0,155000,185000.0,80.0,20%-<30%,White,Home_Purchase,Principal_Residence,Originated,1.0,0,0.3592670036189135,19.43
0,95.0,125000,265000.0,78.353,Unknown,Race Not Available,Home_Purchase,Principal_Residence,Purchased,,0,0.37445971544850293,18.3
0,41.0,175000,255000.0,70.0,43%-<50%,White,Home_Purchase,Principal_Residence,Originated,1.0,0,0.36869663779468237,7.14
2,86.0,205000,275000.0,75.0,43%-<50%,Asian,Home_Purchase,Investment,Originated,1.0,0,0.3488849437211481,26.77
6,84.0,55000,375000.0,78.353,50%-60%,White,Other,Principal_Residence,Denied,0.0,0,0.35524720081499395,50.28
0,98.0,315000,315000.0,96.5,43%-<50%,Black or African American,Home_Purchase,Principal_Residence,Originated,1.0,0,0.3592374845165258,39.39
5,64.0,185000,475000.0,89.935,43%-<50%,Asian,Refinance,Principal_Residence,Originated,1.0,0,0.421627881663909,63.34
3,103.0,105000,775000.0,12.98,<20%,Race Not Available,Home_Improvement,Principal_Residence,Originated,1.0,0,0.4665093829143527,43.12
0,62.0,255000,255000.0,80.0,36%-<43%,Black or African American,Home_Purchase,Principal_Residence,Denied,0.0,0,0.3901027271465527,91.97
0,115.0,335000,375000.0,78.353,Unknown,Race Not Available,Home_Purchase,Principal_Residence,Withdrawn,,0,0.36313057623853334,39.11
3,99.0,215000,375000.0,78.353,Unknown,Race Not Available,CashOut_Refinance,Principal_Residence,Withdrawn,,0,0.36091899573902797,69.03
3,114.0,445000,555000.0,80.0,43%-<50%,White,CashOut_Refinance,Principal_Residence,Denied,0.0,0,0.43332644531021286,23.15
6,84.0,285000,505000.0,56.0,50%-60%,White,CashOut_Refinance,Principal_Residence,Denied,0.0,0,0.3720306625856904,29.26
5,72.0,75000,395000.0,67.522,43%-<50%,Black or African American,Other,Principal_Residence,Originated,1.0,0,0.3877950513433171,81.26
1,303.0,755000,995000.0,75.01,36%-<43%,Asian,Home_Purchase,Second_Residence,Denied,0.0,2,0.4910188858199014,50.93
3,52.0,215000,375000.0,78.353,Unknown,Black or African American,CashOut_Refinance,Principal_Residence,Withdrawn,,0,0.37965851033419196,83.98
2,69.0,1505000,375000.0,78.353,Unknown,White,Refinance,Investment,Withdrawn,,0,0.4366607356999164,21.26
0,80.0,425000,455000.0,78.353,Unknown,White,Home_Purchase,Principal_Residence,Purchased,,0,0.35445900613778286,26.39
6,111.0,365000,375000.0,96.5,50%-60%,White,Home_Purchase,Principal_Residence,Originated,1.0,0,0.3687949159508954,8.95
1,1686.0,1285000,375000.0,78.353,Exempt,White,Home_Purchase,Principal_Residence,Withdrawn,,0,0.5471100069107021,50.39
3,25.0,165000,465000.0,78.353,Unknown,White,Refinance,Principal_Residence,Originated,1.0,0,0.4159571148262617,57.35
3,33.0,55000,375000.0,78.353,Unknown,White,CashOut_Refinance,Principal_Residence,Withdrawn,,0,0.41583734243130593,19.75
0,146.0,715000,375000.0,78.353,Unknown,Race Not Available,Home_Purchase,Principal_Residence,Withdrawn,,0,0.4776739213268397,98.72
0,95.0,315000,325000.0,97.0,43%-<50%,Black or African American,Home_Purchase,Principal_Residence,Originated,1.0,0,0.3797196360735436,36.2
3,200.0,325000,825000.0,39.0,20%-<30%,White,Refinance,Second_Residence,Originated,1.0,0,0.44540597364044465,44.54
0,123.0,325000,375000.0,78.353,Unknown,Black or African American,Home_Purchase,Principal_Residence,Withdrawn,,0,0.35001688300318423,37.36
5,24.0,45000,115000.0,79.43,36%-<43%,White,Home_Improvement,Principal_Residence,Originated,1.0,0,0.44159162777129163,16.48
0,120.0,615000,685000.0,90.0,43%-<50%,Asian,Home_Purchase,Principal_Residence,Originated,1.0,0,0.4531001353519568,65.12
6,18.0,135000,305000.0,45.0,>60%,White,CashOut_Refinance,Principal_Residence,Denied,0.0,0,0.4273597240423288,8.74
1,792.0,435000,1305000.0,33.08,<20%,White,Refinance,Second_Residence,Denied,0.0,3,0.6276914785812531,91.55
0,43.0,165000,375000.0,78.353,Exempt,White,Home_Purchase,Principal_Residence,Originated,1.0,0,0.3503961974305318,34.38
2,95.0,345000,495000.0,78.353,Unknown,Race Not Available,CashOut_Refinance,Investment,Originated,1.0,1,0.46197246141035464,44.35
0,97.0,375000,505000.0,75.0,36%-<43%,White,Home_Purchase,Principal_Residence,Originated,1.0,0,0.3600375588630622,11.29
2,95.0,395000,545000.0,78.353,Unknown,Race Not Available,CashOut_Refinance,Investment,Purchased,,0,0.38688492811477326,83.16
1,11011.0,545000,775000.0,70.0,<20%,Race Not Available,Home_Purchase,Principal_Residence,Originated,1.0,1,0.5780583346865306,31.19
2,131.0,335000,395000.0,85.0,43%-<50%,White,Home_Purchase,Investment,Originated,1.0,0,0.35940138417472256,27.45
0,134.0,245000,305000.0,80.0,36%-<43%,White,Home_Purchase,Principal_Residence,Originated,1.0,0,0.3651197566619825,39.56
6,51.0,215000,285000.0,76.676,50%-60%,Race Not Available,Home_Purchase,Principal_Residence,Originated,1.0,0,0.3606374520959315,22.49
1,644.0,2245000,3205000.0,70.0,30%-<36%,White,Home_Purchase,Principal_Residence,Originated,1.0,2,0.6200765200619509,28.54
3,120.0,555000,375000.0,78.353,Unknown,White,CashOut_Refinance,Principal_Residence,Incomplete,,0,0.35981050582894814,15.81
0,95.0,455000,375000.0,78.353,Unknown,Black or African American,Home_Purchase,Principal_Residence,Withdrawn,,0,0.359140075459698,57.85
3,50.0,125000,375000.0,78.353,Unknown,Black or African American,CashOut_Refinance,Principal_Residence,Withdrawn,,0,0.4171341978557625,97.69
3,141.0,105000,525000.0,19.157,20%-<30%,White,Home_Improvement,Principal_Residence,Originated,1.0,0,0.4764530088138857,12.35
3,120.0,325000,505000.0,64.0,36%-<43%,Race Not Available,CashOut_Refinance,Principal_Residence,Denied,0.0,0,0.39833255914244825,57.82
2,95.0,2785000,3645000.0,76.593049451,Unknown,Race Not Available,Home_Purchase,Investment,Originated,1.0,3,0.6859855013335234,93.76
0,212.0,785000,865000.0,92.0,43%-<50%,White,Home_Purchase,Principal_Residence,Originated,1.0,0,0.43105021602476823,40.01
3,48.0,205000,265000.0,78.07,43%-<50%,American Indian or Alaska Native,Refinance,Principal_Residence,Originated,1.0,0,0.36730869144530326,28.61
0,64.0,145000,145000.0,78.353,Unknown,White,Home_Purchase,Principal_Residence,Purchased,,0,0.3530397231479725,39.24
0,93.0,255000,375000.0,78.353,Unknown,Joint,Home_Purchase,Principal_Residence,Withdrawn,,0,0.34653104525785844,25.64
5,133.0,105000,715000.0,75.074,36%-<43%,Asian,Home_Improvement,Principal_Residence,Originated,1.0,0,0.4186921019694474,39.16
4,95.0,225000,375000.0,78.353,Unknown,Race Not Available,Home_Purchase,Principal_Residence,Purchased,,0,0.3899814004266813,29.94
0,176.0,505000,725000.0,80.0,Unknown,White,Home_Purchase,Principal_Residence,Originated,1.0,0,0.42241036952558436,31.3
0,189.0,295000,605000.0,48.0,<20%,Race Not Available,Home_Purchase,Principal_Residence,Originated,1.0,0,0.4023536960785277,39.27
0,95.0,85000,185000.0,78.353,Unknown,Race Not Available,Home_Purchase,Principal_Residence,Purchased,,0,0.3627008935688033,26.45
5,0.0,115000,615000.0,77.949,<20%,Race Not Available,Refinance,Principal_Residence,Denied,0.0,0,0.4192302730226209,81.94
5,54.0,15000,255000.0,46.93,30%-<36%,White,CashOut_Refinance,Principal_Residence,Originated,1.0,0,0.42061329684410553,35.52
5,146.0,125000,445000.0,89.778,36%-<43%,Race Not Available,Other,Principal_Residence,Originated,1.0,0,0.37070749241914913,8.59
0,67.0,215000,225000.0,95.0,20%-<30%,White,Home_Purchase,Principal_Residence,Originated,1.0,0,0.44271650306341653,7.85
0,48.0,105000,225000.0,44.84,36%-<43%,White,Home_Improvement,Principal_Residence,Originated,1.0,0,0.4008460505657082,43.18
3,173.0,465000,585000.0,78.632,20%-<30%,White,CashOut_Refinance,Principal_Residence,Originated,1.0,0,0.3927131761202181,24.08
3,311.0,1065000,1325000.0,80.0,36%-<43%,Asian,Refinance,Principal_Residence,Originated,1.0,1,0.4902723906478954,56.95
0,65.0,275000,315000.0,85.0,43%-<50%,White,Home_Purchase,Principal_Residence,Originated,1.0,0,0.3508675957597411,27.89
6,62.0,295000,495000.0,58.23,50%-60%,Race Not Available,Home_Purchase,Principal_Residence,Originated,1.0,0,0.38181701296104065,62.37
3,97.0,455000,375000.0,78.353,Unknown,Black or African American,Refinance,Principal_Residence,Withdrawn,,0,0.3583665630794641,55.52
3,36.0,65000,375000.0,78.353,Unknown,Black or African American,CashOut_Refinance,Principal_Residence,Incomplete,,0,0.4217378670229873,77.76
3,99.0,315000,555000.0,56.909,30%-<36%,White,Refinance,Principal_Residence,Originated,1.0,0,0.42786783670788586,63.05
4,179.0,115000,605000.0,79.988,30%-<36%,White,Home_Improvement,Principal_Residence,Originated,1.0,1,0.41782014084822955,20.82
3,77.0,295000,385000.0,77.37,36%-<43%,Race Not Available,CashOut_Refinance,Principal_Residence,Approved_NotAccepted,,0,0.41535718136654426,46.78
0,61.0,305000,325000.0,95.0,43%-<50%,White,Home_Purchase,Principal_Residence,Originated,1.0,0,0.36765010557579475,10.14
6,28.0,125000,175000.0,70.857,50%-60%,White,Refinance,Principal_Residence,Denied,0.0,0,0.3658645315041278,14.94
0,95.0,365000,375000.0,94.21,36%-<43%,White,Home_Purchase,Principal_Residence,Originated,1.0,0,0.3644601631900736,15.93
0,237.0,505000,1285000.0,78.353,Unknown,Race Not Available,Home_Purchase,Principal_Residence,Purchased,,0,0.4492010304904633,22.37
0,172.0,515000,375000.0,78.353,Unknown,White,Home_Purchase,Principal_Residence,Withdrawn,,0,0.3596062419021368,18.06
3,94.0,185000,375000.0,78.353,<20%,White,Refinance,Principal_Residence,Originated,1.0,0,0.3916824527196802,30.04
3,122.0,295000,405000.0,72.64,30%-<36%,White,CashOut_Refinance,Principal_Residence,Originated,1.0,0,0.3596583374757842,6.98
0,139.0,415000,425000.0,96.5,43%-<50%,Joint,Home_Purchase,Principal_Residence,Originated,1.0,0,0.372183506298718,26.96
3,95.0,115000,115000.0,78.353,Unknown,Race Not Available,Refinance,Principal_Residence,Denied,0.0,0,0.3548915660828527,24.64
0,145.0,545000,685000.0,80.0,36%-<43%,Race Not Available,Home_Purchase,Principal_Residence,Originated,1.0,0,0.39492689425157174,37.52
0,12.0,45000,375000.0,78.353,Unknown,White,Home_Improvement,Principal_Residence,Withdrawn,,0,0.3755553685429202,8.56
0,110.0,585000,655000.0,90.0,36%-<43%,White,Home_Purchase,Principal_Residence,Originated,1.0,0,0.43256763577163704,85.42
0,108.0,295000,285000.0,100.0,30%-<36%,Race Not Available,Home_Purchase,Principal_Residence,Originated,1.0,0,0.36846743035675666,19.11
3,92.0,185000,375000.0,78.353,Unknown,White,CashOut_Refinance,Principal_Residence,Withdrawn,,0,0.34449485979890526,11.42
3,52.0,85000,95000.0,78.353,20%-<30%,White,CashOut_Refinance,Principal_Residence,Originated,1.0,0,0.4042796543275744,64.92
0,183.0,805000,995000.0,80.0,36%-<43%,White,Home_Purchase,Principal_Residence,Originated,1.0,0,0.4304653061634873,50.68
1,575.0,1275000,1605000.0,78.353,Unknown,Race Not Available,Home_Purchase,Principal_Residence,Purchased,,1,0.5472816990563346,20.51
4,67.0,45000,375000.0,78.353,Unknown,Race Not Available,Refinance,Principal_Residence,Withdrawn,,0,0.40419667612713167,27.7
1,381.0,475000,595000.0,80.0,<20%,Joint,Home_Purchase,Principal_Residence,Originated,1.0,0,0.46276528101347947,34.34
3,154.0,465000,1365000.0,34.359,20%-<30%,White,CashOut_Refinance,Principal_Residence,Originated,1.0,0,0.47667004507289684,24.21
0,55.0,145000,165000.0,90.0,36%-<43%,White,Home_Purchase,Principal_Residence,Originated,1.0,0,0.42971784977738725,42.97
0,70.0,275000,275000.0,101.94,36%-<43%,Black or African American,Home_Purchase,Principal_Residence,Originated,1.0,0,0.4147800187388639,62.28
3,114.0,335000,445000.0,74.83,30%-<36%,Black or African American,Refinance,Principal_Residence,Approved_NotAccepted,,0,0.42356384977912104,85.31
3,95.0,425000,755000.0,56.27,30%-<36%,White,CashOut_Refinance,Principal_Residence,Originated,1.0,0,0.41566394935739714,24.21
0,122.0,355000,365000.0,98.189,43%-<50%,White,Home_Purchase,Principal_Residence,Originated,1.0,0,0.38233764690573163,62.93
4,68.0,135000,155000.0,78.353,36%-<43%,White,Home_Purchase,Principal_Residence,Originated,1.0,0,0.3953255406287089,7.73
2,29.0,125000,235000.0,52.174,50%-60%,American Indian or Alaska Native,Home_Purchase,Investment,Originated,1.0,1,0.4858936239224435,18.73
6,72.0,405000,535000.0,75.0,>60%,Asian,Home_Purchase,Principal_Residence,Denied,0.0,0,0.37304973188768153,58.0
5,105.0,55000,375000.0,78.353,Unknown,Black or African American,Home_Improvement,Principal_Residence,Withdrawn,,0,0.42697422268121193,84.16
6,65.0,365000,455000.0,79.84,50%-60%,Black or African American,CashOut_Refinance,Principal_Residence,Originated,1.0,0,0.35969779535286184,18.97
0,170.0,505000,765000.0,64.215,20%-<30%,White,Home_Purchase,Principal_Residence,Originated,1.0,0,0.4063479823028855,21.0
0,38.0,115000,145000.0,80.0,20%-<30%,Black or African American,Home_Purchase,Principal_Residence,Originated,1.0,0,0.36699810340046923,22.22
3,50.0,55000,305000.0,16.667,43%-<50%,White,Refinance,Principal_Residence,Originated,1.0,0,0.5158168000755315,8.05
6,43.0,105000,505000.0,19.81,>60%,White,Refinance,Principal_Residence,Originated,1.0,0,0.49065536222657335,11.1
0,71.0,175000,225000.0,80.0,43%-<50%,Black or African American,Home_Purchase,Principal_Residence,Denied,0.0,1,0.5148968727476968,0.0
5,76.0,35000,595000.0,41.85,43%-<50%,White,Home_Improvement,Principal_Residence,Denied,0.0,0,0.39582172620650147,31.11
6,99.0,305000,305000.0,78.353,50%-60%,Race Not Available,Home_Purchase,Principal_Residence,Originated,1.0,0,0.3646726584952979,41.16
0,31.0,145000,145000.0,100.427,43%-<50%,Race Not Available,Home_Purchase,Principal_Residence,Originated,1.0,0,0.4442753508751258,92.38
0,83.0,145000,425000.0,78.353,Unknown,White,Home_Purchase,Principal_Residence,Purchased,,0,0.3606319690720904,30.05
0,87.0,55000,165000.0,34.948,20%-<30%,Black or African American,Home_Improvement,Principal_Residence,Originated,1.0,0,0.4679545907790881,10.58
6,25.0,205000,505000.0,68.0,>60%,2 or more minority races,Home_Improvement,Principal_Residence,Denied,0.0,0,0.42268939425006624,92.44
2,65.0,65000,85000.0,78.353,Unknown,White,CashOut_Refinance,Investment,Denied,0.0,0,0.3757792735451428,7.24
0,95.0,465000,625000.0,78.353,Unknown,Race Not Available,Home_Purchase,Principal_Residence,Purchased,,0,0.37044297046076213,32.74
0,100.0,185000,375000.0,78.353,Unknown,White,Home_Purchase,Principal_Residence,Withdrawn,,0,0.3710169771390538,9.29
6,66.0,25000,585000.0,64.063,>60%,White,Home_Improvement,Principal_Residence,Originated,1.0,0,0.38107586739432436,18.67
5,42.0,45000,375000.0,78.353,Exempt,White,Other,Principal_Residence,Originated,1.0,0,0.37939560363782054,29.29
3,95.0,135000,195000.0,71.267,Unknown,White,Refinance,Principal_Residence,Originated,1.0,1,0.3640251803191056,28.79
3,37.0,235000,295000.0,80.0,36%-<43%,White,CashOut_Refinance,Principal_Residence,Originated,1.0,0,0.37372166781813226,7.93
0,154.0,235000,375000.0,78.353,Exempt,White,Home_Purchase,Principal_Residence,Originated,1.0,0,0.3471047267987183,24.01
3,71.0,325000,405000.0,80.0,36%-<43%,Race Not Available,CashOut_Refinance,Principal_Residence,Originated,1.0,0,0.3778709977108993,7.9
0,246.0,1425000,1775000.0,80.0,43%-<50%,Asian,Home_Purchase,Principal_Residence,Originated,1.0,0,0.5180601906924998,40.03
0,160.0,305000,605000.0,50.0,20%-<30%,White,Home_Purchase,Principal_Residence,Originated,1.0,0,0.3884515487707137,43.83
6,142.0,545000,605000.0,90.0,50%-60%,Black or African American,Home_Purchase,Principal_Residence,Denied,0.0,0,0.41317299803465685,83.86
1,387.0,1625000,2025000.0,80.0,36%-<43%,Race Not Available,Home_Purchase,Principal_Residence,Originated,1.0,1,0.583299475372126,31.29
0,95.0,175000,175000.0,78.353,Unknown,Race Not Available,Home_Purchase,Principal_Residence,Purchased,,0,0.36331518569578586,39.06
2,298.0,605000,375000.0,78.353,Unknown,Asian,Home_Purchase,Investment,Withdrawn,,0,0.45833222941381,84.5
6,27.0,25000,125000.0,58.71,50%-60%,Black or African American,Home_Improvement,Principal_Residence,Denied,0.0,0,0.4768409960619829,95.41
6,133.0,685000,865000.0,79.239,50%-60%,White,Home_Purchase,Principal_Residence,Originated,1.0,0,0.40913373486895604,17.98
1,960.0,2455000,375000.0,78.353,Unknown,Race Not Available,Refinance,Second_Residence,Withdrawn,,0,0.5658795603869634,48.77
3,86.0,385000,445000.0,87.0,43%-<50%,White,CashOut_Refinance,Principal_Residence,Denied,0.0,0,0.3592414556709662,21.77
0,97.0,465000,585000.0,80.0,36%-<43%,White,Home_Purchase,Principal_Residence,Approved_NotAccepted,,0,0.3783485337173734,24.21
3,31.0,115000,125000.0,89.535,36%-<43%,White,CashOut_Refinance,Principal_Residence,Originated,1.0,0,0.3736174587694607,14.3
6,23.0,105000,215000.0,48.84,>60%,White,CashOut_Refinance,Principal_Residence,Originated,1.0,1,0.505803754204012,5.51
0,196.0,555000,375000.0,78.353,Unknown,White,Home_Purchase,Principal_Residence,Withdrawn,,0,0.4103943992345002,23.89
0,69.0,195000,245000.0,80.0,36%-<43%,White,Home_Purchase,Principal_Residence,Originated,1.0,0,0.422071514585497,95.32
3,58.0,105000,285000.0,37.234,30%-<36%,Black or African American,CashOut_Refinance,Principal_Residence,Originated,1.0,0,0.4551619577753017,16.41
3,116.0,525000,885000.0,60.0,30%-<36%,Race Not Available,CashOut_Refinance,Principal_Residence,Originated,1.0,0,0.4365127736261005,66.0
3,0.0,335000,375000.0,78.353,Unknown,White,CashOut_Refinance,Principal_Residence,Withdrawn,,0,0.42651375702129607,84.78
3,121.0,565000,755000.0,75.067,36%-<43%,Race Not Available,CashOut_Refinance,Principal_Residence,Originated,1.0,0,0.42300550894713507,87.68
0,310.0,375000,475000.0,80.0,<20%,White,Home_Purchase,Principal_Residence,Originated,1.0,1,0.49563790587503204,46.86
5,142.0,95000,295000.0,106.116,36%-<43%,White,Other,Principal_Residence,Denied,0.0,0,0.39240897877624625,55.61
5,107.0,65000,375000.0,78.353,Unknown,White,Other,Principal_Residence,Withdrawn,,0,0.42900987738558577,10.14
5,42.0,15000,265000.0,57.84,43%-<50%,White,Home_Improvement,Principal_Residence,Originated,1.0,0,0.42559140505296117,40.97
0,103.0,505000,875000.0,57.143,43%-<50%,White,Home_Purchase,Principal_Residence,Originated,1.0,1,0.44278218617189624,40.25
2,95.0,3205000,5255000.0,60.95,Unknown,Race Not Available,Home_Purchase,Investment,Originated,1.0,3,0.6822313761319967,38.57
6,81.0,15000,335000.0,101.5,50%-60%,Race Not Available,Home_Purchase,Principal_Residence,Originated,1.0,0,0.4898930983565782,87.23
2,95.0,23705000,46635000.0,50.95,Unknown,Race Not Available,Home_Improvement,Investment,Originated,1.0,4,0.7335650071579947,91.87
3,45.0,205000,265000.0,77.368,30%-<36%,White,CashOut_Refinance,Principal_Residence,Originated,1.0,0,0.3814417303320115,62.2
0,118.0,435000,455000.0,97.0,20%-<30%,Race Not Available,Home_Purchase,Principal_Residence,Originated,1.0,0,0.4232783422901949,62.64
1,5188.0,1715000,2295000.0,75.0,<20%,White,Home_Purchase,Principal_Residence,Originated,1.0,2,0.6424641963353597,23.9
6,44.0,235000,405000.0,57.5,50%-60%,White,CashOut_Refinance,Principal_Residence,Denied,0.0,0,0.36922534866361256,17.65
6,48.0,205000,945000.0,21.075,>60%,Race Not Available,Home_Improvement,Principal_Residence,Denied,0.0,1,0.4974480561423945,24.33
0,95.0,995000,1255000.0,78.353,Unknown,Race Not Available,Home_Purchase,Second_Residence,Purchased,,0,0.45585596804476763,7.68
0,95.0,235000,245000.0,78.353,Unknown,Race Not Available,Home_Purchase,Principal_Residence,Purchased,,0,0.37561089940605374,77.43
0,95.0,335000,325000.0,78.353,Unknown,Race Not Available,Home_Purchase,Principal_Residence,Purchased,,0,0.3468477635505014,20.27
5,149.0,25000,375000.0,78.353,Unknown,White,Home_Improvement,Principal_Residence,Withdrawn,,0,0.4472151837452043,11.35
0,95.0,495000,1315000.0,78.353,Unknown,Race Not Available,Home_Purchase,Principal_Residence,Purchased,,0,0.4257680464386024,44.28
0,37.0,365000,375000.0,78.353,Exempt,Race Not Available,Home_Purchase,Principal_Residence,Denied,0.0,0,0.36233830453237065,29.42
2,95.0,155000,215000.0,228.03,Unknown,Race Not Available,Home_Purchase,Investment,Approved_NotAccepted,,1,0.5424444622721593,69.0
3,170.0,225000,985000.0,23.0,20%-<30%,White,CashOut_Refinance,Principal_Residence,Originated,1.0,0,0.5010504145831687,95.47
6,12.0,315000,425000.0,75.0,>60%,Race Not Available,CashOut_Refinance,Principal_Residence,Denied,0.0,0,0.3705069894879607,22.81
5,76.0,105000,375000.0,78.353,Unknown,White,Home_Improvement,Principal_Residence,Incomplete,,1,0.4621674035798456,91.4
0,94.0,105000,135000.0,80.0,36%-<43%,Race Not Available,Home_Improvement,Principal_Residence,Originated,1.0,0,0.3642804869543177,31.14
2,95.0,115000,145000.0,80.0,Unknown,Race Not Available,Home_Purchase,Investment,Originated,1.0,0,0.3733528218568686,60.73
5,91.0,25000,375000.0,78.353,Unknown,Black or African American,Other,Principal_Residence,Withdrawn,,0,0.3935805511098061,13.93
2,95.0,485000,375000.0,78.353,Unknown,Race Not Available,Home_Purchase,Investment,Approved_NotAccepted,,0,0.43843406227111636,44.47
0,95.0,195000,195000.0,78.353,Unknown,Race Not Available,Home_Purchase,Principal_Residence,Purchased,,0,0.36915597463447863,24.58
5,120.0,155000,375000.0,78.353,Unknown,White,Refinance,Principal_Residence,Incomplete,,0,0.34614140305473695,22.56
3,52.0,55000,215000.0,27.822,43%-<50%,White,Refinance,Principal_Residence,Approved_NotAccepted,,0,0.4872909506745576,45.47
1,408.0,615000,375000.0,78.353,Unknown,White,Refinance,Principal_Residence,Incomplete,,0,0.41172428065817784,7.9
2,318.0,195000,305000.0,64.0,<20%,White,Refinance,Investment,Denied,0.0,0,0.4167214003821162,10.29
3,192.0,315000,355000.0,87.886,20%-<30%,White,Refinance,Principal_Residence,Originated,1.0,0,0.43146825092351676,46.24
3,55.0,255000,285000.0,87.454,43%-<50%,Black or African American,CashOut_Refinance,Principal_Residence,Denied,0.0,0,0.3777435744046118,79.66
0,67.0,125000,125000.0,97.0,36%-<43%,White,Home_Purchase,Principal_Residence,Denied,0.0,0,0.4037490847325383,49.57
0,90.0,85000,85000.0,95.0,<20%,White,Home_Purchase,Principal_Residence,Originated,1.0,0,0.3785661640331266,9.74
0,78.0,185000,195000.0,95.0,30%-<36%,Race Not Available,Home_Purchase,Principal_Residence,Originated,1.0,0,0.3644768233863011,38.3
6,65.0,225000,275000.0,80.0,50%-60%,White,Home_Purchase,Principal_Residence,Approved_NotAccepted,,0,0.36803324925119457,9.72
5,60.0,55000,375000.0,78.353,Exempt,White,Home_Improvement,Principal_Residence,Originated,1.0,0,0.36818297339852957,4.87
2,0.0,445000,895000.0,50.0,<20%,White,Home_Purchase,Investment,Approved_NotAccepted,,0,0.435591781616552,11.23
5,58.0,15000,375000.0,78.353,Unknown,Race Not Available,Home_Purchase,Principal_Residence,Withdrawn,,0,0.39141459271814805,72.45
4,27.0,175000,175000.0,78.353,>60%,Race Not Available,Home_Purchase,Principal_Residence,Denied,0.0,0,0.4885693728421819,0.0
0,54.0,115000,125000.0,95.0,36%-<43%,White,Home_Purchase,Principal_Residence,Originated,1.0,0,0.37469662382487207,8.38
5,105.0,35000,315000.0,80.89,36%-<43%,White,Other,Principal_Residence,Denied,0.0,0,0.36207168467944706,52.46
6,8.0,505000,1005000.0,56.518,>60%,White,Home_Purchase,Principal_Residence,Denied,0.0,1,0.4602666839172508,41.7
0,213.0,365000,375000.0,78.353,Unknown,Black or African American,Home_Purchase,Principal_Residence,Withdrawn,,0,0.35883135374577746,33.89
6,20.0,125000,195000.0,62.176,>60%,White,CashOut_Refinance,Principal_Residence,Denied,0.0,0,0.3996930541596134,30.57
0,34.0,115000,115000.0,96.5,20%-<30%,Black or African American,Home_Purchase,Principal_Residence,Originated,1.0,0,0.5168048269436313,99.39
0,46.0,185000,235000.0,100.0,43%-<50%,Race Not Available,Home_Purchase,Principal_Residence,Originated,1.0,0,0.37820759457768793,11.93
0,78.0,205000,205000.0,96.5,43%-<50%,White,Home_Purchase,Principal_Residence,Originated,1.0,0,0.3616853837979049,34.73
3,63.0,185000,205000.0,94.65,30%-<36%,White,Refinance,Principal_Residence,Approved_NotAccepted,,0,0.4013149699319168,31.23
0,42.0,95000,95000.0,100.0,30%-<36%,White,Home_Purchase,Principal_Residence,Originated,1.0,0,0.40781569775645227,8.36
3,196.0,555000,745000.0,75.0,36%-<43%,White,CashOut_Refinance,Principal_Residence,Originated,1.0,0,0.40192898047228937,18.76
0,185.0,95000,205000.0,46.0,30%-<36%,Asian,Home_Purchase,Second_Residence,Originated,1.0,0,0.4101464821706605,39.57
3,56.0,55000,225000.0,23.644,<20%,White,Refinance,Principal_Residence,Originated,1.0,0,0.46847287472516275,10.32
2,183.0,255000,295000.0,80.0,<20%,Asian,Home_Purchase,Investment,Denied,0.0,0,0.3841098234735362,60.83
3,77.0,295000,375000.0,78.353,Unknown,Race Not Available,CashOut_Refinance,Principal_Residence,Incomplete,,0,0.3599322124033511,56.56
0,95.0,265000,295000.0,78.353,Unknown,Race Not Available,Home_Purchase,Principal_Residence,Purchased,,0,0.3642466800231208,18.35
2,68.0,405000,555000.0,72.727,43%-<50%,Race Not Available,Home_Purchase,Investment,Originated,1.0,0,0.4051888417895414,41.89
3,299.0,485000,765000.0,62.75,30%-<36%,White,CashOut_Refinance,Principal_Residence,Originated,1.0,0,0.49167607770475763,92.64
5,66.0,165000,375000.0,78.353,Exempt,White,Other,Principal_Residence,Denied,0.0,0,0.36065160682834596,10.41
5,118.0,275000,1205000.0,72.59,43%-<50%,White,Home_Improvement,Principal_Residence,Originated,1.0,0,0.41916652036410784,74.31
6,40.0,25000,365000.0,103.94,>60%,Black or African American,Home_Improvement,Principal_Residence,Denied,0.0,0,0.40862460784610416,51.51
2,323.0,95000,125000.0,75.0,<20%,Race Not Available,CashOut_Refinance,Investment,Originated,1.0,0,0.4403446116953564,89.65
2,26.0,315000,565000.0,55.221,>60%,White,Other,Investment,Denied,0.0,0,0.41106973069906766,14.85
3,67.0,415000,375000.0,78.353,Unknown,White,Refinance,Principal_Residence,Withdrawn,,0,0.3664201923904082,18.1
3,27.0,65000,375000.0,78.353,Unknown,Black or African American,Refinance,Principal_Residence,Incomplete,,0,0.4145164177503332,91.68
3,115.0,355000,375000.0,78.353,Unknown,White,Refinance,Principal_Residence,Withdrawn,,0,0.366309250645622,14.83
3,118.0,205000,455000.0,46.222,20%-<30%,White,Refinance,Principal_Residence,Originated,1.0,0,0.4721381251272252,10.15
0,95.0,355000,355000.0,78.353,Unknown,Race Not Available,Home_Purchase,Principal_Residence,Purchased,,0,0.3685309979588095,66.02
2,320.0,645000,375000.0,78.353,Unknown,White,Home_Purchase,Investment,Withdrawn,,0,0.402460410844183,13.18
0,165.0,105000,115000.0,95.0,<20%,Black or African American,Home_Purchase,Principal_Residence,Approved_NotAccepted,,0,0.3869309739894183,45.08
2,125.0,55000,95000.0,56.76,Unknown,White,Home_Purchase,Investment,Originated,1.0,1,0.481956331388,28.5
3,239.0,285000,375000.0,78.353,20%-<30%,White,CashOut_Refinance,Principal_Residence,Denied,0.0,0,0.36639785876046965,21.79
0,165.0,275000,275000.0,96.5,30%-<36%,Race Not Available,Home_Purchase,Principal_Residence,Originated,1.0,0,0.38513567769962,19.57
0,99.0,445000,485000.0,93.042,43%-<50%,White,Home_Purchase,Principal_Residence,Originated,1.0,0,0.37610883801206835,14.24
3,118.0,275000,355000.0,79.429,20%-<30%,White,Refinance,Principal_Residence,Originated,1.0,0,0.3731407217614244,25.98
0,194.0,525000,375000.0,78.353,Unknown,White,Home_Purchase,Principal_Residence,Withdrawn,,0,0.37685997975519925,9.11
1,578.0,885000,1105000.0,80.0,20%-<30%,White,Home_Purchase,Principal_Residence,Originated,1.0,1,0.5727696087044196,14.41
3,95.0,255000,315000.0,78.353,Unknown,Asian,CashOut_Refinance,Principal_Residence,Purchased,,0,0.39891661988296273,92.73
5,250.0,35000,185000.0,69.698,<20%,White,Other,Principal_Residence,Approved_NotAccepted,,0,0.41784285835460305,11.81
5,179.0,105000,1855000.0,42.91,36%-<43%,White,Other,Principal_Residence,Originated,1.0,2,0.5574118417053102,48.48
0,121.0,565000,585000.0,95.0,43%-<50%,White,Home_Purchase,Principal_Residence,Originated,1.0,0,0.4108840619689816,24.29
2,95.0,20155000,375000.0,78.353,Exempt,Race Not Available,Refinance,Investment,Originated,1.0,1,0.5707184669115385,56.09
0,192.0,205000,635000.0,32.54,36%-<43%,White,Home_Purchase,Principal_Residence,Originated,1.0,0,0.43622214560313993,18.77
0,314.0,975000,1315000.0,73.99,30%-<36%,White,Home_Purchase,Principal_Residence,Originated,1.0,1,0.490444358399593,6.46
3,66.0,275000,375000.0,78.353,Unknown,White,CashOut_Refinance,Principal_Residence,Withdrawn,,0,0.3501004233341321,27.04
5,356.0,155000,565000.0,58.459,<20%,White,Other,Principal_Residence,Originated,1.0,1,0.5444906034311717,73.84
3,111.0,395000,525000.0,75.0,20%-<30%,White,CashOut_Refinance,Principal_Residence,Originated,1.0,0,0.3558468289802995,18.58
3,54.0,55000,225000.0,22.523,20%-<30%,White,Home_Improvement,Principal_Residence,Originated,1.0,0,0.45224308574944333,31.95
3,105.0,25000,295000.0,6.897,20%-<30%,White,Home_Improvement,Principal_Residence,Denied,0.0,0,0.4706765216485832,5.49
3,88.0,215000,285000.0,75.702,20%-<30%,Black or African American,CashOut_Refinance,Principal_Residence,Denied,0.0,0,0.36808633582058403,74.51
3,64.0,125000,165000.0,75.0,30%-<36%,White,CashOut_Refinance,Principal_Residence,Denied,0.0,0,0.3676825009982268,6.19
3,78.0,105000,125000.0,83.33,20%-<30%,White,Refinance,Principal_Residence,Denied,0.0,0,0.3798945728591047,52.49
4,60.0,175000,375000.0,78.353,Unknown,White,Home_Purchase,Principal_Residence,Incomplete,,0,0.36297610265177926,20.79
3,199.0,265000,375000.0,78.353,Unknown,Race Not Available,Refinance,Principal_Residence,Incomplete,,0,0.4151159197329167,12.45
3,124.0,235000,335000.0,71.46,<20%,Black or African American,Refinance,Principal_Residence,Originated,1.0,0,0.3894907657483314,69.79
5,102.0,55000,415000.0,87.5,30%-<36%,White,Home_Improvement,Principal_Residence,Originated,1.0,0,0.426080699961425,22.27
0,148.0,195000,205000.0,96.5,36%-<43%,Race Not Available,Home_Purchase,Principal_Residence,Originated,1.0,0,0.3705010242915995,21.82
5,200.0,135000,375000.0,78.353,Unknown,White,Home_Improvement,Principal_Residence,Incomplete,,0,0.37347020312670126,29.63
5,146.0,35000,375000.0,78.353,Unknown,White,Other,Principal_Residence,Withdrawn,,0,0.35692175169260426,23.59
0,100.0,395000,445000.0,78.353,Unknown,White,Home_Purchase,Principal_Residence,Purchased,,0,0.3853264936997371,53.66
4,101.0,125000,375000.0,78.353,43%-<50%,Race Not Available,Home_Purchase,Principal_Residence,Denied,0.0,0,0.43419989331137304,97.52
0,177.0,305000,345000.0,90.0,30%-<36%,White,Home_Purchase,Second_Residence,Originated,1.0,0,0.3920329969648639,5.46
0,156.0,565000,375000.0,78.353,Unknown,White,Home_Purchase,Principal_Residence,Withdrawn,,0,0.4043467145571848,48.54
5,104.0,45000,445000.0,90.0,30%-<36%,American Indian or Alaska Native,Home_Improvement,Principal_Residence,Originated,1.0,0,0.37905701105834205,29.85
0,267.0,425000,375000.0,78.353,Unknown,Race Not Available,Home_Improvement,Principal_Residence,Incomplete,,0,0.37509906275064325,10.69
5,203.0,305000,1165000.0,59.453,20%-<30%,White,Home_Purchase,Principal_Residence,Originated,1.0,0,0.4516710850446513,6.38
3,47.0,95000,375000.0,78.353,Unknown,Race Not Available,CashOut_Refinance,Principal_Residence,Withdrawn,,0,0.37656242604539825,16.56
0,78.0,75000,85000.0,95.0,20%-<30%,White,Home_Purchase,Principal_Residence,Originated,1.0,0,0.42086887327371286,29.99
5,120.0,105000,425000.0,71.216,30%-<36%,White,Home_Improvement,Principal_Residence,Originated,1.0,0,0.36230366714348644,13.74
3,59.0,135000,205000.0,66.99,20%-<30%,Race Not Available,CashOut_Refinance,Principal_Residence,Denied,0.0,0,0.3740600346377773,5.25
2,380.0,355000,375000.0,78.353,Unknown,Race Not Available,Refinance,Investment,Withdrawn,,0,0.39402440477073064,9.63
5,176.0,155000,495000.0,71.86,20%-<30%,Black or African American,Home_Improvement,Principal_Residence,Originated,1.0,0,0.3667092992036039,43.08
3,85.0,325000,405000.0,80.0,43%-<50%,White,CashOut_Refinance,Principal_Residence,Originated,1.0,0,0.3490290023863261,36.76
0,198.0,245000,305000.0,80.0,20%-<30%,White,Home_Purchase,Principal_Residence,Originated,1.0,0,0.41951848316358564,53.27
0,103.0,315000,375000.0,78.353,Unknown,White,Home_Purchase,Principal_Residence,Withdrawn,,0,0.3668468205263071,76.17
5,120.0,15000,365000.0,73.182,20%-<30%,Race Not Available,Refinance,Principal_Residence,Denied,0.0,0,0.4426901711924433,22.81
0,86.0,175000,175000.0,99.495,20%-<30%,White,Home_Purchase,Principal_Residence,Originated,1.0,0,0.38391156470645493,12.99
0,110.0,455000,375000.0,78.353,Unknown,Race Not Available,Home_Purchase,Principal_Residence,Withdrawn,,0,0.371804102064718,43.03
2,206.0,105000,345000.0,30.6,Unknown,White,Refinance,Investment,Originated,1.0,0,0.47192449301120576,21.65
0,59.0,185000,195000.0,101.681,36%-<43%,White,Home_Purchase,Principal_Residence,Originated,1.0,0,0.3926018321306792,12.78
4,60.0,35000,35000.0,78.353,20%-<30%,White,Home_Purchase,Principal_Residence,Approved_NotAccepted,,0,0.42804248289230484,11.37
3,160.0,515000,375000.0,78.353,Unknown,White,CashOut_Refinance,Principal_Residence,Withdrawn,,0,0.3595727615135758,25.74
2,46.0,115000,155000.0,70.0,36%-<43%,Race Not Available,Home_Purchase,Investment,Originated,1.0,0,0.37270093005007743,13.25
0,213.0,525000,655000.0,80.0,36%-<43%,Race Not Available,Home_Purchase,Principal_Residence,Originated,1.0,0,0.40160463369219945,65.58
0,95.0,145000,185000.0,78.353,Unknown,Race Not Available,Home_Purchase,Principal_Residence,Purchased,,0,0.38744336070595453,65.62
3,72.0,245000,415000.0,59.0,30%-<36%,White,Refinance,Principal_Residence,Originated,1.0,0,0.3705375694142125,13.49
0,94.0,355000,375000.0,95.0,36%-<43%,White,Home_Purchase,Principal_Residence,Originated,1.0,0,0.3752168757345667,65.96
5,53.0,45000,375000.0,78.353,Unknown,White,Other,Principal_Residence,Incomplete,,0,0.37251774469786464,67.54
3,95.0,105000,295000.0,78.353,Unknown,Race Not Available,Refinance,Principal_Residence,Purchased,,0,0.3565496671409447,50.03
2,130.0,525000,1305000.0,78.353,Unknown,White,CashOut_Refinance,Investment,Purchased,,0,0.43692003337085666,30.4
3,214.0,115000,315000.0,34.72,30%-<36%,White,CashOut_Refinance,Principal_Residence,Originated,1.0,1,0.5043161749924503,41.93
5,229.0,105000,755000.0,70.0,20%-<30%,White,Home_Improvement,Principal_Residence,Originated,1.0,0,0.43489088991529906,77.02
3,105.0,95000,375000.0,78.353,Unknown,Race Not Available,Refinance,Principal_Residence,Withdrawn,,0,0.428560787299587,49.93
6,60.0,25000,605000.0,74.42,>60%,White,Home_Improvement,Principal_Residence,Denied,0.0,0,0.4169100977970793,13.4
0,95.0,115000,215000.0,78.353,Unknown,Race Not Available,NotApplicable,Principal_Residence,Purchased,,0,0.4214266824673061,40.58
3,108.0,155000,305000.0,49.669,<20%,White,CashOut_Refinance,Principal_Residence,Originated,1.0,0,0.3692089174181466,26.87
6,80.0,395000,505000.0,79.347,>60%,Asian,Home_Purchase,Principal_Residence,Denied,0.0,0,0.3694388637489071,28.95
3,45.0,155000,355000.0,43.785,43%-<50%,Black or African American,CashOut_Refinance,Principal_Residence,Originated,1.0,0,0.42111798576414744,76.21
3,40.0,125000,495000.0,25.51,43%-<50%,Race Not Available,Home_Improvement,Principal_Residence,Originated,1.0,0,0.4206436850846039,26.84
4,43.0,145000,275000.0,50.909,43%-<50%,White,Home_Purchase,Principal_Residence,Denied,0.0,0,0.3952065776143197,64.78
3,84.0,215000,455000.0,46.667,43%-<50%,Race Not Available,Refinance,Principal_Residence,Denied,0.0,0,0.44625728933381226,52.96
6,53.0,155000,175000.0,90.0,50%-60%,White,Other,Principal_Residence,Originated,1.0,0,0.4132509140353379,11.76
6,142.0,105000,485000.0,79.35,50%-60%,White,Home_Improvement,Principal_Residence,Originated,1.0,0,0.41759216450925746,39.55
3,49.0,195000,285000.0,69.122,36%-<43%,White,CashOut_Refinance,Principal_Residence,Originated,1.0,0,0.3567111747339974,27.54
6,84.0,405000,375000.0,106.932,50%-60%,White,Home_Purchase,Principal_Residence,Denied,0.0,0,0.4172357491336593,87.57
5,42.0,55000,255000.0,66.926,36%-<43%,White,Home_Improvement,Principal_Residence,Originated,1.0,0,0.4588057436619749,38.06
6,52.0,75000,995000.0,42.222,>60%,Native Hawaiian or Other Pacific Islander,Other,Principal_Residence,Denied,0.0,0,0.43383348918129727,56.69
0,120.0,235000,475000.0,50.0,36%-<43%,White,Home_Purchase,Principal_Residence,Originated,1.0,0,0.39395760313124306,16.26
0,154.0,345000,425000.0,80.0,20%-<30%,Black or African American,Home_Purchase,Principal_Residence,Originated,1.0,0,0.35465193389936744,43.62
0,88.0,125000,145000.0,90.0,20%-<30%,Black or African American,Home_Purchase,Second_Residence,Approved_NotAccepted,,0,0.3911625878528651,81.98
3,82.0,165000,215000.0,80.0,36%-<43%,White,CashOut_Refinance,Principal_Residence,Originated,1.0,0,0.4132430321127805,96.19
0,64.0,425000,375000.0,78.353,Unknown,White,Home_Purchase,Principal_Residence,Incomplete,,0,0.3599438605721783,9.06
0,114.0,455000,475000.0,95.0,36%-<43%,Asian,Home_Purchase,Principal_Residence,Originated,1.0,0,0.38502682508269376,62.44
0,58.0,225000,375000.0,78.353,Unknown,White,Home_Purchase,Principal_Residence,Withdrawn,,0,0.3636144176713397,29.31
3,252.0,1005000,2335000.0,42.827,36%-<43%,Joint,CashOut_Refinance,Principal_Residence,Originated,1.0,1,0.5598760907977147,40.5
0,156.0,505000,575000.0,90.0,43%-<50%,White,Home_Purchase,Principal_Residence,Denied,0.0,0,0.42460296705272715,51.62
6,22.0,195000,205000.0,95.0,>60%,Black or African American,Home_Purchase,Principal_Residence,Denied,0.0,0,0.397071364635628,70.33
3,163.0,205000,375000.0,78.353,Unknown,White,CashOut_Refinance,Second_Residence,Withdrawn,,1,0.47370859455148906,48.77
6,70.0,125000,675000.0,17.778,50%-60%,White,Refinance,Principal_Residence,Denied,0.0,0,0.47033155689236367,7.27
0,230.0,495000,375000.0,78.353,Unknown,Race Not Available,Home_Purchase,Principal_Residence,Incomplete,,0,0.4088483192024458,81.57
6,84.0,335000,415000.0,80.0,50%-60%,White,CashOut_Refinance,Principal_Residence,Originated,1.0,0,0.3566433133406095,56.88
0,146.0,425000,465000.0,91.191,36%-<43%,White,Home_Purchase,Principal_Residence,Originated,1.0,0,0.37035536601599334,30.26
5,114.0,115000,725000.0,41.0,30%-<36%,White,Refinance,Principal_Residence,Originated,1.0,0,0.4557144329460583,13.22
0,60.0,135000,135000.0,78.353,20%-<30%,White,Home_Purchase,Principal_Residence,Denied,0.0,0,0.35874422772923303,24.61
2,95.0,145000,245000.0,75.0,Unknown,Race Not Available,Home_Purchase,Investment,Originated,1.0,0,0.3808053995187819,76.94
3,65.0,225000,315000.0,70.968,36%-<43%,White,CashOut_Refinance,Principal_Residence,Originated,1.0,0,0.38840006619894435,35.3
6,57.0,355000,405000.0,88.91,>60%,White,Refinance,Principal_Residence,Denied,0.0,0,0.3806133772936545,16.75
0,201.0,815000,1025000.0,78.353,Unknown,White,Home_Purchase,Principal_Residence,Purchased,,0,0.45493094889452385,74.63
4,51.0,125000,375000.0,78.353,Unknown,White,Home_Purchase,Principal_Residence,Withdrawn,,0,0.4477955053420825,84.77
2,155.0,165000,195000.0,78.353,Unknown,White,Home_Purchase,Investment,Purchased,,0,0.380346160092282,17.73
0,62.0,185000,375000.0,78.353,Exempt,White,Home_Purchase,Principal_Residence,Originated,1.0,0,0.356833222704001,7.89
0,56.0,165000,175000.0,96.5,43%-<50%,Black or African American,Home_Purchase,Principal_Residence,Originated,1.0,0,0.42094082242836534,80.97
3,55.0,265000,375000.0,71.123,36%-<43%,Race Not Available,CashOut_Refinance,Principal_Residence,Originated,1.0,0,0.3708029848618399,70.8
4,95.0,125000,125000.0,78.353,Unknown,Race Not Available,Home_Purchase,Principal_Residence,Purchased,,0,0.36499359210390403,35.08
3,111.0,295000,375000.0,78.353,Unknown,Black or African American,CashOut_Refinance,Principal_Residence,Withdrawn,,0,0.34900111498343295,44.11
0,45.0,145000,155000.0,100.427,30%-<36%,White,Home_Purchase,Principal_Residence,Originated,1.0,0,0.3909605289474973,15.86
3,48.0,165000,195000.0,86.54,<20%,White,CashOut_Refinance,Principal_Residence,Originated,1.0,0,0.3622967988801862,25.5
5,132.0,55000,325000.0,77.49,36%-<43%,White,Home_Improvement,Principal_Residence,Originated,1.0,0,0.45627976694770667,5.22
0,156.0,685000,855000.0,80.0,36%-<43%,White,Home_Purchase,Principal_Residence,Originated,1.0,0,0.4538059423710263,20.91
0,95.0,215000,315000.0,78.353,Unknown,Race Not Available,Home_Purchase,Principal_Residence,Purchased,,0,0.3462699656212012,25.15
0,69.0,335000,375000.0,78.353,Unknown,Race Not Available,Home_Purchase,Principal_Residence,Withdrawn,,0,0.4269603888281594,24.46
0,114.0,295000,375000.0,78.353,Unknown,Race Not Available,Home_Purchase,Principal_Residence,Incomplete,,0,0.35689652209397055,20.5
0,40.0,75000,85000.0,87.608,36%-<43%,White,Home_Purchase,Principal_Residence,Originated,1.0,0,0.3760282465969465,13.74
0,95.0,195000,245000.0,78.353,Unknown,Race Not Available,Home_Purchase,Principal_Residence,Purchased,,0,0.3512295497324374,11.28
0,57.0,225000,265000.0,85.0,30%-<36%,White,Home_Purchase,Principal_Residence,Originated,1.0,0,0.360140395689699,12.91
2,95.0,115000,155000.0,78.353,Unknown,Race Not Available,Home_Purchase,Investment,Purchased,,0,0.41563159645503234,96.94
3,79.0,325000,465000.0,69.64,43%-<50%,White,CashOut_Refinance,Principal_Residence,Originated,1.0,0,0.3589650720254629,23.57
0,95.0,115000,125000.0,78.353,Unknown,Race Not Available,Home_Purchase,Principal_Residence,Purchased,,0,0.3635864360209431,53.48
3,169.0,545000,375000.0,78.353,Unknown,White,CashOut_Refinance,Principal_Residence,Withdrawn,,0,0.4113816435238153,49.02
0,161.0,595000,615000.0,97.0,30%-<36%,White,Home_Purchase,Principal_Residence,Originated,1.0,0,0.39793916877507746,22.32
3,66.0,305000,515000.0,60.49,43%-<50%,White,CashOut_Refinance,Principal_Residence,Originated,1.0,0,0.37375132091311497,17.37
4,81.0,295000,305000.0,99.45,50%-60%,White,Home_Purchase,Principal_Residence,Originated,1.0,0,0.3730172278741135,18.78
5,170.0,225000,1305000.0,67.75,36%-<43%,Asian,Other,Principal_Residence,Originated,1.0,0,0.46979571751547566,87.07
0,117.0,545000,575000.0,95.0,43%-<50%,White,Home_Purchase,Principal_Residence,Originated,1.0,0,0.43980715123526254,48.92
3,124.0,185000,375000.0,78.353,Unknown,Joint,CashOut_Refinance,Principal_Residence,Incomplete,,0,0.441793651690255,53.25
0,85.0,395000,395000.0,78.353,Unknown,Black or African American,Home_Purchase,Principal_Residence,Purchased,,0,0.35508325224850995,46.17
0,110.0,285000,395000.0,70.886,20%-<30%,White,Home_Purchase,Principal_Residence,Originated,1.0,0,0.37134483151332676,26.69
0,247.0,325000,365000.0,90.0,43%-<50%,White,Home_Purchase,Principal_Residence,Originated,1.0,0,0.3902084664909853,23.44
4,85.0,345000,355000.0,96.5,36%-<43%,White,Home_Purchase,Principal_Residence,Originated,1.0,0,0.36375793032034376,22.99
1,352.0,685000,855000.0,80.0,20%-<30%,White,Home_Purchase,Principal_Residence,Originated,1.0,0,0.44249716807804856,20.91
0,128.0,445000,555000.0,79.944,43%-<50%,Asian,Home_Purchase,Principal_Residence,Denied,0.0,0,0.3710448913668873,56.96
0,122.0,485000,605000.0,80.0,36%-<43%,Asian,Home_Purchase,Principal_Residence,Originated,1.0,0,0.3809093432730878,56.68
0,133.0,385000,405000.0,95.0,36%-<43%,White,Home_Purchase,Principal_Residence,Originated,1.0,0,0.3702448339473698,18.71
5,166.0,35000,405000.0,74.99,36%-<43%,White,Other,Principal_Residence,Originated,1.0,0,0.36702401374274135,22.19
3,94.0,545000,375000.0,78.353,Unknown,White,CashOut_Refinance,Principal_Residence,Withdrawn,,0,0.37956878138141337,61.44
6,30.0,125000,155000.0,80.0,50%-60%,White,Home_Purchase,Principal_Residence,Originated,1.0,0,0.38792048431616905,66.03
0,290.0,515000,655000.0,79.246,36%-<43%,White,Home_Purchase,Second_Residence,Originated,1.0,0,0.42330064333381223,7.44
2,106.0,155000,375000.0,78.353,Unknown,Race Not Available,CashOut_Refinance,Investment,Withdrawn,,0,0.36377754818776153,35.02
0,212.0,725000,375000.0,78.353,Unknown,White,Home_Purchase,Principal_Residence,Withdrawn,,1,0.5135600628996865,55.28
3,139.0,105000,195000.0,53.333,36%-<43%,Race Not Available,CashOut_Refinance,Principal_Residence,Originated,1.0,0,0.46298299923018027,50.82
0,70.0,145000,375000.0,78.353,Unknown,White,Other,Principal_Residence,Withdrawn,,0,0.4142174622358818,7.09
5,170.0,105000,1345000.0,32.73,36%-<43%,Asian,Home_Improvement,Principal_Residence,Approved_NotAccepted,,1,0.573218117993938,61.58
0,135.0,465000,585000.0,80.0,36%-<43%,Race Not Available,Home_Purchase,Principal_Residence,Originated,1.0,0,0.4086094863997469,22.18
3,85.0,205000,375000.0,78.353,Unknown,Race Not Available,CashOut_Refinance,Principal_Residence,Withdrawn,,0,0.3855550376679924,14.3
0,129.0,435000,435000.0,100.427,43%-<50%,White,Home_Purchase,Principal_Residence,Originated,1.0,0,0.41696635540736265,16.22
2,442.0,245000,375000.0,78.353,Unknown,Joint,Home_Purchase,Investment,Withdrawn,,0,0.4188488209422359,15.44
3,95.0,455000,875000.0,78.353,Unknown,Race Not Available,CashOut_Refinance,Principal_Residence,Purchased,,0,0.3760362435219586,17.05
3,105.0,175000,375000.0,78.353,Unknown,White,CashOut_Refinance,Principal_Residence,Incomplete,,0,0.3467292437141486,31.76
0,41.0,155000,155000.0,100.0,43%-<50%,White,Home_Purchase,Principal_Residence,Denied,0.0,0,0.39529108692934634,8.46
0,62.0,365000,475000.0,75.789,43%-<50%,White,Home_Purchase,Principal_Residence,Originated,1.0,0,0.36720687347717934,8.11
2,95.0,5000,175000.0,78.353,Unknown,Race Not Available,CashOut_Refinance,Investment,Denied,0.0,0,0.4164198213435966,91.07
4,42.0,145000,375000.0,78.353,Unknown,Black or African American,Home_Purchase,Principal_Residence,Incomplete,,0,0.3940909540784595,16.1
5,216.0,305000,815000.0,85.07,36%-<43%,White,Home_Improvement,Principal_Residence,Denied,0.0,0,0.3748706155712673,26.61
0,56.0,205000,255000.0,80.0,43%-<50%,White,Home_Purchase,Principal_Residence,Preapproval_Approved_NotAccepted,,1,0.5147855884386021,0.0
0,42.0,105000,115000.0,96.5,43%-<50%,White,Home_Purchase,Principal_Residence,Originated,1.0,0,0.3753739774420695,12.03
0,106.0,485000,525000.0,90.0,43%-<50%,White,Home_Purchase,Principal_Residence,Originated,1.0,0,0.39670457522023433,51.62
0,168.0,135000,135000.0,95.0,<20%,White,Home_Purchase,Principal_Residence,Originated,1.0,0,0.43532142457681455,35.49
6,107.0,585000,655000.0,90.0,50%-60%,White,Home_Purchase,Principal_Residence,Preapproval_Approved_NotAccepted,,0,0.42523380409803957,63.97
5,68.0,35000,305000.0,95.0,36%-<43%,White,Home_Purchase,Principal_Residence,Originated,1.0,0,0.3776654343651682,24.06
0,150.0,255000,375000.0,78.353,Exempt,White,Home_Purchase,Principal_Residence,Originated,1.0,1,0.5142112428013946,0.0
1,325.0,485000,615000.0,80.0,20%-<30%,Race Not Available,Home_Purchase,Principal_Residence,Originated,1.0,0,0.4584098990767748,29.12
6,79.0,315000,305000.0,98.361,50%-60%,Joint,Home_Purchase,Principal_Residence,Originated,1.0,0,0.3755430134399468,26.36
3,152.0,355000,375000.0,78.353,Unknown,Asian,Refinance,Principal_Residence,Incomplete,,0,0.4424853508100476,87.57
0,74.0,315000,335000.0,78.353,Unknown,Black or African American,Home_Purchase,Principal_Residence,Purchased,,0,0.3871559213334787,73.84
4,48.0,125000,375000.0,78.353,Unknown,White,Home_Purchase,Principal_Residence,Denied,0.0,1,0.518142527004989,0.0
0,149.0,415000,555000.0,75.0,30%-<36%,White,Home_Purchase,Principal_Residence,Originated,1.0,0,0.3780852594496128,20.24
3,29.0,55000,375000.0,78.353,Exempt,White,Refinance,Principal_Residence,Originated,1.0,0,0.36759545693464746,52.35
0,270.0,415000,525000.0,80.0,36%-<43%,Asian,Home_Purchase,Second_Residence,Originated,1.0,0,0.44066905770335774,23.05
0,99.0,355000,555000.0,63.695,36%-<43%,White,Home_Purchase,Principal_Residence,Originated,1.0,0,0.36645343422066123,19.56
0,160.0,375000,715000.0,52.448,20%-<30%,White,Home_Purchase,Principal_Residence,Originated,1.0,0,0.40946231767667624,54.54
6,74.0,45000,705000.0,67.145,50%-60%,White,Refinance,Principal_Residence,Originated,1.0,1,0.4798969584620409,12.12
0,110.0,255000,275000.0,98.188,36%-<43%,White,Home_Purchase,Principal_Residence,Originated,1.0,0,0.386119567107991,22.83
5,87.0,65000,495000.0,75.99,43%-<50%,White,Other,Principal_Residence,Denied,0.0,0,0.366297010168156,17.46
1,297.0,1155000,2775000.0,41.441,36%-<43%,White,Refinance,Principal_Residence,Originated,1.0,1,0.6016054735623946,20.38
5,263.0,105000,375000.0,78.353,Exempt,White,Other,Principal_Residence,Denied,0.0,0,0.37940013264203026,13.19
3,51.0,105000,165000.0,78.353,36%-<43%,Race Not Available,CashOut_Refinance,Principal_Residence,Originated,1.0,0,0.3892186267969894,10.91
2,131.0,275000,365000.0,75.0,30%-<36%,White,Home_Purchase,Investment,Originated,1.0,0,0.35060559766811344,17.93
0,44.0,115000,115000.0,105.047,36%-<43%,Black or African American,Home_Purchase,Principal_Residence,Originated,1.0,0,0.41014047669579634,56.69
2,82.0,385000,375000.0,78.353,Unknown,White,Refinance,Investment,Withdrawn,,0,0.372027253463681,65.56
5,131.0,75000,395000.0,72.278,36%-<43%,White,Home_Improvement,Principal_Residence,Originated,1.0,0,0.39626810200118334,11.22
0,102.0,285000,375000.0,78.353,Unknown,White,Home_Purchase,Second_Residence,Incomplete,,0,0.3798984775406397,3.28
3,51.0,285000,485000.0,58.175,43%-<50%,White,CashOut_Refinance,Principal_Residence,Denied,0.0,0,0.4344231123614782,98.45
0,159.0,495000,555000.0,78.353,Unknown,Black or African American,Home_Purchase,Principal_Residence,Purchased,,0,0.3831734106345074,69.13
6,32.0,25000,35000.0,97.0,>60%,White,Home_Purchase,Principal_Residence,Preapproval_Denied,,2,0.5503768065525034,0.0
0,57.0,265000,265000.0,98.585,43%-<50%,White,Home_Purchase,Principal_Residence,Denied,0.0,0,0.374958108450004,41.49
5,259.0,95000,775000.0,70.0,20%-<30%,Black or African American,Home_Improvement,Principal_Residence,Denied,0.0,0,0.3965694307917433,47.28
2,212.0,295000,395000.0,75.0,36%-<43%,Asian,Home_Purchase,Investment,Originated,1.0,0,0.3645648745379483,18.89
0,282.0,485000,605000.0,80.0,<20%,Black or African American,Home_Purchase,Principal_Residence,Originated,1.0,0,0.3878712080755178,39.6
0,104.0,395000,785000.0,50.0,30%-<36%,Asian,Home_Purchase,Principal_Residence,Approved_NotAccepted,,0,0.3881034499826986,37.37
5,95.0,5000,145000.0,78.353,Unknown,Race Not Available,Home_Purchase,Principal_Residence,Purchased,,1,0.5993921924774592,86.09
0,117.0,695000,705000.0,96.5,43%-<50%,White,Home_Purchase,Principal_Residence,Originated,1.0,0,0.45774416625232006,91.95
0,224.0,285000,435000.0,65.0,20%-<30%,White,Home_Purchase,Principal_Residence,Originated,1.0,0,0.46180339182568136,5.96
3,76.0,165000,205000.0,80.0,43%-<50%,Black or African American,CashOut_Refinance,Principal_Residence,Originated,1.0,0,0.36125760053681294,28.1
3,149.0,565000,1535000.0,37.026,20%-<30%,White,CashOut_Refinance,Principal_Residence,Originated,1.0,0,0.48018663203941153,27.06
6,82.0,235000,315000.0,75.331,50%-60%,Race Not Available,CashOut_Refinance,Principal_Residence,Originated,1.0,0,0.3465428486201389,14.43
0,105.0,355000,445000.0,80.0,30%-<36%,White,Home_Purchase,Principal_Residence,Originated,1.0,0,0.3743518558902438,41.46
3,39.0,95000,255000.0,38.386,36%-<43%,White,Refinance,Principal_Residence,Originated,1.0,0,0.4508521422836442,53.06
0,141.0,285000,445000.0,63.33,20%-<30%,White,Home_Purchase,Principal_Residence,Originated,1.0,0,0.3672156957663985,17.54
6,109.0,165000,605000.0,89.086,>60%,White,Other,Principal_Residence,Denied,0.0,0,0.368223704091494,50.63
3,54.0,125000,185000.0,64.603,36%-<43%,White,Refinance,Principal_Residence,Denied,0.0,0,0.4478720098024913,58.42
3,137.0,255000,355000.0,73.143,20%-<30%,White,CashOut_Refinance,Principal_Residence,Originated,1.0,1,0.4297147738124083,8.91
0,74.0,165000,165000.0,100.0,20%-<30%,White,Home_Purchase,Principal_Residence,Approved_NotAccepted,,0,0.44542256856749823,47.72
3,92.0,285000,425000.0,67.116,30%-<36%,Race Not Available,Refinance,Principal_Residence,Originated,1.0,0,0.3657188518623544,29.34
5,151.0,75000,375000.0,78.353,Unknown,White,Other,Principal_Residence,Withdrawn,,0,0.3541775567411682,20.61
3,87.0,345000,505000.0,69.8,36%-<43%,Race Not Available,CashOut_Refinance,Principal_Residence,Originated,1.0,0,0.3662194748241367,23.8
3,143.0,425000,525000.0,80.0,36%-<43%,White,CashOut_Refinance,Principal_Residence,Originated,1.0,0,0.43784403791870624,7.94
0,77.0,345000,425000.0,80.0,43%-<50%,Asian,Home_Purchase,Principal_Residence,Originated,1.0,0,0.36891909286544927,67.98
6,189.0,105000,585000.0,48.134,50%-60%,Black or African American,Other,Principal_Residence,Approved_NotAccepted,,1,0.45596904493700363,28.19
2,90.0,45000,375000.0,78.353,Exempt,White,Home_Purchase,Investment,Originated,1.0,0,0.35359801637379207,38.56
0,145.0,455000,475000.0,95.0,43%-<50%,White,Home_Purchase,Principal_Residence,Originated,1.0,0,0.38308766429963104,61.46
1,1373.0,705000,1805000.0,38.889,<20%,White,Home_Purchase,Principal_Residence,Originated,1.0,3,0.6177915858103651,14.95
3,99.0,145000,275000.0,78.353,43%-<50%,White,Refinance,Principal_Residence,Approved_NotAccepted,,0,0.38416130331905607,25.8
3,119.0,475000,735000.0,64.48,36%-<43%,Race Not Available,CashOut_Refinance,Principal_Residence,Originated,1.0,0,0.4040510766059416,18.72
0,30.0,115000,115000.0,99.15,36%-<43%,White,Home_Purchase,Principal_Residence,Originated,1.0,0,0.39032676316441317,36.86
2,138.0,305000,375000.0,74.07,43%-<50%,White,CashOut_Refinance,Investment,Denied,0.0,0,0.35452624511659225,40.95
6,60.0,365000,375000.0,78.353,50%-60%,Joint,Home_Purchase,Principal_Residence,Originated,1.0,0,0.3660551904860646,36.41
5,73.0,125000,625000.0,58.993,36%-<43%,White,Other,Principal_Residence,Originated,1.0,0,0.39351514757109424,10.94
3,152.0,295000,375000.0,78.353,Unknown,White,CashOut_Refinance,Principal_Residence,Withdrawn,,0,0.3617955756490575,8.56
3,161.0,205000,375000.0,78.353,Unknown,White,Refinance,Principal_Residence,Withdrawn,,0,0.4724154155318795,23.2
0,81.0,245000,305000.0,80.0,30%-<36%,White,Home_Purchase,Principal_Residence,Originated,1.0,0,0.36569449774288276,72.59
0,66.0,325000,335000.0,96.5,36%-<43%,White,Home_Purchase,Principal_Residence,Originated,1.0,0,0.39139262178707374,44.08
0,105.0,85000,145000.0,57.047,20%-<30%,White,Home_Purchase,Principal_Residence,Originated,1.0,0,0.4103740645664027,12.62
3,106.0,145000,265000.0,54.72,30%-<36%,White,CashOut_Refinance,Principal_Residence,Originated,1.0,0,0.37030682059550823,35.02
5,134.0,55000,345000.0,71.755,36%-<43%,White,Home_Improvement,Principal_Residence,Originated,1.0,0,0.3991931762004317,48.32
1,949.0,2005000,2705000.0,74.074,43%-<50%,Asian,Home_Purchase,Principal_Residence,Originated,1.0,2,0.6251001592849634,39.54
4,76.0,115000,375000.0,78.353,Unknown,White,Home_Purchase,Principal_Residence,Incomplete,,0,0.39175902915880145,10.33
0,150.0,455000,475000.0,94.77,<20%,Asian,Home_Purchase,Principal_Residence,Originated,1.0,0,0.390203303058806,54.11
5,123.0,15000,165000.0,78.353,Unknown,White,Home_Improvement,Principal_Residence,Denied,0.0,0,0.3717138365279885,7.24
0,184.0,325000,405000.0,80.0,30%-<36%,White,Home_Purchase,Principal_Residence,Originated,1.0,0,0.36194716769131263,34.73
5,57.0,25000,215000.0,82.273,36%-<43%,White,Refinance,Principal_Residence,Originated,1.0,0,0.46134424969700183,67.55
2,0.0,205000,425000.0,47.74,<20%,Asian,CashOut_Refinance,Investment,Denied,0.0,0,0.39003862377116366,14.28
3,36.0,95000,225000.0,43.049,30%-<36%,Black or African American,CashOut_Refinance,Principal_Residence,Originated,1.0,0,0.46771934524206354,90.33
2,95.0,195000,235000.0,84.78261,Unknown,Race Not Available,Refinance,Investment,Originated,1.0,1,0.4720406098413323,16.61
3,118.0,205000,425000.0,47.481,36%-<43%,White,CashOut_Refinance,Principal_Residence,Originated,1.0,0,0.43631021023716804,48.22
1,548.0,105000,315000.0,48.562,<20%,White,Other,Principal_Residence,Denied,0.0,2,0.5350653734816896,68.53
0,105.0,315000,375000.0,78.353,Unknown,Black or African American,Home_Purchase,Principal_Residence,Withdrawn,,0,0.42193127601495006,97.47
5,147.0,95000,425000.0,84.99,20%-<30%,White,Other,Principal_Residence,Originated,1.0,0,0.366318817050614,29.85
3,320.0,1455000,2655000.0,54.92,20%-<30%,White,CashOut_Refinance,Principal_Residence,Originated,1.0,3,0.6133251834980333,55.58
3,98.0,145000,245000.0,61.25,20%-<30%,White,Refinance,Principal_Residence,Approved_NotAccepted,,0,0.3675060444649945,39.88
3,72.0,325000,315000.0,101.881,43%-<50%,Race Not Available,CashOut_Refinance,Principal_Residence,Denied,0.0,0,0.4044108797093365,21.96
5,140.0,55000,335000.0,79.69,30%-<36%,White,Home_Improvement,Principal_Residence,Denied,0.0,0,0.41131000783065236,28.74
3,44.0,75000,95000.0,83.31,36%-<43%,White,Refinance,Principal_Residence,Denied,0.0,0,0.47306402275113385,79.67
6,46.0,15000,385000.0,4.61,50%-60%,American Indian or Alaska Native,Home_Improvement,Second_Residence,Denied,0.0,0,0.47897428785407953,35.78
3,68.0,125000,305000.0,53.7,20%-<30%,Race Not Available,Refinance,Principal_Residence,Denied,0.0,0,0.3818055204086934,66.07
4,28.0,115000,145000.0,81.63,36%-<43%,White,Home_Purchase,Principal_Residence,Originated,1.0,0,0.4024768286131246,55.17
3,40.0,105000,375000.0,78.353,Exempt,White,Refinance,Principal_Residence,Originated,1.0,0,0.3615609421463482,7.92
5,95.0,75000,365000.0,89.73,43%-<50%,White,Home_Improvement,Principal_Residence,Originated,1.0,0,0.39245278615834966,39.56
0,95.0,55000,55000.0,78.353,Unknown,Race Not Available,Home_Purchase,Principal_Residence,Purchased,,0,0.39724031475437055,5.4
0,201.0,345000,345000.0,100.0,43%-<50%,White,Home_Purchase,Principal_Residence,Originated,1.0,0,0.3993362202014492,14.55
0,53.0,265000,265000.0,96.5,43%-<50%,White,Home_Purchase,Principal_Residence,Originated,1.0,0,0.3775744625993886,71.64
0,155.0,485000,605000.0,78.353,Unknown,White,Home_Purchase,Principal_Residence,Purchased,,0,0.3626699684519679,24.36
0,173.0,315000,395000.0,80.0,30%-<36%,White,Home_Purchase,Principal_Residence,Originated,1.0,1,0.5190420461799812,0.0
2,318.0,175000,425000.0,40.929,36%-<43%,Asian,Refinance,Investment,Originated,1.0,1,0.43563789702305367,37.1
3,133.0,565000,375000.0,78.353,Unknown,White,CashOut_Refinance,Principal_Residence,Incomplete,,1,0.4901657210043281,90.4
0,92.0,205000,255000.0,80.0,30%-<36%,White,Home_Purchase,Principal_Residence,Originated,1.0,0,0.3547823802975233,22.96
0,97.0,185000,225000.0,80.0,43%-<50%,White,Home_Improvement,Principal_Residence,Originated,1.0,0,0.3511610871087269,15.51
0,99.0,315000,375000.0,78.353,Exempt,White,Home_Purchase,Principal_Residence,Originated,1.0,0,0.3820907593502669,26.63
0,132.0,455000,565000.0,80.0,30%-<36%,White,Home_Purchase,Principal_Residence,Originated,1.0,0,0.3802142374994183,52.78
5,122.0,105000,515000.0,65.169,36%-<43%,White,Home_Improvement,Principal_Residence,Originated,1.0,0,0.39929822875578946,14.33
5,328.0,55000,1705000.0,57.0,30%-<36%,White,CashOut_Refinance,Principal_Residence,Originated,1.0,1,0.5059722145413099,7.02
2,122.0,35000,55000.0,80.0,43%-<50%,White,Home_Purchase,Investment,Originated,1.0,0,0.44476052174977526,95.88
0,97.0,235000,375000.0,78.353,Unknown,White,Home_Purchase,Principal_Residence,Withdrawn,,0,0.3655878365830556,20.66
3,124.0,335000,475000.0,71.053,20%-<30%,White,CashOut_Refinance,Principal_Residence,Originated,1.0,0,0.36463802970037723,30.24
3,138.0,575000,725000.0,80.0,20%-<30%,Black or African American,CashOut_Refinance,Principal_Residence,Denied,0.0,0,0.43392820833692997,93.93
3,0.0,545000,755000.0,71.259,Unknown,Race Not Available,Refinance,Principal_Residence,Denied,0.0,0,0.40818395916781625,50.84
0,155.0,275000,345000.0,80.0,30%-<36%,White,Home_Purchase,Principal_Residence,Originated,1.0,0,0.3816803365648079,63.52
3,186.0,295000,375000.0,78.353,Unknown,Black or African American,CashOut_Refinance,Principal_Residence,Withdrawn,,0,0.3697637635881599,56.98
3,84.0,455000,625000.0,72.581,36%-<43%,White,CashOut_Refinance,Principal_Residence,Originated,1.0,0,0.4098913247852787,88.78
5,152.0,105000,1505000.0,50.0,43%-<50%,Black or African American,Home_Improvement,Principal_Residence,Denied,0.0,2,0.5520977336696148,94.51
0,95.0,415000,715000.0,78.353,Unknown,Race Not Available,Home_Purchase,Principal_Residence,Purchased,,0,0.3624158631971493,32.25
5,95.0,545000,6935000.0,68.36,Unknown,Race Not Available,Refinance,Principal_Residence,Originated,1.0,3,0.6424127462664797,30.5
5,31.0,5000,375000.0,78.353,Unknown,White,Home_Purchase,Principal_Residence,Withdrawn,,0,0.4587134861704696,27.56
6,107.0,85000,725000.0,77.541,>60%,Joint,Other,Principal_Residence,Denied,0.0,0,0.48477118851343826,95.48
3,46.0,145000,285000.0,52.15,30%-<36%,White,CashOut_Refinance,Principal_Residence,Originated,1.0,0,0.3874426777469858,8.49
4,128.0,195000,205000.0,78.353,30%-<36%,Race Not Available,Home_Purchase,Principal_Residence,Denied,0.0,0,0.3941589112449547,33.72
0,35.0,85000,375000.0,78.353,Unknown,White,Home_Purchase,Principal_Residence,Withdrawn,,1,0.5208475122505198,0.0
0,70.0,215000,375000.0,78.353,Unknown,White,Home_Purchase,Principal_Residence,Withdrawn,,0,0.3641541693112997,64.94
3,91.0,185000,375000.0,78.353,Unknown,White,CashOut_Refinance,Principal_Residence,Withdrawn,,0,0.34895017363832037,47.49
2,95.0,375000,525000.0,78.353,Unknown,Race Not Available,Refinance,Investment,Purchased,,0,0.35475078515164865,19.62
4,42.0,55000,35000.0,78.353,50%-60%,White,Home_Purchase,Principal_Residence,Denied,0.0,0,0.4175725693608216,20.73
3,151.0,295000,495000.0,58.788,36%-<43%,White,Refinance,Principal_Residence,Originated,1.0,0,0.462121111450608,52.09
0,95.0,1145000,1435000.0,78.353,Unknown,Race Not Available,Home_Purchase,Principal_Residence,Purchased,,0,0.47057690519725465,25.27
0,95.0,1035000,1295000.0,78.353,Unknown,Race Not Available,Home_Purchase,Principal_Residence,Purchased,,1,0.4890052448323532,23.53
0,160.0,425000,455000.0,95.0,20%-<30%,White,Home_Purchase,Principal_Residence,Originated,1.0,0,0.39145786064439786,70.36
0,95.0,265000,295000.0,78.353,Unknown,Race Not Available,Home_Purchase,Principal_Residence,Purchased,,0,0.4384675149968003,97.54
0,243.0,515000,375000.0,78.353,Unknown,Race Not Available,Home_Purchase,Principal_Residence,Withdrawn,,0,0.37406037102973405,49.66
3,136.0,465000,555000.0,78.353,Unknown,Race Not Available,Refinance,Principal_Residence,Purchased,,0,0.4182199846157818,58.34
0,114.0,125000,375000.0,78.353,Unknown,White,Home_Purchase,Principal_Residence,Withdrawn,,0,0.4504456196585261,99.49
5,136.0,75000,895000.0,61.81,30%-<36%,White,Home_Improvement,Principal_Residence,Originated,1.0,0,0.38744421168091353,13.45
6,95.0,375000,385000.0,96.5,50%-60%,Black or African American,Home_Purchase,Principal_Residence,Originated,1.0,0,0.3744289307926118,61.14
1,344.0,655000,1555000.0,42.258,30%-<36%,White,Refinance,Principal_Residence,Originated,1.0,1,0.5212873439550199,31.19
2,95.0,415000,495000.0,85.0,Unknown,White,Home_Purchase,Investment,Denied,0.0,0,0.3712910037547959,59.35
0,113.0,265000,275000.0,97.0,20%-<30%,White,Home_Purchase,Principal_Residence,Originated,1.0,0,0.38773566859649095,22.2
2,95.0,285000,415000.0,70.0,Unknown,White,CashOut_Refinance,Investment,Originated,1.0,0,0.3885222977362614,55.61
3,58.0,155000,425000.0,35.294,43%-<50%,White,CashOut_Refinance,Principal_Residence,Originated,1.0,0,0.42983183663648883,26.18
4,78.0,75000,375000.0,78.353,Unknown,White,Refinance,Principal_Residence,Incomplete,,0,0.3509771471701465,27.91
5,70.0,75000,245000.0,97.076,43%-<50%,Black or African American,Other,Principal_Residence,Approved_NotAccepted,,0,0.4024018557333003,79.19
0,133.0,215000,425000.0,51.19,43%-<50%,White,Home_Purchase,Principal_Residence,Originated,1.0,0,0.39308538786385905,5.21
3,20.0,105000,425000.0,78.353,Unknown,White,Refinance,Principal_Residence,Originated,1.0,0,0.36167664800940996,11.02
6,97.0,465000,615000.0,74.02,50%-60%,White,CashOut_Refinance,Principal_Residence,Originated,1.0,0,0.40436637936980874,91.25
0,95.0,445000,455000.0,78.353,Unknown,Race Not Available,Home_Purchase,Principal_Residence,Purchased,,0,0.3668288893567335,62.44
3,148.0,285000,475000.0,58.947,20%-<30%,White,CashOut_Refinance,Principal_Residence,Originated,1.0,0,0.3804384791274887,49.07
5,291.0,105000,415000.0,106.85,36%-<43%,White,Home_Improvement,Principal_Residence,Denied,0.0,0,0.4288168668307382,8.45
3,29.0,35000,105000.0,35.0,<20%,White,Refinance,Second_Residence,Originated,1.0,0,0.5005641368472948,10.49
4,32.0,195000,165000.0,124.688,43%-<50%,White,Home_Purchase,Principal_Residence,Denied,0.0,0,0.43251699640232066,9.93
0,40.0,105000,375000.0,78.353,Unknown,White,Home_Purchase,Principal_Residence,Withdrawn,,0,0.36224252386507694,9.37
3,86.0,455000,555000.0,80.0,43%-<50%,White,CashOut_Refinance,Principal_Residence,Originated,1.0,0,0.3649885039181291,13.53
5,52.0,35000,255000.0,83.78,43%-<50%,White,Home_Improvement,Principal_Residence,Originated,1.0,1,0.47088769024348825,11.32
0,150.0,375000,475000.0,80.0,36%-<43%,Race Not Available,Home_Purchase,Principal_Residence,Originated,1.0,0,0.3612168697388971,49.77
0,88.0,305000,555000.0,78.353,Unknown,Race Not Available,Home_Purchase,Principal_Residence,Purchased,,0,0.350945958952997,25.68
3,228.0,565000,375000.0,78.353,Unknown,Asian,CashOut_Refinance,Principal_Residence,Withdrawn,,0,0.3874050446218502,65.47
0,134.0,405000,485000.0,78.353,Unknown,White,Home_Purchase,Principal_Residence,Purchased,,0,0.3652872131185518,40.67
0,29.0,65000,65000.0,90.567,43%-<50%,White,Home_Purchase,Principal_Residence,Originated,1.0,1,0.5892331277380604,98.6
0,95.0,175000,175000.0,78.353,Unknown,Race Not Available,NotApplicable,Principal_Residence,Purchased,,0,0.3518628897437125,23.71
0,120.0,395000,485000.0,80.0,30%-<36%,Race Not Available,Home_Purchase,Principal_Residence,Originated,1.0,0,0.3596773169479536,7.93
0,114.0,265000,285000.0,95.0,36%-<43%,White,Home_Purchase,Principal_Residence,Originated,1.0,0,0.3926526558569322,66.66
5,141.0,65000,375000.0,78.353,Unknown,White,Other,Principal_Residence,Withdrawn,,0,0.42431605312976634,32.6
3,125.0,855000,1545000.0,78.353,Unknown,White,CashOut_Refinance,Principal_Residence,Purchased,,1,0.5023407631296154,62.54
3,42.0,295000,425000.0,69.065,43%-<50%,Race Not Available,CashOut_Refinance,Principal_Residence,Originated,1.0,0,0.35635533182638424,37.86
0,47.0,95000,195000.0,52.1,43%-<50%,White,Home_Improvement,Principal_Residence,Originated,1.0,0,0.4406713098396143,94.93
6,-26.0,905000,1205000.0,75.0,>60%,Race Not Available,Home_Purchase,Second_Residence,Denied,0.0,0,0.45153208576927456,13.18
0,99.0,355000,425000.0,84.0,36%-<43%,White,Home_Purchase,Principal_Residence,Approved_NotAccepted,,0,0.3515914356505651,16.84
3,58.0,115000,145000.0,80.0,20%-<30%,White,CashOut_Refinance,Principal_Residence,Denied,0.0,0,0.3554189182464127,22.44
5,141.0,105000,435000.0,64.093,20%-<30%,White,Home_Improvement,Principal_Residence,Originated,1.0,0,0.37653789108173397,12.08
5,102.0,55000,375000.0,78.353,Unknown,White,Other,Principal_Residence,Withdrawn,,0,0.44092881482204305,8.67
0,91.0,295000,305000.0,96.5,43%-<50%,White,Home_Purchase,Principal_Residence,Originated,1.0,0,0.3617612799933506,13.33
0,95.0,325000,345000.0,97.0,43%-<50%,Black or African American,Home_Purchase,Principal_Residence,Originated,1.0,0,0.3792706923479922,29.45
0,189.0,385000,415000.0,95.0,43%-<50%,White,Home_Purchase,Principal_Residence,Originated,1.0,0,0.414317836590956,16.17
0,73.0,205000,505000.0,39.66,36%-<43%,Black or African American,Home_Improvement,Principal_Residence,Originated,1.0,0,0.4215096302938161,17.54
0,209.0,555000,375000.0,78.353,Unknown,White,Home_Purchase,Principal_Residence,Withdrawn,,0,0.4344292525451777,36.67
2,95.0,55000,375000.0,78.353,Unknown,Race Not Available,Home_Purchase,Investment,Denied,0.0,1,0.5190627069893414,0.0
5,108.0,15000,445000.0,58.533,30%-<36%,White,Home_Improvement,Principal_Residence,Originated,1.0,0,0.38347832094252604,42.56
0,95.0,195000,215000.0,78.353,Unknown,Race Not Available,Home_Purchase,Principal_Residence,Purchased,,0,0.3668650983307719,60.41
0,81.0,195000,195000.0,96.5,30%-<36%,Race Not Available,Home_Purchase,Principal_Residence,Originated,1.0,0,0.3613636302759623,16.31
3,96.0,175000,275000.0,64.145,20%-<30%,White,Refinance,Principal_Residence,Originated,1.0,0,0.4163745955013037,5.99
3,95.0,245000,315000.0,78.353,Unknown,Race Not Available,CashOut_Refinance,Principal_Residence,Purchased,,0,0.34443485912095273,27.73
3,100.0,345000,515000.0,67.647,20%-<30%,White,CashOut_Refinance,Principal_Residence,Denied,0.0,0,0.3672279477226569,43.07
0,95.0,155000,155000.0,78.353,Unknown,Race Not Available,Home_Purchase,Principal_Residence,Purchased,,0,0.3826407591508891,57.08
3,80.0,285000,375000.0,75.2,36%-<43%,White,CashOut_Refinance,Principal_Residence,Originated,1.0,0,0.3688243542449629,5.18
5,106.0,35000,375000.0,78.353,Exempt,White,Home_Improvement,Principal_Residence,Originated,1.0,0,0.36135201859616733,7.4
0,118.0,305000,305000.0,78.353,43%-<50%,White,Home_Purchase,Principal_Residence,Originated,1.0,0,0.34990295635079277,12.31
2,95.0,175000,375000.0,78.353,Exempt,Race Not Available,Home_Purchase,Investment,Originated,1.0,0,0.3457318752664423,45.16
0,52.0,95000,375000.0,95.0,36%-<43%,Black or African American,Home_Purchase,Principal_Residence,Preapproval_Denied,,2,0.5234630854771274,0.0
3,95.0,245000,375000.0,78.353,Unknown,Race Not Available,Refinance,Principal_Residence,Incomplete,,0,0.3717689145063265,68.25
1,1170.0,1975000,2855000.0,69.177,20%-<30%,White,Home_Purchase,Principal_Residence,Originated,1.0,2,0.6346807131370288,41.16
3,126.0,385000,505000.0,76.8,30%-<36%,White,CashOut_Refinance,Principal_Residence,Denied,0.0,0,0.35865086651446554,18.54
3,27.0,45000,175000.0,27.06,43%-<50%,White,Other,Principal_Residence,Denied,0.0,0,0.5041364188384674,74.49
4,44.0,165000,375000.0,78.353,Unknown,White,Home_Purchase,Principal_Residence,Incomplete,,0,0.3644533059716041,46.76
5,243.0,125000,1395000.0,70.819,43%-<50%,White,Home_Improvement,Principal_Residence,Originated,1.0,1,0.5215238385547586,9.13
5,174.0,165000,565000.0,80.0,43%-<50%,White,Other,Principal_Residence,Originated,1.0,0,0.3815585119849482,11.98
3,87.0,265000,375000.0,78.353,Unknown,Race Not Available,Refinance,Principal_Residence,Incomplete,,0,0.34937264118887507,51.14
2,95.0,135000,185000.0,78.353,Unknown,Race Not Available,Home_Purchase,Investment,Purchased,,0,0.3693195813950396,74.85
0,60.0,115000,115000.0,95.0,36%-<43%,White,Home_Purchase,Principal_Residence,Denied,0.0,0,0.37111874959426305,11.36
3,135.0,325000,415000.0,77.11,36%-<43%,White,CashOut_Refinance,Principal_Residence,Originated,1.0,0,0.4089401804609325,22.38
5,169.0,125000,545000.0,92.05,36%-<43%,White,Home_Improvement,Principal_Residence,Originated,1.0,0,0.39419302276850277,38.35
6,26.0,145000,225000.0,63.64,50%-60%,White,Refinance,Principal_Residence,Denied,0.0,0,0.3932232704719305,37.96
0,95.0,355000,375000.0,78.353,Unknown,Race Not Available,Home_Purchase,Principal_Residence,Purchased,,0,0.36524137833855624,43.44
2,190.0,285000,375000.0,78.353,Unknown,Asian,Home_Purchase,Investment,Withdrawn,,0,0.3645807638431248,26.11
4,105.0,125000,205000.0,62.0,20%-<30%,White,CashOut_Refinance,Principal_Residence,Denied,0.0,0,0.43411121056590213,6.86
3,94.0,125000,455000.0,28.222,30%-<36%,White,CashOut_Refinance,Principal_Residence,Originated,1.0,0,0.47761552122967743,16.0
2,95.0,205000,375000.0,78.353,Unknown,Race Not Available,Refinance,Investment,Withdrawn,,0,0.3455963994048662,46.26
5,99.0,55000,395000.0,83.251,30%-<36%,Black or African American,Home_Improvement,Principal_Residence,Originated,1.0,0,0.46106046220997743,89.38
3,171.0,405000,375000.0,78.353,Unknown,White,Refinance,Second_Residence,Incomplete,,0,0.37680550578628896,13.68
2,52.0,85000,375000.0,78.353,Unknown,2 or more minority races,Refinance,Investment,Withdrawn,,0,0.35161547963313317,33.94
0,35.0,85000,375000.0,78.353,Unknown,White,Home_Purchase,Principal_Residence,Withdrawn,,0,0.36829822471263723,8.59
0,160.0,455000,645000.0,70.313,20%-<30%,White,Home_Purchase,Principal_Residence,Originated,1.0,0,0.38788890440853163,23.68
3,52.0,115000,375000.0,61.529,36%-<43%,Race Not Available,CashOut_Refinance,Principal_Residence,Denied,0.0,0,0.40907184226264953,77.04
0,63.0,255000,315000.0,80.0,43%-<50%,White,Home_Purchase,Principal_Residence,Originated,1.0,0,0.35815418030435064,19.73
3,177.0,405000,615000.0,66.071,36%-<43%,White,CashOut_Refinance,Principal_Residence,Originated,1.0,0,0.4799705801202847,29.25
3,83.0,145000,185000.0,80.0,20%-<30%,White,CashOut_Refinance,Principal_Residence,Denied,0.0,0,0.36558826891593227,58.62
3,42.0,15000,45000.0,30.66,<20%,Black or African American,Refinance,Principal_Residence,Denied,0.0,0,0.5048634955455008,81.15
0,95.0,305000,315000.0,78.353,Unknown,Race Not Available,Home_Purchase,Principal_Residence,Purchased,,0,0.34788209450408725,47.23
4,71.0,245000,245000.0,96.5,50%-60%,White,Home_Purchase,Principal_Residence,Originated,1.0,0,0.36479749936305383,19.3
5,50.0,15000,135000.0,100.0,30%-<36%,Race Not Available,Home_Purchase,Principal_Residence,Originated,1.0,0,0.3940623424903777,23.58
1,491.0,1505000,375000.0,78.353,Unknown,White,Home_Purchase,Principal_Residence,Withdrawn,,2,0.5282350660774284,33.57
3,207.0,425000,375000.0,78.353,Exempt,White,CashOut_Refinance,Principal_Residence,Originated,1.0,0,0.3893796328509573,12.39
0,336.0,415000,515000.0,80.0,43%-<50%,White,Home_Purchase,Principal_Residence,Originated,1.0,0,0.4255615849662954,39.23
3,38.0,135000,245000.0,54.0482,43%-<50%,White,CashOut_Refinance,Principal_Residence,Approved_NotAccepted,,0,0.3796837474221637,25.83
0,141.0,725000,775000.0,92.95,43%-<50%,White,Home_Purchase,Principal_Residence,Preapproval_Approved_NotAccepted,,1,0.5577266863397069,0.0
0,52.0,75000,75000.0,100.0,36%-<43%,White,Home_Purchase,Principal_Residence,Originated,1.0,0,0.39855195082509487,16.81
0,95.0,145000,155000.0,78.353,Unknown,Race Not Available,Home_Purchase,Principal_Residence,Purchased,,0,0.4631509434425048,99.46
0,77.0,245000,265000.0,78.353,Unknown,Race Not Available,Home_Purchase,Principal_Residence,Purchased,,0,0.3787929301440636,33.53
3,83.0,295000,505000.0,59.4,36%-<43%,White,CashOut_Refinance,Principal_Residence,Originated,1.0,0,0.3744217186696821,33.39
0,95.0,325000,325000.0,78.353,Unknown,Race Not Available,Home_Purchase,Principal_Residence,Purchased,,0,0.37105811739292127,24.82
0,43.0,435000,375000.0,78.353,Unknown,Race Not Available,Home_Purchase,Principal_Residence,Incomplete,,0,0.44216264782734144,98.55
1,2137.0,3005000,5485000.0,54.67,36%-<43%,Race Not Available,Home_Purchase,Second_Residence,Originated,1.0,2,0.7047659955191907,45.39
0,127.0,275000,375000.0,78.353,Unknown,White,Home_Purchase,Principal_Residence,Withdrawn,,0,0.356658302960521,14.65
2,212.0,815000,375000.0,78.353,Unknown,Asian,CashOut_Refinance,Investment,Withdrawn,,1,0.48861006024047415,57.51
0,88.0,415000,415000.0,103.6,20%-<30%,White,Home_Purchase,Principal_Residence,Denied,0.0,0,0.388055796804662,18.6
3,320.0,1235000,375000.0,78.353,Unknown,White,Refinance,Principal_Residence,Withdrawn,,0,0.45562823660298496,20.16
4,36.0,105000,375000.0,78.353,Unknown,White,Home_Purchase,Principal_Residence,Incomplete,,0,0.37371665873208115,34.33
0,95.0,595000,605000.0,78.353,Unknown,Race Not Available,Home_Purchase,Principal_Residence,Purchased,,0,0.38329141168314346,22.48
0,31.0,155000,185000.0,86.111,43%-<50%,Black or African American,Home_Purchase,Principal_Residence,Originated,1.0,0,0.37369701446948883,51.29
0,125.0,405000,505000.0,80.0,36%-<43%,American Indian or Alaska Native,Home_Purchase,Second_Residence,Originated,1.0,0,0.3726876588932257,25.67
5,100.0,35000,405000.0,61.172,20%-<30%,White,Home_Improvement,Principal_Residence,Denied,0.0,1,0.47709360848114346,7.45
6,102.0,55000,425000.0,88.4,50%-60%,Joint,Home_Improvement,Principal_Residence,Denied,0.0,0,0.4238334970553368,25.27
2,95.0,485000,645000.0,75.0,Unknown,Race Not Available,Home_Purchase,Investment,Denied,0.0,1,0.5368366839312531,0.0
5,224.0,135000,665000.0,69.98,43%-<50%,White,Home_Improvement,Principal_Residence,Originated,1.0,0,0.3827794450287923,12.76
3,95.0,545000,615000.0,78.353,Unknown,Race Not Available,CashOut_Refinance,Principal_Residence,Purchased,,0,0.36884515599079376,29.14
0,95.0,285000,285000.0,78.353,Unknown,Race Not Available,Home_Purchase,Principal_Residence,Purchased,,0,0.3488242860096528,43.98
3,39.0,125000,395000.0,32.09,30%-<36%,White,CashOut_Refinance,Principal_Residence,Originated,1.0,0,0.4345204996291461,28.42
5,98.0,15000,305000.0,101.964,36%-<43%,White,Home_Purchase,Principal_Residence,Originated,1.0,0,0.4250223379724407,83.92
3,330.0,275000,425000.0,64.047,<20%,White,Refinance,Principal_Residence,Originated,1.0,1,0.4990862821711715,37.8
0,120.0,565000,375000.0,78.353,Unknown,White,Home_Purchase,Principal_Residence,Withdrawn,,0,0.3689813114644458,24.06
0,115.0,445000,555000.0,80.0,36%-<43%,White,Home_Purchase,Principal_Residence,Originated,1.0,0,0.40068267921019945,90.62
0,56.0,225000,225000.0,96.5,43%-<50%,White,Home_Purchase,Principal_Residence,Originated,1.0,0,0.3868323007070203,64.29
6,31.0,215000,425000.0,67.059,>60%,White,CashOut_Refinance,Principal_Residence,Denied,0.0,0,0.37573847383614445,47.92
0,152.0,505000,715000.0,71.0,36%-<43%,Joint,Home_Purchase,Principal_Residence,Originated,1.0,0,0.435249978711795,89.42
5,196.0,105000,1055000.0,77.53,43%-<50%,Black or African American,Home_Improvement,Principal_Residence,Originated,1.0,1,0.4621316131025322,52.93
6,73.0,495000,495000.0,99.931,>60%,Asian,Home_Purchase,Principal_Residence,Originated,1.0,0,0.3982856076468612,33.37
3,29.0,155000,225000.0,66.667,43%-<50%,White,CashOut_Refinance,Principal_Residence,Denied,0.0,0,0.39107758802360926,50.25
3,175.0,645000,375000.0,78.353,Unknown,White,Refinance,Principal_Residence,Withdrawn,,0,0.38302261562807455,26.89
2,136.0,115000,145000.0,80.0,30%-<36%,White,Home_Purchase,Investment,Originated,1.0,0,0.3657617519853213,10.09
3,66.0,295000,555000.0,54.273,43%-<50%,Race Not Available,CashOut_Refinance,Principal_Residence,Originated,1.0,0,0.4085648625367064,88.77
2,70.0,75000,125000.0,60.0,43%-<50%,White,CashOut_Refinance,Investment,Originated,1.0,0,0.4126621478562908,80.79
1,3360.0,845000,375000.0,78.353,Unknown,White,Home_Purchase,Principal_Residence,Incomplete,,0,0.5446989532510432,30.85
0,114.0,295000,375000.0,78.353,Unknown,Race Not Available,Home_Purchase,Principal_Residence,Withdrawn,,0,0.3468188260781191,38.9
0,47.0,175000,375000.0,78.353,Unknown,White,Home_Purchase,Principal_Residence,Withdrawn,,0,0.3753429132567085,38.84
5,119.0,65000,265000.0,79.6,36%-<43%,White,Home_Improvement,Principal_Residence,Originated,1.0,0,0.3816570435038013,19.89
3,95.0,635000,805000.0,78.55,Unknown,Race Not Available,Refinance,Principal_Residence,Originated,1.0,0,0.44338461727462364,47.25
0,55.0,145000,155000.0,95.0,36%-<43%,White,Home_Purchase,Principal_Residence,Originated,1.0,0,0.3594137895336356,30.83
3,37.0,115000,165000.0,73.75,43%-<50%,White,CashOut_Refinance,Principal_Residence,Originated,1.0,0,0.39315358367834136,34.56
0,119.0,275000,435000.0,63.81,30%-<36%,White,Home_Purchase,Principal_Residence,Originated,1.0,0,0.37261469287427,42.98
5,164.0,35000,565000.0,61.2,30%-<36%,White,Home_Improvement,Principal_Residence,Originated,1.0,0,0.4225501319550472,7.23
0,107.0,205000,375000.0,78.353,Exempt,White,Home_Purchase,Principal_Residence,Originated,1.0,0,0.3646257940205713,5.4
5,77.0,45000,635000.0,64.953,43%-<50%,Black or African American,Home_Improvement,Principal_Residence,Denied,0.0,0,0.42691198539851855,65.26
0,95.0,185000,175000.0,78.353,Unknown,Race Not Available,Home_Purchase,Principal_Residence,Purchased,,0,0.40461301510148484,93.92
3,150.0,255000,335000.0,76.364,<20%,White,Refinance,Principal_Residence,Originated,1.0,0,0.36517393917071933,10.29
5,270.0,115000,1085000.0,73.519,36%-<43%,Black or African American,Home_Improvement,Principal_Residence,Originated,1.0,0,0.4525374460817773,62.76
0,95.0,265000,615000.0,78.353,Unknown,Race Not Available,Other,Principal_Residence,Purchased,,0,0.40469112068014523,95.51
6,25.0,65000,225000.0,59.17,>60%,White,Home_Improvement,Principal_Residence,Denied,0.0,0,0.4102115554854945,20.41
3,91.0,105000,285000.0,35.714,20%-<30%,White,CashOut_Refinance,Principal_Residence,Originated,1.0,0,0.45541427165516946,34.18
0,145.0,645000,975000.0,66.108,36%-<43%,White,Home_Purchase,Principal_Residence,Originated,1.0,0,0.4655074608946152,47.06
5,150.0,75000,375000.0,78.353,Unknown,Black or African American,CashOut_Refinance,Principal_Residence,Withdrawn,,0,0.38103843729024645,50.68
6,47.0,325000,475000.0,68.464,50%-60%,Black or African American,CashOut_Refinance,Principal_Residence,Originated,1.0,0,0.38899551340160327,79.29
3,36.0,155000,305000.0,50.0,43%-<50%,White,CashOut_Refinance,Principal_Residence,Originated,1.0,0,0.3776244145165863,27.72
2,95.0,455000,375000.0,74.92,Unknown,Race Not Available,Refinance,Investment,Denied,0.0,0,0.36253157496688,12.08
1,1080.0,715000,375000.0,78.353,Unknown,White,Home_Purchase,Second_Residence,Incomplete,,0,0.4952296462266688,26.72
3,86.0,95000,205000.0,55.0,<20%,White,CashOut_Refinance,Principal_Residence,Denied,0.0,0,0.4532246914149684,61.52
2,95.0,275000,245000.0,1.13,Unknown,Race Not Available,Home_Purchase,Investment,Originated,1.0,2,0.5851482785202089,0.0
0,68.0,255000,335000.0,75.0,36%-<43%,White,Home_Purchase,Principal_Residence,Originated,1.0,0,0.3606366649751555,58.5
3,120.0,175000,375000.0,78.353,Unknown,White,CashOut_Refinance,Principal_Residence,Withdrawn,,0,0.3622140760386151,27.25
2,95.0,485000,645000.0,78.353,Unknown,Race Not Available,Refinance,Investment,Purchased,,0,0.3845018895053554,42.81
2,101.0,235000,295000.0,80.0,36%-<43%,White,Home_Purchase,Investment,Originated,1.0,0,0.37392675836242534,61.78
0,95.0,275000,275000.0,78.353,Unknown,Race Not Available,Home_Purchase,Principal_Residence,Purchased,,0,0.34728287716174894,36.65
5,300.0,215000,775000.0,90.0,36%-<43%,White,Home_Improvement,Principal_Residence,Denied,0.0,2,0.5651997120990553,11.3
2,478.0,435000,545000.0,80.0,30%-<36%,White,Home_Purchase,Investment,Originated,1.0,0,0.47501844900990076,9.68
3,89.0,325000,545000.0,58.609,43%-<50%,Race Not Available,CashOut_Refinance,Principal_Residence,Originated,1.0,0,0.380818475315275,18.06
3,102.0,55000,175000.0,33.43,20%-<30%,White,Refinance,Principal_Residence,Originated,1.0,0,0.44999879588158725,45.08
3,104.0,225000,375000.0,78.353,Exempt,White,Refinance,Principal_Residence,Originated,1.0,0,0.36482283047683484,67.71
1,340.0,1405000,1905000.0,73.684,36%-<43%,Asian,Refinance,Principal_Residence,Approved_NotAccepted,,2,0.5515597103190455,17.09
0,77.0,275000,285000.0,78.353,Unknown,White,Home_Purchase,Principal_Residence,Purchased,,0,0.3463587216838381,25.08
3,95.0,285000,375000.0,78.353,Unknown,White,Refinance,Principal_Residence,Originated,1.0,0,0.35130935811305514,25.85
3,95.0,245000,305000.0,78.353,Unknown,Race Not Available,CashOut_Refinance,Principal_Residence,Purchased,,0,0.3569887299122131,16.84
3,94.0,105000,375000.0,78.353,Unknown,Black or African American,CashOut_Refinance,Principal_Residence,Incomplete,,0,0.4183420650807587,96.1
0,78.0,425000,455000.0,95.0,36%-<43%,Race Not Available,Home_Purchase,Principal_Residence,Originated,1.0,0,0.37916777053148126,30.05
0,34.0,85000,95000.0,94.37,43%-<50%,White,Home_Purchase,Principal_Residence,Originated,1.0,0,0.37774338968234766,25.72
4,25.0,95000,95000.0,95.0,>60%,White,Home_Purchase,Principal_Residence,Denied,0.0,0,0.4142056421591372,48.86
3,300.0,755000,2405000.0,31.25,30%-<36%,Race Not Available,Refinance,Principal_Residence,Originated,1.0,1,0.5892033330157942,27.79
6,67.0,135000,375000.0,78.353,50%-60%,White,Home_Improvement,Principal_Residence,Denied,0.0,0,0.3867405595047867,23.87
0,99.0,295000,295000.0,78.353,43%-<50%,White,Home_Purchase,Principal_Residence,Originated,1.0,0,0.351641049584355,44.24
0,104.0,385000,555000.0,70.0,36%-<43%,Asian,Home_Purchase,Principal_Residence,Originated,1.0,1,0.42650758394923094,39.51
6,102.0,405000,415000.0,96.5,50%-60%,White,Home_Purchase,Principal_Residence,Originated,1.0,0,0.4528641878491605,93.9
0,42.0,305000,375000.0,100.0,43%-<50%,American Indian or Alaska Native,Home_Purchase,Principal_Residence,Denied,0.0,0,0.38434681148758953,35.4
0,138.0,435000,435000.0,100.0,30%-<36%,Race Not Available,Home_Purchase,Principal_Residence,Originated,1.0,0,0.38419274334155373,27.06
6,71.0,175000,175000.0,96.5,50%-60%,Black or African American,Home_Purchase,Principal_Residence,Originated,1.0,0,0.3787816588814016,60.58
0,75.0,295000,315000.0,95.0,20%-<30%,Asian,Home_Purchase,Principal_Residence,Originated,1.0,0,0.35398792135618534,25.91
0,97.0,375000,375000.0,100.0,36%-<43%,Race Not Available,Home_Purchase,Principal_Residence,Originated,1.0,0,0.3880080630011029,31.49
0,59.0,155000,165000.0,95.0,36%-<43%,White,Home_Purchase,Principal_Residence,Originated,1.0,0,0.37904738372987334,17.53
3,44.0,75000,255000.0,29.2,36%-<43%,White,CashOut_Refinance,Principal_Residence,Denied,0.0,0,0.4635597984105156,91.34
0,117.0,415000,415000.0,100.0,30%-<36%,White,Home_Purchase,Principal_Residence,Originated,1.0,0,0.3863041388437037,35.69
0,120.0,245000,255000.0,97.0,30%-<36%,White,Home_Purchase,Principal_Residence,Originated,1.0,0,0.3924851267057342,10.9
5,70.0,35000,195000.0,79.98,36%-<43%,White,Home_Improvement,Principal_Residence,Originated,1.0,0,0.35913665060893785,13.73
3,37.0,85000,105000.0,80.0,36%-<43%,Black or African American,CashOut_Refinance,Principal_Residence,Denied,0.0,0,0.37860243102999763,48.97
3,220.0,375000,545000.0,70.0,20%-<30%,White,Refinance,Principal_Residence,Originated,1.0,0,0.47368000260070064,54.93
0,101.0,135000,165000.0,83.642,<20%,White,Home_Purchase,Principal_Residence,Originated,1.0,0,0.4032715898268006,18.75
5,142.0,75000,375000.0,78.353,Unknown,Race Not Available,Home_Improvement,Principal_Residence,Incomplete,,1,0.40908222995923166,33.19
0,35.0,325000,415000.0,77.75,43%-<50%,White,Other,Principal_Residence,Denied,0.0,0,0.3654458125271564,10.32
3,69.0,255000,375000.0,78.353,Unknown,Race Not Available,CashOut_Refinance,Principal_Residence,Withdrawn,,0,0.3466072194933397,14.07
5,49.0,35000,375000.0,78.353,Unknown,Race Not Available,Home_Improvement,Principal_Residence,Withdrawn,,0,0.3708209083175959,5.02
3,76.0,385000,475000.0,80.0,43%-<50%,Race Not Available,CashOut_Refinance,Principal_Residence,Originated,1.0,0,0.4387115217815339,90.76
3,102.0,405000,375000.0,78.353,Unknown,Race Not Available,Refinance,Principal_Residence,Incomplete,,0,0.3476007389990249,19.97
4,45.0,115000,115000.0,78.353,20%-<30%,Black or African American,Home_Purchase,Principal_Residence,Approved_NotAccepted,,1,0.4305843466998293,72.1
0,79.0,405000,425000.0,97.0,43%-<50%,White,Home_Purchase,Principal_Residence,Originated,1.0,0,0.36922093603898065,39.55
5,110.0,105000,395000.0,84.573,20%-<30%,Race Not Available,Other,Principal_Residence,Originated,1.0,0,0.45111260802956676,37.63
5,223.0,105000,855000.0,69.47,30%-<36%,Asian,Other,Principal_Residence,Originated,1.0,0,0.406749774006975,50.77
2,201.0,625000,1155000.0,53.913,43%-<50%,White,CashOut_Refinance,Investment,Denied,0.0,0,0.46540106083549554,17.07
3,8.0,425000,655000.0,64.62,36%-<43%,White,CashOut_Refinance,Principal_Residence,Originated,1.0,0,0.4120489951845963,72.01
0,130.0,455000,475000.0,95.0,36%-<43%,White,Home_Purchase,Principal_Residence,Originated,1.0,0,0.3776549604305311,27.95
6,59.0,105000,505000.0,48.67,>60%,Race Not Available,Other,Principal_Residence,Denied,0.0,1,0.49059924776781183,89.54
6,38.0,265000,335000.0,80.0,50%-60%,White,CashOut_Refinance,Principal_Residence,Denied,0.0,0,0.3558491251070563,36.1
0,88.0,445000,375000.0,78.353,Unknown,White,Home_Purchase,Principal_Residence,Withdrawn,,0,0.37923581165552056,51.81
4,42.0,55000,65000.0,79.96,43%-<50%,White,Home_Purchase,Principal_Residence,Originated,1.0,0,0.4340329301313697,23.78
6,227.0,1315000,1755000.0,75.0,50%-60%,White,Home_Purchase,Principal_Residence,Originated,1.0,0,0.5028803698923093,12.75
3,61.0,165000,265000.0,63.17,30%-<36%,White,Refinance,Principal_Residence,Originated,1.0,0,0.3718643289363026,52.93
1,574.0,665000,975000.0,68.241,20%-<30%,White,Home_Purchase,Principal_Residence,Originated,1.0,0,0.5178605050770666,18.69
3,42.0,135000,275000.0,48.333,36%-<43%,White,CashOut_Refinance,Principal_Residence,Denied,0.0,0,0.44189692909037764,96.71
3,62.0,65000,205000.0,33.005,20%-<30%,Race Not Available,CashOut_Refinance,Principal_Residence,Originated,1.0,0,0.4481393328980113,30.27
0,110.0,325000,335000.0,96.5,43%-<50%,Race Not Available,Home_Purchase,Principal_Residence,Originated,1.0,0,0.36399145008856987,25.73
0,216.0,295000,375000.0,78.353,Unknown,Race Not Available,Home_Purchase,Second_Residence,Withdrawn,,0,0.359641458334972,13.98
0,264.0,585000,625000.0,95.0,20%-<30%,Race Not Available,Home_Purchase,Principal_Residence,Originated,1.0,0,0.42259057555496393,55.7
0,46.0,155000,165000.0,97.0,30%-<36%,White,Home_Purchase,Principal_Residence,Originated,1.0,0,0.39942759078953655,62.8
0,95.0,355000,355000.0,78.353,Unknown,Race Not Available,Home_Purchase,Principal_Residence,Purchased,,0,0.3631814797283237,14.59
0,164.0,715000,725000.0,100.0,43%-<50%,Joint,Home_Purchase,Principal_Residence,Originated,1.0,0,0.46579119199832464,82.36
3,75.0,325000,375000.0,78.353,Unknown,White,CashOut_Refinance,Principal_Residence,Incomplete,,0,0.398542653167503,96.5
1,363.0,155000,945000.0,72.0,20%-<30%,White,Refinance,Principal_Residence,Originated,1.0,1,0.4983819920879477,28.96
3,78.0,55000,105000.0,60.0,<20%,Asian,CashOut_Refinance,Principal_Residence,Denied,0.0,0,0.42250859671662155,81.39
2,0.0,165000,285000.0,75.0,Unknown,Black or African American,CashOut_Refinance,Investment,Denied,0.0,0,0.3957079665869525,87.87
3,48.0,105000,125000.0,81.4,30%-<36%,Black or African American,CashOut_Refinance,Principal_Residence,Denied,0.0,0,0.3890213256249865,73.17
3,270.0,505000,625000.0,80.0,20%-<30%,White,Refinance,Principal_Residence,Originated,1.0,0,0.39306783034328174,13.67
0,39.0,85000,155000.0,58.0,20%-<30%,White,Home_Purchase,Principal_Residence,Originated,1.0,0,0.38040072183158535,20.21
2,38.0,105000,265000.0,38.314,43%-<50%,White,CashOut_Refinance,Investment,Originated,1.0,0,0.4069436884271146,24.61
3,20.0,45000,365000.0,78.353,Unknown,White,Refinance,Principal_Residence,Originated,1.0,0,0.3589729549470687,33.63
3,226.0,305000,755000.0,40.0,<20%,White,Refinance,Principal_Residence,Originated,1.0,0,0.4202304433959467,12.38
0,178.0,425000,375000.0,78.353,Unknown,Race Not Available,Home_Purchase,Principal_Residence,Withdrawn,,1,0.5285993973277945,0.0
6,130.0,255000,1105000.0,72.69,50%-60%,Race Not Available,Home_Improvement,Principal_Residence,Originated,1.0,0,0.43777168717909043,54.04
6,41.0,135000,145000.0,97.0,>60%,White,Home_Purchase,Principal_Residence,Preapproval_Denied,,2,0.5317181078623443,0.0
0,95.0,135000,135000.0,78.353,Unknown,Race Not Available,Home_Purchase,Principal_Residence,Purchased,,0,0.3597544270041575,26.01
6,67.0,215000,215000.0,96.428,50%-60%,Race Not Available,Home_Purchase,Principal_Residence,Originated,1.0,0,0.39215277096626905,31.68
5,12.0,55000,765000.0,47.01,20%-<30%,Race Not Available,Home_Purchase,Principal_Residence,Originated,1.0,0,0.4296649540741317,41.33
6,105.0,155000,1015000.0,75.09,>60%,Asian,Home_Improvement,Principal_Residence,Denied,0.0,0,0.4103983223695907,77.73
0,135.0,525000,595000.0,89.492,36%-<43%,White,Home_Purchase,Principal_Residence,Approved_NotAccepted,,0,0.4000101544675377,20.44
0,52.0,195000,395000.0,49.367,43%-<50%,White,Home_Purchase,Principal_Residence,Originated,1.0,0,0.39058386037444726,11.55
3,95.0,185000,285000.0,78.353,Unknown,Race Not Available,CashOut_Refinance,Second_Residence,Purchased,,0,0.42190080785880374,3.79
6,77.0,365000,375000.0,96.5,50%-60%,White,Home_Purchase,Principal_Residence,Originated,1.0,0,0.35878350351721916,36.95
3,70.0,145000,525000.0,27.794,30%-<36%,White,Home_Purchase,Principal_Residence,Originated,1.0,0,0.45811871176572616,38.25
6,69.0,155000,765000.0,19.711,>60%,Asian,Refinance,Principal_Residence,Denied,0.0,1,0.46716858802050326,13.92
3,124.0,255000,395000.0,66.0,30%-<36%,White,Refinance,Principal_Residence,Originated,1.0,0,0.36079770340616996,32.29
1,304.0,1105000,2165000.0,51.0,36%-<43%,White,Home_Purchase,Principal_Residence,Originated,1.0,1,0.5394296726407548,35.49
0,35.0,175000,195000.0,88.2,43%-<50%,Race Not Available,Home_Purchase,Principal_Residence,Originated,1.0,0,0.3882374562402041,61.51
2,95.0,3255000,5025000.0,65.0,Unknown,Race Not Available,Refinance,Investment,Originated,1.0,1,0.6334937812164567,28.69
4,23.0,65000,65000.0,78.353,>60%,White,Home_Purchase,Principal_Residence,Denied,0.0,0,0.43996831019759475,16.25
3,27.0,475000,375000.0,78.353,Unknown,Race Not Available,Refinance,Principal_Residence,Withdrawn,,1,0.45112934563871926,36.42
5,123.0,155000,885000.0,62.1,<20%,Race Not Available,Home_Improvement,Principal_Residence,Originated,1.0,1,0.4566493008866449,30.26
4,105.0,195000,185000.0,78.353,20%-<30%,White,Home_Purchase,Principal_Residence,Denied,0.0,0,0.4178816409130538,70.19
5,73.0,75000,195000.0,58.773,36%-<43%,White,Refinance,Principal_Residence,Originated,1.0,0,0.4361998510193195,8.67
1,329.0,665000,745000.0,90.0,<20%,Black or African American,Home_Purchase,Second_Residence,Originated,1.0,0,0.46012148306678285,7.17
0,80.0,245000,245000.0,96.5,43%-<50%,White,Home_Purchase,Principal_Residence,Originated,1.0,0,0.3862485899438395,49.91
3,190.0,545000,895000.0,60.857,30%-<36%,Joint,Refinance,Principal_Residence,Originated,1.0,0,0.4231974323173543,53.33
0,195.0,655000,375000.0,78.353,Unknown,Asian,Other,Second_Residence,Withdrawn,,1,0.47151411798132975,74.68
3,102.0,635000,925000.0,68.541,43%-<50%,White,CashOut_Refinance,Principal_Residence,Originated,1.0,0,0.4094094023201456,14.72
3,61.0,205000,265000.0,77.652,36%-<43%,Black or African American,CashOut_Refinance,Principal_Residence,Originated,1.0,0,0.3763109840181523,32.36
3,37.0,205000,375000.0,78.353,Unknown,White,CashOut_Refinance,Principal_Residence,Withdrawn,,0,0.39123993921653577,53.83
6,113.0,255000,685000.0,36.765,50%-60%,White,Refinance,Principal_Residence,Originated,1.0,0,0.4822645541463096,37.13
1,386.0,195000,1305000.0,14.692,<20%,Race Not Available,CashOut_Refinance,Principal_Residence,Originated,1.0,1,0.5620294763139603,24.15
4,73.0,155000,165000.0,78.353,30%-<36%,White,Home_Purchase,Principal_Residence,Denied,0.0,0,0.4658137874824441,0.0
3,95.0,285000,355000.0,78.353,Unknown,Race Not Available,CashOut_Refinance,Principal_Residence,Purchased,,0,0.3453690415838018,21.27
4,41.0,125000,125000.0,94.157,Unknown,White,Home_Purchase,Principal_Residence,Denied,0.0,2,0.5306528241409055,0.0
6,36.0,205000,355000.0,56.571,50%-60%,White,CashOut_Refinance,Principal_Residence,Denied,0.0,0,0.3817737915250026,35.6
3,165.0,365000,625000.0,59.0,30%-<36%,Race Not Available,CashOut_Refinance,Principal_Residence,Originated,1.0,0,0.380795787514717,21.44
0,58.0,235000,375000.0,78.353,Unknown,Race Not Available,Home_Purchase,Principal_Residence,Withdrawn,,0,0.40325350019850825,88.33
3,280.0,305000,2205000.0,13.64,36%-<43%,White,Other,Principal_Residence,Originated,1.0,1,0.5816999764213026,58.36
0,134.0,695000,865000.0,80.0,43%-<50%,White,Home_Purchase,Principal_Residence,Denied,0.0,0,0.4096284299207766,48.89
0,55.0,235000,255000.0,95.0,43%-<50%,Race Not Available,Home_Purchase,Principal_Residence,Originated,1.0,0,0.3689817831670075,53.55
3,50.0,85000,95000.0,90.0,30%-<36%,Black or African American,CashOut_Refinance,Principal_Residence,Originated,1.0,0,0.4079078985636903,61.73
0,146.0,385000,415000.0,78.353,Unknown,White,Home_Purchase,Principal_Residence,Purchased,,0,0.36054103002710886,8.62
3,65.0,245000,385000.0,64.416,30%-<36%,White,CashOut_Refinance,Principal_Residence,Originated,1.0,0,0.367384940595537,9.36
5,163.0,55000,375000.0,78.353,Unknown,White,Other,Principal_Residence,Incomplete,,0,0.3633676467139675,25.8
0,60.0,245000,375000.0,78.353,Unknown,White,Home_Purchase,Principal_Residence,Withdrawn,,0,0.35737886469044505,8.31
0,48.0,295000,355000.0,90.0,43%-<50%,White,Home_Purchase,Principal_Residence,Originated,1.0,0,0.36308978948640036,28.41
3,73.0,105000,895000.0,12.152,43%-<50%,White,Other,Principal_Residence,Originated,1.0,1,0.5182851001058545,36.06
3,50.0,175000,235000.0,75.641,30%-<36%,White,Refinance,Principal_Residence,Originated,1.0,0,0.3648754903545041,15.89
0,79.0,165000,175000.0,95.0,43%-<50%,White,Home_Purchase,Principal_Residence,Originated,1.0,0,0.39583132046075503,5.33
6,79.0,505000,505000.0,99.961,>60%,Race Not Available,Home_Purchase,Principal_Residence,Originated,1.0,0,0.3819624718892598,20.1
1,414.0,1175000,1805000.0,65.0,30%-<36%,White,Home_Purchase,Principal_Residence,Originated,1.0,1,0.5499624943233464,19.69
0,103.0,405000,405000.0,100.0,30%-<36%,Black or African American,Home_Purchase,Principal_Residence,Originated,1.0,0,0.3896492273873943,52.28
0,45.0,125000,135000.0,96.5,43%-<50%,Asian,Home_Purchase,Principal_Residence,Originated,1.0,0,0.39955023025712577,47.61
0,85.0,245000,305000.0,80.0,36%-<43%,White,Home_Purchase,Principal_Residence,Originated,1.0,0,0.35597870912238083,9.26
0,67.0,295000,375000.0,78.353,Unknown,Black or African American,Home_Purchase,Principal_Residence,Withdrawn,,0,0.34613226788043966,11.4
0,50.0,95000,235000.0,41.915,43%-<50%,White,Home_Purchase,Principal_Residence,Originated,1.0,0,0.4037200664013611,29.76
3,45.0,185000,265000.0,70.0,36%-<43%,White,CashOut_Refinance,Principal_Residence,Originated,1.0,0,0.3631827934448219,18.92
0,96.0,565000,595000.0,95.0,43%-<50%,White,Home_Purchase,Principal_Residence,Originated,1.0,0,0.3875225215073135,18.49
0,180.0,565000,715000.0,80.0,43%-<50%,White,Home_Purchase,Second_Residence,Originated,1.0,0,0.39328573258891286,20.82
3,53.0,65000,375000.0,78.353,Unknown,Race Not Available,CashOut_Refinance,Principal_Residence,Incomplete,,0,0.36464792991959777,55.34
6,7.0,85000,295000.0,27.586,>60%,Black or African American,Home_Improvement,Principal_Residence,Denied,0.0,0,0.4987973004531189,14.93
0,46.0,125000,135000.0,90.0,43%-<50%,White,Home_Purchase,Principal_Residence,Originated,1.0,0,0.37952763373304865,10.99
3,91.0,435000,775000.0,55.48,30%-<36%,White,CashOut_Refinance,Principal_Residence,Originated,1.0,0,0.38517285343425584,25.14
0,190.0,575000,375000.0,78.353,Unknown,White,Home_Purchase,Principal_Residence,Withdrawn,,0,0.3714503113310727,12.33
6,113.0,385000,395000.0,96.5,50%-60%,White,Home_Purchase,Principal_Residence,Originated,1.0,0,0.3760079432983005,39.92
3,115.0,425000,375000.0,78.353,Unknown,Black or African American,CashOut_Refinance,Principal_Residence,Withdrawn,,0,0.44621551055556546,88.44
3,36.0,115000,235000.0,50.29,36%-<43%,White,CashOut_Refinance,Principal_Residence,Originated,1.0,0,0.4024281597026514,8.09
0,45.0,195000,215000.0,93.513,36%-<43%,Black or African American,Home_Purchase,Principal_Residence,Preapproval_Approved_NotAccepted,,2,0.5261433365235741,0.0
2,90.0,265000,375000.0,78.353,Unknown,White,CashOut_Refinance,Investment,Incomplete,,0,0.34127771636848026,30.85
3,126.0,395000,375000.0,78.353,Unknown,White,Refinance,Principal_Residence,Withdrawn,,0,0.37746265011645386,26.21
3,95.0,405000,695000.0,78.353,Unknown,Race Not Available,Refinance,Principal_Residence,Purchased,,0,0.4194411607735512,95.93
5,95.0,25000,795000.0,46.025,36%-<43%,White,Other,Principal_Residence,Originated,1.0,1,0.5297794596088465,63.13
5,67.0,55000,375000.0,78.353,Unknown,White,Other,Principal_Residence,Withdrawn,,0,0.4040016353288609,13.25
1,552.0,1405000,1455000.0,70.0,20%-<30%,White,Home_Purchase,Principal_Residence,Originated,1.0,2,0.5761732556716229,22.56
3,101.0,135000,375000.0,78.353,Unknown,White,CashOut_Refinance,Principal_Residence,Withdrawn,,0,0.35508126236521703,7.61
0,255.0,425000,535000.0,80.0,<20%,White,Home_Purchase,Principal_Residence,Originated,1.0,0,0.38235681112134445,13.63
0,68.0,195000,245000.0,79.592,43%-<50%,Asian,Home_Purchase,Principal_Residence,Originated,1.0,0,0.4162382450535917,24.64
2,60.0,155000,375000.0,78.353,Unknown,White,Home_Purchase,Investment,Withdrawn,,0,0.3461843932835909,34.02
0,128.0,275000,375000.0,78.353,Unknown,White,Home_Purchase,Principal_Residence,Withdrawn,,0,0.34956479481767644,41.29
0,204.0,335000,495000.0,67.677,30%-<36%,White,Home_Purchase,Principal_Residence,Originated,1.0,0,0.37457447356743107,25.3
4,56.0,115000,125000.0,94.968,>60%,Black or African American,Home_Purchase,Principal_Residence,Denied,0.0,0,0.39717245361501274,45.18
4,59.0,95000,95000.0,78.353,43%-<50%,Race Not Available,Home_Purchase,Principal_Residence,Originated,1.0,0,0.38600231612075864,10.1
0,75.0,275000,275000.0,96.5,36%-<43%,White,Home_Purchase,Principal_Residence,Originated,1.0,0,0.37053160006810687,15.86
3,27.0,55000,375000.0,78.353,Unknown,White,Refinance,Principal_Residence,Incomplete,,0,0.3626738396218917,13.24
0,95.0,475000,475000.0,78.353,Unknown,Race Not Available,Home_Purchase,Principal_Residence,Purchased,,0,0.35930179266465656,38.74
0,46.0,145000,185000.0,82.198,30%-<36%,White,Home_Purchase,Principal_Residence,Originated,1.0,0,0.40793651350152504,79.26
5,97.0,55000,375000.0,78.353,Unknown,White,Home_Improvement,Principal_Residence,Denied,0.0,0,0.4485861126431845,12.93
0,62.0,275000,375000.0,78.353,Unknown,Race Not Available,Home_Purchase,Principal_Residence,Incomplete,,0,0.3821325494559456,63.57
0,35.0,85000,85000.0,90.0,30%-<36%,White,Home_Purchase,Principal_Residence,Approved_NotAccepted,,0,0.38961066744012396,41.43
5,25.0,55000,375000.0,78.353,Unknown,White,Other,Principal_Residence,Withdrawn,,0,0.38522951350205176,42.43
0,270.0,1005000,375000.0,78.353,Unknown,Race Not Available,Home_Purchase,Principal_Residence,Withdrawn,,0,0.4452173449614309,36.28
3,100.0,235000,345000.0,68.116,36%-<43%,Race Not Available,CashOut_Refinance,Principal_Residence,Originated,1.0,0,0.3594399017464022,39.26
3,95.0,275000,335000.0,78.353,Unknown,Race Not Available,CashOut_Refinance,Principal_Residence,Purchased,,0,0.3523106689024914,57.08
3,112.0,365000,635000.0,57.48,20%-<30%,White,CashOut_Refinance,Principal_Residence,Originated,1.0,0,0.39342837281140003,9.67
5,95.0,55000,455000.0,76.4,20%-<30%,White,Home_Improvement,Principal_Residence,Originated,1.0,0,0.38783697138853207,26.75
3,95.0,255000,385000.0,67.105,43%-<50%,White,CashOut_Refinance,Principal_Residence,Originated,1.0,0,0.4162945039407192,12.33
3,0.0,505000,375000.0,78.353,Unknown,Race Not Available,CashOut_Refinance,Principal_Residence,Withdrawn,,0,0.4519516173010373,8.66
6,61.0,255000,265000.0,94.403,50%-60%,White,Home_Purchase,Principal_Residence,Originated,1.0,0,0.358700166504331,32.74
1,376.0,785000,1055000.0,80.0,30%-<36%,White,Home_Purchase,Principal_Residence,Originated,1.0,1,0.47844292919793224,10.84
0,101.0,275000,275000.0,100.0,<20%,White,Home_Purchase,Principal_Residence,Originated,1.0,0,0.3684462292586651,19.78
3,62.0,285000,385000.0,75.0,30%-<36%,White,CashOut_Refinance,Principal_Residence,Originated,1.0,0,0.3618108543510345,10.72
0,34.0,185000,195000.0,101.746,43%-<50%,Race Not Available,Home_Purchase,Principal_Residence,Denied,0.0,0,0.39219552431560833,33.04
0,244.0,615000,685000.0,90.0,36%-<43%,Asian,Home_Purchase,Principal_Residence,Originated,1.0,0,0.4228023305483736,51.83
0,76.0,175000,395000.0,44.388,36%-<43%,White,Home_Improvement,Principal_Residence,Originated,1.0,0,0.3846827106074018,18.52
0,58.0,265000,265000.0,96.5,36%-<43%,White,Home_Purchase,Principal_Residence,Originated,1.0,0,0.3803360150960785,30.44
0,86.0,225000,375000.0,78.353,Exempt,Race Not Available,Home_Purchase,Principal_Residence,Originated,1.0,0,0.3622302980339256,9.88
5,175.0,105000,375000.0,78.353,Unknown,Asian,Home_Improvement,Principal_Residence,Withdrawn,,0,0.4821832912993652,78.51
5,89.0,55000,375000.0,78.353,Exempt,White,Refinance,Principal_Residence,Originated,1.0,0,0.3876939538685172,31.43
3,99.0,405000,1505000.0,26.667,36%-<43%,White,Home_Improvement,Principal_Residence,Denied,0.0,0,0.4824868635306918,20.39
3,165.0,255000,395000.0,63.291,20%-<30%,White,CashOut_Refinance,Principal_Residence,Originated,1.0,0,0.42413180594735606,13.15
6,78.0,135000,505000.0,71.25,50%-60%,White,Other,Principal_Residence,Originated,1.0,0,0.36312657989199804,52.22
2,35.0,185000,375000.0,78.353,Unknown,White,Refinance,Investment,Incomplete,,0,0.4509019409077964,9.73
3,0.0,375000,715000.0,52.45,<20%,Asian,CashOut_Refinance,Principal_Residence,Approved_NotAccepted,,0,0.41717132870964196,24.62
3,111.0,135000,135000.0,100.0,<20%,White,CashOut_Refinance,Principal_Residence,Originated,1.0,0,0.3770883373549643,15.83
3,157.0,285000,535000.0,53.551,20%-<30%,White,CashOut_Refinance,Principal_Residence,Originated,1.0,0,0.442961731167314,26.53
1,450.0,505000,805000.0,62.5,<20%,White,Other,Principal_Residence,Denied,0.0,0,0.46765413864318567,33.76
5,-160.0,1455000,3005000.0,70.0,<20%,White,Home_Improvement,Principal_Residence,Denied,0.0,3,0.6125326249576771,6.42
3,91.0,455000,375000.0,78.353,Unknown,White,CashOut_Refinance,Principal_Residence,Withdrawn,,0,0.351192070320739,44.48
0,95.0,35000,185000.0,78.353,Unknown,Race Not Available,NotApplicable,Second_Residence,Purchased,,0,0.4278037983290651,8.9
0,301.0,1445000,1705000.0,85.0,36%-<43%,Asian,Home_Purchase,Principal_Residence,Originated,1.0,1,0.5414196325974175,33.27
0,126.0,375000,365000.0,100.0,43%-<50%,White,Home_Purchase,Principal_Residence,Originated,1.0,0,0.3754606253331724,42.51
3,74.0,325000,375000.0,78.353,Unknown,White,CashOut_Refinance,Principal_Residence,Withdrawn,,0,0.3694737381806099,5.86
3,67.0,115000,195000.0,57.0,36%-<43%,White,Refinance,Principal_Residence,Originated,1.0,0,0.3733394144755619,21.03
0,182.0,405000,495000.0,83.0,36%-<43%,White,Home_Purchase,Principal_Residence,Originated,1.0,0,0.3800751171538912,43.58
3,39.0,55000,185000.0,41.395,20%-<30%,White,CashOut_Refinance,Principal_Residence,Originated,1.0,0,0.42318085939376837,39.59
5,121.0,115000,545000.0,80.0,43%-<50%,Asian,Home_Improvement,Principal_Residence,Originated,1.0,0,0.3641776914816602,32.04
0,115.0,265000,265000.0,100.0,20%-<30%,White,Home_Purchase,Principal_Residence,Originated,1.0,0,0.38898371055151976,12.59
4,72.0,185000,185000.0,96.467,30%-<36%,White,Home_Purchase,Principal_Residence,Denied,0.0,0,0.3633392289376025,27.11
3,212.0,675000,835000.0,80.599,20%-<30%,White,CashOut_Refinance,Principal_Residence,Originated,1.0,0,0.4428290485580249,20.84
4,45.0,165000,605000.0,27.167,>60%,White,CashOut_Refinance,Principal_Residence,Denied,0.0,1,0.44176541869745317,17.49
0,200.0,295000,365000.0,80.0,<20%,White,Home_Purchase,Principal_Residence,Originated,1.0,0,0.3810796897592614,36.87
2,105.0,265000,625000.0,43.0,36%-<43%,White,Refinance,Investment,Originated,1.0,0,0.39470034991183434,12.02
2,95.0,455000,765000.0,58.82,<20%,Asian,Home_Purchase,Investment,Originated,1.0,1,0.5226266329831253,62.18
0,90.0,355000,375000.0,95.0,43%-<50%,White,Home_Purchase,Principal_Residence,Originated,1.0,0,0.3678321291007913,58.35
2,100.0,55000,375000.0,78.353,Unknown,Race Not Available,Home_Improvement,Investment,Incomplete,,1,0.3933749240613778,80.02
3,96.0,225000,375000.0,78.353,20%-<30%,Black or African American,CashOut_Refinance,Principal_Residence,Originated,1.0,0,0.3529415797333189,8.99
3,38.0,75000,105000.0,76.852,36%-<43%,White,Refinance,Principal_Residence,Originated,1.0,0,0.38292099550685516,18.58
1,1486.0,805000,375000.0,78.353,Unknown,Race Not Available,Home_Purchase,Principal_Residence,Incomplete,,2,0.6066432702784851,0.0
1,280.0,615000,375000.0,78.353,Unknown,White,Home_Purchase,Principal_Residence,Withdrawn,,0,0.40041666695757905,26.41
6,37.0,225000,295000.0,75.862,>60%,White,CashOut_Refinance,Principal_Residence,Denied,0.0,0,0.3723903466152116,22.28
3,149.0,225000,275000.0,80.0,36%-<43%,White,CashOut_Refinance,Principal_Residence,Denied,0.0,0,0.3680923624955605,9.82
5,170.0,75000,725000.0,112.167,36%-<43%,American Indian or Alaska Native,Home_Improvement,Principal_Residence,Originated,1.0,0,0.48263204900917633,6.74
3,57.0,85000,485000.0,16.36,30%-<36%,White,Home_Purchase,Principal_Residence,Originated,1.0,0,0.4431159529499843,8.59
6,64.0,25000,945000.0,56.107,>60%,Black or African American,Home_Improvement,Principal_Residence,Denied,0.0,0,0.45496244303129696,98.87
0,44.0,125000,165000.0,80.0,43%-<50%,White,Home_Purchase,Second_Residence,Originated,1.0,0,0.3618874645978951,11.57
5,126.0,155000,375000.0,78.353,Exempt,Black or African American,CashOut_Refinance,Principal_Residence,Originated,1.0,0,0.37057462822133125,60.77
0,110.0,405000,375000.0,78.353,Exempt,White,Home_Purchase,Principal_Residence,Originated,1.0,0,0.3890439649785073,27.77
0,54.0,135000,135000.0,96.5,43%-<50%,Black or African American,Home_Purchase,Principal_Residence,Originated,1.0,0,0.4227010750278112,84.74
0,194.0,675000,845000.0,78.353,Unknown,White,Home_Purchase,Second_Residence,Purchased,,0,0.4019807002387346,29.35
6,256.0,1595000,2105000.0,75.797,50%-60%,White,Home_Purchase,Principal_Residence,Originated,1.0,1,0.5286718641969493,23.28
3,95.0,135000,375000.0,78.353,Unknown,Race Not Available,Refinance,Principal_Residence,Approved_NotAccepted,,0,0.3439832531396451,25.63
6,49.0,455000,705000.0,64.29,>60%,White,Home_Purchase,Principal_Residence,Originated,1.0,1,0.49157312448369583,42.89
3,64.0,255000,285000.0,90.0,36%-<43%,Race Not Available,CashOut_Refinance,Principal_Residence,Originated,1.0,0,0.3556637001532358,32.9
4,104.0,385000,375000.0,78.353,Unknown,Race Not Available,Home_Purchase,Principal_Residence,Incomplete,,0,0.4280456013196779,85.78
0,181.0,495000,615000.0,80.0,20%-<30%,White,Home_Purchase,Principal_Residence,Originated,1.0,0,0.3787629690767361,25.78
2,334.0,535000,375000.0,78.353,Exempt,Asian,Home_Purchase,Investment,Originated,1.0,0,0.4086373491402552,64.8
6,78.0,25000,625000.0,74.921,50%-60%,White,Other,Principal_Residence,Denied,0.0,0,0.3890144746291955,44.2
0,59.0,205000,395000.0,51.28,30%-<36%,American Indian or Alaska Native,Home_Improvement,Principal_Residence,Originated,1.0,0,0.3770792552173843,38.02
3,120.0,225000,905000.0,24.444,30%-<36%,White,Home_Purchase,Principal_Residence,Originated,1.0,0,0.44497751553148,31.24
3,70.0,285000,375000.0,78.353,43%-<50%,Black or African American,CashOut_Refinance,Principal_Residence,Originated,1.0,0,0.3746917602292984,79.53
0,62.0,245000,375000.0,78.353,Unknown,White,Home_Purchase,Principal_Residence,Withdrawn,,0,0.3506995666718643,36.39
5,58.0,15000,225000.0,58.776,20%-<30%,Black or African American,Other,Principal_Residence,Originated,1.0,0,0.39860026914576346,32.08
0,33.0,65000,375000.0,78.353,Unknown,White,Home_Purchase,Principal_Residence,Approved_NotAccepted,,0,0.3722751951860077,5.14
2,138.0,65000,375000.0,78.353,Unknown,White,Home_Purchase,Investment,Withdrawn,,0,0.4056135348788945,95.15
1,487.0,255000,855000.0,72.531,20%-<30%,White,Home_Improvement,Principal_Residence,Originated,1.0,1,0.5272999779514413,30.05
3,62.0,225000,305000.0,76.0,43%-<50%,Black or African American,Refinance,Principal_Residence,Originated,1.0,0,0.4004647644376738,90.18
0,85.0,415000,465000.0,90.0,43%-<50%,Black or African American,Home_Purchase,Principal_Residence,Denied,0.0,0,0.3706609890792311,49.37
6,62.0,55000,575000.0,62.02,>60%,White,Refinance,Principal_Residence,Denied,0.0,0,0.39728045628785325,10.9
3,95.0,195000,205000.0,78.353,Unknown,Race Not Available,Refinance,Principal_Residence,Denied,0.0,0,0.37815832752071876,67.28
0,56.0,205000,265000.0,80.0,43%-<50%,White,Home_Purchase,Principal_Residence,Originated,1.0,0,0.3539405509406634,13.23
0,185.0,605000,765000.0,80.0,20%-<30%,Race Not Available,Home_Purchase,Second_Residence,Originated,1.0,0,0.3946777918008836,14.7
0,104.0,435000,635000.0,68.576,30%-<36%,Asian,Home_Purchase,Principal_Residence,Denied,0.0,0,0.36760718493957845,11.81
6,125.0,585000,585000.0,100.0,50%-60%,White,Home_Purchase,Principal_Residence,Originated,1.0,0,0.4052203846190457,22.75
0,95.0,375000,395000.0,95.0,43%-<50%,White,Home_Purchase,Principal_Residence,Approved_NotAccepted,,0,0.37507438337400417,61.68
6,95.0,275000,875000.0,79.49,50%-60%,White,Other,Principal_Residence,Denied,0.0,0,0.38071312677838304,18.71
3,277.0,675000,755000.0,90.0,36%-<43%,Race Not Available,CashOut_Refinance,Principal_Residence,Originated,1.0,0,0.4282076604194712,17.91
0,294.0,445000,545000.0,83.241,<20%,Asian,Other,Principal_Residence,Originated,1.0,0,0.4111713882638617,50.92
0,68.0,205000,225000.0,89.0,30%-<36%,Race Not Available,Home_Purchase,Principal_Residence,Preapproval_Denied,,1,0.5179045529900548,0.0
5,140.0,35000,375000.0,78.353,Unknown,White,Other,Principal_Residence,Incomplete,,0,0.3711789510309538,16.63
3,121.0,235000,375000.0,78.353,Unknown,Race Not Available,Refinance,Principal_Residence,Withdrawn,,0,0.4036112753432074,26.88
1,272.0,855000,1605000.0,53.125,20%-<30%,White,Other,Principal_Residence,Originated,1.0,2,0.5337192965965648,16.66
6,165.0,205000,865000.0,86.13,>60%,White,Home_Improvement,Principal_Residence,Denied,0.0,1,0.45421693315623174,23.24
5,49.0,75000,465000.0,68.424,30%-<36%,American Indian or Alaska Native,Home_Improvement,Principal_Residence,Approved_NotAccepted,,0,0.38406581706598647,63.7
0,50.0,115000,375000.0,78.353,Unknown,White,Home_Purchase,Principal_Residence,Withdrawn,,0,0.35237506979095756,29.22
5,269.0,105000,625000.0,85.0463,36%-<43%,White,Other,Principal_Residence,Denied,0.0,0,0.3860930591702307,12.06
3,70.0,205000,375000.0,78.353,Unknown,White,Refinance,Principal_Residence,Incomplete,,1,0.5026619984370734,10.2
0,148.0,475000,375000.0,78.353,Unknown,White,Home_Purchase,Principal_Residence,Withdrawn,,0,0.35228340352365584,35.58
1,308.0,1245000,1465000.0,85.0,36%-<43%,White,Home_Purchase,Principal_Residence,Originated,1.0,1,0.5282081311637234,67.06
3,62.0,175000,265000.0,65.903,36%-<43%,White,CashOut_Refinance,Principal_Residence,Originated,1.0,0,0.3643425263182434,21.28
0,54.0,285000,315000.0,95.0,36%-<43%,White,Home_Purchase,Principal_Residence,Originated,1.0,0,0.35647726721131545,23.66
1,4485.0,5885000,375000.0,78.353,Unknown,White,Home_Purchase,Principal_Residence,Withdrawn,,3,0.6705406949600435,20.22
6,80.0,255000,305000.0,80.0,50%-60%,White,CashOut_Refinance,Principal_Residence,Originated,1.0,0,0.3465354036846986,24.96
5,350.0,105000,475000.0,122.43,<20%,Race Not Available,Home_Improvement,Principal_Residence,Denied,0.0,0,0.4556741409897639,57.16
1,500.0,415000,375000.0,78.353,Unknown,Race Not Available,Home_Purchase,Second_Residence,Withdrawn,,0,0.43936097611683933,30.22
3,95.0,335000,375000.0,78.353,Unknown,White,Refinance,Principal_Residence,Originated,1.0,0,0.36233582213508914,20.73
5,152.0,75000,615000.0,75.3,<20%,White,Home_Improvement,Principal_Residence,Denied,0.0,0,0.40047535336577533,33.93
5,178.0,95000,1475000.0,64.465,36%-<43%,White,Home_Improvement,Principal_Residence,Originated,1.0,0,0.4496180043632626,22.07
6,66.0,245000,255000.0,96.094,50%-60%,White,CashOut_Refinance,Principal_Residence,Originated,1.0,0,0.38438729095138036,4.52
5,92.0,35000,425000.0,20.473,36%-<43%,White,Other,Principal_Residence,Originated,1.0,0,0.4994496799849138,23.23
5,115.0,45000,305000.0,68.681,30%-<36%,White,CashOut_Refinance,Principal_Residence,Originated,1.0,0,0.44800903117145363,4.11
3,95.0,155000,195000.0,78.353,Unknown,Race Not Available,CashOut_Refinance,Principal_Residence,Purchased,,0,0.37787864735507326,68.22
1,451.0,255000,375000.0,78.353,Unknown,White,Other,Principal_Residence,Withdrawn,,0,0.470831384503733,27.79
0,64.0,305000,505000.0,60.0,43%-<50%,White,Home_Purchase,Principal_Residence,Originated,1.0,0,0.3785867296677451,17.23
0,291.0,645000,1325000.0,80.0,43%-<50%,Race Not Available,Home_Purchase,Principal_Residence,Originated,1.0,0,0.4541562922580199,11.81
6,55.0,315000,505000.0,62.0,50%-60%,Race Not Available,CashOut_Refinance,Principal_Residence,Denied,0.0,0,0.39381180946554184,21.3
3,84.0,175000,215000.0,80.0,43%-<50%,Black or African American,CashOut_Refinance,Principal_Residence,Denied,0.0,0,0.39738121640291085,95.18
5,174.0,65000,465000.0,51.14,20%-<30%,White,Other,Principal_Residence,Originated,1.0,0,0.4106100936913064,17.03
5,120.0,65000,365000.0,67.4,30%-<36%,Black or African American,Home_Improvement,Principal_Residence,Denied,0.0,0,0.40622695116808144,53.44
0,95.0,325000,405000.0,80.0,36%-<43%,White,Home_Purchase,Principal_Residence,Originated,1.0,0,0.35557757727675665,19.61
0,86.0,295000,375000.0,78.353,Unknown,White,Home_Purchase,Principal_Residence,Withdrawn,,0,0.3565063885178725,37.23
4,38.0,65000,375000.0,78.353,Unknown,White,CashOut_Refinance,Principal_Residence,Withdrawn,,0,0.38585619480604805,13.57
5,118.0,25000,435000.0,87.9,36%-<43%,Race Not Available,CashOut_Refinance,Principal_Residence,Denied,0.0,0,0.4349109546786352,19.5
6,37.0,185000,195000.0,94.737,50%-60%,White,Home_Purchase,Principal_Residence,Denied,0.0,0,0.4311573981949428,94.47
5,162.0,35000,335000.0,96.429,20%-<30%,White,Other,Principal_Residence,Denied,0.0,0,0.4119511187859212,22.69
0,95.0,225000,225000.0,78.353,Unknown,Race Not Available,Home_Purchase,Principal_Residence,Purchased,,0,0.37284781059354205,68.69
2,364.0,345000,685000.0,50.0,30%-<36%,Asian,Home_Purchase,Investment,Originated,1.0,1,0.5227338754784866,32.07
3,108.0,75000,345000.0,22.0,<20%,White,Home_Improvement,Principal_Residence,Originated,1.0,0,0.43722581712570036,13.97
3,73.0,375000,495000.0,75.0,36%-<43%,White,CashOut_Refinance,Principal_Residence,Originated,1.0,0,0.38519703030041724,22.19
0,51.0,195000,205000.0,95.0,30%-<36%,Race Not Available,Home_Purchase,Principal_Residence,Originated,1.0,0,0.361360568112599,32.19
4,53.0,65000,375000.0,78.353,>60%,White,Home_Purchase,Principal_Residence,Denied,0.0,0,0.3912424010473916,57.11
0,95.0,175000,175000.0,78.353,Unknown,Race Not Available,Home_Purchase,Principal_Residence,Purchased,,0,0.3567709880590817,23.5
6,110.0,635000,845000.0,75.0,50%-60%,White,Home_Purchase,Principal_Residence,Denied,0.0,0,0.4456586950749369,12.79
6,16.0,365000,375000.0,96.5,>60%,White,Home_Purchase,Principal_Residence,Denied,0.0,0,0.39310993242454856,17.52
6,58.0,155000,665000.0,51.343,50%-60%,White,Home_Improvement,Principal_Residence,Originated,1.0,0,0.4614642575185352,78.43
3,172.0,185000,375000.0,78.353,Unknown,Joint,Refinance,Principal_Residence,Withdrawn,,0,0.4035832997250111,17.66
0,65.0,245000,255000.0,94.118,43%-<50%,White,Home_Purchase,Principal_Residence,Originated,1.0,0,0.3813623114217032,59.4
6,58.0,265000,465000.0,55.914,50%-60%,White,CashOut_Refinance,Principal_Residence,Denied,0.0,1,0.44460972819756556,32.6
0,154.0,125000,375000.0,78.353,Exempt,White,Home_Purchase,Principal_Residence,Denied,0.0,0,0.3565854100536678,12.69
3,125.0,365000,455000.0,80.0,43%-<50%,White,CashOut_Refinance,Principal_Residence,Denied,0.0,0,0.3507004760466505,25.62
5,42.0,305000,375000.0,78.353,Exempt,White,Home_Improvement,Principal_Residence,Denied,0.0,0,0.35564167706829375,13.11
2,95.0,1685000,2035000.0,78.353,Unknown,Race Not Available,Home_Purchase,Investment,Originated,1.0,1,0.5640199873597895,44.85
1,351.0,925000,375000.0,78.353,Unknown,White,Home_Purchase,Second_Residence,Withdrawn,,0,0.4395826709580392,7.12
3,74.0,175000,245000.0,68.027,36%-<43%,Race Not Available,CashOut_Refinance,Principal_Residence,Originated,1.0,0,0.35723956651665967,31.07
3,84.0,75000,165000.0,58.0,30%-<36%,White,CashOut_Refinance,Principal_Residence,Originated,1.0,0,0.45162435330264356,10.14
3,56.0,105000,375000.0,35.958,43%-<50%,Black or African American,CashOut_Refinance,Principal_Residence,Denied,0.0,0,0.4208304195136448,11.88
0,48.0,135000,375000.0,78.353,Unknown,White,Home_Purchase,Principal_Residence,Withdrawn,,0,0.36479237377818846,31.51
3,28.0,75000,115000.0,69.0,36%-<43%,Race Not Available,CashOut_Refinance,Principal_Residence,Originated,1.0,0,0.4017253899971723,27.88
5,222.0,95000,955000.0,70.0,36%-<43%,White,Home_Improvement,Principal_Residence,Originated,1.0,0,0.4344260767662967,60.85
6,14.0,45000,235000.0,30.4,>60%,White,Other,Principal_Residence,Denied,0.0,0,0.4602927548081119,23.44
5,95.0,65000,395000.0,78.353,Unknown,Race Not Available,Other,Principal_Residence,Purchased,,0,0.4429254714846131,31.1
0,107.0,225000,305000.0,73.77,36%-<43%,Asian,Home_Purchase,Second_Residence,Originated,1.0,0,0.3858797824362587,38.53
0,72.0,305000,325000.0,95.0,43%-<50%,White,Home_Purchase,Principal_Residence,Originated,1.0,0,0.36164728869953505,47.55
3,72.0,175000,265000.0,67.939,20%-<30%,White,Refinance,Principal_Residence,Originated,1.0,0,0.36496569950468694,5.96
0,61.0,235000,285000.0,85.0,30%-<36%,Race Not Available,Home_Purchase,Principal_Residence,Originated,1.0,0,0.3654607456051523,67.29
3,88.0,165000,185000.0,89.0,20%-<30%,Race Not Available,Refinance,Principal_Residence,Originated,1.0,0,0.3966291325773207,3.88
0,260.0,705000,375000.0,78.353,Unknown,White,Home_Purchase,Principal_Residence,Withdrawn,,0,0.40875912710092716,20.58
1,1747.0,665000,1105000.0,45.455,<20%,Asian,Refinance,Principal_Residence,Denied,0.0,2,0.6141119685697395,48.59
3,74.0,345000,375000.0,78.353,Unknown,Black or African American,CashOut_Refinance,Principal_Residence,Withdrawn,,0,0.35579596426982574,31.19
5,112.0,125000,375000.0,78.353,Unknown,White,Home_Improvement,Second_Residence,Withdrawn,,0,0.36884672239283683,9.88
2,69.0,205000,275000.0,72.727,43%-<50%,Asian,Home_Purchase,Investment,Originated,1.0,0,0.3979154667373992,30.85
1,508.0,265000,355000.0,75.0,<20%,White,Home_Purchase,Second_Residence,Originated,1.0,0,0.41578757067938704,15.07
5,94.0,55000,375000.0,88.755,43%-<50%,White,CashOut_Refinance,Principal_Residence,Originated,1.0,0,0.38955068947330845,86.11
3,82.0,165000,225000.0,75.0,20%-<30%,Black or African American,CashOut_Refinance,Principal_Residence,Originated,1.0,0,0.3490913708696338,19.36
0,70.0,155000,355000.0,44.57,30%-<36%,Race Not Available,Home_Purchase,Principal_Residence,Preapproval_Approved_NotAccepted,,2,0.548147001098992,0.0
0,95.0,285000,375000.0,78.353,Unknown,Race Not Available,Home_Purchase,Principal_Residence,Purchased,,0,0.3474120195233277,34.14
3,60.0,105000,375000.0,78.353,Unknown,White,CashOut_Refinance,Principal_Residence,Withdrawn,,0,0.35670164995497583,7.97
0,74.0,145000,295000.0,49.478,43%-<50%,White,Home_Purchase,Principal_Residence,Originated,1.0,0,0.3892783671546439,12.66
0,177.0,275000,445000.0,62.955,30%-<36%,White,Home_Purchase,Principal_Residence,Originated,1.0,0,0.3950769220846202,22.14
2,95.0,505000,375000.0,78.353,Exempt,Race Not Available,Refinance,Investment,Originated,1.0,1,0.5282285305436611,0.0
0,179.0,465000,485000.0,78.353,Unknown,Race Not Available,Home_Purchase,Principal_Residence,Purchased,,0,0.3588024793392683,27.19
2,194.0,335000,695000.0,47.77,36%-<43%,White,Refinance,Investment,Originated,1.0,0,0.43588786082510284,67.14
0,165.0,485000,655000.0,75.0,36%-<43%,White,Home_Purchase,Principal_Residence,Originated,1.0,0,0.37304059419523566,33.19
1,517.0,665000,745000.0,89.9,20%-<30%,White,Home_Purchase,Principal_Residence,Originated,1.0,0,0.4909027879694113,56.34
3,65.0,225000,375000.0,78.353,Unknown,White,CashOut_Refinance,Principal_Residence,Withdrawn,,0,0.3709965454086943,8.52
5,50.0,55000,145000.0,89.98,43%-<50%,Race Not Available,Home_Improvement,Principal_Residence,Denied,0.0,0,0.3782695351120451,46.17
6,122.0,635000,655000.0,96.5,50%-60%,Joint,Home_Purchase,Principal_Residence,Originated,1.0,0,0.4158311366818393,40.8
6,75.0,215000,245000.0,87.5,50%-60%,Race Not Available,Home_Purchase,Principal_Residence,Denied,0.0,0,0.42282287975416977,19.37
0,46.0,205000,205000.0,97.0,36%-<43%,White,Home_Purchase,Principal_Residence,Originated,1.0,0,0.44039030665419604,95.16
0,86.0,345000,385000.0,90.0,43%-<50%,Race Not Available,Home_Purchase,Principal_Residence,Originated,1.0,0,0.373764829894205,38.19
0,81.0,225000,235000.0,97.0,30%-<36%,White,Home_Purchase,Principal_Residence,Originated,1.0,0,0.39861582533910556,71.85
3,98.0,325000,375000.0,78.353,Unknown,Black or African American,CashOut_Refinance,Principal_Residence,Incomplete,,0,0.3766954774020101,45.79
5,41.0,55000,205000.0,84.75,36%-<43%,Black or African American,Home_Improvement,Principal_Residence,Denied,0.0,0,0.4485812289674791,95.0
0,144.0,315000,355000.0,90.0,20%-<30%,White,Home_Purchase,Principal_Residence,Originated,1.0,0,0.36510209620110606,35.14
5,118.0,95000,385000.0,74.177,20%-<30%,White,Refinance,Principal_Residence,Originated,1.0,0,0.4176106588719191,18.02
0,82.0,285000,375000.0,78.353,Unknown,White,Home_Purchase,Principal_Residence,Incomplete,,0,0.3553020681816477,23.69
5,44.0,25000,235000.0,73.39,43%-<50%,Black or African American,Home_Improvement,Principal_Residence,Denied,0.0,0,0.4074083326943646,85.55
0,20.0,55000,75000.0,71.429,<20%,White,Home_Purchase,Principal_Residence,Denied,0.0,2,0.5923404676246369,0.0
0,96.0,405000,505000.0,80.0,30%-<36%,Black or African American,Home_Purchase,Principal_Residence,Denied,0.0,1,0.4543009445013143,79.79
3,23.0,75000,515000.0,14.03,<20%,White,CashOut_Refinance,Principal_Residence,Originated,1.0,0,0.4814891231002152,13.08
6,0.0,55000,545000.0,9.242,>60%,White,Other,Principal_Residence,Denied,0.0,0,0.5468065565960122,62.44
3,50.0,295000,355000.0,81.69,43%-<50%,Race Not Available,CashOut_Refinance,Principal_Residence,Originated,1.0,0,0.36014407231442574,15.49
3,62.0,205000,525000.0,38.39,43%-<50%,Asian,CashOut_Refinance,Principal_Residence,Originated,1.0,0,0.4492474749158908,82.95
2,165.0,15000,375000.0,78.353,36%-<43%,White,Home_Purchase,Investment,Denied,0.0,0,0.36205795506970795,33.08
2,86.0,155000,205000.0,75.0,30%-<36%,Black or African American,Home_Purchase,Investment,Originated,1.0,0,0.3694777750019219,62.78
0,56.0,325000,345000.0,95.0,43%-<50%,White,Home_Purchase,Principal_Residence,Approved_NotAccepted,,0,0.3603518834219864,12.38
2,177.0,135000,165000.0,80.0,>60%,White,Home_Purchase,Investment,Denied,0.0,0,0.42433789700241875,21.5
0,165.0,615000,375000.0,78.353,Unknown,White,Home_Purchase,Principal_Residence,Withdrawn,,0,0.37874202749333996,16.21
0,116.0,225000,545000.0,41.488,20%-<30%,White,Home_Purchase,Principal_Residence,Originated,1.0,0,0.39929259409183887,13.74
4,87.0,85000,85000.0,78.353,20%-<30%,White,Home_Purchase,Principal_Residence,Originated,1.0,0,0.3995000014909378,30.2
5,389.0,155000,1105000.0,81.503,<20%,White,Other,Principal_Residence,Originated,1.0,1,0.5191474108324344,31.35
3,95.0,275000,315000.0,78.353,Unknown,Race Not Available,CashOut_Refinance,Principal_Residence,Purchased,,0,0.34491840278093394,27.06
3,134.0,375000,815000.0,46.296,20%-<30%,White,Refinance,Principal_Residence,Originated,1.0,0,0.4260916451563031,20.56
0,93.0,475000,375000.0,78.353,Unknown,Asian,Home_Purchase,Principal_Residence,Withdrawn,,0,0.38868292918134495,19.7
0,133.0,405000,375000.0,78.353,Unknown,White,Home_Purchase,Principal_Residence,Withdrawn,,0,0.35671249227056556,44.88
5,402.0,205000,375000.0,78.353,Unknown,White,Home_Purchase,Principal_Residence,Withdrawn,,0,0.42381292477647015,27.42
0,238.0,495000,615000.0,80.0,43%-<50%,White,Home_Purchase,Second_Residence,Originated,1.0,0,0.416668271840693,87.44
5,146.0,75000,445000.0,31.21,20%-<30%,White,Refinance,Principal_Residence,Originated,1.0,1,0.4960478379908287,39.06
0,41.0,135000,375000.0,78.353,Unknown,Native Hawaiian or Other Pacific Islander,Home_Purchase,Principal_Residence,Incomplete,,0,0.38404893510052474,15.55
0,95.0,235000,235000.0,78.353,Unknown,Race Not Available,Home_Purchase,Principal_Residence,Purchased,,0,0.3566087036516607,10.96
1,571.0,585000,1785000.0,47.129,43%-<50%,Asian,CashOut_Refinance,Principal_Residence,Originated,1.0,1,0.607943531296704,71.74
0,82.0,155000,155000.0,78.353,36%-<43%,White,Home_Purchase,Principal_Residence,Originated,1.0,0,0.3659433199801717,48.51
3,47.0,15000,115000.0,9.09,<20%,White,Refinance,Principal_Residence,Denied,0.0,0,0.5597274704671416,72.74
0,119.0,445000,375000.0,78.353,Unknown,Asian,Home_Purchase,Principal_Residence,Withdrawn,,0,0.37010997192222467,58.16
0,42.0,125000,155000.0,85.0,43%-<50%,White,Home_Purchase,Principal_Residence,Approved_NotAccepted,,0,0.363361657947819,18.66
5,120.0,105000,375000.0,78.353,Exempt,White,Other,Principal_Residence,Originated,1.0,0,0.35283861809468253,41.0
3,176.0,535000,725000.0,78.353,Unknown,Race Not Available,CashOut_Refinance,Principal_Residence,Purchased,,0,0.4244435319745559,13.33
3,76.0,135000,235000.0,57.511,43%-<50%,White,CashOut_Refinance,Principal_Residence,Originated,1.0,0,0.4108793071083046,41.08
0,38.0,75000,375000.0,78.353,Exempt,Black or African American,Home_Purchase,Principal_Residence,Originated,1.0,0,0.37317886488071317,42.46
1,386.0,2005000,2525000.0,79.21,36%-<43%,White,Home_Purchase,Principal_Residence,Originated,1.0,1,0.5753827561856423,31.26
1,450.0,1575000,3005000.0,52.38,20%-<30%,White,CashOut_Refinance,Principal_Residence,Denied,0.0,1,0.6083252742191368,12.76
0,174.0,335000,455000.0,78.353,Unknown,White,Home_Purchase,Second_Residence,Purchased,,0,0.3755154291962161,16.87
2,95.0,665000,375000.0,78.353,Unknown,Asian,CashOut_Refinance,Investment,Withdrawn,,0,0.3799106511735984,27.74
3,133.0,265000,375000.0,78.353,Unknown,White,Refinance,Principal_Residence,Withdrawn,,0,0.34650195919779875,19.99
0,167.0,95000,235000.0,39.13,20%-<30%,White,Home_Purchase,Principal_Residence,Originated,1.0,0,0.4135792870205245,11.11
0,133.0,425000,375000.0,78.353,Unknown,White,Home_Purchase,Principal_Residence,Incomplete,,0,0.38912021722985135,70.79
0,109.0,425000,375000.0,78.353,Unknown,White,Home_Purchase,Principal_Residence,Withdrawn,,0,0.3646682022348005,41.06
0,95.0,255000,265000.0,78.353,Unknown,Race Not Available,Home_Purchase,Principal_Residence,Purchased,,0,0.3582078207698311,24.68
3,117.0,385000,375000.0,78.353,Unknown,Race Not Available,Refinance,Principal_Residence,Incomplete,,0,0.35604713184141173,33.93
0,128.0,505000,565000.0,90.0,30%-<36%,White,Home_Purchase,Principal_Residence,Originated,1.0,0,0.46150978713332336,82.5
4,61.0,95000,95000.0,78.353,>60%,American Indian or Alaska Native,Home_Purchase,Principal_Residence,Denied,0.0,0,0.403350027109692,25.01
0,82.0,325000,405000.0,80.0,36%-<43%,White,Home_Purchase,Principal_Residence,Originated,1.0,0,0.35947051599177937,58.28
1,579.0,665000,935000.0,71.29,20%-<30%,White,Home_Purchase,Principal_Residence,Originated,1.0,0,0.4872599177013393,52.22
3,44.0,155000,225000.0,68.227,20%-<30%,White,Refinance,Principal_Residence,Originated,1.0,0,0.3784761143808471,29.43
5,170.0,55000,915000.0,62.835,36%-<43%,Native Hawaiian or Other Pacific Islander,Other,Principal_Residence,Originated,1.0,0,0.46248124883813946,22.67
4,61.0,105000,105000.0,100.0,20%-<30%,White,Home_Purchase,Principal_Residence,Denied,0.0,0,0.423103955390066,18.78
5,59.0,105000,295000.0,61.69,43%-<50%,White,Home_Improvement,Principal_Residence,Originated,1.0,0,0.3703799139080401,47.42
6,67.0,375000,385000.0,96.5,50%-60%,White,Home_Purchase,Principal_Residence,Originated,1.0,0,0.36329962841904523,16.13
0,95.0,245000,245000.0,78.353,Unknown,Race Not Available,Home_Purchase,Principal_Residence,Purchased,,0,0.3523777728525257,10.77
3,74.0,265000,375000.0,78.353,36%-<43%,Race Not Available,CashOut_Refinance,Principal_Residence,Denied,0.0,0,0.3647793241168444,39.12
0,59.0,145000,155000.0,97.0,20%-<30%,White,Home_Purchase,Principal_Residence,Originated,1.0,0,0.38389526785309136,64.36
0,88.0,245000,375000.0,78.353,Unknown,Black or African American,Home_Purchase,Principal_Residence,Withdrawn,,0,0.3629219896019839,46.3
3,49.0,155000,375000.0,78.353,Unknown,White,Refinance,Principal_Residence,Incomplete,,0,0.3762191970210434,24.19
5,305.0,705000,1725000.0,68.481,30%-<36%,Asian,Home_Improvement,Principal_Residence,Originated,1.0,2,0.560065824149384,46.3
1,687.0,1455000,2255000.0,64.44,<20%,White,Home_Purchase,Principal_Residence,Originated,1.0,3,0.6322550717970485,25.87
5,72.0,35000,315000.0,81.791,43%-<50%,White,Other,Principal_Residence,Denied,0.0,0,0.3747533804244574,26.35
0,55.0,165000,165000.0,78.353,Unknown,Race Not Available,Home_Purchase,Principal_Residence,Purchased,,0,0.38318408528165576,62.11
0,80.0,245000,375000.0,65.0,30%-<36%,Race Not Available,Home_Purchase,Principal_Residence,Denied,0.0,0,0.3530575140382597,26.09
2,95.0,485000,775000.0,71.23,Unknown,Race Not Available,Home_Purchase,Investment,Originated,1.0,1,0.49394421541040545,42.36
5,184.0,45000,615000.0,66.411,30%-<36%,Black or African American,Home_Improvement,Principal_Residence,Denied,0.0,0,0.4044606894900359,30.33
6,61.0,185000,175000.0,100.0,50%-60%,Race Not Available,Home_Purchase,Principal_Residence,Originated,1.0,0,0.39543683773809435,14.81
2,88.0,95000,265000.0,34.62,43%-<50%,Race Not Available,Refinance,Investment,Originated,1.0,0,0.41220137480016666,57.08
5,180.0,55000,775000.0,45.804,20%-<30%,White,Home_Improvement,Principal_Residence,Originated,1.0,0,0.5117812324831297,74.25
5,113.0,35000,275000.0,55.852,20%-<30%,White,Other,Principal_Residence,Denied,0.0,0,0.41400511920909594,16.37
5,150.0,25000,475000.0,82.14,36%-<43%,White,Other,Principal_Residence,Originated,1.0,0,0.4216738676461806,18.83
0,95.0,235000,235000.0,78.353,Unknown,Race Not Available,Home_Purchase,Principal_Residence,Purchased,,0,0.3627005056555817,39.67
