row,income,loan_amount,property_value,combined_loan_to_value_ratio,debt_to_income_ratio,derived_race,loan_purpose,occupancy_type,action_taken,tract_minority_population_percent,kmeans_cluster,hier_cluster,clarans_cluster
81485,95.0,25000,165000.0,49.952,36%-<43%,White,Home_Improvement,Principal_Residence,Originated,9.63,2,7,1
65936,38.0,145000,155000.0,97.0,43%-<50%,White,Home_Purchase,Principal_Residence,Preapproval_Approved_NotAccepted,0.0,2,7,1
94859,35.0,55000,375000.0,78.353,Exempt,White,Home_Purchase,Principal_Residence,Originated,5.89,2,7,1
12254,55.0,245000,655000.0,48.193,50%-60%,White,Refinance,Principal_Residence,Denied,20.35,4,2,0
83717,63.0,205000,345000.0,57.988,36%-<43%,White,Refinance,Principal_Residence,Originated,14.85,0,6,6
80145,160.0,65000,375000.0,78.353,Unknown,White,Home_Purchase,Principal_Residence,Incomplete,13.1,3,1,2
6956,900.0,1505000,375000.0,78.353,Unknown,White,CashOut_Refinance,Principal_Residence,Withdrawn,6.42,5,3,6
87263,185.0,325000,405000.0,80.0,<20%,White,Home_Purchase,Principal_Residence,Originated,46.01,2,7,5
61213,55.0,105000,595000.0,16.77,>60%,White,Refinance,Principal_Residence,Denied,59.19,4,2,0
15643,123.0,185000,375000.0,78.353,Unknown,White,Refinance,Principal_Residence,Incomplete,12.85,0,6,6
49126,90.0,355000,355000.0,100.0,50%-60%,White,Home_Purchase,Principal_Residence,Originated,26.27,4,2,0
78455,99.0,495000,505000.0,96.5,50%-60%,Black or African American,Home_Purchase,Principal_Residence,Preapproval_Denied,0.0,4,2,0
85632,122.0,405000,395000.0,100.0,36%-<43%,White,Home_Purchase,Principal_Residence,Originated,30.37,2,7,1
49922,84.0,85000,315000.0,74.89,36%-<43%,White,Other,Principal_Residence,Originated,16.31,6,4,4
52724,81.0,335000,375000.0,90.0,43%-<50%,Race Not Available,Home_Purchase,Principal_Residence,Originated,38.7,2,7,5
83927,95.0,1195000,1545000.0,78.353,Unknown,Race Not Available,Home_Purchase,Principal_Residence,Purchased,9.41,2,7,1
16353,172.0,315000,415000.0,75.0,36%-<43%,White,Home_Purchase,Investment,Originated,62.37,1,5,3
33284,110.0,395000,405000.0,78.353,Unknown,Race Not Available,Home_Purchase,Principal_Residence,Purchased,49.34,2,7,5
72345,95.0,355000,1005000.0,78.353,Unknown,Race Not Available,Home_Purchase,Investment,Purchased,36.27,1,5,3
2424,38.0,155000,245000.0,60.24,43%-<50%,White,Home_Purchase,Principal_Residence,Originated,27.83,2,7,1
52076,95.0,315000,395000.0,78.353,Unknown,Race Not Available,CashOut_Refinance,Principal_Residence,Purchased,22.42,0,6,6
5727,85.0,25000,155000.0,52.881,36%-<43%,White,Other,Principal_Residence,Denied,31.18,3,1,2
77515,183.0,285000,725000.0,39.449,20%-<30%,White,CashOut_Refinance,Principal_Residence,Denied,35.88,0,6,6
59219,81.0,245000,305000.0,80.0,36%-<43%,White,Home_Purchase,Principal_Residence,Originated,5.47,2,7,1
24398,189.0,245000,275000.0,90.0,43%-<50%,White,Home_Purchase,Principal_Residence,Originated,31.98,2,7,1
25227,89.0,85000,135000.0,65.0,30%-<36%,White,Home_Purchase,Principal_Residence,Originated,74.27,3,1,2
2396,48.0,105000,325000.0,33.34,30%-<36%,White,Refinance,Principal_Residence,Originated,47.04,0,6,6
76529,95.0,45000,65000.0,78.353,Unknown,Race Not Available,NotApplicable,Principal_Residence,Purchased,31.29,2,7,1
43981,61.0,25000,555000.0,39.647,36%-<43%,White,Home_Improvement,Principal_Residence,Originated,26.44,6,4,4
23028,69.0,355000,375000.0,94.932,43%-<50%,Race Not Available,Home_Purchase,Principal_Residence,Originated,50.81,2,7,5
76001,47.0,235000,375000.0,78.353,Unknown,White,CashOut_Refinance,Principal_Residence,Withdrawn,97.1,0,6,6
95266,37.0,305000,555000.0,55.018,20%-<30%,White,Home_Purchase,Principal_Residence,Originated,22.62,2,7,1
80152,147.0,235000,275000.0,85.0,20%-<30%,Race Not Available,Home_Purchase,Principal_Residence,Originated,18.64,2,7,1
29138,94.0,135000,165000.0,80.0,43%-<50%,White,Home_Purchase,Investment,Originated,43.69,1,5,3
4896,64.0,75000,85000.0,93.529,<20%,White,Refinance,Principal_Residence,Originated,13.9,0,6,6
91279,248.0,205000,335000.0,79.074,30%-<36%,White,Home_Purchase,Investment,Originated,34.61,1,5,3
50978,825.0,335000,375000.0,78.353,Exempt,White,Home_Purchase,Principal_Residence,Withdrawn,17.58,5,3,4
26359,266.0,65000,95000.0,75.0,20%-<30%,White,Home_Purchase,Investment,Originated,39.18,1,5,3
2092,41.0,15000,155000.0,10.0,<20%,White,Home_Improvement,Principal_Residence,Denied,5.02,0,6,1
49856,117.0,455000,375000.0,78.353,Exempt,White,Home_Purchase,Principal_Residence,Originated,23.43,2,7,1
60807,95.0,125000,175000.0,78.353,Unknown,Race Not Available,Home_Purchase,Principal_Residence,Purchased,10.6,2,7,1
49808,50.0,65000,275000.0,83.784,36%-<43%,White,Other,Principal_Residence,Originated,51.84,6,4,4
7891,76.0,175000,175000.0,103.964,50%-60%,Race Not Available,Home_Purchase,Principal_Residence,Preapproval_Approved_NotAccepted,0.0,4,2,0
19483,71.0,325000,475000.0,69.149,43%-<50%,White,CashOut_Refinance,Principal_Residence,Originated,33.75,0,6,6
89393,201.0,305000,455000.0,66.37,36%-<43%,White,Other,Second_Residence,Originated,6.86,5,7,1
57851,148.0,405000,425000.0,95.0,36%-<43%,Race Not Available,Home_Purchase,Principal_Residence,Originated,32.27,2,7,1
92057,95.0,285000,365000.0,78.353,Unknown,Race Not Available,Home_Purchase,Principal_Residence,Purchased,19.85,2,7,1
25252,120.0,35000,755000.0,80.496,43%-<50%,White,Other,Principal_Residence,Originated,45.17,6,4,4
89104,155.0,405000,505000.0,80.0,<20%,Race Not Available,Home_Purchase,Principal_Residence,Originated,14.86,2,7,1
35583,120.0,755000,755000.0,100.0,50%-60%,Race Not Available,Home_Purchase,Principal_Residence,Originated,31.55,4,2,0
99328,0.0,115000,1625000.0,40.91,<20%,White,Home_Improvement,Principal_Residence,Denied,54.84,6,4,4
23182,52.0,35000,155000.0,19.48,20%-<30%,White,Other,Principal_Residence,Originated,20.93,0,6,1
8994,221.0,135000,165000.0,80.0,30%-<36%,Race Not Available,Home_Purchase,Second_Residence,Originated,13.4,2,7,1
83554,308.0,715000,835000.0,78.353,Unknown,Race Not Available,Home_Purchase,Principal_Residence,Purchased,48.05,2,7,1
45843,67.0,35000,235000.0,90.0,50%-60%,White,Home_Improvement,Principal_Residence,Denied,4.61,4,2,0
96505,51.0,165000,375000.0,78.353,Unknown,White,Home_Purchase,Principal_Residence,Withdrawn,42.88,2,7,5
63169,50.0,85000,175000.0,50.588,20%-<30%,Asian,Home_Purchase,Principal_Residence,Originated,44.26,2,6,5
30950,40.0,195000,375000.0,78.353,Unknown,White,Home_Purchase,Principal_Residence,Withdrawn,76.14,2,7,5
88907,49.0,195000,335000.0,60.0,30%-<36%,White,Home_Purchase,Principal_Residence,Originated,26.41,2,7,1
84083,162.0,305000,375000.0,78.353,Unknown,White,Other,Principal_Residence,Withdrawn,25.61,2,7,1
95763,148.0,245000,315000.0,78.353,Unknown,Race Not Available,Home_Purchase,Principal_Residence,Purchased,30.32,2,7,1
73209,122.0,395000,395000.0,96.484,50%-60%,White,Home_Purchase,Principal_Residence,Originated,28.59,4,2,0
78311,17.0,115000,245000.0,78.353,Unknown,White,CashOut_Refinance,Principal_Residence,Originated,16.94,0,6,6
15074,352.0,1505000,3055000.0,49.47,36%-<43%,White,CashOut_Refinance,Principal_Residence,Originated,21.52,5,6,6
77427,130.0,225000,415000.0,53.735,43%-<50%,Asian,CashOut_Refinance,Investment,Originated,44.14,1,5,3
86830,492.0,125000,1305000.0,89.9,<20%,White,Other,Principal_Residence,Originated,83.93,5,4,4
21859,254.0,235000,335000.0,70.0,30%-<36%,Joint,Home_Purchase,Principal_Residence,Denied,30.46,2,7,1
18039,196.0,345000,425000.0,80.0,43%-<50%,White,Home_Purchase,Principal_Residence,Preapproval_Approved_NotAccepted,0.0,2,7,1
64405,21.0,65000,65000.0,97.0,36%-<43%,White,Home_Purchase,Principal_Residence,Originated,74.91,2,7,5
86843,385.0,2005000,2815000.0,71.17,43%-<50%,Asian,Home_Purchase,Principal_Residence,Originated,82.06,5,7,5
12011,100.0,145000,235000.0,61.01,36%-<43%,White,Home_Improvement,Principal_Residence,Originated,12.77,6,4,4
10942,48.0,65000,325000.0,80.0,30%-<36%,White,Home_Improvement,Principal_Residence,Originated,49.73,6,4,4
68733,66.0,235000,235000.0,78.353,43%-<50%,White,Home_Purchase,Principal_Residence,Originated,66.0,2,7,5
58832,44.0,225000,345000.0,64.71,36%-<43%,Race Not Available,CashOut_Refinance,Principal_Residence,Denied,62.35,0,6,6
85418,38.0,175000,175000.0,96.5,43%-<50%,White,Home_Purchase,Principal_Residence,Originated,97.18,2,7,5
91609,69.0,45000,375000.0,78.353,Unknown,White,CashOut_Refinance,Principal_Residence,Withdrawn,12.98,6,4,4
16315,130.0,535000,535000.0,102.3,50%-60%,White,Home_Purchase,Principal_Residence,Originated,36.64,4,2,0
17143,51.0,205000,375000.0,78.353,Unknown,White,Home_Purchase,Principal_Residence,Withdrawn,0.0,2,7,1
95671,81.0,235000,335000.0,70.0,36%-<43%,Asian,CashOut_Refinance,Investment,Originated,86.11,1,5,3
63914,65.0,85000,395000.0,39.74,50%-60%,White,Other,Principal_Residence,Denied,21.95,4,2,0
39638,45.0,185000,255000.0,75.0,43%-<50%,White,Home_Purchase,Principal_Residence,Originated,11.52,2,7,1
86899,93.0,425000,525000.0,80.0,36%-<43%,Race Not Available,Home_Purchase,Principal_Residence,Originated,80.64,2,7,5
4048,102.0,145000,155000.0,96.5,20%-<30%,White,Home_Purchase,Principal_Residence,Originated,37.48,2,7,1
43748,70.0,555000,795000.0,69.118,>60%,White,Home_Purchase,Principal_Residence,Denied,46.68,4,2,0
63097,137.0,55000,565000.0,67.92,36%-<43%,White,Other,Principal_Residence,Originated,14.08,6,4,4
20727,250.0,305000,375000.0,78.353,Unknown,White,Other,Principal_Residence,Incomplete,13.86,6,4,4
49810,49.0,125000,375000.0,78.353,Unknown,White,CashOut_Refinance,Principal_Residence,Withdrawn,66.33,0,6,6
66595,207.0,615000,375000.0,78.353,Unknown,White,Home_Purchase,Principal_Residence,Withdrawn,8.76,2,7,1
94698,77.0,145000,275000.0,52.536,43%-<50%,Race Not Available,Home_Purchase,Principal_Residence,Originated,4.31,2,7,1
79766,25.0,155000,375000.0,78.353,Unknown,Race Not Available,Home_Purchase,Principal_Residence,Withdrawn,15.57,2,7,1
78994,95.0,1015000,1455000.0,78.353,Unknown,Race Not Available,Home_Purchase,Principal_Residence,Purchased,43.88,2,7,1
31891,62.0,15000,175000.0,97.955,50%-60%,White,Other,Principal_Residence,Denied,8.03,4,2,0
25800,152.0,415000,885000.0,47.0,30%-<36%,Joint,Refinance,Second_Residence,Originated,51.45,0,6,6
75701,326.0,245000,875000.0,29.0,36%-<43%,White,Home_Purchase,Principal_Residence,Originated,21.41,2,6,1
70381,95.0,1005000,2355000.0,42.55,Unknown,Race Not Available,Home_Purchase,Principal_Residence,Originated,27.92,2,6,1
27008,114.0,105000,525000.0,19.194,<20%,White,Refinance,Principal_Residence,Originated,5.93,0,6,6
51697,363.0,205000,815000.0,77.95,<20%,Race Not Available,Refinance,Principal_Residence,Originated,22.15,5,4,4
15877,79.0,255000,375000.0,78.353,Unknown,White,Home_Purchase,Principal_Residence,Withdrawn,8.08,3,1,2
76055,295.0,635000,1055000.0,60.0,20%-<30%,White,Home_Purchase,Principal_Residence,Originated,20.87,5,7,1
47804,95.0,45000,375000.0,78.353,Unknown,White,Refinance,Principal_Residence,Denied,49.05,6,4,4
10540,170.0,565000,625000.0,89.998,43%-<50%,White,Home_Purchase,Principal_Residence,Originated,4.33,2,7,1
5673,103.0,295000,375000.0,78.353,Unknown,White,CashOut_Refinance,Principal_Residence,Incomplete,23.34,0,6,6
54612,37.0,125000,145000.0,78.353,Unknown,Race Not Available,Home_Purchase,Principal_Residence,Purchased,97.13,2,7,5
89265,78.0,245000,315000.0,79.677,36%-<43%,White,Refinance,Principal_Residence,Originated,95.83,0,6,6
16431,40.0,125000,195000.0,65.21,30%-<36%,Black or African American,Home_Purchase,Principal_Residence,Denied,6.22,2,7,1
10631,180.0,155000,355000.0,58.018,50%-60%,White,CashOut_Refinance,Investment,Denied,9.39,1,5,3
23830,90.0,225000,375000.0,78.353,Unknown,White,CashOut_Refinance,Principal_Residence,Incomplete,16.08,0,6,6
12088,73.0,165000,235000.0,70.756,20%-<30%,Black or African American,Refinance,Principal_Residence,Originated,97.82,0,6,6
84863,104.0,525000,655000.0,80.0,50%-60%,Asian,Home_Purchase,Principal_Residence,Originated,11.47,4,2,0
50971,59.0,75000,625000.0,76.631,>60%,Race Not Available,Home_Improvement,Principal_Residence,Denied,28.72,4,2,0
71373,182.0,505000,635000.0,80.0,30%-<36%,Black or African American,Home_Purchase,Principal_Residence,Originated,14.89,2,7,1
31132,73.0,245000,355000.0,69.8,36%-<43%,Race Not Available,CashOut_Refinance,Principal_Residence,Originated,27.99,0,6,6
27791,90.0,155000,375000.0,78.353,Unknown,White,Home_Improvement,Principal_Residence,Denied,12.22,2,7,1
82265,33.0,105000,115000.0,90.909,36%-<43%,Race Not Available,Home_Purchase,Principal_Residence,Originated,7.97,2,7,1
37328,51.0,135000,145000.0,89.668,20%-<30%,White,CashOut_Refinance,Principal_Residence,Originated,49.66,0,6,6
49276,31.0,95000,105000.0,90.0,43%-<50%,Black or African American,Home_Purchase,Principal_Residence,Denied,70.84,2,7,5
4435,39.0,175000,175000.0,96.5,43%-<50%,White,Home_Purchase,Principal_Residence,Originated,28.37,2,7,1
61540,43.0,105000,265000.0,40.385,30%-<36%,White,Refinance,Principal_Residence,Originated,9.76,0,6,6
87893,114.0,45000,45000.0,78.353,20%-<30%,Race Not Available,Home_Purchase,Principal_Residence,Denied,79.21,3,1,2
90939,196.0,215000,435000.0,84.98,20%-<30%,Race Not Available,CashOut_Refinance,Principal_Residence,Originated,38.25,6,4,4
42120,95.0,145000,185000.0,78.353,Unknown,Race Not Available,Home_Purchase,Investment,Purchased,19.55,1,5,3
13136,143.0,515000,575000.0,90.0,36%-<43%,White,Home_Purchase,Principal_Residence,Originated,14.91,2,7,1
34526,48.0,175000,185000.0,97.0,36%-<43%,White,Home_Purchase,Principal_Residence,Originated,8.87,2,7,1
75201,95.0,495000,625000.0,78.353,Unknown,Race Not Available,Home_Purchase,Principal_Residence,Purchased,40.54,2,7,1
54531,84.0,245000,375000.0,78.353,Unknown,White,Home_Improvement,Principal_Residence,Incomplete,14.56,6,4,4
77941,277.0,375000,485000.0,77.292,20%-<30%,Race Not Available,Refinance,Investment,Originated,46.51,1,5,3
9584,49.0,205000,295000.0,71.81,43%-<50%,White,CashOut_Refinance,Principal_Residence,Originated,47.45,0,6,6
48263,40.0,115000,115000.0,100.0,43%-<50%,Black or African American,Home_Purchase,Principal_Residence,Originated,98.03,2,7,5
35025,120.0,425000,375000.0,78.353,Unknown,Race Not Available,Home_Purchase,Principal_Residence,Withdrawn,22.89,2,7,1
51878,74.0,55000,365000.0,100.6,43%-<50%,Asian,CashOut_Refinance,Principal_Residence,Denied,15.19,6,4,4
34949,84.0,135000,375000.0,78.353,Unknown,White,Refinance,Principal_Residence,Withdrawn,16.82,0,6,6
75161,98.0,385000,435000.0,88.463,30%-<36%,White,CashOut_Refinance,Principal_Residence,Originated,39.53,0,6,6
63928,48.0,75000,175000.0,43.027,20%-<30%,American Indian or Alaska Native,Refinance,Principal_Residence,Denied,65.94,0,6,6
34662,190.0,255000,395000.0,65.0,<20%,White,CashOut_Refinance,Principal_Residence,Originated,12.19,0,6,6
12682,95.0,705000,375000.0,78.353,Exempt,Race Not Available,Home_Purchase,Principal_Residence,Purchased,45.52,2,7,5
91029,160.0,335000,615000.0,54.15,36%-<43%,Asian,Refinance,Principal_Residence,Originated,50.52,0,6,6
54522,93.0,245000,275000.0,100.0,30%-<36%,White,Home_Purchase,Principal_Residence,Originated,5.61,2,7,1
26219,40.0,95000,115000.0,80.0,36%-<43%,White,Home_Purchase,Principal_Residence,Originated,26.03,2,7,1
6789,95.0,325000,345000.0,78.353,Unknown,Race Not Available,Home_Purchase,Principal_Residence,Purchased,47.48,2,7,5
24732,95.0,525000,805000.0,78.353,Unknown,Race Not Available,Refinance,Principal_Residence,Purchased,52.31,0,6,6
53146,46.0,115000,115000.0,101.01,36%-<43%,White,Home_Purchase,Principal_Residence,Originated,22.66,2,7,1
2196,46.0,25000,375000.0,78.353,Exempt,Race Not Available,Other,Principal_Residence,Originated,26.2,6,4,4
89350,48.0,95000,375000.0,78.353,Unknown,White,Refinance,Principal_Residence,Withdrawn,34.71,0,6,6
87109,192.0,295000,375000.0,80.0,<20%,White,Home_Purchase,Principal_Residence,Originated,50.25,2,7,5
11944,138.0,535000,375000.0,78.353,Unknown,Asian,Home_Purchase,Principal_Residence,Incomplete,83.34,2,7,5
73746,44.0,205000,375000.0,78.353,Unknown,Race Not Available,CashOut_Refinance,Principal_Residence,Withdrawn,6.38,0,6,6
61077,75.0,225000,375000.0,78.353,Unknown,Race Not Available,CashOut_Refinance,Principal_Residence,Incomplete,42.47,0,6,6
48468,95.0,175000,175000.0,78.353,Unknown,Race Not Available,Home_Purchase,Principal_Residence,Purchased,18.15,2,7,1
37371,50.0,235000,375000.0,78.353,Unknown,White,Home_Purchase,Principal_Residence,Withdrawn,12.93,2,7,1
45848,48.0,85000,125000.0,67.0,20%-<30%,Asian,Home_Purchase,Principal_Residence,Originated,81.73,2,7,5
45810,56.0,65000,75000.0,77.922,<20%,American Indian or Alaska Native,CashOut_Refinance,Principal_Residence,Approved_NotAccepted,3.99,0,6,6
38815,120.0,415000,375000.0,78.353,Unknown,White,CashOut_Refinance,Principal_Residence,Withdrawn,26.2,0,6,6
48962,172.0,355000,375000.0,78.353,Unknown,White,Home_Purchase,Principal_Residence,Withdrawn,18.27,2,7,1
288,78.0,175000,375000.0,78.353,Unknown,White,Home_Purchase,Principal_Residence,Withdrawn,41.96,2,7,5
49517,130.0,325000,335000.0,96.5,36%-<43%,Asian,Home_Purchase,Principal_Residence,Originated,16.02,2,7,1
5284,120.0,85000,405000.0,78.47,50%-60%,Black or African American,Home_Improvement,Principal_Residence,Denied,43.14,4,2,0
96366,95.0,205000,275000.0,78.353,Unknown,Race Not Available,Home_Purchase,Investment,Purchased,12.09,1,5,3
60670,139.0,515000,655000.0,78.353,Unknown,White,Home_Purchase,Principal_Residence,Purchased,6.76,2,7,1
14861,111.0,515000,375000.0,78.353,Unknown,Black or African American,Home_Purchase,Principal_Residence,Withdrawn,78.04,2,7,5
24206,105.0,155000,375000.0,78.353,Unknown,White,Home_Purchase,Principal_Residence,Withdrawn,76.6,6,4,4
38479,72.0,135000,175000.0,80.0,36%-<43%,White,CashOut_Refinance,Principal_Residence,Originated,30.99,0,6,6
64601,105.0,375000,385000.0,97.0,43%-<50%,Race Not Available,Home_Purchase,Principal_Residence,Originated,42.28,2,7,5
80800,45.0,325000,345000.0,78.353,Unknown,Race Not Available,Home_Purchase,Principal_Residence,Purchased,75.42,2,7,5
9346,107.0,285000,355000.0,78.353,Unknown,Race Not Available,CashOut_Refinance,Principal_Residence,Purchased,78.34,0,6,6
33168,132.0,415000,525000.0,80.0,20%-<30%,White,Home_Purchase,Principal_Residence,Originated,9.57,2,7,1
70983,195.0,305000,925000.0,32.432,20%-<30%,Race Not Available,CashOut_Refinance,Principal_Residence,Originated,22.76,0,6,6
55532,129.0,285000,275000.0,78.353,50%-60%,White,Home_Purchase,Principal_Residence,Originated,52.77,4,2,0
84211,37.0,65000,75000.0,90.0,36%-<43%,White,Home_Purchase,Principal_Residence,Originated,60.06,2,7,5
60387,19989.0,1655000,375000.0,78.353,Unknown,White,Refinance,Second_Residence,Withdrawn,20.59,5,3,6
60343,52.0,205000,335000.0,63.0,36%-<43%,White,CashOut_Refinance,Principal_Residence,Originated,40.59,0,6,6
72571,95.0,455000,495000.0,78.353,Unknown,Race Not Available,Home_Purchase,Principal_Residence,Purchased,23.01,2,7,1
27752,123.0,525000,705000.0,95.0,43%-<50%,White,Refinance,Principal_Residence,Denied,32.43,0,6,6
83322,96.0,205000,275000.0,73.741,30%-<36%,Race Not Available,CashOut_Refinance,Principal_Residence,Originated,12.59,0,6,6
32112,83.0,45000,515000.0,9.24,<20%,White,Other,Principal_Residence,Originated,16.67,0,6,1
82819,750.0,985000,1965000.0,50.45,36%-<43%,Race Not Available,Refinance,Principal_Residence,Originated,10.63,5,3,6
18993,48.0,85000,255000.0,76.8,>60%,White,Other,Principal_Residence,Denied,92.3,4,2,0
437,213.0,155000,585000.0,78.353,Unknown,Race Not Available,Home_Purchase,Principal_Residence,Purchased,13.14,2,7,1
37687,62.0,315000,465000.0,68.261,36%-<43%,Race Not Available,CashOut_Refinance,Principal_Residence,Originated,39.23,0,6,6
28291,95.0,55000,85000.0,78.353,Unknown,Race Not Available,NotApplicable,Principal_Residence,Purchased,94.26,2,7,5
78900,57.0,285000,465000.0,60.086,36%-<43%,White,CashOut_Refinance,Principal_Residence,Originated,41.67,0,6,6
1573,60.0,235000,255000.0,95.0,43%-<50%,White,Home_Purchase,Principal_Residence,Originated,67.19,2,7,5
81555,74.0,185000,265000.0,70.0,20%-<30%,White,Home_Purchase,Principal_Residence,Originated,12.31,2,7,1
93107,67.0,205000,345000.0,58.824,50%-60%,Black or African American,CashOut_Refinance,Principal_Residence,Denied,95.18,4,2,0
55792,56.0,365000,1215000.0,78.353,Unknown,White,Refinance,Principal_Residence,Originated,49.82,0,6,6
55267,720.0,45000,375000.0,78.353,Unknown,White,Home_Improvement,Principal_Residence,Withdrawn,6.9,5,3,4
79124,95.0,545000,745000.0,78.353,Unknown,Race Not Available,CashOut_Refinance,Principal_Residence,Purchased,9.37,0,6,6
47877,156.0,445000,565000.0,78.353,Unknown,White,Home_Purchase,Principal_Residence,Purchased,16.12,2,7,1
85859,128.0,605000,905000.0,66.67,36%-<43%,White,CashOut_Refinance,Principal_Residence,Originated,98.13,0,6,6
51269,64.0,165000,175000.0,78.353,30%-<36%,White,Home_Purchase,Principal_Residence,Originated,8.67,2,7,1
18428,116.0,35000,225000.0,42.065,20%-<30%,White,CashOut_Refinance,Principal_Residence,Originated,9.31,6,4,4
58878,326.0,725000,915000.0,80.0,20%-<30%,White,Home_Purchase,Principal_Residence,Originated,13.9,5,7,1
66534,176.0,105000,655000.0,15.385,<20%,White,Other,Principal_Residence,Originated,9.44,0,6,1
66189,46.0,155000,375000.0,78.353,Unknown,White,Refinance,Principal_Residence,Withdrawn,91.87,0,6,6
6419,70.0,25000,225000.0,80.24,50%-60%,Black or African American,CashOut_Refinance,Principal_Residence,Denied,94.47,4,2,0
24371,69.0,105000,135000.0,78.353,20%-<30%,White,Home_Purchase,Principal_Residence,Originated,3.4,2,7,1
64544,321.0,245000,375000.0,78.353,Exempt,Race Not Available,Home_Purchase,Investment,Originated,12.53,1,5,3
82868,86.0,105000,135000.0,80.0,43%-<50%,White,CashOut_Refinance,Principal_Residence,Denied,14.53,0,6,6
7586,95.0,85000,95000.0,78.353,Unknown,Race Not Available,Home_Purchase,Principal_Residence,Purchased,16.27,2,7,1
37075,30.0,95000,105000.0,94.116,50%-60%,White,Home_Purchase,Principal_Residence,Denied,11.32,3,1,2
71434,250.0,75000,375000.0,78.353,Unknown,White,Home_Improvement,Principal_Residence,Incomplete,16.85,6,4,4
26249,384.0,465000,375000.0,78.353,Unknown,White,Refinance,Principal_Residence,Withdrawn,11.85,5,6,6
68007,95.0,375000,395000.0,78.353,Unknown,Race Not Available,Home_Purchase,Principal_Residence,Purchased,68.84,2,7,5
8828,68.0,305000,385000.0,80.0,43%-<50%,White,CashOut_Refinance,Principal_Residence,Originated,27.72,0,6,6
50319,236.0,835000,1045000.0,80.0,36%-<43%,White,Home_Purchase,Principal_Residence,Originated,63.41,2,7,5
60896,105.0,415000,515000.0,80.0,43%-<50%,Asian,Home_Purchase,Principal_Residence,Originated,96.25,2,7,5
94490,140.0,55000,505000.0,10.0,<20%,White,Other,Principal_Residence,Denied,32.81,0,6,1
11602,64.0,35000,375000.0,78.353,Unknown,White,CashOut_Refinance,Principal_Residence,Withdrawn,31.27,0,7,6
9921,91.0,245000,375000.0,78.353,Unknown,White,CashOut_Refinance,Principal_Residence,Withdrawn,70.06,0,6,6
81451,301.0,825000,1305000.0,63.231,36%-<43%,Race Not Available,CashOut_Refinance,Investment,Originated,64.39,1,5,3
58680,42.0,255000,365000.0,69.0,43%-<50%,Black or African American,CashOut_Refinance,Principal_Residence,Originated,66.04,0,6,6
64396,298.0,485000,615000.0,80.0,<20%,White,Home_Purchase,Principal_Residence,Originated,68.07,2,7,5
8810,383.0,1525000,375000.0,78.353,Unknown,White,Home_Purchase,Principal_Residence,Withdrawn,42.04,5,7,1
45016,95.0,295000,305000.0,95.69,Unknown,Black or African American,Refinance,Principal_Residence,Approved_NotAccepted,53.39,0,6,6
18462,239.0,545000,785000.0,70.0,36%-<43%,Asian,Home_Purchase,Principal_Residence,Originated,96.14,2,7,5
29708,60.0,225000,375000.0,78.353,Unknown,Race Not Available,CashOut_Refinance,Principal_Residence,Incomplete,32.15,0,6,6
25007,44.0,125000,375000.0,78.353,Unknown,Race Not Available,Home_Purchase,Principal_Residence,Withdrawn,11.9,2,7,1
93513,452.0,825000,375000.0,78.353,Exempt,White,Refinance,Principal_Residence,Originated,40.46,5,6,6
83397,150.0,295000,495000.0,60.0,36%-<43%,Race Not Available,CashOut_Refinance,Principal_Residence,Originated,30.87,0,6,6
2431,372.0,1295000,1855000.0,69.865,30%-<36%,Race Not Available,Refinance,Principal_Residence,Denied,44.07,5,6,6
52092,49.0,245000,305000.0,80.0,43%-<50%,White,CashOut_Refinance,Principal_Residence,Originated,5.22,0,6,6
27440,89.0,505000,375000.0,78.353,Unknown,Race Not Available,CashOut_Refinance,Principal_Residence,Withdrawn,22.95,0,6,6
86847,230.0,725000,805000.0,90.0,36%-<43%,White,Home_Purchase,Principal_Residence,Originated,55.29,2,7,5
96973,65.0,415000,735000.0,55.71,43%-<50%,White,Home_Purchase,Principal_Residence,Originated,9.82,2,7,1
7417,69.0,75000,375000.0,78.353,30%-<36%,White,Home_Purchase,Principal_Residence,Approved_NotAccepted,35.85,3,1,2
49878,95.0,845000,1775000.0,47.549,Unknown,Asian,Refinance,Principal_Residence,Originated,79.03,0,6,6
55401,300.0,285000,395000.0,71.429,<20%,American Indian or Alaska Native,Refinance,Principal_Residence,Denied,23.66,0,6,6
93093,120.0,405000,375000.0,78.353,Unknown,White,Home_Purchase,Investment,Originated,19.56,1,5,3
25629,139.0,275000,515000.0,53.0,20%-<30%,White,Refinance,Principal_Residence,Originated,4.01,0,6,6
7639,67.0,195000,315000.0,60.99,43%-<50%,White,Home_Purchase,Principal_Residence,Approved_NotAccepted,12.38,2,7,1
57462,56.0,105000,375000.0,78.353,Unknown,White,Home_Purchase,Principal_Residence,Withdrawn,42.23,2,7,5
35357,170.0,425000,635000.0,65.728,30%-<36%,Race Not Available,CashOut_Refinance,Principal_Residence,Originated,33.45,0,6,6
77666,194.0,255000,455000.0,78.353,Unknown,Asian,Home_Purchase,Principal_Residence,Purchased,20.2,2,7,1
57864,62.0,55000,225000.0,78.22,43%-<50%,White,Home_Improvement,Principal_Residence,Approved_NotAccepted,6.77,6,4,4
92045,127.0,25000,375000.0,78.353,Unknown,Race Not Available,Other,Principal_Residence,Withdrawn,74.7,6,4,4
66616,45.0,205000,265000.0,76.04,43%-<50%,Race Not Available,Home_Purchase,Principal_Residence,Originated,81.66,2,7,5
86333,69.0,315000,375000.0,85.0,43%-<50%,Black or African American,Home_Purchase,Principal_Residence,Originated,49.87,2,7,5
25328,42.0,35000,125000.0,55.094,36%-<43%,Black or African American,Home_Improvement,Principal_Residence,Originated,42.19,6,4,4
41282,79.0,125000,175000.0,70.94,36%-<43%,White,Home_Purchase,Principal_Residence,Originated,7.39,2,7,1
60169,117.0,105000,135000.0,80.0,20%-<30%,White,Home_Purchase,Principal_Residence,Originated,70.23,2,7,5
56015,464.0,1485000,1855000.0,80.0,36%-<43%,Race Not Available,Home_Purchase,Principal_Residence,Originated,33.77,5,3,1
21949,106.0,165000,335000.0,48.485,36%-<43%,Race Not Available,CashOut_Refinance,Principal_Residence,Originated,80.75,0,6,6
13020,179.0,135000,155000.0,90.0,43%-<50%,White,Home_Purchase,Second_Residence,Denied,35.12,2,7,1
76242,95.0,115000,155000.0,78.353,Unknown,Race Not Available,Home_Purchase,Investment,Purchased,71.82,1,5,3
13490,138.0,65000,655000.0,64.43,30%-<36%,Joint,Home_Improvement,Principal_Residence,Originated,64.63,6,4,4
48585,216.0,695000,995000.0,70.0,20%-<30%,Asian,Home_Purchase,Principal_Residence,Approved_NotAccepted,45.04,2,7,5
51243,48.0,185000,195000.0,97.0,43%-<50%,Race Not Available,Home_Purchase,Principal_Residence,Originated,51.91,2,7,5
82493,139.0,85000,625000.0,100.723,Unknown,White,Home_Improvement,Principal_Residence,Denied,7.21,6,4,4
37721,180.0,285000,305000.0,95.0,20%-<30%,White,Home_Purchase,Principal_Residence,Originated,38.19,2,7,1
55638,95.0,205000,255000.0,81.429,Unknown,White,Refinance,Principal_Residence,Originated,32.88,0,6,6
41368,56.0,265000,375000.0,78.353,Unknown,Black or African American,Home_Purchase,Principal_Residence,Incomplete,49.96,2,7,5
69342,166.0,275000,335000.0,80.0,20%-<30%,White,Home_Purchase,Principal_Residence,Originated,47.45,2,7,5
50772,40.0,155000,245000.0,61.066,43%-<50%,White,CashOut_Refinance,Principal_Residence,Originated,7.32,0,6,6
19891,95.0,475000,535000.0,78.353,Unknown,Race Not Available,Home_Purchase,Second_Residence,Purchased,21.93,2,7,1
72718,120.0,415000,565000.0,73.214,30%-<36%,White,Home_Purchase,Principal_Residence,Originated,61.31,2,7,5
24906,134.0,455000,535000.0,85.0,36%-<43%,Joint,Home_Purchase,Principal_Residence,Originated,43.56,2,7,5
63685,170.0,175000,375000.0,78.353,Unknown,Race Not Available,CashOut_Refinance,Principal_Residence,Withdrawn,40.44,0,6,6
72515,150.0,35000,255000.0,42.606,<20%,Race Not Available,Home_Improvement,Principal_Residence,Denied,23.39,6,4,4
74451,122.0,35000,635000.0,70.0,36%-<43%,White,Other,Principal_Residence,Originated,17.55,6,4,4
73010,190.0,505000,635000.0,80.0,20%-<30%,White,Home_Purchase,Principal_Residence,Originated,41.24,2,7,5
22620,117.0,355000,395000.0,90.0,30%-<36%,White,CashOut_Refinance,Principal_Residence,Originated,42.62,0,6,6
47839,42.0,145000,375000.0,78.353,Unknown,Black or African American,Home_Purchase,Principal_Residence,Incomplete,16.1,3,1,2
61494,326.0,205000,375000.0,78.353,Unknown,Asian,Home_Purchase,Principal_Residence,Withdrawn,57.54,6,4,4
24750,91.0,155000,195000.0,80.0,30%-<36%,White,Other,Principal_Residence,Originated,6.79,2,7,1
7014,127.0,255000,365000.0,70.0,20%-<30%,Race Not Available,CashOut_Refinance,Principal_Residence,Originated,15.19,0,6,6
22765,72.0,195000,375000.0,78.353,Unknown,White,Home_Purchase,Principal_Residence,Withdrawn,11.33,2,7,1
31209,30.0,135000,175000.0,80.0,43%-<50%,White,CashOut_Refinance,Principal_Residence,Originated,33.89,0,6,6
51952,44.0,185000,375000.0,78.353,Unknown,White,CashOut_Refinance,Principal_Residence,Withdrawn,38.85,0,6,6
89230,101.0,75000,485000.0,82.42,43%-<50%,White,Home_Improvement,Principal_Residence,Denied,21.64,6,4,4
33837,53.0,55000,75000.0,78.353,50%-60%,White,Home_Purchase,Principal_Residence,Denied,0.0,3,1,2
13893,155.0,95000,585000.0,84.76,20%-<30%,White,Home_Improvement,Principal_Residence,Originated,12.76,6,4,4
84213,0.0,105000,115000.0,97.0,>60%,White,Home_Purchase,Principal_Residence,Denied,43.44,4,2,0
74702,38.0,5000,165000.0,101.25,43%-<50%,Race Not Available,Home_Purchase,Principal_Residence,Originated,98.7,6,4,4
5802,113.0,245000,355000.0,70.0,36%-<43%,Race Not Available,CashOut_Refinance,Principal_Residence,Originated,44.24,0,6,6
71667,40.0,55000,375000.0,78.353,Unknown,White,Home_Improvement,Principal_Residence,Incomplete,74.27,6,4,4
7540,73.0,65000,85000.0,75.0,36%-<43%,Race Not Available,Home_Purchase,Investment,Denied,77.9,1,5,3
46215,118.0,285000,305000.0,95.0,43%-<50%,Asian,Home_Purchase,Principal_Residence,Originated,90.99,2,7,5
971,46.0,215000,375000.0,78.353,Unknown,Race Not Available,CashOut_Refinance,Principal_Residence,Withdrawn,26.88,0,6,6
17955,100.0,85000,605000.0,48.556,36%-<43%,White,Refinance,Principal_Residence,Originated,32.77,6,4,4
1607,95.0,135000,195000.0,78.353,Unknown,Race Not Available,Home_Purchase,Investment,Purchased,80.97,1,5,3
60871,54.0,175000,375000.0,78.353,Unknown,Black or African American,Home_Purchase,Principal_Residence,Withdrawn,59.1,2,7,5
31210,95.0,205000,375000.0,78.353,Unknown,Race Not Available,Home_Purchase,Principal_Residence,Withdrawn,28.44,2,7,1
92330,156.0,255000,775000.0,32.26,30%-<36%,Race Not Available,CashOut_Refinance,Principal_Residence,Denied,79.45,6,4,4
37095,57.0,25000,215000.0,82.273,36%-<43%,White,Refinance,Principal_Residence,Originated,67.55,6,4,4
18104,159.0,395000,445000.0,92.941,20%-<30%,White,Home_Purchase,Principal_Residence,Originated,49.48,2,7,5
77345,140.0,155000,375000.0,78.353,Unknown,White,Home_Improvement,Principal_Residence,Incomplete,44.66,6,4,4
6115,96.0,565000,375000.0,78.353,Unknown,Asian,CashOut_Refinance,Principal_Residence,Denied,73.09,0,6,6
2838,68.0,245000,245000.0,98.776,43%-<50%,Race Not Available,CashOut_Refinance,Principal_Residence,Denied,37.67,0,6,6
65116,40.0,195000,375000.0,78.353,Unknown,Asian,Refinance,Principal_Residence,Incomplete,41.63,0,6,6
55320,292.0,205000,645000.0,40.951,<20%,White,Refinance,Principal_Residence,Originated,18.6,6,4,4
37297,126.0,385000,535000.0,78.353,Unknown,Race Not Available,Home_Purchase,Principal_Residence,Purchased,8.56,2,7,1
76245,1744.0,2075000,2875000.0,72.383,20%-<30%,Race Not Available,Home_Purchase,Second_Residence,Originated,14.92,5,3,4
54693,43.0,155000,205000.0,75.0,36%-<43%,White,Refinance,Principal_Residence,Originated,29.79,0,6,6
94901,179.0,35000,1055000.0,19.379,30%-<36%,White,Home_Improvement,Principal_Residence,Originated,46.61,6,4,4
58210,95.0,105000,145000.0,75.0,Unknown,Race Not Available,Refinance,Investment,Originated,17.88,1,5,3
8391,366.0,295000,345000.0,85.0,30%-<36%,White,Refinance,Second_Residence,Originated,48.76,3,1,2
27924,89.0,405000,655000.0,62.0,43%-<50%,White,Home_Purchase,Principal_Residence,Originated,78.54,2,7,5
58372,16.0,95000,95000.0,78.353,>60%,White,Home_Purchase,Principal_Residence,Denied,18.69,3,1,2
11274,150.0,395000,415000.0,95.0,20%-<30%,Asian,Home_Purchase,Principal_Residence,Originated,38.6,2,7,1
32015,124.0,315000,375000.0,78.353,Unknown,White,Home_Purchase,Principal_Residence,Withdrawn,5.59,2,7,1
12103,328.0,755000,2125000.0,35.3,30%-<36%,White,CashOut_Refinance,Principal_Residence,Originated,48.92,0,6,6
46441,95.0,205000,705000.0,65.44,>60%,White,Refinance,Principal_Residence,Denied,17.34,4,2,0
44606,548.0,105000,315000.0,48.562,<20%,White,Other,Principal_Residence,Denied,68.53,5,4,4
38109,67.0,365000,405000.0,90.0,>60%,White,CashOut_Refinance,Principal_Residence,Denied,26.93,4,2,0
30003,250.0,835000,375000.0,78.353,Unknown,Race Not Available,CashOut_Refinance,Principal_Residence,Withdrawn,18.95,0,6,6
26530,80.0,205000,375000.0,78.353,Unknown,American Indian or Alaska Native,CashOut_Refinance,Principal_Residence,Incomplete,24.55,0,6,6
74069,165.0,115000,475000.0,79.969,20%-<30%,Race Not Available,Home_Improvement,Principal_Residence,Originated,41.87,6,4,4
52149,52.0,25000,165000.0,59.5,50%-60%,White,Other,Principal_Residence,Originated,25.51,4,2,0
78524,0.0,285000,285000.0,98.189,50%-60%,White,Home_Purchase,Principal_Residence,Originated,23.95,4,2,0
2081,155.0,105000,375000.0,78.353,Unknown,Black or African American,Home_Improvement,Principal_Residence,Incomplete,18.42,6,4,4
98284,95.0,45000,195000.0,85.0,30%-<36%,Joint,Home_Improvement,Principal_Residence,Denied,13.24,6,4,4
6716,430.0,1365000,1705000.0,80.0,20%-<30%,White,Home_Purchase,Principal_Residence,Originated,69.25,5,7,5
81026,58.0,65000,375000.0,78.353,Unknown,Black or African American,Other,Principal_Residence,Withdrawn,99.14,2,7,5
43497,285.0,465000,805000.0,57.625,43%-<50%,Black or African American,Refinance,Investment,Originated,45.63,1,5,3
82184,150.0,645000,805000.0,80.0,43%-<50%,Asian,Home_Purchase,Principal_Residence,Originated,64.31,2,7,5
74091,48.0,115000,145000.0,79.433,<20%,White,CashOut_Refinance,Principal_Residence,Denied,45.68,0,6,6
9316,133.0,635000,975000.0,64.433,43%-<50%,White,Refinance,Principal_Residence,Originated,12.53,0,6,6
19415,54.0,25000,65000.0,32.195,20%-<30%,White,Refinance,Principal_Residence,Originated,31.35,0,6,6
49677,150.0,315000,365000.0,85.0,36%-<43%,Race Not Available,Home_Purchase,Principal_Residence,Originated,13.42,2,7,1
4424,53.0,135000,335000.0,78.353,30%-<36%,White,Home_Purchase,Principal_Residence,Approved_NotAccepted,11.84,2,7,1
99230,69.0,105000,135000.0,75.0,43%-<50%,White,Home_Purchase,Second_Residence,Originated,33.35,2,7,1
74251,30.0,105000,155000.0,71.225,>60%,Race Not Available,CashOut_Refinance,Principal_Residence,Denied,10.59,4,2,0
11773,131.0,375000,375000.0,96.5,43%-<50%,Race Not Available,Home_Purchase,Principal_Residence,Originated,74.34,2,7,5
45234,65.0,25000,265000.0,9.328,20%-<30%,White,Other,Principal_Residence,Denied,56.06,6,4,4
80772,54.0,25000,25000.0,78.353,20%-<30%,White,Home_Purchase,Principal_Residence,Denied,29.48,3,1,2
60956,95.0,315000,325000.0,97.0,43%-<50%,Black or African American,Home_Purchase,Principal_Residence,Originated,36.2,2,7,1
48022,45.0,75000,375000.0,78.353,Unknown,Joint,CashOut_Refinance,Principal_Residence,Withdrawn,61.49,0,6,6
96461,36.0,145000,165000.0,85.0,43%-<50%,White,Home_Purchase,Principal_Residence,Originated,46.3,2,7,1
71931,110.0,295000,335000.0,90.0,43%-<50%,Race Not Available,Home_Purchase,Principal_Residence,Originated,14.53,2,7,1
93352,161.0,645000,805000.0,80.0,43%-<50%,White,Home_Purchase,Principal_Residence,Originated,16.62,2,7,1
3741,28.0,75000,185000.0,41.48,36%-<43%,Race Not Available,Home_Improvement,Principal_Residence,Originated,9.98,2,6,1
59740,95.0,425000,715000.0,59.0,43%-<50%,Race Not Available,Other,Principal_Residence,Denied,80.28,2,7,5
45736,0.0,265000,375000.0,78.353,Unknown,Asian,Home_Purchase,Investment,Withdrawn,53.55,1,5,3
69168,54.0,155000,375000.0,78.353,Unknown,Race Not Available,Refinance,Principal_Residence,Withdrawn,69.09,0,6,6
72583,201.0,285000,375000.0,78.353,Unknown,White,CashOut_Refinance,Principal_Residence,Withdrawn,21.16,0,6,6
58229,95.0,325000,435000.0,75.0,Unknown,Race Not Available,Home_Purchase,Investment,Originated,42.82,3,1,2
96172,93.0,345000,515000.0,67.05,30%-<36%,White,CashOut_Refinance,Principal_Residence,Originated,41.34,0,6,6
43512,279.0,615000,775000.0,79.98,20%-<30%,White,CashOut_Refinance,Principal_Residence,Originated,85.1,0,6,6
85767,176.0,655000,905000.0,72.22,30%-<36%,White,CashOut_Refinance,Principal_Residence,Denied,0.0,0,7,6
53204,1710.0,105000,955000.0,47.895,<20%,White,Other,Principal_Residence,Denied,23.18,5,3,4
52052,194.0,405000,415000.0,96.5,50%-60%,Black or African American,Home_Purchase,Principal_Residence,Denied,96.29,4,2,0
58202,221.0,255000,375000.0,78.353,Unknown,White,Home_Purchase,Principal_Residence,Withdrawn,90.02,2,7,5
96589,53.0,235000,535000.0,43.241,30%-<36%,Race Not Available,Home_Purchase,Principal_Residence,Originated,29.62,2,6,1
63483,162.0,395000,425000.0,92.921,<20%,Race Not Available,Home_Purchase,Principal_Residence,Originated,26.29,2,7,1
83060,95.0,345000,395000.0,88.0,36%-<43%,White,Refinance,Principal_Residence,Originated,10.08,0,6,6
95864,128.0,315000,995000.0,43.216,20%-<30%,Asian,Refinance,Principal_Residence,Originated,92.77,0,6,6
89085,130.0,305000,375000.0,78.353,36%-<43%,Black or African American,Home_Improvement,Principal_Residence,Denied,75.43,2,7,5
23508,161.0,205000,1155000.0,69.499,50%-60%,Race Not Available,Other,Principal_Residence,Originated,24.61,4,2,0
49824,107.0,455000,505000.0,90.0,36%-<43%,White,Home_Purchase,Principal_Residence,Originated,43.36,2,7,1
40205,85.0,175000,185000.0,95.0,36%-<43%,Joint,Home_Purchase,Principal_Residence,Denied,39.81,2,7,5
6377,30.0,105000,115000.0,90.0,36%-<43%,American Indian or Alaska Native,CashOut_Refinance,Principal_Residence,Denied,48.37,0,6,6
74897,77.0,595000,595000.0,100.0,50%-60%,White,Home_Purchase,Principal_Residence,Originated,73.91,4,2,0
52439,79.0,185000,375000.0,78.353,Unknown,White,Home_Purchase,Principal_Residence,Incomplete,16.67,3,1,2
20884,95.0,45000,375000.0,78.353,Exempt,Race Not Available,Home_Purchase,Investment,Originated,92.41,1,5,3
31278,75.0,275000,315000.0,85.0,36%-<43%,Race Not Available,Home_Purchase,Principal_Residence,Denied,32.31,2,7,1
83505,221.0,135000,515000.0,79.805,43%-<50%,White,Refinance,Principal_Residence,Denied,18.19,6,4,4
49617,94.0,335000,345000.0,95.0,36%-<43%,White,Home_Purchase,Principal_Residence,Originated,50.64,2,7,5
46651,107.0,315000,425000.0,75.0,43%-<50%,White,Home_Purchase,Investment,Preapproval_Approved_NotAccepted,0.0,1,5,3
86579,95.0,435000,545000.0,80.0,30%-<36%,White,CashOut_Refinance,Principal_Residence,Originated,45.63,0,6,6
62341,49.0,125000,175000.0,76.52,36%-<43%,White,Home_Improvement,Principal_Residence,Approved_NotAccepted,15.91,6,4,4
46600,80.0,425000,755000.0,56.667,36%-<43%,White,CashOut_Refinance,Principal_Residence,Originated,8.23,0,6,6
78777,30.0,95000,375000.0,78.353,Unknown,Race Not Available,Home_Purchase,Principal_Residence,Incomplete,28.0,3,1,2
31303,95.0,1725000,3265000.0,52.69,Unknown,Race Not Available,Refinance,Investment,Originated,48.98,1,5,3
4180,95.0,315000,395000.0,78.353,Unknown,Race Not Available,Home_Purchase,Principal_Residence,Purchased,30.25,2,7,1
0,95.0,515000,685000.0,75.0,Unknown,White,Home_Purchase,Investment,Originated,30.98,1,5,3
59522,80.0,75000,115000.0,78.353,36%-<43%,White,Home_Purchase,Principal_Residence,Originated,74.25,3,1,2
23880,187.0,175000,375000.0,78.353,Unknown,Race Not Available,Home_Purchase,Second_Residence,Incomplete,10.47,2,7,1
82939,181.0,375000,595000.0,62.104,20%-<30%,White,Refinance,Principal_Residence,Originated,27.21,0,6,6
84365,411.0,205000,845000.0,72.596,<20%,White,Other,Principal_Residence,Originated,25.17,5,4,4
59439,85.0,175000,215000.0,80.0,<20%,White,Home_Purchase,Principal_Residence,Originated,49.11,2,7,5
38452,110.0,325000,605000.0,54.583,20%-<30%,White,CashOut_Refinance,Principal_Residence,Originated,22.36,0,6,6
51832,357.0,995000,1255000.0,78.353,Unknown,Race Not Available,Home_Purchase,Principal_Residence,Purchased,44.83,5,7,1
9616,53.0,135000,395000.0,35.0,43%-<50%,White,Home_Purchase,Principal_Residence,Originated,10.95,0,6,1
47542,95.0,135000,375000.0,78.353,Exempt,White,Refinance,Principal_Residence,Originated,9.09,0,6,6
35458,95.0,335000,915000.0,78.353,Unknown,Race Not Available,Refinance,Principal_Residence,Purchased,80.17,0,6,6
38209,72.0,365000,375000.0,78.353,Unknown,Race Not Available,CashOut_Refinance,Principal_Residence,Withdrawn,82.33,0,6,6
53576,705.0,585000,955000.0,61.895,30%-<36%,American Indian or Alaska Native,CashOut_Refinance,Principal_Residence,Denied,21.24,5,3,6
1984,59.0,265000,445000.0,59.091,43%-<50%,White,Home_Purchase,Principal_Residence,Originated,8.82,2,7,1
37661,114.0,15000,215000.0,80.0,<20%,White,Other,Principal_Residence,Originated,16.12,6,4,4
86832,67.0,225000,235000.0,78.353,Unknown,White,Home_Purchase,Principal_Residence,Purchased,22.96,2,7,1
26168,101.0,125000,375000.0,78.353,43%-<50%,Race Not Available,Home_Purchase,Principal_Residence,Denied,97.52,3,1,2
30135,152.0,265000,285000.0,95.0,43%-<50%,White,Home_Purchase,Principal_Residence,Originated,18.99,2,7,1
77708,115.0,215000,215000.0,100.0,50%-60%,Race Not Available,Home_Purchase,Principal_Residence,Originated,24.66,4,2,0
35206,180.0,465000,375000.0,78.353,Unknown,White,Home_Purchase,Principal_Residence,Incomplete,23.05,2,7,1
31678,105.0,245000,515000.0,46.422,30%-<36%,White,CashOut_Refinance,Principal_Residence,Originated,35.04,0,6,6
67223,317.0,95000,905000.0,69.652,30%-<36%,White,Home_Improvement,Principal_Residence,Originated,30.61,6,4,4
89193,74.0,105000,155000.0,66.667,30%-<36%,White,Refinance,Principal_Residence,Originated,12.23,3,1,2
28642,103.0,85000,355000.0,25.14,20%-<30%,White,CashOut_Refinance,Principal_Residence,Originated,16.84,0,6,6
11938,57.0,105000,285000.0,34.84,30%-<36%,White,Home_Improvement,Principal_Residence,Originated,6.96,2,6,1
41802,96.0,325000,455000.0,72.149,36%-<43%,White,CashOut_Refinance,Principal_Residence,Originated,63.12,0,6,6
33221,110.0,105000,515000.0,74.364,36%-<43%,Race Not Available,Other,Principal_Residence,Originated,37.52,6,4,4
45127,70.0,365000,375000.0,95.0,43%-<50%,White,Home_Purchase,Principal_Residence,Originated,39.06,2,7,1
81241,170.0,1065000,375000.0,78.353,Unknown,White,Home_Purchase,Principal_Residence,Withdrawn,33.12,2,7,1
3318,87.0,165000,195000.0,80.0,20%-<30%,White,CashOut_Refinance,Principal_Residence,Denied,7.29,0,6,6
3721,151.0,345000,375000.0,78.353,Unknown,Joint,Home_Purchase,Principal_Residence,Withdrawn,32.93,2,7,1
19056,72.0,165000,375000.0,78.353,Unknown,White,CashOut_Refinance,Principal_Residence,Withdrawn,21.42,0,6,6
83722,162.0,145000,375000.0,78.353,Unknown,Asian,CashOut_Refinance,Principal_Residence,Incomplete,70.04,0,6,6
29396,209.0,325000,955000.0,33.98,<20%,Race Not Available,Refinance,Principal_Residence,Originated,55.58,0,6,6
34075,127.0,175000,335000.0,51.94,20%-<30%,White,CashOut_Refinance,Principal_Residence,Originated,11.71,0,6,6
23594,30.0,25000,175000.0,63.107,50%-60%,White,Refinance,Principal_Residence,Originated,13.93,4,2,0
62444,130.0,165000,175000.0,95.0,36%-<43%,White,Home_Purchase,Principal_Residence,Originated,10.85,2,7,1
88697,57.0,125000,185000.0,69.02,36%-<43%,White,Refinance,Principal_Residence,Originated,13.67,0,6,6
62976,101.0,155000,375000.0,78.353,Unknown,Black or African American,Refinance,Principal_Residence,Withdrawn,24.48,0,6,6
38192,52.0,95000,175000.0,55.882,<20%,White,CashOut_Refinance,Principal_Residence,Denied,14.83,0,6,6
14319,224.0,505000,1005000.0,50.0,20%-<30%,White,Home_Purchase,Principal_Residence,Originated,19.07,2,7,1
21723,95.0,365000,385000.0,78.353,Unknown,Race Not Available,Home_Purchase,Principal_Residence,Purchased,37.58,2,7,1
89417,35.0,115000,145000.0,105.0,36%-<43%,White,Home_Purchase,Principal_Residence,Originated,41.48,2,7,5
59746,95.0,485000,545000.0,78.353,Unknown,Race Not Available,Home_Purchase,Principal_Residence,Purchased,22.23,2,7,1
71534,206.0,115000,525000.0,88.14,36%-<43%,White,Other,Principal_Residence,Originated,37.49,6,4,4
31416,95.0,335000,355000.0,95.0,30%-<36%,White,Home_Purchase,Principal_Residence,Originated,15.46,2,7,1
40447,87.0,55000,155000.0,32.258,30%-<36%,White,Home_Improvement,Principal_Residence,Originated,10.73,0,6,1
11289,83.0,75000,555000.0,91.713,43%-<50%,Race Not Available,Other,Principal_Residence,Denied,98.4,6,4,4
23904,105.0,325000,375000.0,78.353,Unknown,White,Home_Purchase,Principal_Residence,Withdrawn,14.69,2,7,1
29010,134.0,495000,495000.0,100.0,43%-<50%,Race Not Available,Home_Purchase,Principal_Residence,Denied,32.35,2,7,1
22153,135.0,485000,765000.0,78.353,Unknown,Race Not Available,CashOut_Refinance,Principal_Residence,Purchased,97.54,0,6,6
91465,240.0,725000,855000.0,85.0,50%-60%,Race Not Available,Home_Purchase,Second_Residence,Denied,62.44,4,2,0
24784,133.0,565000,565000.0,100.0,50%-60%,Black or African American,Home_Purchase,Principal_Residence,Originated,68.28,4,2,0
10404,127.0,315000,375000.0,78.353,Unknown,White,CashOut_Refinance,Second_Residence,Withdrawn,53.5,0,6,6
93261,92.0,455000,375000.0,78.353,Unknown,Black or African American,Refinance,Principal_Residence,Withdrawn,86.44,0,6,6
64379,49.0,125000,135000.0,96.5,43%-<50%,White,Home_Purchase,Principal_Residence,Originated,29.44,2,7,1
68221,121.0,35000,375000.0,78.353,Unknown,White,Home_Purchase,Principal_Residence,Withdrawn,6.12,2,7,1
22292,95.0,645000,855000.0,78.353,Unknown,Race Not Available,Home_Purchase,Principal_Residence,Purchased,7.17,2,7,1
13160,74.0,105000,755000.0,49.72,>60%,Black or African American,Home_Improvement,Principal_Residence,Denied,88.44,4,2,0
9812,51.0,255000,265000.0,78.353,Unknown,White,Home_Purchase,Principal_Residence,Purchased,54.51,2,7,5
10788,200.0,85000,365000.0,85.0,36%-<43%,White,Other,Principal_Residence,Originated,15.18,6,4,4
96092,65.0,165000,215000.0,80.0,30%-<36%,White,CashOut_Refinance,Principal_Residence,Originated,19.32,0,6,6
19867,43.0,175000,245000.0,73.0,36%-<43%,White,CashOut_Refinance,Principal_Residence,Originated,21.24,0,6,6
16157,95.0,415000,615000.0,78.353,Unknown,Race Not Available,Refinance,Principal_Residence,Purchased,8.02,0,6,6
1090,60.0,185000,235000.0,83.0,20%-<30%,Asian,Home_Purchase,Principal_Residence,Originated,96.16,2,7,5
80835,120.0,185000,305000.0,59.984,<20%,White,Refinance,Principal_Residence,Originated,66.56,0,6,6
25017,75.0,135000,215000.0,64.0,36%-<43%,Race Not Available,Refinance,Principal_Residence,Originated,12.47,0,6,6
2660,62.0,85000,125000.0,70.0,36%-<43%,White,Refinance,Principal_Residence,Originated,4.04,0,6,6
63979,72.0,155000,375000.0,78.353,Unknown,Race Not Available,CashOut_Refinance,Principal_Residence,Incomplete,16.48,0,6,6
1462,73.0,75000,85000.0,90.0,20%-<30%,White,Home_Purchase,Principal_Residence,Originated,5.02,2,7,1
50829,166.0,125000,375000.0,78.353,Unknown,White,Refinance,Principal_Residence,Incomplete,8.92,6,4,4
99901,517.0,2255000,375000.0,78.353,Unknown,White,Refinance,Principal_Residence,Withdrawn,17.23,5,6,6
73200,82.0,35000,55000.0,78.353,30%-<36%,White,CashOut_Refinance,Principal_Residence,Denied,20.47,3,1,2
33315,308.0,615000,845000.0,73.136,43%-<50%,White,Home_Purchase,Principal_Residence,Originated,8.5,2,7,1
75694,42.0,75000,85000.0,78.353,43%-<50%,Joint,Home_Purchase,Principal_Residence,Denied,11.22,3,1,2
78204,107.0,105000,1105000.0,55.546,50%-60%,White,Home_Improvement,Principal_Residence,Denied,45.81,4,2,0
63358,103.0,135000,1145000.0,11.936,20%-<30%,Race Not Available,Home_Purchase,Principal_Residence,Originated,52.29,0,6,1
95140,257.0,75000,375000.0,78.353,20%-<30%,Asian,Other,Principal_Residence,Denied,36.77,6,4,4
4144,95.0,215000,315000.0,78.353,Unknown,Race Not Available,CashOut_Refinance,Principal_Residence,Purchased,35.22,0,6,6
97046,228.0,415000,525000.0,80.0,30%-<36%,White,Home_Purchase,Principal_Residence,Originated,55.37,2,7,5
56655,95.0,125000,155000.0,78.353,Unknown,Race Not Available,CashOut_Refinance,Principal_Residence,Purchased,10.39,0,6,6
10716,61.0,205000,215000.0,96.5,36%-<43%,White,Home_Purchase,Principal_Residence,Originated,34.13,3,1,2
41906,60.0,85000,375000.0,78.353,Unknown,Race Not Available,Refinance,Investment,Incomplete,7.73,1,5,3
19969,220.0,325000,315000.0,100.0,20%-<30%,Black or African American,Home_Purchase,Principal_Residence,Originated,47.45,2,7,5
38796,58.0,335000,335000.0,96.5,43%-<50%,Race Not Available,Home_Purchase,Principal_Residence,Originated,46.72,2,7,1
77429,63.0,205000,375000.0,78.353,Unknown,White,Home_Purchase,Principal_Residence,Withdrawn,0.0,2,7,1
77182,132.0,385000,505000.0,74.999,43%-<50%,Asian,Home_Purchase,Investment,Originated,17.97,1,5,3
3699,100.0,235000,345000.0,68.116,36%-<43%,Race Not Available,CashOut_Refinance,Principal_Residence,Originated,39.26,0,6,6
9525,150.0,695000,865000.0,80.0,43%-<50%,White,Home_Purchase,Principal_Residence,Originated,35.0,2,7,1
74507,156.0,535000,375000.0,78.353,Unknown,Race Not Available,Home_Purchase,Principal_Residence,Withdrawn,39.49,2,7,1
14562,175.0,465000,465000.0,100.0,30%-<36%,Joint,Home_Purchase,Principal_Residence,Originated,48.44,2,7,1
46525,95.0,385000,495000.0,79.58,Unknown,Asian,Home_Purchase,Investment,Originated,71.44,1,5,3
98489,90.0,215000,375000.0,78.353,Unknown,White,CashOut_Refinance,Principal_Residence,Withdrawn,43.85,0,6,6
79593,92.0,105000,125000.0,80.0,<20%,Race Not Available,CashOut_Refinance,Principal_Residence,Denied,60.24,0,6,6
91199,79.0,355000,435000.0,80.0,36%-<43%,Asian,Home_Purchase,Principal_Residence,Originated,42.65,2,7,1
64301,88.0,205000,255000.0,80.0,20%-<30%,White,Home_Purchase,Principal_Residence,Originated,13.5,2,7,1
54637,106.0,285000,375000.0,78.353,Unknown,Race Not Available,Home_Purchase,Principal_Residence,Withdrawn,74.21,2,7,5
90858,72.0,425000,495000.0,85.0,43%-<50%,White,Home_Purchase,Principal_Residence,Originated,31.57,2,7,1
47779,70.0,245000,375000.0,78.353,Unknown,Race Not Available,CashOut_Refinance,Principal_Residence,Withdrawn,95.75,0,6,6
47718,433.0,1535000,375000.0,78.353,Unknown,Asian,Home_Purchase,Principal_Residence,Withdrawn,79.6,5,7,5
43582,47.0,195000,375000.0,78.353,Unknown,Free Form Text Only,Refinance,Principal_Residence,Withdrawn,64.53,0,6,6
11818,6.0,175000,365000.0,80.0,36%-<43%,Race Not Available,Home_Improvement,Principal_Residence,Denied,85.13,6,4,4
83532,108.0,315000,325000.0,97.0,36%-<43%,White,Home_Purchase,Principal_Residence,Originated,20.94,2,7,1
3451,240.0,305000,2005000.0,63.584,50%-60%,White,Refinance,Principal_Residence,Denied,17.51,4,2,0
80285,95.0,95000,125000.0,75.2,Unknown,Race Not Available,Refinance,Investment,Originated,78.91,1,5,3
61196,40.0,85000,105000.0,85.0,50%-60%,Race Not Available,Other,Principal_Residence,Denied,31.45,4,2,0
5698,226.0,105000,435000.0,75.002,43%-<50%,Joint,Refinance,Principal_Residence,Originated,35.51,6,4,4
69498,115.0,225000,235000.0,95.0,30%-<36%,Race Not Available,Home_Purchase,Principal_Residence,Originated,36.35,2,7,1
90575,80.0,185000,375000.0,78.353,43%-<50%,White,Refinance,Principal_Residence,Denied,78.82,0,6,6
1236,137.0,55000,555000.0,69.12,30%-<36%,Race Not Available,CashOut_Refinance,Principal_Residence,Originated,33.74,6,4,4
33260,90.0,15000,265000.0,95.0,50%-60%,Race Not Available,Home_Improvement,Principal_Residence,Denied,0.0,4,2,0
29712,58.0,65000,315000.0,22.0,36%-<43%,White,CashOut_Refinance,Principal_Residence,Originated,7.94,0,6,6
19613,167.0,505000,605000.0,83.33,43%-<50%,White,Refinance,Principal_Residence,Denied,53.22,0,6,6
5713,56.0,115000,125000.0,78.353,20%-<30%,White,Home_Purchase,Principal_Residence,Originated,7.06,3,1,2
37734,248.0,495000,505000.0,96.555,36%-<43%,Black or African American,Home_Purchase,Principal_Residence,Denied,44.38,2,7,5
64332,290.0,685000,855000.0,80.0,20%-<30%,Race Not Available,Home_Purchase,Principal_Residence,Originated,11.28,5,7,1
22294,92.0,465000,455000.0,100.0,43%-<50%,White,Home_Purchase,Principal_Residence,Originated,57.83,2,7,5
80581,467.0,355000,855000.0,41.176,<20%,White,Home_Purchase,Principal_Residence,Originated,9.64,5,3,1
2499,12.0,55000,135000.0,36.792,43%-<50%,White,Home_Purchase,Principal_Residence,Originated,39.31,2,6,5
76464,66.0,245000,255000.0,95.0,43%-<50%,Black or African American,Home_Purchase,Principal_Residence,Originated,68.15,2,7,5
36774,502.0,195000,375000.0,78.353,Unknown,White,Home_Purchase,Principal_Residence,Withdrawn,70.46,5,7,5
8132,59.0,135000,135000.0,96.5,43%-<50%,White,Home_Purchase,Principal_Residence,Originated,42.75,2,7,5
59332,101.0,385000,735000.0,52.055,36%-<43%,White,CashOut_Refinance,Investment,Originated,42.08,1,5,3
6379,36.0,265000,375000.0,78.353,Unknown,White,Refinance,Principal_Residence,Withdrawn,16.15,0,6,6
32946,190.0,215000,255000.0,84.19,20%-<30%,White,Home_Purchase,Principal_Residence,Originated,21.37,2,7,1
32894,95.0,15000,45000.0,78.353,Unknown,Race Not Available,NotApplicable,Principal_Residence,Purchased,61.72,2,7,5
37990,279.0,425000,735000.0,78.353,Unknown,White,Home_Purchase,Investment,Purchased,87.8,1,5,3
96273,138.0,545000,695000.0,79.606,30%-<36%,Race Not Available,Home_Purchase,Principal_Residence,Originated,21.61,2,7,1
11192,149.0,45000,525000.0,71.262,20%-<30%,White,Home_Improvement,Principal_Residence,Originated,35.48,6,4,4
60881,26.0,145000,175000.0,82.1,>60%,White,Refinance,Principal_Residence,Denied,6.31,4,2,0
61911,95.0,275000,275000.0,78.353,Unknown,Race Not Available,Home_Purchase,Principal_Residence,Purchased,11.28,2,7,1
47039,57.0,25000,195000.0,85.0,43%-<50%,Race Not Available,Other,Principal_Residence,Originated,78.18,6,4,4
90136,168.0,405000,505000.0,80.0,30%-<36%,White,Home_Purchase,Principal_Residence,Originated,22.45,2,7,1
42755,84.0,145000,155000.0,96.5,43%-<50%,White,Home_Purchase,Principal_Residence,Originated,72.3,2,7,5
59301,67.0,195000,195000.0,100.0,30%-<36%,White,Home_Purchase,Principal_Residence,Originated,13.85,2,7,1
91159,78.0,275000,375000.0,78.353,Unknown,White,CashOut_Refinance,Principal_Residence,Incomplete,38.37,0,6,6
65219,148.0,45000,65000.0,75.0,20%-<30%,Race Not Available,Home_Purchase,Investment,Originated,29.98,1,5,3
67531,92.0,305000,855000.0,35.295,30%-<36%,Race Not Available,CashOut_Refinance,Principal_Residence,Originated,30.85,0,6,6
2099,72.0,185000,185000.0,96.467,30%-<36%,White,Home_Purchase,Principal_Residence,Denied,27.11,3,1,2
72662,66.0,395000,505000.0,78.6,43%-<50%,White,CashOut_Refinance,Principal_Residence,Originated,36.79,0,6,6
50203,64.0,255000,255000.0,100.0,36%-<43%,White,Home_Purchase,Principal_Residence,Approved_NotAccepted,18.31,2,7,1
52772,244.0,175000,1835000.0,75.53,43%-<50%,White,Home_Improvement,Principal_Residence,Originated,21.95,6,4,4
16716,160.0,545000,565000.0,95.0,36%-<43%,White,Home_Purchase,Principal_Residence,Originated,18.13,2,7,1
74393,129.0,55000,295000.0,86.8,43%-<50%,Joint,Home_Improvement,Principal_Residence,Originated,48.0,6,4,4
81471,624.0,865000,1095000.0,78.868,36%-<43%,Race Not Available,Home_Purchase,Principal_Residence,Originated,39.71,5,3,4
42164,82.0,15000,455000.0,74.994,20%-<30%,White,Home_Improvement,Principal_Residence,Originated,16.42,6,4,4
60198,95.0,85000,95000.0,78.353,Unknown,Race Not Available,NotApplicable,Principal_Residence,Purchased,24.06,2,7,1
95405,265.0,105000,1365000.0,63.77,36%-<43%,White,Other,Principal_Residence,Originated,12.82,6,4,4
71230,95.0,75000,115000.0,78.353,Unknown,Race Not Available,CashOut_Refinance,Principal_Residence,Purchased,8.59,0,6,6
90430,51.0,95000,125000.0,80.0,30%-<36%,Black or African American,CashOut_Refinance,Principal_Residence,Originated,70.5,0,6,6
8723,89.0,205000,375000.0,78.353,Unknown,Race Not Available,CashOut_Refinance,Principal_Residence,Withdrawn,29.54,0,6,6
27429,95.0,215000,495000.0,44.614,Unknown,White,Refinance,Principal_Residence,Originated,83.16,0,6,6
24094,110.0,465000,525000.0,90.0,36%-<43%,White,Home_Purchase,Principal_Residence,Originated,8.74,2,7,1
28275,58.0,195000,275000.0,69.853,50%-60%,White,CashOut_Refinance,Principal_Residence,Denied,9.48,4,2,0
70656,983.0,905000,1205000.0,75.0,20%-<30%,Race Not Available,Home_Purchase,Second_Residence,Originated,22.36,5,3,4
9518,63.0,55000,275000.0,89.99,43%-<50%,White,Home_Purchase,Principal_Residence,Originated,87.69,6,4,4
62623,-150.0,105000,375000.0,78.353,Unknown,White,Home_Purchase,Investment,Withdrawn,10.34,1,5,3
4604,108.0,335000,345000.0,96.5,30%-<36%,White,Home_Purchase,Principal_Residence,Originated,8.73,2,7,1
94366,47.0,225000,235000.0,102.937,43%-<50%,White,Home_Purchase,Principal_Residence,Originated,34.61,2,7,1
70723,385.0,595000,1185000.0,75.0,50%-60%,White,Refinance,Principal_Residence,Originated,22.81,5,3,0
49734,147.0,195000,265000.0,75.0,36%-<43%,White,Home_Purchase,Investment,Originated,39.67,1,5,3
78995,131.0,515000,645000.0,80.0,36%-<43%,Race Not Available,Home_Purchase,Principal_Residence,Originated,36.14,2,7,1
60673,130.0,115000,515000.0,77.07,50%-60%,White,Other,Principal_Residence,Denied,9.68,4,2,0
86360,65.0,305000,375000.0,78.353,Unknown,White,CashOut_Refinance,Principal_Residence,Withdrawn,43.84,0,6,6
62995,340.0,155000,935000.0,88.99,20%-<30%,White,Other,Principal_Residence,Originated,26.05,6,4,4
91817,76.0,65000,445000.0,54.72,36%-<43%,White,Other,Principal_Residence,Denied,32.53,6,4,4
24810,42.0,65000,255000.0,78.675,43%-<50%,White,CashOut_Refinance,Principal_Residence,Originated,15.06,6,4,4
97695,434.0,485000,605000.0,80.0,30%-<36%,White,Home_Purchase,Second_Residence,Originated,31.5,5,3,1
23657,99.0,365000,375000.0,78.353,Unknown,White,Refinance,Principal_Residence,Incomplete,6.95,0,6,6
63335,161.0,105000,855000.0,65.123,43%-<50%,American Indian or Alaska Native,CashOut_Refinance,Principal_Residence,Originated,50.03,6,4,4
13079,95.0,655000,1605000.0,40.63,Unknown,Race Not Available,CashOut_Refinance,Investment,Originated,74.59,1,5,3
562,37.0,165000,185000.0,89.362,36%-<43%,White,Home_Purchase,Principal_Residence,Originated,21.35,2,7,1
18144,35.0,185000,425000.0,44.762,>60%,White,Refinance,Principal_Residence,Denied,43.75,4,2,0
75652,170.0,425000,525000.0,80.0,20%-<30%,Joint,Home_Purchase,Principal_Residence,Originated,19.09,2,7,1
26251,203.0,365000,435000.0,81.646,20%-<30%,White,Home_Purchase,Principal_Residence,Originated,50.06,2,7,5
35708,95.0,1175000,375000.0,78.353,Unknown,Asian,Home_Purchase,Principal_Residence,Withdrawn,63.79,2,7,5
13675,120.0,495000,615000.0,80.0,50%-60%,White,CashOut_Refinance,Principal_Residence,Originated,50.26,4,2,0
73120,146.0,215000,425000.0,51.779,20%-<30%,Race Not Available,Refinance,Principal_Residence,Denied,20.58,0,6,6
802,337.0,655000,875000.0,75.0,20%-<30%,White,Home_Purchase,Investment,Denied,20.23,1,5,3
49242,154.0,275000,285000.0,96.5,30%-<36%,Black or African American,Home_Purchase,Principal_Residence,Originated,44.87,2,7,5
27065,129.0,575000,375000.0,78.353,Exempt,White,Home_Purchase,Principal_Residence,Originated,15.63,2,7,1
43760,42.0,85000,375000.0,78.353,Unknown,Race Not Available,Home_Purchase,Principal_Residence,Withdrawn,4.65,2,7,1
85490,84.0,455000,765000.0,60.0,36%-<43%,White,CashOut_Refinance,Principal_Residence,Originated,71.41,0,6,6
39409,155.0,425000,375000.0,78.353,Unknown,Black or African American,CashOut_Refinance,Principal_Residence,Withdrawn,51.81,0,6,6
79079,95.0,145000,275000.0,51.744,<20%,Race Not Available,CashOut_Refinance,Principal_Residence,Originated,32.39,0,6,6
6119,68.0,65000,595000.0,69.4,>60%,White,Home_Improvement,Principal_Residence,Denied,21.06,4,2,0
61166,84.0,105000,445000.0,60.77,50%-60%,White,Other,Second_Residence,Denied,20.96,4,2,0
83154,86.0,255000,355000.0,71.12,36%-<43%,White,Home_Improvement,Principal_Residence,Originated,36.29,2,7,1
25577,114.0,125000,565000.0,79.83,36%-<43%,White,Home_Improvement,Principal_Residence,Originated,6.6,6,4,4
51323,119.0,85000,85000.0,78.353,30%-<36%,White,Home_Purchase,Principal_Residence,Denied,0.0,3,1,2
28790,21.0,55000,225000.0,22.65,36%-<43%,White,Refinance,Principal_Residence,Originated,12.99,0,6,6
2030,13.0,85000,375000.0,78.353,Exempt,White,CashOut_Refinance,Principal_Residence,Denied,12.45,0,6,6
11510,230.0,355000,755000.0,59.904,30%-<36%,White,Refinance,Principal_Residence,Denied,23.77,0,6,6
26259,163.0,405000,545000.0,78.353,Unknown,White,Home_Purchase,Principal_Residence,Purchased,9.93,2,7,1
77006,89.0,235000,245000.0,97.0,43%-<50%,Joint,Home_Purchase,Principal_Residence,Originated,29.71,2,7,1
72833,61.0,95000,375000.0,78.353,Unknown,White,Refinance,Principal_Residence,Incomplete,30.28,0,6,6
72058,26.0,95000,275000.0,34.545,43%-<50%,Black or African American,Refinance,Principal_Residence,Originated,49.17,0,6,6
21561,130.0,355000,595000.0,59.496,<20%,Joint,CashOut_Refinance,Principal_Residence,Originated,31.05,0,6,6
68369,424.0,115000,1225000.0,61.94,20%-<30%,White,Home_Improvement,Principal_Residence,Originated,32.17,5,4,4
93935,83.0,105000,345000.0,80.68,43%-<50%,White,Refinance,Principal_Residence,Originated,10.77,6,4,4
34681,70.0,325000,375000.0,78.353,Unknown,Race Not Available,Home_Purchase,Principal_Residence,Withdrawn,30.12,2,7,1
1785,53.0,5000,225000.0,89.545,<20%,Asian,Home_Purchase,Principal_Residence,Originated,52.49,6,4,4
57021,400.0,1805000,2575000.0,70.0,30%-<36%,White,Home_Purchase,Principal_Residence,Originated,27.33,5,3,1
36259,181.0,165000,455000.0,36.67,20%-<30%,White,CashOut_Refinance,Second_Residence,Originated,16.31,0,6,6
22692,110.0,15000,545000.0,43.1167,20%-<30%,Race Not Available,Other,Principal_Residence,Approved_NotAccepted,32.66,6,4,4
79923,624.0,1425000,1775000.0,80.0,30%-<36%,White,Home_Purchase,Principal_Residence,Originated,20.2,5,3,1
27478,55.0,225000,375000.0,78.353,Unknown,White,Home_Purchase,Principal_Residence,Withdrawn,32.02,3,1,2
8602,89.0,455000,475000.0,95.0,43%-<50%,Asian,Home_Purchase,Principal_Residence,Denied,26.24,2,7,1
16377,148.0,195000,935000.0,69.591,36%-<43%,White,Refinance,Principal_Residence,Originated,8.09,6,4,4
10002,75.0,255000,355000.0,72.0,43%-<50%,White,CashOut_Refinance,Principal_Residence,Denied,22.43,0,6,6
14090,255.0,345000,435000.0,80.0,20%-<30%,White,Home_Purchase,Principal_Residence,Originated,31.47,2,7,1
60785,54.0,115000,125000.0,90.0,43%-<50%,White,Home_Purchase,Principal_Residence,Originated,15.19,2,7,1
50936,100.0,295000,295000.0,78.353,Unknown,White,Home_Purchase,Principal_Residence,Purchased,27.61,2,7,1
41451,83.0,485000,375000.0,78.353,Unknown,White,Home_Purchase,Principal_Residence,Withdrawn,36.79,2,7,1
52095,127.0,155000,375000.0,78.353,Exempt,White,CashOut_Refinance,Principal_Residence,Originated,10.11,0,6,6
19542,95.0,35000,145000.0,25.0,Unknown,Race Not Available,Home_Purchase,Investment,Originated,57.53,1,5,3
25531,82.0,385000,825000.0,48.07,30%-<36%,White,Home_Purchase,Principal_Residence,Originated,42.4,2,6,5
83625,90.0,65000,375000.0,78.353,Unknown,White,Refinance,Principal_Residence,Incomplete,9.39,6,4,4
45047,146.0,535000,775000.0,68.831,36%-<43%,White,Home_Purchase,Principal_Residence,Originated,45.01,2,7,5
24454,43.0,65000,305000.0,73.29,36%-<43%,Black or African American,Other,Principal_Residence,Originated,96.53,6,4,4
87536,216.0,535000,565000.0,78.353,Unknown,Race Not Available,Home_Purchase,Principal_Residence,Purchased,42.7,2,7,1
65362,62.0,215000,265000.0,80.0,36%-<43%,Black or African American,CashOut_Refinance,Principal_Residence,Originated,31.33,0,6,6
28970,81.0,105000,315000.0,65.835,43%-<50%,White,Other,Principal_Residence,Originated,30.54,6,4,4
75692,60.0,85000,375000.0,78.353,Unknown,White,Home_Purchase,Principal_Residence,Denied,21.1,3,1,2
59727,68.0,115000,145000.0,75.0,20%-<30%,White,CashOut_Refinance,Investment,Originated,32.59,1,5,3
62074,190.0,995000,1105000.0,90.0,43%-<50%,Race Not Available,Home_Purchase,Principal_Residence,Originated,12.62,2,7,1
31750,95.0,145000,195000.0,78.353,Unknown,Race Not Available,NotApplicable,Principal_Residence,Purchased,87.25,2,7,5
71507,62.0,205000,525000.0,38.39,43%-<50%,Asian,CashOut_Refinance,Principal_Residence,Originated,82.95,0,6,6
40719,368.0,505000,1205000.0,67.532,36%-<43%,White,Home_Improvement,Principal_Residence,Originated,27.36,6,4,4
95429,80.0,65000,205000.0,70.0,43%-<50%,White,Other,Principal_Residence,Denied,21.08,6,4,4
20151,162.0,115000,275000.0,79.96,30%-<36%,White,CashOut_Refinance,Principal_Residence,Originated,29.57,0,6,6
29142,52.0,245000,255000.0,97.0,43%-<50%,Asian,Home_Purchase,Principal_Residence,Preapproval_Approved_NotAccepted,0.0,2,7,1
31619,132.0,245000,325000.0,75.0,43%-<50%,White,CashOut_Refinance,Investment,Originated,45.1,1,5,3
82907,31.0,165000,165000.0,102.56,43%-<50%,Black or African American,Home_Purchase,Principal_Residence,Originated,92.14,2,7,5
33048,61.0,205000,215000.0,96.2,36%-<43%,White,Home_Purchase,Principal_Residence,Originated,20.68,2,7,1
27431,54.0,155000,165000.0,96.5,36%-<43%,White,Home_Purchase,Principal_Residence,Originated,14.58,2,7,1
38903,153.0,275000,755000.0,36.667,43%-<50%,White,Refinance,Principal_Residence,Originated,22.91,0,6,6
38674,217.0,715000,375000.0,78.353,Unknown,Race Not Available,Home_Purchase,Principal_Residence,Withdrawn,26.24,2,7,1
1840,79.0,215000,215000.0,96.5,20%-<30%,White,Home_Purchase,Principal_Residence,Originated,5.16,2,7,1
60645,310.0,885000,375000.0,78.353,Unknown,Race Not Available,Home_Purchase,Principal_Residence,Withdrawn,32.8,2,7,1
43314,241.0,165000,905000.0,61.97,20%-<30%,White,Refinance,Principal_Residence,Originated,39.15,6,4,4
13294,95.0,65000,375000.0,78.353,Unknown,White,Refinance,Principal_Residence,Denied,11.79,0,6,6
74178,644.0,2245000,3205000.0,70.0,30%-<36%,White,Home_Purchase,Principal_Residence,Originated,28.54,5,3,4
79692,95.0,205000,215000.0,78.353,Unknown,Race Not Available,Home_Purchase,Principal_Residence,Purchased,51.23,2,7,5
44784,207.0,245000,255000.0,95.0,<20%,Black or African American,Home_Purchase,Principal_Residence,Originated,97.03,2,7,5
87924,61.0,225000,235000.0,98.19,36%-<43%,Black or African American,Home_Purchase,Principal_Residence,Originated,56.41,2,7,5
66216,79.0,225000,375000.0,80.0,36%-<43%,White,Home_Purchase,Principal_Residence,Approved_NotAccepted,55.16,2,7,5
26733,86.0,35000,375000.0,78.353,Unknown,White,Home_Purchase,Principal_Residence,Incomplete,0.0,3,1,2
91625,209.0,995000,1655000.0,60.303,30%-<36%,White,Refinance,Principal_Residence,Originated,35.59,0,6,6
48762,100.0,15000,325000.0,40.4,30%-<36%,Race Not Available,Home_Improvement,Principal_Residence,Originated,10.99,6,4,4
3946,120.0,375000,375000.0,101.327,43%-<50%,White,Home_Purchase,Principal_Residence,Originated,10.32,2,7,1
92653,66.0,285000,375000.0,78.353,Unknown,White,Home_Purchase,Principal_Residence,Incomplete,12.32,2,7,1
44819,198.0,715000,895000.0,78.353,Unknown,Race Not Available,Home_Purchase,Principal_Residence,Purchased,81.23,2,7,5
25269,95.0,345000,345000.0,78.353,Unknown,Race Not Available,Home_Purchase,Principal_Residence,Purchased,34.84,2,7,1
88769,48.0,125000,235000.0,55.0,20%-<30%,White,CashOut_Refinance,Principal_Residence,Originated,7.14,0,6,6
45621,59.0,235000,235000.0,96.5,50%-60%,White,Home_Purchase,Principal_Residence,Originated,54.56,4,2,0
40047,61.0,225000,215000.0,101.01,30%-<36%,White,Home_Purchase,Principal_Residence,Originated,11.01,2,7,1
18720,45.0,235000,375000.0,78.353,Unknown,Race Not Available,Refinance,Principal_Residence,Incomplete,44.91,0,6,6
15053,54.0,285000,285000.0,98.189,>60%,Race Not Available,Home_Purchase,Principal_Residence,Denied,30.37,4,2,0
89804,200.0,55000,755000.0,91.483,>60%,White,Other,Principal_Residence,Denied,23.37,4,2,0
15327,114.0,205000,375000.0,78.353,Unknown,White,Other,Principal_Residence,Withdrawn,12.23,6,4,4
61450,108.0,65000,505000.0,76.531,36%-<43%,White,Home_Improvement,Principal_Residence,Originated,28.5,6,4,4
62577,111.0,235000,305000.0,76.5,43%-<50%,Black or African American,CashOut_Refinance,Principal_Residence,Originated,37.94,0,6,6
17523,95.0,135000,245000.0,54.0,Unknown,Race Not Available,Home_Purchase,Investment,Originated,14.36,1,5,3
52071,74.0,75000,205000.0,67.0,30%-<36%,Race Not Available,Home_Improvement,Principal_Residence,Originated,84.78,6,4,4
87337,56.0,165000,375000.0,78.353,36%-<43%,White,Other,Principal_Residence,Originated,40.66,2,7,1
14175,102.0,35000,375000.0,89.914,50%-60%,White,Other,Principal_Residence,Denied,31.37,4,2,0
13960,0.0,445000,745000.0,60.0,Unknown,White,Refinance,Principal_Residence,Denied,23.37,0,6,6
22715,64.0,265000,375000.0,70.0,43%-<50%,White,CashOut_Refinance,Principal_Residence,Originated,11.36,0,6,6
27372,36.0,25000,55000.0,83.92,20%-<30%,Black or African American,Other,Principal_Residence,Originated,28.39,6,4,4
3769,113.0,125000,455000.0,49.1,43%-<50%,White,Refinance,Principal_Residence,Originated,12.65,6,4,4
9756,787.0,2005000,2955000.0,89.83,20%-<30%,White,Home_Purchase,Principal_Residence,Originated,34.46,5,3,4
28359,67.0,285000,365000.0,80.0,43%-<50%,White,Home_Purchase,Principal_Residence,Originated,65.64,2,7,5
15512,70.0,135000,375000.0,78.353,Unknown,Black or African American,CashOut_Refinance,Principal_Residence,Incomplete,97.33,0,6,6
18473,62.0,75000,355000.0,19.72,43%-<50%,Race Not Available,CashOut_Refinance,Principal_Residence,Originated,30.13,0,6,6
42480,71.0,255000,485000.0,102.825,50%-60%,White,Home_Purchase,Principal_Residence,Denied,49.42,4,2,0
89574,100.0,465000,575000.0,80.0,43%-<50%,White,Home_Purchase,Principal_Residence,Originated,58.55,2,7,5
45081,95.0,65000,375000.0,78.353,Exempt,Race Not Available,Home_Purchase,Investment,Originated,30.99,1,5,3
52050,220.0,525000,705000.0,78.353,Unknown,White,CashOut_Refinance,Principal_Residence,Purchased,10.48,0,6,6
88038,0.0,265000,415000.0,63.855,43%-<50%,White,Home_Purchase,Principal_Residence,Originated,47.15,2,6,5
55506,34.0,225000,265000.0,81.413,43%-<50%,White,Home_Purchase,Principal_Residence,Originated,9.92,3,1,2
2044,50.0,225000,225000.0,96.5,>60%,Black or African American,Home_Purchase,Principal_Residence,Denied,28.06,4,2,0
71244,44.0,155000,445000.0,33.708,36%-<43%,White,Home_Purchase,Principal_Residence,Originated,40.0,0,6,1
33231,60.0,105000,375000.0,78.353,Unknown,White,Other,Principal_Residence,Incomplete,46.32,2,7,1
89757,64.0,255000,375000.0,78.353,Unknown,Race Not Available,Home_Purchase,Principal_Residence,Withdrawn,61.21,2,7,5
75778,92.0,395000,475000.0,82.316,36%-<43%,White,Home_Purchase,Principal_Residence,Originated,67.47,2,7,5
96175,95.0,135000,175000.0,78.353,Unknown,Race Not Available,Home_Purchase,Investment,Originated,31.77,1,5,3
15434,87.0,315000,335000.0,95.0,43%-<50%,Asian,Home_Purchase,Principal_Residence,Originated,61.78,2,7,5
58031,0.0,95000,805000.0,64.83,30%-<36%,Asian,Home_Improvement,Second_Residence,Denied,58.9,6,4,4
337,121.0,355000,365000.0,97.0,20%-<30%,White,Home_Purchase,Principal_Residence,Originated,13.1,2,7,1
85670,71.0,185000,375000.0,78.353,Unknown,Black or African American,Home_Purchase,Principal_Residence,Withdrawn,76.55,2,7,5
51979,87.0,315000,425000.0,74.0,30%-<36%,White,Refinance,Principal_Residence,Originated,24.39,0,6,6
96721,44.0,205000,375000.0,78.353,Unknown,Asian,Other,Principal_Residence,Withdrawn,43.99,2,7,1
40925,42.0,75000,695000.0,43.95,>60%,White,Home_Improvement,Principal_Residence,Denied,31.17,4,2,0
53207,104.0,145000,1005000.0,13.879,<20%,White,Home_Purchase,Principal_Residence,Originated,74.31,0,6,5
67919,0.0,255000,375000.0,78.353,Unknown,Asian,Home_Purchase,Investment,Withdrawn,30.69,1,5,3
32414,57.0,155000,165000.0,78.353,>60%,White,Home_Purchase,Principal_Residence,Denied,0.0,3,1,2
55929,191.0,35000,375000.0,78.353,Exempt,White,Refinance,Investment,Originated,8.46,3,1,2
80399,136.0,65000,125000.0,48.0,30%-<36%,White,Other,Principal_Residence,Denied,98.27,6,4,4
85749,75.0,115000,205000.0,59.0,50%-60%,Race Not Available,CashOut_Refinance,Principal_Residence,Denied,7.85,4,2,0
94622,603.0,205000,2115000.0,46.055,20%-<30%,Race Not Available,Home_Improvement,Principal_Residence,Originated,43.07,5,3,4
16822,95.0,645000,815000.0,78.353,Unknown,Race Not Available,Home_Purchase,Principal_Residence,Purchased,45.33,2,7,5
78926,21.0,135000,305000.0,78.353,Unknown,White,Refinance,Principal_Residence,Originated,15.53,0,6,6
7099,190.0,255000,325000.0,80.0,30%-<36%,White,CashOut_Refinance,Principal_Residence,Originated,21.6,0,6,6
80380,87.0,295000,375000.0,78.353,Unknown,White,CashOut_Refinance,Principal_Residence,Incomplete,18.33,0,6,6
46967,242.0,905000,1135000.0,80.0,36%-<43%,Asian,Home_Purchase,Principal_Residence,Originated,90.39,2,7,5
8418,128.0,455000,625000.0,72.0,50%-60%,Joint,CashOut_Refinance,Principal_Residence,Denied,70.79,4,2,0
72381,85.0,355000,375000.0,78.353,Unknown,Black or African American,Home_Purchase,Principal_Residence,Withdrawn,42.93,2,7,1
15221,68.0,425000,375000.0,78.353,Unknown,White,CashOut_Refinance,Principal_Residence,Incomplete,23.75,0,6,6
31096,79.0,385000,435000.0,78.353,43%-<50%,White,Home_Purchase,Principal_Residence,Originated,60.64,2,7,5
43470,177.0,315000,725000.0,79.945,36%-<43%,Asian,CashOut_Refinance,Principal_Residence,Originated,91.84,6,4,4
71782,79.0,335000,415000.0,80.0,43%-<50%,Black or African American,Home_Purchase,Principal_Residence,Denied,24.87,2,7,1
21220,244.0,245000,755000.0,80.0,30%-<36%,White,Home_Purchase,Principal_Residence,Originated,59.91,6,4,4
84256,95.0,155000,365000.0,78.353,Unknown,Race Not Available,Refinance,Principal_Residence,Purchased,72.36,0,6,6
75861,95.0,285000,405000.0,78.353,Unknown,Race Not Available,CashOut_Refinance,Principal_Residence,Purchased,53.32,0,6,6
46352,95.0,495000,595000.0,78.353,Unknown,Race Not Available,Home_Purchase,Principal_Residence,Purchased,24.93,2,7,1
38151,111.0,95000,685000.0,80.362,50%-60%,Black or African American,Other,Principal_Residence,Originated,14.51,4,2,0
48334,97.0,445000,595000.0,75.0,43%-<50%,Asian,Home_Purchase,Principal_Residence,Originated,64.79,2,7,5
10597,95.0,185000,185000.0,78.353,Unknown,Race Not Available,Home_Purchase,Principal_Residence,Purchased,9.43,3,1,2
59893,92.0,365000,525000.0,70.0,43%-<50%,Asian,Home_Purchase,Principal_Residence,Originated,27.51,2,7,1
86753,112.0,45000,115000.0,36.364,20%-<30%,White,Other,Principal_Residence,Denied,54.98,3,1,2
10403,82.0,185000,235000.0,80.0,50%-60%,White,CashOut_Refinance,Principal_Residence,Denied,4.74,4,2,0
14429,144.0,685000,885000.0,77.488,36%-<43%,White,Home_Purchase,Principal_Residence,Originated,26.46,2,7,1
76753,142.0,275000,335000.0,80.0,20%-<30%,White,Home_Purchase,Principal_Residence,Originated,21.73,2,7,1
85484,182.0,175000,215000.0,85.0,20%-<30%,Black or African American,Home_Purchase,Principal_Residence,Denied,93.64,2,7,5
42403,178.0,305000,375000.0,78.353,Unknown,Black or African American,CashOut_Refinance,Principal_Residence,Withdrawn,42.77,0,6,6
2592,86.0,345000,385000.0,90.0,43%-<50%,Race Not Available,Home_Purchase,Principal_Residence,Originated,38.19,2,7,1
79269,51.0,105000,385000.0,85.0,>60%,Race Not Available,Home_Improvement,Principal_Residence,Denied,10.98,4,2,0
87515,170.0,225000,375000.0,78.353,Unknown,White,Refinance,Principal_Residence,Incomplete,40.53,0,6,6
49526,95.0,225000,715000.0,78.353,Unknown,Race Not Available,Refinance,Investment,Purchased,76.54,1,5,3
64960,35.0,95000,135000.0,70.0,<20%,White,Home_Purchase,Investment,Originated,23.95,1,5,3
6567,56.0,55000,375000.0,78.353,Unknown,Joint,Home_Improvement,Principal_Residence,Withdrawn,61.87,2,7,5
21733,42.0,195000,195000.0,101.41,36%-<43%,White,Home_Purchase,Principal_Residence,Approved_NotAccepted,78.82,2,7,5
97436,95.0,275000,285000.0,78.353,Unknown,White,Home_Purchase,Principal_Residence,Purchased,12.58,2,7,1
93051,107.0,315000,375000.0,78.353,Unknown,Asian,Home_Purchase,Principal_Residence,Withdrawn,56.16,2,7,5
22645,205.0,95000,715000.0,82.02,50%-60%,White,Other,Principal_Residence,Denied,38.71,4,2,0
4200,30.0,15000,375000.0,78.353,Unknown,White,Home_Improvement,Principal_Residence,Withdrawn,36.51,6,4,4
66319,78.0,305000,375000.0,78.353,Unknown,White,Home_Purchase,Principal_Residence,Withdrawn,21.1,2,7,1
17485,101.0,15000,455000.0,58.8,20%-<30%,White,Home_Improvement,Principal_Residence,Denied,57.32,6,4,4
39734,150.0,415000,375000.0,78.353,Unknown,White,Home_Purchase,Principal_Residence,Withdrawn,11.22,2,7,1
38639,114.0,575000,375000.0,78.353,Exempt,White,Home_Purchase,Principal_Residence,Denied,15.77,2,7,1
24413,0.0,105000,105000.0,96.5,43%-<50%,Black or African American,Home_Purchase,Principal_Residence,Originated,38.29,2,7,5
25215,103.0,335000,345000.0,96.5,43%-<50%,White,Home_Purchase,Principal_Residence,Originated,64.25,2,7,5
29354,53.0,105000,485000.0,20.7,36%-<43%,White,Refinance,Principal_Residence,Originated,15.38,0,6,6
60020,178.0,255000,2105000.0,35.255,43%-<50%,Asian,Other,Principal_Residence,Originated,88.85,6,4,4
93025,95.0,355000,355000.0,78.353,Unknown,Race Not Available,Home_Purchase,Principal_Residence,Purchased,28.0,2,7,1
70069,46.0,275000,375000.0,78.353,Unknown,White,Home_Purchase,Investment,Withdrawn,15.97,1,5,3
91037,103.0,205000,285000.0,73.571,20%-<30%,White,Refinance,Principal_Residence,Originated,27.56,0,6,6
25998,145.0,445000,485000.0,92.0,30%-<36%,Race Not Available,Home_Purchase,Principal_Residence,Originated,81.94,2,7,5
34931,116.0,555000,555000.0,100.0,50%-60%,Joint,Home_Purchase,Principal_Residence,Originated,47.18,4,2,0
81004,50.0,245000,375000.0,78.353,Unknown,Race Not Available,CashOut_Refinance,Principal_Residence,Withdrawn,20.82,0,6,6
15775,169.0,395000,375000.0,78.353,Unknown,White,CashOut_Refinance,Principal_Residence,Withdrawn,9.33,0,6,6
87385,72.0,175000,265000.0,67.939,20%-<30%,White,Refinance,Principal_Residence,Originated,5.96,0,6,6
64686,493.0,135000,695000.0,79.98,<20%,White,Home_Improvement,Principal_Residence,Originated,13.67,5,4,4
86308,207.0,445000,375000.0,78.353,Unknown,Asian,NotApplicable,Principal_Residence,Withdrawn,39.63,2,7,1
28101,58.0,135000,375000.0,78.353,Unknown,Race Not Available,CashOut_Refinance,Principal_Residence,Withdrawn,7.98,0,6,6
51924,173.0,365000,405000.0,96.543,20%-<30%,White,Home_Purchase,Principal_Residence,Originated,15.04,2,7,1
65298,84.0,55000,535000.0,61.499,36%-<43%,White,Other,Principal_Residence,Originated,52.59,6,4,4
32266,106.0,265000,395000.0,67.308,43%-<50%,Race Not Available,CashOut_Refinance,Principal_Residence,Originated,12.23,0,6,6
23893,72.0,95000,475000.0,57.092,43%-<50%,White,Refinance,Principal_Residence,Originated,6.44,6,4,4
68867,76.0,235000,255000.0,92.0,30%-<36%,White,Home_Purchase,Principal_Residence,Originated,21.94,3,1,2
77988,1.0,205000,375000.0,78.353,Unknown,White,CashOut_Refinance,Principal_Residence,Incomplete,21.38,0,6,6
15853,64.0,105000,335000.0,79.987,30%-<36%,White,Other,Principal_Residence,Originated,4.08,6,4,4
74112,140.0,35000,355000.0,96.7,43%-<50%,Black or African American,Other,Principal_Residence,Denied,82.52,6,4,4
2935,574.0,805000,3825000.0,20.92,36%-<43%,Joint,Home_Improvement,Principal_Residence,Originated,38.27,5,3,4
51314,181.0,45000,455000.0,97.96,30%-<36%,Race Not Available,Other,Principal_Residence,Denied,17.15,6,4,4
82078,53.0,165000,205000.0,80.0,30%-<36%,Race Not Available,Other,Principal_Residence,Originated,67.46,2,7,5
14922,77.0,425000,375000.0,78.353,Unknown,Asian,Refinance,Principal_Residence,Withdrawn,96.94,0,6,6
1954,207.0,105000,485000.0,89.826,36%-<43%,White,Home_Improvement,Principal_Residence,Denied,52.19,6,4,4
43027,120.0,355000,395000.0,90.0,20%-<30%,White,Home_Purchase,Principal_Residence,Originated,47.12,2,7,5
6533,366.0,1275000,375000.0,78.353,Unknown,Asian,Home_Purchase,Principal_Residence,Withdrawn,36.19,5,7,1
48280,100.0,35000,645000.0,72.259,43%-<50%,Race Not Available,Home_Improvement,Principal_Residence,Originated,20.92,6,4,4
644,104.0,545000,605000.0,90.0,43%-<50%,Race Not Available,Home_Purchase,Principal_Residence,Originated,97.82,2,7,5
95092,182.0,665000,705000.0,93.83,43%-<50%,Race Not Available,Home_Purchase,Principal_Residence,Originated,12.86,2,7,1
23281,95.0,65000,75000.0,80.0,Unknown,Race Not Available,Home_Purchase,Investment,Originated,50.17,1,5,3
6457,151.0,55000,615000.0,77.128,36%-<43%,Black or African American,Home_Improvement,Principal_Residence,Originated,36.23,6,4,4
15155,52.0,245000,255000.0,97.0,36%-<43%,White,Home_Purchase,Principal_Residence,Originated,20.94,2,7,1
20533,48.0,145000,165000.0,78.353,50%-60%,Black or African American,Home_Purchase,Second_Residence,Denied,7.48,3,1,2
36639,95.0,135000,155000.0,78.353,Unknown,Race Not Available,Home_Purchase,Principal_Residence,Purchased,13.37,2,7,1
27913,88.0,405000,375000.0,78.353,Unknown,Black or African American,CashOut_Refinance,Principal_Residence,Withdrawn,77.39,0,6,6
18040,92.0,415000,425000.0,96.5,43%-<50%,White,Home_Purchase,Principal_Residence,Originated,43.59,2,7,1
43066,85.0,565000,605000.0,93.34,43%-<50%,Race Not Available,Home_Purchase,Principal_Residence,Originated,98.01,2,7,5
15597,92.0,375000,375000.0,78.353,Unknown,Race Not Available,CashOut_Refinance,Principal_Residence,Incomplete,36.28,0,6,6
41684,94.0,465000,475000.0,96.5,50%-60%,Race Not Available,Home_Purchase,Principal_Residence,Originated,56.69,4,2,0
43199,95.0,175000,175000.0,78.353,Unknown,Black or African American,Home_Purchase,Principal_Residence,Purchased,39.04,2,7,1
23350,57.0,125000,185000.0,70.0,43%-<50%,White,CashOut_Refinance,Principal_Residence,Originated,25.38,0,6,6
14305,140.0,55000,325000.0,66.69,<20%,White,Home_Improvement,Principal_Residence,Originated,9.94,6,4,4
55827,160.0,665000,825000.0,80.15,30%-<36%,Asian,Refinance,Principal_Residence,Denied,73.09,0,6,6
79764,54.0,155000,255000.0,59.0,36%-<43%,Black or African American,CashOut_Refinance,Principal_Residence,Originated,62.62,0,6,6
43297,55.0,315000,505000.0,62.0,50%-60%,Race Not Available,CashOut_Refinance,Principal_Residence,Denied,21.3,4,2,0
3788,100.0,265000,425000.0,78.353,Unknown,Race Not Available,Refinance,Principal_Residence,Purchased,83.84,0,6,6
62447,35.0,95000,95000.0,96.499,36%-<43%,White,Home_Purchase,Principal_Residence,Originated,7.99,3,1,2
61034,47.0,245000,755000.0,78.845,>60%,White,Other,Principal_Residence,Denied,32.4,4,2,0
30783,95.0,305000,375000.0,78.353,Unknown,Race Not Available,Other,Investment,Withdrawn,0.0,1,5,3
7986,69.0,165000,275000.0,62.121,20%-<30%,White,Home_Purchase,Principal_Residence,Originated,8.15,2,7,1
38418,109.0,75000,175000.0,78.353,Unknown,Race Not Available,Home_Purchase,Principal_Residence,Purchased,8.96,2,7,1
49605,95.0,435000,425000.0,78.353,Unknown,Race Not Available,Home_Purchase,Principal_Residence,Purchased,48.84,2,7,5
60604,82.0,45000,375000.0,78.353,Unknown,Black or African American,Other,Principal_Residence,Withdrawn,70.59,6,4,4
21264,53.0,235000,375000.0,78.353,Unknown,White,Home_Purchase,Principal_Residence,Preapproval_Approved_NotAccepted,0.0,2,7,1
44171,252.0,605000,815000.0,73.62,36%-<43%,White,Home_Purchase,Second_Residence,Originated,12.38,2,7,1
62473,110.0,325000,345000.0,95.0,43%-<50%,White,Home_Purchase,Principal_Residence,Originated,48.99,2,7,5
22157,83.0,315000,375000.0,78.353,Unknown,Joint,CashOut_Refinance,Principal_Residence,Withdrawn,18.4,0,6,6
30575,171.0,205000,375000.0,78.353,Unknown,Race Not Available,Home_Purchase,Investment,Incomplete,52.28,1,5,3
30695,95.0,75000,375000.0,78.353,Unknown,Race Not Available,Refinance,Investment,Originated,42.22,1,5,3
47975,202.0,565000,595000.0,94.999,36%-<43%,White,Home_Purchase,Principal_Residence,Originated,7.49,2,7,1
19049,48.0,105000,115000.0,90.0,Unknown,Race Not Available,Home_Purchase,Principal_Residence,Denied,0.0,3,1,2
8982,132.0,215000,285000.0,76.786,43%-<50%,White,Home_Purchase,Second_Residence,Denied,11.76,2,7,1
85272,75.0,325000,375000.0,78.353,Unknown,Race Not Available,CashOut_Refinance,Principal_Residence,Incomplete,98.39,0,6,6
35340,82.0,225000,325000.0,69.231,20%-<30%,White,Home_Purchase,Principal_Residence,Approved_NotAccepted,8.9,2,7,1
84209,445.0,255000,375000.0,78.353,Unknown,White,Refinance,Investment,Withdrawn,19.07,1,5,3
19748,45.0,65000,955000.0,58.42,>60%,Black or African American,Other,Principal_Residence,Denied,79.82,4,2,0
52757,60.0,235000,295000.0,80.0,30%-<36%,White,Home_Purchase,Principal_Residence,Originated,80.32,2,7,5
1837,354.0,1105000,1905000.0,57.895,43%-<50%,White,CashOut_Refinance,Principal_Residence,Originated,17.82,5,6,6
77360,46.0,185000,255000.0,75.0,43%-<50%,White,Home_Purchase,Principal_Residence,Originated,28.64,2,7,1
27713,99.0,295000,455000.0,65.444,30%-<36%,White,CashOut_Refinance,Investment,Denied,71.37,1,5,3
67358,78.0,165000,225000.0,80.0,36%-<43%,White,CashOut_Refinance,Principal_Residence,Approved_NotAccepted,22.91,0,6,6
81833,53.0,175000,185000.0,96.5,50%-60%,White,Home_Purchase,Principal_Residence,Originated,31.51,4,2,0
14382,167.0,355000,605000.0,58.537,20%-<30%,Black or African American,Refinance,Principal_Residence,Denied,21.77,0,6,6
50530,265.0,415000,2645000.0,15.7197,Unknown,Joint,CashOut_Refinance,Investment,Originated,0.0,1,5,3
21611,507.0,1045000,1315000.0,80.0,>60%,White,Home_Purchase,Second_Residence,Originated,31.21,5,3,0
6682,96.0,15000,365000.0,100.427,36%-<43%,White,Home_Purchase,Principal_Residence,Originated,41.51,6,4,4
20271,56.0,255000,335000.0,74.627,43%-<50%,Race Not Available,Refinance,Principal_Residence,Denied,39.64,0,6,6
47525,125.0,555000,605000.0,90.0,43%-<50%,Black or African American,Home_Purchase,Principal_Residence,Originated,18.59,2,7,1
84,44.0,175000,175000.0,98.189,43%-<50%,White,Home_Purchase,Principal_Residence,Denied,23.66,3,1,2
38892,78.0,125000,375000.0,78.353,Unknown,Race Not Available,Refinance,Principal_Residence,Incomplete,8.8,0,6,6
96212,69.0,135000,135000.0,78.353,43%-<50%,White,Home_Purchase,Principal_Residence,Approved_NotAccepted,6.74,3,1,2
85994,75.0,125000,375000.0,78.353,>60%,Black or African American,Home_Purchase,Principal_Residence,Denied,29.48,3,1,2
43274,267.0,945000,1005000.0,94.0,30%-<36%,White,Home_Purchase,Principal_Residence,Preapproval_Approved_NotAccepted,0.0,2,7,1
11448,42.0,75000,275000.0,25.92,43%-<50%,Black or African American,Home_Purchase,Principal_Residence,Originated,82.73,0,6,5
38949,95.0,315000,435000.0,78.353,Unknown,White,Home_Purchase,Investment,Purchased,19.97,1,5,3
68739,121.0,515000,585000.0,88.417,50%-60%,Race Not Available,CashOut_Refinance,Principal_Residence,Denied,40.03,4,2,0
93782,169.0,545000,375000.0,78.353,Unknown,White,CashOut_Refinance,Principal_Residence,Withdrawn,10.85,0,6,6
71025,95.0,285000,285000.0,78.353,Unknown,Race Not Available,Home_Purchase,Principal_Residence,Purchased,26.04,2,7,1
31212,126.0,125000,155000.0,80.0,20%-<30%,White,Other,Principal_Residence,Originated,8.45,2,7,1
16316,118.0,205000,855000.0,72.704,>60%,White,Home_Improvement,Principal_Residence,Denied,48.95,4,2,0
65011,84.0,15000,305000.0,102.12,43%-<50%,Black or African American,Home_Purchase,Principal_Residence,Originated,75.49,6,4,4
82714,606.0,2135000,3805000.0,90.0,43%-<50%,White,Home_Purchase,Principal_Residence,Originated,36.87,5,3,1
13888,145.0,525000,545000.0,95.0,30%-<36%,White,Home_Purchase,Principal_Residence,Originated,11.63,2,7,1
97319,95.0,805000,1405000.0,78.353,Unknown,Race Not Available,CashOut_Refinance,Principal_Residence,Purchased,45.29,0,6,6
78363,32.0,145000,155000.0,96.5,>60%,Black or African American,Home_Purchase,Principal_Residence,Denied,98.27,4,2,0
80317,25.0,125000,375000.0,78.353,Unknown,Race Not Available,CashOut_Refinance,Principal_Residence,Withdrawn,38.74,0,6,6
72054,95.0,75000,115000.0,65.0,Unknown,White,Home_Purchase,Investment,Originated,67.31,1,5,3
38626,106.0,145000,375000.0,78.353,Exempt,White,Home_Purchase,Principal_Residence,Originated,8.73,2,7,1
27476,57.0,15000,205000.0,106.319,50%-60%,White,Home_Purchase,Principal_Residence,Denied,97.12,4,2,0
23923,120.0,185000,395000.0,46.835,43%-<50%,White,Refinance,Principal_Residence,Originated,22.31,0,6,6
9422,155.0,635000,935000.0,67.88,36%-<43%,Asian,Home_Purchase,Principal_Residence,Denied,48.67,2,7,1
72820,118.0,665000,675000.0,96.5,50%-60%,White,Home_Purchase,Principal_Residence,Originated,53.75,4,2,0
20672,51.0,25000,205000.0,54.2,20%-<30%,White,Home_Improvement,Principal_Residence,Denied,6.98,6,4,4
26897,183.0,155000,255000.0,78.353,Unknown,White,Other,Investment,Purchased,57.37,1,5,3
49455,95.0,245000,445000.0,78.353,Unknown,White,Home_Purchase,Principal_Residence,Purchased,36.21,2,7,1
38830,64.0,75000,375000.0,78.353,Unknown,American Indian or Alaska Native,Home_Purchase,Principal_Residence,Incomplete,87.01,3,1,2
14577,145.0,515000,375000.0,78.353,Unknown,Black or African American,Home_Purchase,Principal_Residence,Withdrawn,41.6,2,7,1
86364,270.0,415000,525000.0,80.0,36%-<43%,Asian,Home_Purchase,Second_Residence,Originated,23.05,2,7,1
89881,74.0,75000,345000.0,79.909,36%-<43%,White,Home_Purchase,Principal_Residence,Originated,38.78,6,4,4
46763,72.0,275000,375000.0,78.353,Unknown,Race Not Available,CashOut_Refinance,Principal_Residence,Incomplete,43.93,0,6,6
19651,90.0,115000,125000.0,78.353,43%-<50%,White,Home_Purchase,Principal_Residence,Denied,52.35,3,1,2
69813,66.0,35000,565000.0,29.492,30%-<36%,White,Home_Improvement,Principal_Residence,Originated,48.46,6,4,4
74322,26.0,95000,385000.0,24.0,30%-<36%,White,CashOut_Refinance,Principal_Residence,Originated,31.66,0,6,6
36323,44.0,135000,145000.0,78.353,>60%,Black or African American,Home_Purchase,Principal_Residence,Denied,0.0,3,1,2
73187,206.0,395000,375000.0,78.353,Unknown,White,Home_Purchase,Principal_Residence,Withdrawn,7.24,2,7,1
20034,55.0,325000,375000.0,78.353,Unknown,White,CashOut_Refinance,Principal_Residence,Incomplete,76.58,0,6,6
45140,76.0,125000,375000.0,78.353,Unknown,White,CashOut_Refinance,Investment,Withdrawn,94.49,1,5,3
82262,243.0,425000,455000.0,95.0,20%-<30%,White,Home_Purchase,Principal_Residence,Denied,34.71,2,7,1
44964,136.0,225000,275000.0,80.0,43%-<50%,White,Home_Purchase,Principal_Residence,Originated,59.2,2,7,5
90190,110.0,415000,905000.0,45.778,36%-<43%,White,Home_Purchase,Principal_Residence,Originated,39.67,2,6,1
7963,69.0,275000,345000.0,80.0,36%-<43%,Black or African American,CashOut_Refinance,Principal_Residence,Originated,51.19,0,6,6
9521,360.0,85000,445000.0,80.0,20%-<30%,White,Home_Improvement,Principal_Residence,Originated,90.44,6,4,4
90925,660.0,475000,375000.0,78.353,Unknown,Asian,Refinance,Principal_Residence,Incomplete,8.95,5,3,6
40041,90.0,115000,145000.0,78.353,Unknown,White,CashOut_Refinance,Principal_Residence,Purchased,78.3,0,6,6
88058,166.0,255000,705000.0,35.72,30%-<36%,White,Other,Principal_Residence,Originated,10.73,2,6,1
47415,644.0,2255000,2815000.0,80.0,30%-<36%,White,Home_Purchase,Principal_Residence,Originated,84.57,5,3,5
33333,270.0,105000,645000.0,87.12,36%-<43%,White,Home_Improvement,Principal_Residence,Originated,18.86,6,4,4
9399,155.0,145000,375000.0,78.353,Unknown,White,Refinance,Investment,Withdrawn,28.01,1,5,3
13041,112.0,415000,465000.0,90.0,30%-<36%,White,Home_Purchase,Principal_Residence,Originated,12.97,2,7,1
39700,88.0,125000,375000.0,78.353,Unknown,White,Home_Purchase,Principal_Residence,Incomplete,0.0,3,1,2
57710,95.0,445000,455000.0,78.353,Unknown,Race Not Available,Home_Purchase,Principal_Residence,Purchased,16.46,2,7,1
42629,147.0,365000,465000.0,78.353,Unknown,Asian,Home_Purchase,Principal_Residence,Purchased,37.22,2,7,1
30945,298.0,155000,695000.0,75.24,43%-<50%,White,Home_Improvement,Principal_Residence,Denied,7.53,6,4,4
6624,126.0,485000,575000.0,83.65,43%-<50%,White,Home_Purchase,Principal_Residence,Approved_NotAccepted,26.15,2,7,1
42705,55.0,135000,375000.0,78.353,Unknown,White,Home_Purchase,Principal_Residence,Withdrawn,58.51,2,7,5
6946,95.0,47995000,375000.0,78.353,Unknown,Race Not Available,Refinance,Investment,Withdrawn,56.43,1,5,3
26492,144.0,445000,375000.0,78.353,Unknown,Race Not Available,Home_Purchase,Principal_Residence,Withdrawn,52.01,2,7,5
73173,36.0,165000,205000.0,80.0,43%-<50%,White,Home_Purchase,Principal_Residence,Originated,25.68,2,7,1
3251,55.0,45000,65000.0,70.228,20%-<30%,Black or African American,Other,Principal_Residence,Originated,99.05,2,7,5
59971,43.0,145000,145000.0,101.01,36%-<43%,White,Home_Purchase,Principal_Residence,Originated,12.43,2,7,1
19689,76.0,105000,765000.0,73.68,>60%,White,Home_Improvement,Principal_Residence,Denied,26.63,4,2,0
44059,59.0,255000,375000.0,78.353,Unknown,White,Home_Purchase,Principal_Residence,Withdrawn,95.39,2,7,5
10245,57.0,285000,375000.0,95.0,43%-<50%,Race Not Available,Home_Purchase,Principal_Residence,Preapproval_Approved_NotAccepted,0.0,2,7,1
83591,40.0,115000,125000.0,95.0,20%-<30%,White,Home_Purchase,Principal_Residence,Originated,11.02,3,1,2
52858,95.0,385000,375000.0,78.353,Unknown,Race Not Available,Home_Purchase,Investment,Denied,46.71,1,5,3
66946,65.0,75000,375000.0,78.353,Unknown,White,Other,Principal_Residence,Withdrawn,14.54,6,4,4
7336,288.0,1285000,1605000.0,80.0,50%-60%,White,Home_Purchase,Principal_Residence,Originated,22.29,4,2,0
12433,82.0,95000,375000.0,78.353,Unknown,White,Home_Improvement,Principal_Residence,Incomplete,29.88,6,4,4
18268,436.0,865000,1155000.0,75.0,30%-<36%,White,Home_Purchase,Second_Residence,Originated,26.83,5,3,1
42333,169.0,245000,315000.0,80.0,43%-<50%,White,Home_Purchase,Second_Residence,Originated,9.68,2,7,1
33909,110.0,365000,465000.0,78.353,Unknown,Asian,Home_Purchase,Principal_Residence,Purchased,67.68,2,7,5
77449,79.0,85000,145000.0,78.353,>60%,White,Home_Purchase,Investment,Originated,93.56,1,5,3
50893,175.0,355000,915000.0,78.353,Unknown,White,Home_Purchase,Principal_Residence,Purchased,58.67,2,7,5
29833,261.0,685000,865000.0,78.73,30%-<36%,White,Refinance,Principal_Residence,Originated,41.34,0,6,6
51920,60.0,145000,305000.0,46.35,30%-<36%,Black or African American,CashOut_Refinance,Investment,Denied,86.37,1,5,3
23815,327.0,1205000,3205000.0,37.5,36%-<43%,White,Other,Principal_Residence,Originated,21.67,5,3,1
91532,87.0,55000,555000.0,67.0,43%-<50%,White,CashOut_Refinance,Principal_Residence,Originated,34.15,6,4,4
8038,69.0,295000,305000.0,96.5,36%-<43%,Black or African American,Home_Purchase,Principal_Residence,Originated,27.1,2,7,1
37048,53.0,115000,125000.0,90.0,30%-<36%,White,Home_Purchase,Principal_Residence,Originated,10.95,2,7,1
48649,849.0,975000,1305000.0,75.0,43%-<50%,White,Home_Purchase,Investment,Originated,32.64,5,3,3
28644,172.0,515000,375000.0,78.353,Unknown,White,Home_Purchase,Principal_Residence,Withdrawn,18.06,2,7,1
62273,30.0,85000,95000.0,90.0,20%-<30%,Race Not Available,CashOut_Refinance,Principal_Residence,Denied,6.36,0,6,6
48096,61.0,75000,75000.0,78.353,36%-<43%,White,Home_Purchase,Principal_Residence,Originated,36.73,3,1,2
89739,54.0,195000,285000.0,68.0,43%-<50%,White,CashOut_Refinance,Principal_Residence,Denied,70.77,0,6,6
14097,72.0,305000,535000.0,78.353,Unknown,Race Not Available,CashOut_Refinance,Principal_Residence,Purchased,8.67,0,6,6
8958,58.0,155000,165000.0,96.5,43%-<50%,White,Home_Purchase,Principal_Residence,Originated,12.6,2,7,1
34459,101.0,85000,375000.0,78.353,Unknown,White,Other,Principal_Residence,Incomplete,44.55,6,4,4
29510,137.0,415000,465000.0,88.34,20%-<30%,White,Home_Improvement,Principal_Residence,Originated,65.18,2,7,5
23867,36.0,95000,375000.0,78.353,Unknown,White,CashOut_Refinance,Principal_Residence,Withdrawn,7.92,0,6,6
79827,72.0,35000,355000.0,60.126,>60%,White,Home_Improvement,Investment,Denied,30.51,1,5,3
60666,111.0,255000,375000.0,78.353,Unknown,White,CashOut_Refinance,Principal_Residence,Incomplete,18.21,0,6,6
89080,168.0,305000,315000.0,97.0,20%-<30%,White,Home_Purchase,Principal_Residence,Originated,7.27,2,7,1
53598,137.0,395000,425000.0,95.0,20%-<30%,White,Home_Purchase,Principal_Residence,Originated,10.01,2,7,1
45935,74.0,105000,285000.0,35.714,20%-<30%,Black or African American,Home_Improvement,Principal_Residence,Denied,73.49,0,6,5
29017,325.0,105000,955000.0,66.089,20%-<30%,White,Home_Improvement,Principal_Residence,Originated,37.63,6,4,4
14718,100.0,135000,375000.0,78.353,Unknown,White,Home_Improvement,Principal_Residence,Withdrawn,27.78,6,4,4
50761,80.0,215000,235000.0,93.913,36%-<43%,Black or African American,Home_Purchase,Principal_Residence,Originated,75.63,2,7,5
40224,129.0,55000,275000.0,68.476,20%-<30%,White,CashOut_Refinance,Principal_Residence,Originated,18.41,6,4,4
78765,70.0,345000,345000.0,100.0,43%-<50%,White,Home_Purchase,Principal_Residence,Denied,10.97,2,7,1
68454,110.0,65000,475000.0,85.468,36%-<43%,Race Not Available,Home_Improvement,Principal_Residence,Originated,26.96,6,4,4
87866,120.0,475000,595000.0,80.0,20%-<30%,Asian,Home_Purchase,Principal_Residence,Denied,42.7,2,7,5
18408,95.0,315000,555000.0,78.353,Unknown,Race Not Available,Home_Purchase,Principal_Residence,Purchased,29.69,2,7,1
10894,350.0,185000,615000.0,89.994,20%-<30%,White,Refinance,Principal_Residence,Originated,26.11,6,4,4
65167,65.0,145000,205000.0,70.0,20%-<30%,White,CashOut_Refinance,Principal_Residence,Originated,29.87,0,6,6
15773,35.0,225000,335000.0,66.67,43%-<50%,Race Not Available,Home_Purchase,Principal_Residence,Originated,46.05,2,6,5
46583,185.0,705000,945000.0,74.469,30%-<36%,White,Home_Purchase,Principal_Residence,Originated,97.08,2,7,5
16155,222.0,1445000,375000.0,78.353,Unknown,White,Home_Purchase,Principal_Residence,Withdrawn,28.55,2,7,1
88732,115.0,345000,475000.0,73.0,20%-<30%,White,Home_Purchase,Principal_Residence,Originated,17.41,2,7,1
40097,319.0,255000,1575000.0,52.508,>60%,Asian,CashOut_Refinance,Investment,Approved_NotAccepted,21.7,1,5,3
89701,77.0,205000,375000.0,53.981,30%-<36%,White,Home_Purchase,Principal_Residence,Originated,10.26,2,6,1
45194,165.0,645000,735000.0,88.66,30%-<36%,Asian,Home_Purchase,Principal_Residence,Originated,51.18,2,7,1
24562,122.0,205000,225000.0,78.353,43%-<50%,White,Home_Purchase,Principal_Residence,Originated,21.83,3,1,2
21982,95.0,395000,415000.0,78.353,Unknown,Race Not Available,Home_Purchase,Principal_Residence,Purchased,19.25,2,7,1
48671,190.0,185000,375000.0,48.649,<20%,White,Refinance,Principal_Residence,Originated,5.19,0,6,6
79181,300.0,735000,1005000.0,93.1,20%-<30%,White,Refinance,Principal_Residence,Originated,45.12,0,6,6
70140,160.0,355000,395000.0,78.353,Unknown,Race Not Available,Home_Purchase,Principal_Residence,Purchased,15.39,2,7,1
10782,29.0,15000,375000.0,78.353,Unknown,White,Other,Principal_Residence,Denied,90.67,6,4,4
77956,71.0,305000,345000.0,90.0,50%-60%,White,Refinance,Principal_Residence,Approved_NotAccepted,34.1,4,2,0
54051,116.0,735000,1055000.0,70.0,30%-<36%,White,CashOut_Refinance,Principal_Residence,Originated,24.3,0,6,6
4475,141.0,265000,375000.0,78.353,Unknown,White,Home_Purchase,Principal_Residence,Preapproval_Approved_NotAccepted,0.0,2,7,1
32503,42.0,95000,125000.0,73.469,43%-<50%,White,Refinance,Investment,Originated,8.23,1,5,3
97457,0.0,155000,275000.0,80.0,43%-<50%,White,Home_Purchase,Principal_Residence,Originated,22.65,6,4,4
26614,110.0,205000,765000.0,76.209,43%-<50%,White,Other,Principal_Residence,Originated,38.77,6,4,4
49232,218.0,945000,1185000.0,78.353,Unknown,Race Not Available,Home_Purchase,Principal_Residence,Purchased,34.87,2,7,1
49310,52.0,165000,265000.0,61.538,43%-<50%,White,CashOut_Refinance,Principal_Residence,Originated,51.34,0,6,6
53243,52.0,295000,375000.0,78.353,Unknown,Race Not Available,CashOut_Refinance,Principal_Residence,Withdrawn,82.4,0,6,6
12002,185.0,455000,375000.0,78.353,Unknown,Race Not Available,Refinance,Principal_Residence,Withdrawn,53.42,6,4,4
15255,91.0,385000,375000.0,78.353,Unknown,White,Home_Purchase,Principal_Residence,Withdrawn,33.22,2,7,1
44210,158.0,105000,135000.0,80.0,20%-<30%,Race Not Available,Home_Purchase,Investment,Originated,93.08,1,5,3
26248,90.0,305000,385000.0,80.0,36%-<43%,Race Not Available,Refinance,Principal_Residence,Approved_NotAccepted,92.22,0,6,6
20431,92.0,355000,375000.0,95.0,43%-<50%,White,Home_Purchase,Principal_Residence,Originated,39.49,2,7,5
48462,72.0,265000,715000.0,77.315,>60%,Asian,Other,Principal_Residence,Denied,35.0,4,2,0
75138,88.0,75000,455000.0,64.979,30%-<36%,White,Home_Improvement,Principal_Residence,Originated,29.32,6,4,4
85931,75.0,205000,225000.0,92.44,43%-<50%,White,Home_Purchase,Principal_Residence,Originated,7.28,2,7,1
68850,77.0,425000,455000.0,95.0,43%-<50%,White,Home_Purchase,Principal_Residence,Originated,75.0,2,7,5
58929,48.0,195000,375000.0,78.353,Unknown,White,CashOut_Refinance,Principal_Residence,Incomplete,30.65,0,6,6
12789,212.0,665000,705000.0,95.0,20%-<30%,White,Home_Purchase,Principal_Residence,Originated,68.9,2,7,5
21405,167.0,285000,425000.0,78.353,Unknown,White,Home_Purchase,Principal_Residence,Purchased,13.64,2,7,1
18215,135.0,265000,375000.0,78.353,Unknown,White,CashOut_Refinance,Principal_Residence,Incomplete,23.08,0,6,6
47290,137.0,955000,375000.0,78.353,Exempt,White,CashOut_Refinance,Principal_Residence,Denied,20.07,0,6,6
97714,85.0,375000,395000.0,95.671,43%-<50%,Black or African American,Home_Purchase,Principal_Residence,Originated,95.12,2,7,5
24481,70.0,95000,375000.0,78.353,Unknown,White,Home_Purchase,Principal_Residence,Incomplete,13.38,3,1,2
8423,54.0,165000,165000.0,102.5,43%-<50%,Race Not Available,Home_Purchase,Principal_Residence,Originated,94.09,2,7,5
77441,120.0,205000,235000.0,78.353,20%-<30%,White,Home_Purchase,Principal_Residence,Denied,16.47,3,1,2
47465,74.0,185000,235000.0,80.0,30%-<36%,White,Home_Purchase,Principal_Residence,Originated,63.8,2,7,5
28861,39.0,105000,375000.0,78.353,Unknown,Race Not Available,CashOut_Refinance,Principal_Residence,Denied,21.41,0,6,6
63074,217.0,645000,805000.0,80.0,20%-<30%,White,Home_Purchase,Principal_Residence,Originated,35.05,2,7,1
11491,155.0,295000,415000.0,71.951,<20%,White,Home_Purchase,Principal_Residence,Originated,55.41,2,7,5
99743,9.0,285000,705000.0,78.353,Unknown,White,Refinance,Principal_Residence,Denied,22.66,0,6,6
75465,49.0,235000,395000.0,60.732,>60%,Race Not Available,Refinance,Principal_Residence,Originated,38.4,4,2,0
73841,317.0,205000,725000.0,79.724,30%-<36%,Race Not Available,Other,Principal_Residence,Denied,51.77,6,4,4
78129,54.0,35000,375000.0,78.353,20%-<30%,White,Home_Purchase,Principal_Residence,Approved_NotAccepted,57.68,3,1,2
56169,64.0,305000,505000.0,60.0,43%-<50%,White,Home_Purchase,Principal_Residence,Originated,17.23,2,7,1
63065,219.0,425000,505000.0,85.0,<20%,White,Home_Purchase,Principal_Residence,Originated,26.4,2,7,1
28881,66.0,45000,375000.0,78.353,Unknown,White,Home_Improvement,Principal_Residence,Incomplete,82.19,6,4,4
88840,77.0,155000,375000.0,78.353,Exempt,White,Refinance,Investment,Originated,10.99,1,5,3
61740,110.0,395000,405000.0,96.5,30%-<36%,Black or African American,Home_Purchase,Principal_Residence,Originated,54.51,2,7,5
14972,148.0,325000,345000.0,95.0,20%-<30%,White,Home_Purchase,Principal_Residence,Originated,74.21,2,7,5
52727,14.0,55000,195000.0,28.95,>60%,Race Not Available,Home_Purchase,Principal_Residence,Denied,37.54,4,2,0
96686,38.0,95000,205000.0,49.11,36%-<43%,White,Refinance,Principal_Residence,Originated,19.39,0,6,6
12386,259.0,695000,865000.0,78.353,Unknown,Race Not Available,Home_Purchase,Principal_Residence,Purchased,24.32,2,7,1
4553,96.0,325000,335000.0,93.528,50%-60%,White,Home_Purchase,Principal_Residence,Originated,4.15,4,2,0
4499,173.0,355000,355000.0,100.0,20%-<30%,White,Home_Purchase,Principal_Residence,Originated,17.09,2,7,1
26102,32.0,205000,395000.0,50.633,43%-<50%,White,CashOut_Refinance,Principal_Residence,Originated,20.58,0,6,6
24887,52.0,95000,95000.0,78.353,<20%,White,Home_Purchase,Principal_Residence,Originated,12.57,2,7,1
87611,42.0,85000,285000.0,71.429,>60%,White,Home_Improvement,Principal_Residence,Denied,0.0,4,2,0
50392,58.0,185000,265000.0,69.231,43%-<50%,Race Not Available,CashOut_Refinance,Principal_Residence,Originated,90.73,0,6,6
68735,40.0,115000,385000.0,28.57,36%-<43%,White,CashOut_Refinance,Principal_Residence,Denied,34.75,0,6,6
6604,95.0,525000,665000.0,78.353,Unknown,Race Not Available,Refinance,Principal_Residence,Purchased,21.94,0,6,6
59465,176.0,65000,315000.0,67.0,<20%,White,Refinance,Principal_Residence,Originated,12.92,6,4,4
43579,130.0,425000,605000.0,70.0,36%-<43%,White,Other,Principal_Residence,Denied,24.47,2,7,1
92044,55.0,235000,235000.0,100.0,43%-<50%,Black or African American,Home_Purchase,Principal_Residence,Originated,34.08,3,1,2
22355,64.0,55000,145000.0,33.784,<20%,Race Not Available,Refinance,Principal_Residence,Originated,6.64,0,6,6
68060,178.0,195000,375000.0,78.353,Unknown,Race Not Available,Home_Purchase,Principal_Residence,Withdrawn,54.96,2,7,5
24904,54.0,305000,375000.0,78.353,Unknown,Race Not Available,Refinance,Principal_Residence,Incomplete,32.76,0,6,6
50114,131.0,355000,355000.0,100.0,30%-<36%,White,CashOut_Refinance,Principal_Residence,Originated,45.67,0,6,6
97271,118.0,475000,375000.0,78.353,Unknown,Race Not Available,CashOut_Refinance,Principal_Residence,Withdrawn,41.9,0,6,6
52830,167.0,205000,875000.0,80.0,36%-<43%,Asian,Home_Improvement,Principal_Residence,Originated,85.48,6,4,4
95080,30.0,105000,505000.0,20.0,50%-60%,White,Home_Purchase,Principal_Residence,Originated,43.76,4,2,0
71785,192.0,135000,805000.0,79.99,20%-<30%,Asian,Other,Principal_Residence,Originated,14.58,6,4,4
16285,66.0,345000,365000.0,97.0,43%-<50%,Black or African American,Home_Purchase,Principal_Residence,Originated,91.53,2,7,5
92308,149.0,525000,655000.0,80.0,30%-<36%,Race Not Available,Home_Purchase,Principal_Residence,Originated,13.27,2,7,1
45753,51.0,285000,375000.0,78.353,Unknown,White,Home_Purchase,Principal_Residence,Withdrawn,23.84,2,7,1
92595,60.0,275000,345000.0,80.0,36%-<43%,White,Home_Purchase,Principal_Residence,Originated,30.16,2,7,1
30547,29.0,305000,375000.0,78.353,Unknown,White,CashOut_Refinance,Principal_Residence,Withdrawn,96.63,0,6,6
20470,234.0,455000,375000.0,78.353,Unknown,Race Not Available,Home_Purchase,Principal_Residence,Incomplete,80.89,2,7,5
68605,27.0,105000,355000.0,28.011,36%-<43%,Race Not Available,CashOut_Refinance,Principal_Residence,Originated,20.53,0,6,6
26400,2987.0,6655000,9505000.0,70.0,30%-<36%,Race Not Available,Other,Principal_Residence,Originated,40.13,5,3,4
68538,346.0,225000,375000.0,78.353,Unknown,White,Refinance,Principal_Residence,Withdrawn,12.68,5,6,6
43902,146.0,445000,535000.0,83.096,36%-<43%,Asian,Home_Purchase,Principal_Residence,Denied,22.3,2,7,1
99216,97.0,375000,395000.0,95.0,43%-<50%,White,Home_Purchase,Principal_Residence,Originated,11.15,2,7,1
69938,151.0,515000,795000.0,66.0,20%-<30%,White,CashOut_Refinance,Principal_Residence,Originated,15.92,0,6,6
87119,72.0,225000,235000.0,95.0,36%-<43%,Race Not Available,Home_Purchase,Principal_Residence,Originated,40.63,2,7,1
5174,142.0,305000,565000.0,55.0,36%-<43%,White,CashOut_Refinance,Principal_Residence,Originated,11.28,0,6,6
37205,219.0,15000,145000.0,100.14,30%-<36%,White,Home_Improvement,Principal_Residence,Denied,78.06,6,4,4
92455,285.0,125000,515000.0,24.272,30%-<36%,White,CashOut_Refinance,Investment,Originated,18.26,1,5,3
15344,73.0,155000,375000.0,78.353,Unknown,White,Refinance,Principal_Residence,Incomplete,11.49,0,6,6
63693,95.0,1295000,2155000.0,78.353,Unknown,Race Not Available,Home_Purchase,Investment,Purchased,37.39,1,5,3
64827,95.0,45000,45000.0,78.353,Unknown,Race Not Available,Home_Purchase,Principal_Residence,Purchased,57.07,2,7,5
98873,50.0,205000,255000.0,80.0,36%-<43%,Race Not Available,Home_Purchase,Principal_Residence,Originated,17.13,2,7,1
40500,278.0,255000,1105000.0,67.529,30%-<36%,White,Refinance,Principal_Residence,Originated,23.09,6,4,4
87904,57.0,315000,325000.0,97.0,43%-<50%,Race Not Available,Home_Purchase,Principal_Residence,Originated,98.91,2,7,5
25506,141.0,455000,485000.0,94.182,20%-<30%,White,CashOut_Refinance,Principal_Residence,Originated,19.78,0,6,6
56886,117.0,65000,185000.0,33.333,<20%,White,Refinance,Principal_Residence,Originated,30.67,0,6,6
22672,78.0,135000,505000.0,71.25,50%-60%,White,Other,Principal_Residence,Originated,52.22,4,2,0
97566,98.0,215000,275000.0,80.0,20%-<30%,Asian,Home_Purchase,Investment,Originated,64.08,1,5,3
94442,242.0,145000,195000.0,75.0,30%-<36%,White,Home_Purchase,Investment,Originated,25.88,1,5,3
16430,81.0,225000,225000.0,100.0,30%-<36%,White,Home_Purchase,Principal_Residence,Originated,31.49,2,7,1
48251,290.0,465000,665000.0,69.88,20%-<30%,White,Home_Purchase,Principal_Residence,Originated,27.0,2,7,1
64786,165.0,225000,365000.0,59.946,20%-<30%,White,CashOut_Refinance,Second_Residence,Originated,34.21,0,6,6
36545,398.0,315000,1295000.0,69.991,20%-<30%,Asian,Home_Improvement,Principal_Residence,Originated,64.25,5,4,4
34896,129.0,225000,375000.0,78.353,Exempt,Race Not Available,CashOut_Refinance,Principal_Residence,Purchased,44.65,0,6,6
67011,102.0,105000,345000.0,89.0,30%-<36%,White,CashOut_Refinance,Principal_Residence,Originated,67.34,6,4,4
38931,45.0,35000,125000.0,28.0,<20%,White,Other,Principal_Residence,Denied,8.19,0,6,1
71995,60.0,285000,295000.0,96.5,50%-60%,White,Home_Purchase,Principal_Residence,Originated,42.08,4,2,0
43318,95.0,185000,195000.0,78.353,Unknown,Race Not Available,Home_Purchase,Principal_Residence,Purchased,17.17,2,7,1
94776,102.0,35000,555000.0,101.954,20%-<30%,Race Not Available,Other,Principal_Residence,Denied,49.49,6,4,4
93208,39.0,195000,195000.0,78.353,36%-<43%,White,Home_Purchase,Principal_Residence,Originated,7.19,2,7,1
85181,269.0,335000,355000.0,95.0,30%-<36%,White,Home_Purchase,Principal_Residence,Originated,25.12,2,7,1
75683,95.0,265000,405000.0,107.74,Unknown,Race Not Available,Refinance,Investment,Originated,15.82,1,5,3
37613,538.0,1005000,1975000.0,50.63,30%-<36%,Race Not Available,Refinance,Principal_Residence,Originated,12.2,5,3,6
26314,95.0,55000,155000.0,89.893,50%-60%,White,Other,Principal_Residence,Originated,12.34,4,2,0
61675,136.0,215000,215000.0,96.5,43%-<50%,Joint,Home_Purchase,Principal_Residence,Originated,8.82,2,7,1
6648,86.0,175000,315000.0,53.712,36%-<43%,White,Refinance,Principal_Residence,Originated,12.03,0,6,6
53850,288.0,375000,505000.0,75.0,20%-<30%,White,Home_Purchase,Principal_Residence,Originated,20.61,2,7,1
34004,153.0,235000,355000.0,68.04,20%-<30%,White,CashOut_Refinance,Principal_Residence,Originated,45.19,0,6,6
40762,50.0,155000,255000.0,60.0,36%-<43%,Race Not Available,CashOut_Refinance,Principal_Residence,Denied,12.08,0,6,6
90796,76.0,325000,375000.0,78.353,Unknown,White,Refinance,Principal_Residence,Incomplete,48.11,0,6,6
6669,95.0,255000,325000.0,78.353,Unknown,Asian,Home_Purchase,Principal_Residence,Purchased,10.12,2,7,1
56062,76.0,55000,325000.0,40.603,36%-<43%,White,Other,Principal_Residence,Originated,6.97,6,4,4
83019,323.0,585000,725000.0,78.353,Unknown,White,CashOut_Refinance,Principal_Residence,Purchased,14.23,5,6,6
95521,95.0,1115000,1315000.0,72.08,Unknown,Race Not Available,Home_Purchase,Investment,Originated,59.99,1,5,3
86637,92.0,135000,215000.0,62.79,43%-<50%,Race Not Available,CashOut_Refinance,Principal_Residence,Originated,43.68,0,6,6
1864,110.0,355000,375000.0,78.353,Unknown,Race Not Available,CashOut_Refinance,Principal_Residence,Withdrawn,31.42,0,6,6
93252,2.0,215000,375000.0,78.353,Unknown,Black or African American,Refinance,Principal_Residence,Incomplete,16.75,0,6,6
92584,100.0,525000,825000.0,63.182,36%-<43%,Asian,Home_Purchase,Principal_Residence,Originated,9.69,2,7,1
96183,180.0,405000,375000.0,78.353,Unknown,Race Not Available,Refinance,Principal_Residence,Withdrawn,17.3,0,6,6
90100,138.0,305000,295000.0,100.0,43%-<50%,White,Home_Purchase,Principal_Residence,Originated,5.03,3,1,2
42332,93.0,335000,375000.0,78.353,Unknown,Black or African American,Refinance,Principal_Residence,Incomplete,23.35,0,6,6
87142,146.0,745000,765000.0,96.5,43%-<50%,White,Home_Purchase,Principal_Residence,Originated,21.75,2,7,1
53335,70.0,65000,375000.0,74.99,43%-<50%,White,Refinance,Principal_Residence,Originated,34.47,6,4,4
92210,135.0,465000,485000.0,95.0,43%-<50%,Asian,Home_Purchase,Principal_Residence,Denied,8.36,2,7,1
74119,455.0,145000,835000.0,94.166,20%-<30%,White,Other,Principal_Residence,Originated,6.57,5,4,4
8761,72.0,35000,375000.0,78.353,Unknown,Black or African American,Home_Improvement,Principal_Residence,Incomplete,53.94,6,4,4
96301,113.0,165000,515000.0,33.137,<20%,White,CashOut_Refinance,Principal_Residence,Originated,75.4,0,6,6
48363,66.0,105000,335000.0,65.99,43%-<50%,Race Not Available,Home_Improvement,Principal_Residence,Originated,51.89,6,4,4
71735,47.0,135000,135000.0,78.353,43%-<50%,White,Home_Purchase,Principal_Residence,Originated,7.8,3,1,2
23437,263.0,285000,375000.0,78.353,Exempt,White,Home_Purchase,Principal_Residence,Originated,91.64,2,7,5
66806,63.0,165000,175000.0,102.882,43%-<50%,Race Not Available,Home_Purchase,Principal_Residence,Originated,41.0,2,7,5
44868,144.0,465000,625000.0,75.0,30%-<36%,White,Home_Purchase,Investment,Originated,28.74,1,5,3
98045,109.0,505000,375000.0,78.353,Unknown,Black or African American,Home_Purchase,Principal_Residence,Withdrawn,92.77,2,7,5
99903,95.0,125000,235000.0,78.353,Unknown,Race Not Available,Home_Purchase,Principal_Residence,Purchased,17.21,2,7,1
7715,345.0,355000,375000.0,78.353,Unknown,White,Home_Purchase,Principal_Residence,Withdrawn,21.56,5,7,1
79331,74.0,45000,165000.0,88.84,36%-<43%,White,Refinance,Principal_Residence,Originated,39.65,6,4,4
52893,95.0,245000,295000.0,78.353,Unknown,Race Not Available,CashOut_Refinance,Principal_Residence,Purchased,31.3,0,6,6
66968,95.0,55000,325000.0,93.424,43%-<50%,White,Other,Principal_Residence,Originated,21.68,6,4,4
16945,95.0,625000,755000.0,82.667,36%-<43%,Race Not Available,CashOut_Refinance,Principal_Residence,Originated,96.97,0,6,6
24093,71.0,145000,215000.0,66.39,36%-<43%,White,CashOut_Refinance,Investment,Originated,93.68,1,5,3
12367,96.0,85000,365000.0,23.077,20%-<30%,White,Home_Purchase,Second_Residence,Originated,30.6,0,6,1
48229,238.0,35000,455000.0,97.077,<20%,White,Other,Principal_Residence,Denied,25.53,6,4,4
9716,63.0,265000,355000.0,75.0,43%-<50%,White,Home_Purchase,Principal_Residence,Originated,40.3,2,7,5
41545,95.0,585000,645000.0,78.353,Unknown,Race Not Available,Home_Purchase,Principal_Residence,Purchased,44.51,2,7,1
83656,99.0,375000,535000.0,78.353,Unknown,White,Home_Purchase,Principal_Residence,Purchased,30.36,2,7,1
87843,59.0,105000,165000.0,60.651,30%-<36%,White,Refinance,Principal_Residence,Originated,17.31,0,6,6
84411,75.0,275000,375000.0,78.353,Unknown,White,Home_Purchase,Principal_Residence,Withdrawn,16.17,2,7,1
7501,67.0,55000,305000.0,53.205,43%-<50%,Race Not Available,Home_Improvement,Principal_Residence,Originated,25.66,6,4,4
30473,57.0,135000,375000.0,56.52,30%-<36%,White,Home_Purchase,Principal_Residence,Denied,11.4,2,7,1
63865,465.0,555000,375000.0,78.353,Unknown,White,Refinance,Principal_Residence,Incomplete,28.42,5,6,6
15543,69.0,95000,235000.0,43.0,20%-<30%,White,CashOut_Refinance,Principal_Residence,Originated,13.95,0,6,6
91935,84.0,295000,315000.0,95.0,30%-<36%,White,Home_Purchase,Principal_Residence,Originated,29.21,2,7,1
21214,110.0,335000,395000.0,95.0,30%-<36%,White,Home_Purchase,Principal_Residence,Originated,23.72,2,7,1
33686,133.0,55000,465000.0,70.0,30%-<36%,White,CashOut_Refinance,Principal_Residence,Denied,19.72,6,4,4
50553,143.0,325000,395000.0,80.0,36%-<43%,White,CashOut_Refinance,Principal_Residence,Originated,62.06,0,6,6
45793,139.0,205000,375000.0,82.545,30%-<36%,White,Refinance,Principal_Residence,Originated,31.9,6,4,4
54183,197.0,155000,375000.0,78.353,Exempt,Race Not Available,Refinance,Principal_Residence,Originated,65.48,0,6,6
43589,175.0,405000,405000.0,100.0,36%-<43%,2 or more minority races,Home_Purchase,Principal_Residence,Originated,25.6,2,7,1
66566,61.0,95000,375000.0,78.353,Unknown,Race Not Available,CashOut_Refinance,Principal_Residence,Withdrawn,84.15,0,6,6
69922,18.0,65000,85000.0,70.0,30%-<36%,Race Not Available,Refinance,Principal_Residence,Denied,11.33,0,6,6
28306,67.0,135000,135000.0,96.5,43%-<50%,Race Not Available,Home_Purchase,Principal_Residence,Originated,20.54,3,1,2
18289,64.0,95000,175000.0,59.0,36%-<43%,Race Not Available,CashOut_Refinance,Principal_Residence,Originated,90.35,0,6,6
53068,95.0,395000,375000.0,78.353,Unknown,Race Not Available,Home_Purchase,Principal_Residence,Withdrawn,94.0,2,7,5
77597,204.0,225000,275000.0,81.0,<20%,Asian,Home_Purchase,Second_Residence,Originated,53.29,2,7,5
11438,172.0,405000,425000.0,95.0,20%-<30%,Joint,Home_Purchase,Principal_Residence,Originated,18.54,2,7,1
59930,37.0,245000,255000.0,96.5,43%-<50%,Race Not Available,Home_Purchase,Principal_Residence,Originated,81.8,2,7,5
66298,95.0,15000,315000.0,78.353,Unknown,Race Not Available,Home_Purchase,Principal_Residence,Purchased,78.42,6,4,4
42926,67.0,125000,165000.0,78.353,Unknown,White,Home_Purchase,Investment,Purchased,12.51,1,5,3
51852,52.0,15000,165000.0,100.749,36%-<43%,White,Home_Purchase,Principal_Residence,Originated,32.11,6,4,4
58421,210.0,105000,645000.0,47.942,36%-<43%,Race Not Available,Home_Improvement,Principal_Residence,Originated,7.45,6,4,4
40374,120.0,565000,375000.0,78.353,Unknown,Race Not Available,Refinance,Principal_Residence,Incomplete,82.11,0,6,6
21618,179.0,355000,405000.0,87.5,30%-<36%,White,Home_Purchase,Principal_Residence,Originated,36.95,2,7,1
96492,141.0,265000,265000.0,96.5,36%-<43%,White,Home_Purchase,Principal_Residence,Originated,31.73,2,7,1
49463,71.0,45000,215000.0,84.96,20%-<30%,White,Other,Principal_Residence,Originated,28.03,6,4,4
54485,50.0,75000,235000.0,32.609,30%-<36%,White,CashOut_Refinance,Principal_Residence,Originated,55.74,0,6,6
96424,95.0,115000,125000.0,78.353,Unknown,Race Not Available,Home_Purchase,Principal_Residence,Purchased,38.9,2,7,5
12693,187.0,655000,375000.0,78.353,Unknown,Race Not Available,Home_Purchase,Principal_Residence,Withdrawn,24.97,2,7,1
12748,70.0,375000,465000.0,80.0,43%-<50%,Race Not Available,Home_Purchase,Principal_Residence,Originated,62.24,2,7,5
3137,95.0,175000,175000.0,78.353,Unknown,Race Not Available,Home_Purchase,Principal_Residence,Purchased,39.06,2,7,5
54793,146.0,65000,365000.0,72.96,36%-<43%,White,Home_Improvement,Principal_Residence,Originated,23.24,6,4,4
44351,95.0,285000,295000.0,78.353,Unknown,Race Not Available,Home_Purchase,Principal_Residence,Purchased,56.13,2,7,5
30527,87.0,435000,375000.0,78.353,Unknown,Black or African American,Home_Purchase,Principal_Residence,Withdrawn,95.51,2,7,5
16119,80.0,75000,165000.0,47.531,<20%,White,Refinance,Principal_Residence,Originated,14.96,0,6,6
72650,49.0,45000,175000.0,89.302,43%-<50%,White,Other,Principal_Residence,Originated,60.05,6,4,4
8055,95.0,105000,165000.0,78.353,Unknown,Race Not Available,Home_Purchase,Investment,Purchased,68.05,1,5,3
64971,236.0,255000,405000.0,62.5,<20%,White,Home_Improvement,Principal_Residence,Denied,41.09,2,7,5
30483,185.0,305000,355000.0,83.799,30%-<36%,White,Home_Purchase,Principal_Residence,Originated,10.88,2,7,1
21792,124.0,485000,375000.0,78.353,Unknown,White,Home_Purchase,Principal_Residence,Denied,71.23,2,7,5
18758,42.0,575000,375000.0,78.353,Unknown,White,Refinance,Principal_Residence,Withdrawn,17.06,0,6,6
42057,90.0,385000,375000.0,100.0,>60%,Joint,Home_Purchase,Principal_Residence,Originated,53.96,4,2,0
84994,36.0,535000,675000.0,80.0,>60%,Race Not Available,Refinance,Principal_Residence,Denied,26.46,4,2,0
30750,150.0,75000,495000.0,59.72,36%-<43%,White,Home_Improvement,Principal_Residence,Originated,45.01,6,4,4
98356,99.0,15000,375000.0,100.0,43%-<50%,White,Home_Purchase,Principal_Residence,Denied,86.19,2,7,5
65160,160.0,475000,565000.0,85.0,20%-<30%,White,Home_Purchase,Principal_Residence,Originated,18.36,2,7,1
26398,64.0,75000,505000.0,34.877,>60%,White,Refinance,Principal_Residence,Originated,9.0,4,2,0
87406,95.0,65000,435000.0,14.81,Unknown,Race Not Available,Home_Improvement,Investment,Originated,11.24,3,1,2
92581,53.0,175000,185000.0,93.92,30%-<36%,Race Not Available,Home_Purchase,Principal_Residence,Originated,83.01,2,7,5
44469,215.0,475000,375000.0,78.353,Unknown,Race Not Available,Home_Purchase,Principal_Residence,Withdrawn,30.76,2,7,1
72664,68.0,215000,375000.0,58.109,43%-<50%,Black or African American,CashOut_Refinance,Principal_Residence,Denied,59.35,0,6,6
26214,248.0,445000,555000.0,79.09,36%-<43%,Race Not Available,CashOut_Refinance,Principal_Residence,Originated,38.58,0,6,6
8211,255.0,875000,975000.0,90.0,30%-<36%,Race Not Available,Home_Purchase,Principal_Residence,Originated,56.98,2,7,5
17684,272.0,1475000,1885000.0,77.901,50%-60%,White,Home_Purchase,Principal_Residence,Denied,12.93,4,2,0
86143,66.0,145000,345000.0,84.78,>60%,White,Home_Improvement,Principal_Residence,Denied,9.58,4,2,0
13940,986.0,615000,685000.0,90.0,<20%,Race Not Available,Home_Purchase,Principal_Residence,Originated,62.46,5,3,4
80258,88.0,235000,375000.0,78.353,Unknown,Asian,Home_Purchase,Principal_Residence,Withdrawn,25.86,2,7,1
92549,146.0,195000,265000.0,75.0,43%-<50%,White,Refinance,Investment,Originated,55.85,1,5,3
54429,35.0,175000,195000.0,88.2,43%-<50%,Race Not Available,Home_Purchase,Principal_Residence,Originated,61.51,2,7,5
92980,76.0,155000,375000.0,78.353,Unknown,Race Not Available,CashOut_Refinance,Principal_Residence,Withdrawn,21.14,3,1,2
19822,271.0,105000,855000.0,65.588,20%-<30%,White,Other,Principal_Residence,Originated,12.51,6,4,4
18223,127.0,535000,665000.0,80.0,36%-<43%,Asian,Home_Purchase,Principal_Residence,Originated,45.94,2,7,5
67186,787.0,875000,1305000.0,67.038,20%-<30%,White,Refinance,Second_Residence,Originated,14.14,5,3,6
58910,56.0,195000,245000.0,80.0,43%-<50%,White,CashOut_Refinance,Principal_Residence,Originated,16.79,0,6,6
52662,68.0,175000,375000.0,78.353,Unknown,White,Home_Purchase,Principal_Residence,Withdrawn,19.15,2,7,1
56383,306.0,545000,375000.0,78.353,Unknown,White,Home_Purchase,Principal_Residence,Withdrawn,26.52,5,7,1
98648,95.0,365000,385000.0,78.353,Unknown,Race Not Available,Home_Purchase,Principal_Residence,Purchased,60.71,2,7,5
32130,76.0,135000,175000.0,77.647,36%-<43%,White,Home_Purchase,Principal_Residence,Originated,16.75,2,7,1
58332,187.0,155000,375000.0,78.353,<20%,White,Home_Purchase,Principal_Residence,Originated,5.68,3,1,2
30222,145.0,555000,585000.0,95.0,20%-<30%,White,Home_Purchase,Principal_Residence,Originated,30.54,2,7,1
80521,95.0,85000,115000.0,78.353,Unknown,Race Not Available,NotApplicable,Principal_Residence,Purchased,27.22,2,7,1
61718,300.0,55000,335000.0,78.353,Unknown,White,Home_Improvement,Principal_Residence,Denied,91.22,6,4,4
51119,53.0,95000,135000.0,78.353,50%-60%,White,Home_Purchase,Principal_Residence,Denied,18.73,3,1,2
84722,200.0,675000,755000.0,89.5,30%-<36%,Asian,Home_Purchase,Principal_Residence,Approved_NotAccepted,77.8,2,7,5
60845,96.0,125000,305000.0,64.248,30%-<36%,Black or African American,Home_Purchase,Principal_Residence,Denied,97.33,6,4,4
32491,137.0,205000,1545000.0,78.353,Unknown,Asian,Home_Improvement,Principal_Residence,Purchased,68.27,2,7,5
51040,95.0,255000,655000.0,38.11,Unknown,Race Not Available,Refinance,Investment,Originated,29.94,1,5,3
36942,75.0,245000,425000.0,57.224,43%-<50%,White,Refinance,Principal_Residence,Originated,52.99,0,6,6
24281,53.0,195000,375000.0,78.353,Unknown,Black or African American,Home_Purchase,Principal_Residence,Withdrawn,41.4,2,7,1
325,123.0,345000,425000.0,80.0,36%-<43%,White,Home_Purchase,Principal_Residence,Originated,19.72,2,7,1
9879,222.0,545000,575000.0,78.353,Unknown,Joint,Home_Purchase,Principal_Residence,Purchased,86.12,2,7,5
53498,155.0,105000,1105000.0,64.489,36%-<43%,White,Home_Improvement,Principal_Residence,Originated,46.78,6,4,4
25354,46.0,25000,375000.0,78.353,Exempt,White,Home_Improvement,Principal_Residence,Originated,8.29,6,4,4
23447,94.0,365000,385000.0,97.0,36%-<43%,White,Home_Purchase,Principal_Residence,Approved_NotAccepted,83.74,2,7,5
69088,176.0,785000,1005000.0,78.89,43%-<50%,Asian,Refinance,Principal_Residence,Originated,51.23,0,6,6
24623,68.0,365000,395000.0,90.0,36%-<43%,White,Home_Purchase,Principal_Residence,Originated,89.88,2,7,5
65848,76.0,245000,245000.0,100.0,43%-<50%,White,Home_Purchase,Principal_Residence,Originated,69.79,2,7,5
35611,182.0,645000,835000.0,78.353,Unknown,Race Not Available,Home_Purchase,Principal_Residence,Purchased,50.31,2,7,5
2484,63.0,255000,435000.0,58.0,43%-<50%,Black or African American,Other,Principal_Residence,Originated,72.5,2,7,5
95150,130.0,445000,375000.0,78.353,Unknown,Race Not Available,Home_Purchase,Principal_Residence,Withdrawn,34.45,2,7,1
2331,69.0,95000,375000.0,78.353,Unknown,Race Not Available,CashOut_Refinance,Investment,Withdrawn,68.24,1,5,3
1321,166.0,105000,115000.0,95.0,<20%,Race Not Available,Home_Purchase,Principal_Residence,Originated,79.55,3,1,2
41330,211.0,555000,375000.0,78.353,Unknown,Race Not Available,CashOut_Refinance,Principal_Residence,Withdrawn,39.51,0,6,6
53963,95.0,195000,295000.0,78.353,Unknown,Race Not Available,CashOut_Refinance,Investment,Purchased,55.41,1,5,3
36302,150.0,95000,105000.0,96.5,<20%,Race Not Available,Home_Purchase,Principal_Residence,Denied,33.8,2,7,1
38571,39.0,175000,175000.0,78.353,>60%,Black or African American,Home_Purchase,Principal_Residence,Denied,32.67,3,1,2
44584,111.0,205000,205000.0,96.5,20%-<30%,White,Home_Purchase,Principal_Residence,Originated,40.23,2,7,1
43580,58.0,185000,375000.0,78.353,Unknown,White,Home_Purchase,Principal_Residence,Incomplete,84.48,2,7,5
88052,95.0,385000,405000.0,78.353,Unknown,Race Not Available,Home_Purchase,Principal_Residence,Purchased,28.45,2,7,1
13133,165.0,545000,575000.0,94.93,30%-<36%,Asian,Home_Purchase,Principal_Residence,Approved_NotAccepted,36.98,2,7,1
70673,140.0,505000,525000.0,97.0,36%-<43%,Asian,Home_Purchase,Principal_Residence,Originated,80.54,2,7,5
38136,82.0,315000,315000.0,78.353,30%-<36%,White,Home_Purchase,Principal_Residence,Originated,36.07,2,7,1
6819,47.0,215000,235000.0,95.0,43%-<50%,White,Home_Purchase,Principal_Residence,Originated,95.08,2,7,5
2094,16.0,385000,545000.0,78.353,Unknown,Black or African American,Refinance,Principal_Residence,Originated,20.15,0,6,6
58161,72.0,475000,625000.0,77.0,43%-<50%,Race Not Available,Home_Purchase,Principal_Residence,Originated,69.89,2,7,5
76348,287.0,725000,1125000.0,64.44,20%-<30%,White,Home_Purchase,Principal_Residence,Originated,24.78,5,7,1
63465,95.0,115000,175000.0,78.353,Unknown,Race Not Available,Refinance,Investment,Purchased,29.55,1,5,3
28714,128.0,515000,655000.0,79.0,36%-<43%,White,CashOut_Refinance,Principal_Residence,Originated,12.91,0,6,6
43927,95.0,235000,235000.0,78.353,Unknown,Race Not Available,Home_Purchase,Principal_Residence,Purchased,24.45,2,7,1
15216,12.0,195000,365000.0,78.353,Unknown,Race Not Available,Refinance,Principal_Residence,Originated,75.63,0,6,6
98557,58.0,215000,315000.0,67.75,36%-<43%,White,Home_Purchase,Principal_Residence,Originated,20.37,2,7,1
41251,279.0,585000,1255000.0,46.96,20%-<30%,White,Refinance,Principal_Residence,Originated,13.71,0,6,6
49162,191.0,805000,1305000.0,61.53,36%-<43%,Race Not Available,Home_Purchase,Principal_Residence,Denied,19.4,2,7,1
90672,80.0,155000,375000.0,78.353,Unknown,White,Refinance,Principal_Residence,Originated,13.44,0,6,6
72966,42.0,55000,325000.0,61.0,50%-60%,White,Home_Improvement,Principal_Residence,Denied,22.43,4,2,0
74124,95.0,165000,205000.0,78.353,Unknown,Race Not Available,Home_Purchase,Principal_Residence,Purchased,27.92,2,7,1
36494,118.0,235000,255000.0,95.0,30%-<36%,White,Home_Purchase,Principal_Residence,Originated,65.02,2,7,5
79429,105.0,555000,695000.0,79.275,43%-<50%,White,CashOut_Refinance,Principal_Residence,Denied,49.78,0,6,6
1662,72.0,185000,195000.0,78.353,43%-<50%,Black or African American,Home_Purchase,Principal_Residence,Approved_NotAccepted,83.13,3,1,2
78916,100.0,195000,375000.0,78.353,Unknown,White,CashOut_Refinance,Principal_Residence,Incomplete,9.57,0,6,6
19328,27.0,135000,375000.0,78.353,Unknown,American Indian or Alaska Native,CashOut_Refinance,Principal_Residence,Withdrawn,23.19,0,6,6
41364,104.0,105000,465000.0,84.854,43%-<50%,White,Home_Improvement,Principal_Residence,Originated,25.53,6,4,4
5201,54.0,65000,375000.0,78.353,Unknown,Race Not Available,Home_Purchase,Principal_Residence,Incomplete,82.35,3,1,2
717,82.0,65000,375000.0,78.353,Unknown,White,Refinance,Principal_Residence,Withdrawn,21.36,6,4,4
37766,21.0,545000,785000.0,78.353,Unknown,White,Home_Improvement,Principal_Residence,Originated,68.75,2,7,5
60416,95.0,215000,235000.0,95.0,20%-<30%,White,Home_Purchase,Principal_Residence,Originated,7.65,2,7,1
4150,106.0,185000,225000.0,80.0,36%-<43%,White,Home_Purchase,Principal_Residence,Originated,36.68,2,7,1
34811,397.0,1365000,1705000.0,80.0,30%-<36%,Asian,CashOut_Refinance,Principal_Residence,Originated,58.46,5,6,6
837,68.0,185000,375000.0,78.353,Unknown,White,CashOut_Refinance,Principal_Residence,Incomplete,14.04,0,6,6
50565,107.0,385000,915000.0,42.308,43%-<50%,White,CashOut_Refinance,Principal_Residence,Originated,27.37,0,6,6
13659,63.0,205000,175000.0,115.44,30%-<36%,White,Home_Purchase,Principal_Residence,Denied,99.61,2,7,5
45429,444.0,155000,1165000.0,68.676,<20%,Race Not Available,Other,Principal_Residence,Originated,8.41,5,4,4
91112,100.0,375000,375000.0,78.353,Unknown,Race Not Available,Refinance,Principal_Residence,Incomplete,7.93,0,6,6
94441,51.0,185000,205000.0,90.0,36%-<43%,Race Not Available,Home_Purchase,Principal_Residence,Originated,46.61,3,1,2
58345,132.0,55000,605000.0,59.667,36%-<43%,White,Home_Improvement,Principal_Residence,Originated,24.29,6,4,4
56639,82.0,335000,375000.0,78.353,Unknown,White,Home_Purchase,Principal_Residence,Withdrawn,14.05,3,1,2
13458,570.0,505000,1755000.0,28.572,30%-<36%,White,Home_Purchase,Principal_Residence,Originated,46.12,5,3,4
21490,58.0,125000,375000.0,78.353,Unknown,Asian,Home_Purchase,Principal_Residence,Withdrawn,25.68,2,7,1
46644,63.0,225000,235000.0,78.353,Unknown,White,Home_Purchase,Principal_Residence,Purchased,14.93,2,7,1
94632,59.0,325000,405000.0,80.0,36%-<43%,White,CashOut_Refinance,Principal_Residence,Denied,73.47,0,6,6
89503,103.0,415000,515000.0,80.0,36%-<43%,Joint,Home_Purchase,Principal_Residence,Originated,91.38,2,7,5
20341,95.0,14005000,22355000.0,62.64,Unknown,Race Not Available,Home_Purchase,Investment,Originated,42.8,1,5,3
23497,16.0,115000,155000.0,72.785,50%-60%,White,Home_Improvement,Principal_Residence,Denied,10.84,4,2,0
7579,151.0,455000,455000.0,100.0,43%-<50%,White,Home_Purchase,Principal_Residence,Originated,46.14,2,7,1
12396,79.0,175000,175000.0,78.353,50%-60%,Joint,Home_Purchase,Principal_Residence,Originated,66.03,3,1,2
28070,117.0,155000,605000.0,76.13,>60%,Race Not Available,Other,Investment,Denied,21.06,1,5,3
20857,31.0,55000,375000.0,78.353,Unknown,White,CashOut_Refinance,Principal_Residence,Withdrawn,60.18,0,6,6
25527,138.0,295000,375000.0,78.353,Unknown,White,Refinance,Principal_Residence,Withdrawn,56.7,0,6,6
40695,95.0,155000,375000.0,78.353,Unknown,Black or African American,Refinance,Principal_Residence,Incomplete,85.43,0,6,6
50017,26.0,25000,305000.0,8.33,>60%,White,Home_Improvement,Principal_Residence,Denied,95.84,4,2,0
3687,176.0,305000,375000.0,78.353,Unknown,Race Not Available,CashOut_Refinance,Principal_Residence,Incomplete,48.52,0,6,6
62876,156.0,85000,145000.0,60.34,<20%,Race Not Available,Refinance,Principal_Residence,Denied,0.0,0,7,6
22546,60.0,135000,375000.0,78.353,Unknown,Race Not Available,Refinance,Principal_Residence,Withdrawn,22.66,0,6,6
73340,123.0,235000,475000.0,50.0,30%-<36%,White,Refinance,Principal_Residence,Originated,10.47,0,6,6
22922,95.0,405000,605000.0,78.353,Unknown,Race Not Available,Home_Purchase,Principal_Residence,Purchased,4.78,2,7,1
59036,110.0,65000,395000.0,107.516,50%-60%,White,Other,Principal_Residence,Denied,27.93,4,2,0
78759,219.0,285000,405000.0,70.0,30%-<36%,White,Home_Purchase,Second_Residence,Originated,26.74,2,7,1
11796,155.0,235000,375000.0,78.353,Unknown,White,Refinance,Principal_Residence,Withdrawn,65.42,0,6,6
46432,95.0,455000,505000.0,90.0,36%-<43%,White,Refinance,Principal_Residence,Originated,25.69,0,6,6
12314,69.0,565000,595000.0,95.0,36%-<43%,White,Home_Purchase,Principal_Residence,Originated,21.43,2,7,1
86966,134.0,55000,465000.0,79.645,43%-<50%,White,Other,Principal_Residence,Originated,21.59,6,4,4
2581,95.0,785000,1455000.0,53.608,Unknown,White,CashOut_Refinance,Principal_Residence,Originated,36.09,0,6,6
52520,53.0,325000,375000.0,78.353,Unknown,Race Not Available,CashOut_Refinance,Principal_Residence,Withdrawn,19.23,0,6,6
53539,128.0,305000,375000.0,78.353,Unknown,Race Not Available,CashOut_Refinance,Investment,Incomplete,27.41,1,5,3
95427,38.0,105000,375000.0,78.353,Unknown,Black or African American,CashOut_Refinance,Principal_Residence,Withdrawn,97.66,0,6,6
14362,80.0,375000,465000.0,80.0,43%-<50%,White,Home_Purchase,Principal_Residence,Originated,47.08,2,7,1
24962,28.0,35000,255000.0,69.965,43%-<50%,White,Home_Improvement,Principal_Residence,Originated,17.33,6,4,4
45301,95.0,265000,275000.0,78.353,Unknown,Race Not Available,Home_Purchase,Principal_Residence,Purchased,27.57,2,7,1
50446,65.0,35000,185000.0,20.0,<20%,White,Other,Principal_Residence,Denied,7.94,0,6,1
60964,77.0,105000,375000.0,78.353,20%-<30%,Native Hawaiian or Other Pacific Islander,Other,Principal_Residence,Denied,60.24,6,4,4
35676,22.0,25000,175000.0,85.16,>60%,White,Home_Improvement,Principal_Residence,Denied,29.17,4,2,0
20256,100.0,165000,225000.0,76.364,36%-<43%,White,CashOut_Refinance,Principal_Residence,Originated,41.01,0,6,6
14503,62.0,305000,325000.0,104.22,43%-<50%,American Indian or Alaska Native,Home_Purchase,Principal_Residence,Originated,75.88,2,7,5
35757,55.0,345000,425000.0,80.0,43%-<50%,White,Home_Purchase,Principal_Residence,Originated,54.24,2,7,5
88767,190.0,365000,375000.0,78.353,Unknown,White,CashOut_Refinance,Principal_Residence,Withdrawn,19.11,0,6,6
47855,95.0,145000,195000.0,78.353,Unknown,Race Not Available,Home_Purchase,Investment,Purchased,43.28,1,5,3
4958,34.0,115000,125000.0,96.5,36%-<43%,White,Home_Purchase,Principal_Residence,Originated,18.49,2,7,1
56407,57.0,25000,465000.0,79.987,>60%,White,Home_Improvement,Principal_Residence,Denied,29.24,4,2,0
65649,60.0,195000,215000.0,95.0,36%-<43%,White,Home_Purchase,Principal_Residence,Originated,95.9,2,7,5
32735,104.0,405000,455000.0,89.0,36%-<43%,White,Home_Purchase,Principal_Residence,Originated,21.72,2,7,1
34129,84.0,15000,655000.0,66.7,43%-<50%,White,Home_Improvement,Principal_Residence,Originated,14.51,6,4,4
94602,134.0,375000,815000.0,46.296,20%-<30%,White,Refinance,Principal_Residence,Originated,20.56,0,6,6
17769,219.0,745000,935000.0,80.0,36%-<43%,Asian,Home_Purchase,Principal_Residence,Originated,52.48,2,7,5
27469,65.0,255000,535000.0,78.353,Unknown,Black or African American,Refinance,Principal_Residence,Originated,59.55,0,6,6
33874,75.0,65000,65000.0,103.333,20%-<30%,White,Home_Purchase,Principal_Residence,Denied,19.61,3,1,2
54888,50.0,175000,185000.0,96.5,50%-60%,Black or African American,Home_Purchase,Principal_Residence,Originated,90.37,4,2,0
98157,54.0,55000,655000.0,12.5,20%-<30%,White,Refinance,Principal_Residence,Originated,11.4,0,6,6
21552,40.0,185000,375000.0,78.353,Unknown,White,CashOut_Refinance,Principal_Residence,Incomplete,18.41,0,6,6
72736,111.0,315000,375000.0,78.353,Unknown,White,CashOut_Refinance,Investment,Withdrawn,83.42,1,5,3
7425,32.0,145000,145000.0,100.395,43%-<50%,White,Home_Purchase,Principal_Residence,Originated,36.09,2,7,1
91314,95.0,195000,225000.0,78.353,Unknown,Race Not Available,Home_Purchase,Principal_Residence,Purchased,19.12,2,7,1
61436,134.0,125000,175000.0,75.0,30%-<36%,White,Home_Purchase,Investment,Originated,37.51,1,5,3
92258,63.0,205000,255000.0,80.0,43%-<50%,Race Not Available,CashOut_Refinance,Principal_Residence,Originated,7.41,3,1,2
84832,84.0,205000,335000.0,61.821,20%-<30%,White,Refinance,Principal_Residence,Originated,6.38,0,6,6
96630,53.0,115000,115000.0,78.353,50%-60%,White,Home_Purchase,Principal_Residence,Denied,30.99,3,1,2
48725,95.0,235000,575000.0,78.353,Unknown,Race Not Available,Refinance,Principal_Residence,Purchased,35.08,0,6,6
16853,72.0,105000,595000.0,16.82,20%-<30%,White,CashOut_Refinance,Principal_Residence,Originated,14.92,0,6,6
29547,374.0,515000,685000.0,75.0,<20%,Race Not Available,CashOut_Refinance,Principal_Residence,Originated,15.76,5,6,6
58550,67.0,255000,325000.0,80.0,30%-<36%,White,Home_Purchase,Principal_Residence,Originated,13.11,2,7,1
75662,32.0,45000,375000.0,78.353,Exempt,Race Not Available,Home_Purchase,Principal_Residence,Denied,9.26,2,7,1
68108,95.0,225000,375000.0,78.353,Unknown,Race Not Available,Home_Purchase,Principal_Residence,Purchased,29.94,3,1,2
61704,61.0,165000,285000.0,57.895,20%-<30%,White,CashOut_Refinance,Principal_Residence,Originated,74.61,0,6,6
25810,95.0,545000,585000.0,78.353,Unknown,Race Not Available,Home_Purchase,Principal_Residence,Purchased,46.04,2,7,5
81825,138.0,355000,375000.0,95.0,30%-<36%,White,Home_Purchase,Principal_Residence,Originated,10.14,2,7,1
45995,212.0,835000,815000.0,100.0,43%-<50%,Race Not Available,Home_Purchase,Principal_Residence,Originated,53.17,2,7,5
10627,87.0,165000,375000.0,78.353,Unknown,Black or African American,Home_Purchase,Principal_Residence,Withdrawn,42.02,2,7,5
57004,379.0,495000,625000.0,78.353,Unknown,Race Not Available,Home_Purchase,Second_Residence,Purchased,5.4,5,7,1
50504,95.0,255000,255000.0,78.353,Unknown,Race Not Available,Home_Purchase,Principal_Residence,Purchased,81.66,2,7,5
40258,70.0,145000,275000.0,52.0,20%-<30%,White,CashOut_Refinance,Principal_Residence,Approved_NotAccepted,18.04,0,6,6
96224,49.0,755000,375000.0,78.353,Unknown,Race Not Available,Refinance,Principal_Residence,Incomplete,0.0,0,7,6
42558,126.0,475000,375000.0,78.353,Unknown,White,Refinance,Second_Residence,Withdrawn,46.83,0,6,6
14306,160.0,95000,405000.0,89.3,30%-<36%,Race Not Available,Other,Principal_Residence,Originated,29.19,6,4,4
13506,84.0,295000,565000.0,52.0,30%-<36%,White,Refinance,Principal_Residence,Originated,10.29,0,6,6
32257,390.0,635000,1255000.0,50.28,20%-<30%,Race Not Available,Refinance,Second_Residence,Originated,7.04,5,6,6
36249,85.0,335000,375000.0,78.353,Unknown,White,CashOut_Refinance,Principal_Residence,Withdrawn,16.08,0,6,6
31538,150.0,105000,375000.0,78.353,Unknown,White,Other,Principal_Residence,Withdrawn,56.72,6,4,4
77018,57.0,245000,255000.0,95.0,43%-<50%,Black or African American,Home_Purchase,Principal_Residence,Originated,62.83,2,7,5
42055,128.0,605000,1255000.0,48.0,50%-60%,White,Home_Purchase,Principal_Residence,Denied,18.22,4,2,0
70459,157.0,375000,375000.0,78.353,Unknown,White,Home_Purchase,Principal_Residence,Withdrawn,28.77,2,7,1
33015,221.0,755000,1965000.0,63.53,50%-60%,White,Refinance,Principal_Residence,Originated,57.71,4,2,0
76790,103.0,195000,505000.0,79.703,43%-<50%,Race Not Available,Home_Improvement,Investment,Originated,90.31,1,5,3
57558,98.0,65000,215000.0,84.186,36%-<43%,White,Other,Principal_Residence,Originated,57.74,6,4,4
77252,55.0,235000,335000.0,70.0,36%-<43%,Asian,Home_Purchase,Principal_Residence,Originated,31.01,2,7,1
61288,97.0,215000,205000.0,100.529,30%-<36%,White,Home_Purchase,Principal_Residence,Originated,39.71,2,7,1
70702,27.0,175000,185000.0,94.444,36%-<43%,American Indian or Alaska Native,Refinance,Principal_Residence,Denied,94.15,0,6,6
1425,445.0,455000,375000.0,78.353,Unknown,Race Not Available,Home_Improvement,Principal_Residence,Incomplete,30.11,5,3,1
55400,187.0,95000,175000.0,51.136,36%-<43%,White,CashOut_Refinance,Principal_Residence,Originated,25.14,0,6,6
38996,162.0,305000,615000.0,95.0,36%-<43%,White,Home_Purchase,Principal_Residence,Originated,23.29,6,4,4
55139,49.0,65000,85000.0,80.0,43%-<50%,White,Home_Purchase,Investment,Originated,42.88,1,5,3
98757,60.0,285000,375000.0,78.353,Unknown,White,Home_Purchase,Principal_Residence,Withdrawn,20.58,2,7,1
43095,199.0,145000,765000.0,79.993,20%-<30%,Asian,CashOut_Refinance,Principal_Residence,Originated,27.7,6,4,4
77318,212.0,855000,1295000.0,65.511,36%-<43%,White,Home_Purchase,Principal_Residence,Originated,39.71,2,7,1
55228,100.0,275000,375000.0,78.353,Unknown,White,CashOut_Refinance,Principal_Residence,Withdrawn,12.38,0,6,6
39974,64.0,235000,235000.0,100.0,36%-<43%,Asian,Home_Purchase,Principal_Residence,Originated,33.51,2,7,1
72700,95.0,205000,235000.0,78.353,Unknown,Race Not Available,Home_Purchase,Principal_Residence,Purchased,96.85,2,7,5
21953,170.0,415000,375000.0,78.353,Unknown,Race Not Available,Home_Purchase,Principal_Residence,Withdrawn,13.88,2,7,1
6374,86.0,275000,375000.0,73.333,20%-<30%,White,Home_Purchase,Principal_Residence,Originated,4.53,2,7,1
8144,94.0,165000,175000.0,95.0,30%-<36%,Asian,Home_Purchase,Principal_Residence,Originated,67.94,2,7,5
43824,514.0,485000,1245000.0,39.4,30%-<36%,White,Home_Purchase,Principal_Residence,Originated,7.05,5,3,1
61406,115.0,55000,585000.0,60.64,20%-<30%,White,Home_Improvement,Principal_Residence,Originated,18.06,6,4,4
68567,78.0,155000,525000.0,29.654,20%-<30%,White,CashOut_Refinance,Principal_Residence,Originated,41.34,0,6,6
13416,277.0,145000,195000.0,75.0,20%-<30%,Asian,Home_Purchase,Investment,Originated,31.95,1,5,3
76065,149.0,305000,1205000.0,82.6,43%-<50%,White,Other,Principal_Residence,Denied,38.37,6,4,4
82981,117.0,115000,275000.0,41.0,<20%,White,Refinance,Principal_Residence,Originated,19.18,0,6,6
37263,66.0,85000,105000.0,79.66,20%-<30%,White,Home_Improvement,Principal_Residence,Originated,4.57,2,7,1
77126,53.0,195000,205000.0,97.0,36%-<43%,White,Home_Purchase,Principal_Residence,Originated,40.27,2,7,1
15941,90.0,415000,565000.0,74.245,43%-<50%,White,CashOut_Refinance,Principal_Residence,Originated,28.39,0,6,6
9750,131.0,75000,945000.0,67.82,43%-<50%,Joint,Home_Improvement,Principal_Residence,Originated,56.69,6,4,4
44264,95.0,375000,375000.0,78.353,Unknown,Race Not Available,Home_Purchase,Principal_Residence,Purchased,11.75,3,1,2
52223,95.0,265000,265000.0,78.353,Unknown,Race Not Available,Home_Purchase,Principal_Residence,Purchased,28.04,2,7,1
27937,82.0,205000,285000.0,74.286,20%-<30%,White,Refinance,Principal_Residence,Originated,28.79,0,6,6
92266,92.0,495000,375000.0,78.353,Unknown,Black or African American,CashOut_Refinance,Principal_Residence,Withdrawn,63.35,0,6,6
18806,120.0,415000,375000.0,78.353,Unknown,White,CashOut_Refinance,Principal_Residence,Withdrawn,40.1,0,6,6
23103,187.0,255000,325000.0,80.0,20%-<30%,White,CashOut_Refinance,Principal_Residence,Denied,47.33,0,6,6
58701,108.0,145000,415000.0,34.146,20%-<30%,Race Not Available,Home_Improvement,Principal_Residence,Originated,57.81,2,6,5
25510,136.0,155000,205000.0,75.0,43%-<50%,Race Not Available,Home_Purchase,Investment,Originated,31.88,1,5,3
57909,80.0,105000,275000.0,58.761,43%-<50%,Race Not Available,Other,Principal_Residence,Originated,43.08,6,4,4
18839,95.0,325000,335000.0,78.353,Unknown,Race Not Available,Home_Purchase,Principal_Residence,Purchased,97.25,2,7,5
36369,242.0,385000,375000.0,100.0,20%-<30%,White,Home_Purchase,Principal_Residence,Originated,34.06,2,7,1
22882,92.0,45000,375000.0,78.353,Unknown,White,Home_Improvement,Principal_Residence,Incomplete,30.52,6,4,4
490,55.0,175000,335000.0,53.03,43%-<50%,White,CashOut_Refinance,Investment,Originated,44.34,1,5,3
91575,73.0,265000,375000.0,69.333,30%-<36%,Race Not Available,CashOut_Refinance,Principal_Residence,Originated,16.74,0,6,6
84638,86.0,185000,255000.0,75.0,30%-<36%,White,CashOut_Refinance,Investment,Denied,45.69,1,5,3
76426,120.0,65000,445000.0,62.028,36%-<43%,Race Not Available,Home_Improvement,Principal_Residence,Originated,90.93,6,4,4
71992,109.0,155000,185000.0,85.0,20%-<30%,White,Refinance,Principal_Residence,Denied,7.49,0,6,6
2429,19.0,35000,125000.0,27.47,43%-<50%,White,Home_Improvement,Principal_Residence,Originated,31.67,0,6,1
78546,22.0,565000,375000.0,78.353,Unknown,White,Home_Purchase,Principal_Residence,Incomplete,8.78,2,7,1
37789,93.0,335000,345000.0,78.353,Unknown,Race Not Available,Home_Purchase,Principal_Residence,Purchased,43.13,2,7,5
79669,95.0,575000,825000.0,70.0,<20%,Black or African American,Home_Purchase,Investment,Originated,40.33,1,5,3
60874,31.0,145000,285000.0,50.53,36%-<43%,White,Other,Principal_Residence,Originated,53.66,2,6,5
33485,115.0,265000,475000.0,78.561,36%-<43%,White,Home_Purchase,Principal_Residence,Approved_NotAccepted,61.62,6,4,4
80064,34.0,25000,25000.0,78.353,>60%,Race Not Available,Home_Purchase,Principal_Residence,Denied,12.52,3,1,2
2477,127.0,335000,345000.0,96.5,36%-<43%,White,Home_Purchase,Principal_Residence,Originated,20.56,2,7,1
79120,33.0,175000,375000.0,78.353,36%-<43%,White,Home_Purchase,Principal_Residence,Preapproval_Denied,0.0,2,7,1
59314,169.0,335000,455000.0,73.978,30%-<36%,Race Not Available,Refinance,Principal_Residence,Originated,21.98,0,6,6
32319,107.0,205000,605000.0,33.333,>60%,Race Not Available,Home_Improvement,Principal_Residence,Denied,6.21,4,2,0
92721,800.0,815000,1405000.0,57.857,20%-<30%,White,Refinance,Second_Residence,Originated,20.5,5,3,6
39093,14.0,45000,395000.0,89.993,>60%,White,Home_Improvement,Principal_Residence,Denied,55.41,4,2,0
7176,36.0,145000,155000.0,97.0,36%-<43%,White,Home_Purchase,Principal_Residence,Originated,55.83,2,7,5
35943,148.0,95000,375000.0,78.353,Unknown,White,Home_Purchase,Principal_Residence,Incomplete,11.9,3,1,2
60216,230.0,715000,1085000.0,90.0,36%-<43%,Race Not Available,Home_Purchase,Principal_Residence,Originated,27.42,2,7,1
54819,34.0,55000,565000.0,30.89,>60%,White,Other,Principal_Residence,Denied,30.45,4,2,0
84557,93.0,475000,675000.0,70.0,36%-<43%,Race Not Available,CashOut_Refinance,Principal_Residence,Originated,97.84,0,6,6
61309,53.0,85000,235000.0,35.522,36%-<43%,Black or African American,Refinance,Principal_Residence,Originated,81.57,0,6,6
11227,67.0,235000,405000.0,58.25,43%-<50%,White,CashOut_Refinance,Principal_Residence,Denied,5.61,0,6,6
3386,45.0,165000,175000.0,98.188,36%-<43%,White,Home_Purchase,Principal_Residence,Originated,21.41,3,1,2
8222,51.0,155000,305000.0,53.0,43%-<50%,Race Not Available,Refinance,Principal_Residence,Originated,40.98,0,6,6
48266,80.0,365000,585000.0,61.538,43%-<50%,White,Home_Purchase,Principal_Residence,Originated,52.68,2,6,5
5786,95.0,9005000,17195000.0,52.36,Unknown,Race Not Available,CashOut_Refinance,Investment,Originated,34.43,1,5,3
51734,42.0,175000,265000.0,78.353,Unknown,Race Not Available,CashOut_Refinance,Principal_Residence,Purchased,49.72,0,6,6
57310,151.0,135000,175000.0,80.0,<20%,White,Refinance,Principal_Residence,Originated,12.06,6,4,4
67202,58.0,385000,485000.0,80.0,>60%,Black or African American,Home_Purchase,Principal_Residence,Denied,21.81,4,2,0
41693,346.0,1785000,375000.0,78.353,Unknown,Race Not Available,Home_Purchase,Principal_Residence,Withdrawn,25.27,5,7,1
28231,28.0,15000,55000.0,79.893,36%-<43%,Black or African American,Home_Improvement,Principal_Residence,Originated,73.33,6,4,4
8500,77.0,205000,205000.0,96.5,43%-<50%,Joint,Home_Purchase,Principal_Residence,Originated,81.17,2,7,5
41516,88.0,305000,375000.0,78.353,Exempt,White,CashOut_Refinance,Principal_Residence,Approved_NotAccepted,6.24,0,6,6
28383,145.0,545000,375000.0,78.353,Unknown,White,CashOut_Refinance,Principal_Residence,Incomplete,22.92,0,6,6
53860,95.0,615000,645000.0,78.353,Unknown,Race Not Available,Home_Purchase,Principal_Residence,Purchased,25.73,2,7,1
48381,168.0,75000,375000.0,78.353,30%-<36%,White,Home_Improvement,Principal_Residence,Denied,11.99,6,4,4
42239,107.0,105000,375000.0,78.353,Unknown,Race Not Available,CashOut_Refinance,Principal_Residence,Withdrawn,80.53,0,6,6
59580,84.0,405000,375000.0,78.353,Unknown,Asian,Home_Improvement,Principal_Residence,Incomplete,50.25,2,7,5
42360,39.0,165000,275000.0,59.0,36%-<43%,White,CashOut_Refinance,Principal_Residence,Originated,10.47,0,6,6
84359,46.0,45000,55000.0,94.68,30%-<36%,Black or African American,Home_Purchase,Principal_Residence,Originated,22.96,2,7,1
37310,61.0,205000,255000.0,80.0,43%-<50%,White,Home_Purchase,Principal_Residence,Originated,66.53,2,7,5
76656,60.0,125000,225000.0,56.82,43%-<50%,White,CashOut_Refinance,Principal_Residence,Originated,17.08,0,6,6
54304,116.0,215000,265000.0,80.0,20%-<30%,Race Not Available,CashOut_Refinance,Principal_Residence,Originated,92.67,0,6,6
59275,95.0,265000,265000.0,78.353,Unknown,Race Not Available,Home_Purchase,Principal_Residence,Purchased,55.83,2,7,5
65639,95.0,135000,375000.0,78.353,Unknown,Black or African American,Home_Purchase,Principal_Residence,Denied,0.0,3,1,2
5819,97.0,375000,375000.0,96.5,50%-60%,White,Home_Purchase,Principal_Residence,Originated,41.37,4,2,0
99177,88.0,165000,375000.0,78.353,Unknown,White,Home_Purchase,Principal_Residence,Withdrawn,14.45,2,7,1
69163,101.0,55000,375000.0,78.353,36%-<43%,Black or African American,Other,Principal_Residence,Denied,71.83,6,4,4
59627,95.0,75000,885000.0,78.353,Unknown,Race Not Available,CashOut_Refinance,Principal_Residence,Purchased,97.43,6,4,4
31113,252.0,255000,765000.0,32.895,50%-60%,White,Refinance,Principal_Residence,Originated,12.36,4,3,0
13259,53.0,265000,275000.0,96.5,50%-60%,Black or African American,Home_Purchase,Principal_Residence,Originated,31.87,4,2,0
21998,95.0,365000,385000.0,78.353,Unknown,Race Not Available,Home_Purchase,Principal_Residence,Purchased,40.45,2,7,1
94736,111.0,275000,275000.0,96.5,50%-60%,Joint,Home_Purchase,Principal_Residence,Denied,46.62,4,2,0
34730,95.0,105000,165000.0,78.353,Unknown,Race Not Available,Refinance,Principal_Residence,Purchased,10.86,0,6,6
25084,928.0,375000,465000.0,80.0,<20%,White,Home_Purchase,Principal_Residence,Originated,16.79,5,3,4
83982,1518.0,455000,375000.0,78.353,<20%,White,CashOut_Refinance,Principal_Residence,Originated,19.38,5,3,6
8409,72.0,145000,175000.0,80.0,30%-<36%,White,Home_Purchase,Principal_Residence,Originated,47.16,2,7,1
11100,46.0,85000,115000.0,73.182,30%-<36%,White,Refinance,Principal_Residence,Originated,32.47,0,6,6
2623,64.0,15000,285000.0,86.981,20%-<30%,White,Refinance,Principal_Residence,Originated,5.16,6,4,4
93285,126.0,305000,405000.0,75.309,20%-<30%,White,Home_Purchase,Principal_Residence,Originated,19.26,2,7,1
98985,115.0,155000,415000.0,74.029,43%-<50%,White,Refinance,Principal_Residence,Originated,13.81,6,4,4
57845,95.0,285000,285000.0,78.353,Unknown,Race Not Available,Home_Purchase,Principal_Residence,Purchased,30.98,2,7,1
87275,95.0,175000,255000.0,78.353,Unknown,Race Not Available,CashOut_Refinance,Principal_Residence,Purchased,11.4,0,6,6
8472,103.0,505000,535000.0,95.0,43%-<50%,White,Home_Purchase,Principal_Residence,Originated,17.24,2,7,1
24896,120.0,245000,345000.0,71.09,20%-<30%,White,Home_Purchase,Principal_Residence,Originated,22.26,2,7,1
56813,233.0,645000,865000.0,74.971,20%-<30%,White,Home_Purchase,Principal_Residence,Originated,9.56,2,7,1
63153,97.0,155000,305000.0,52.0,20%-<30%,White,CashOut_Refinance,Principal_Residence,Originated,74.46,0,6,6
80870,196.0,515000,375000.0,78.353,Unknown,White,Home_Purchase,Principal_Residence,Withdrawn,32.07,2,7,1
90919,78.0,55000,515000.0,77.57,43%-<50%,White,Home_Improvement,Principal_Residence,Originated,14.74,6,4,4
38693,122.0,215000,375000.0,78.353,Unknown,White,Home_Purchase,Principal_Residence,Withdrawn,45.79,2,7,5
86826,60.0,235000,375000.0,78.353,Unknown,White,CashOut_Refinance,Principal_Residence,Withdrawn,9.68,0,6,6
69145,180.0,445000,455000.0,97.0,20%-<30%,Black or African American,Home_Purchase,Principal_Residence,Denied,86.14,2,7,5
51036,95.0,335000,335000.0,78.353,Unknown,Race Not Available,Home_Purchase,Principal_Residence,Purchased,14.29,2,7,1
25601,73.0,145000,175000.0,80.0,30%-<36%,Black or African American,CashOut_Refinance,Principal_Residence,Originated,72.83,0,6,6
57631,79.0,265000,355000.0,75.0,36%-<43%,White,Refinance,Principal_Residence,Approved_NotAccepted,19.93,0,6,6
81577,95.0,345000,355000.0,78.353,Unknown,Race Not Available,Home_Purchase,Principal_Residence,Purchased,45.94,2,7,5
61210,90.0,325000,375000.0,78.353,Unknown,Race Not Available,Home_Purchase,Principal_Residence,Purchased,96.51,2,7,5
81856,35.0,95000,375000.0,78.353,Unknown,Black or African American,CashOut_Refinance,Principal_Residence,Denied,32.24,0,6,6
1526,48.0,45000,265000.0,78.1,43%-<50%,Race Not Available,Other,Principal_Residence,Denied,50.25,6,4,4
68785,84.0,175000,175000.0,94.441,30%-<36%,White,Home_Purchase,Principal_Residence,Originated,6.48,3,1,2
36575,95.0,215000,375000.0,78.353,Unknown,White,Refinance,Principal_Residence,Incomplete,12.32,0,6,6
38548,38.0,35000,465000.0,6.5,36%-<43%,White,Other,Principal_Residence,Denied,34.45,0,6,1
11349,155.0,445000,555000.0,80.0,36%-<43%,White,Home_Purchase,Principal_Residence,Originated,21.89,2,7,1
67692,61.0,315000,325000.0,96.5,50%-60%,White,Home_Purchase,Principal_Residence,Denied,74.24,4,2,0
42843,51.0,255000,325000.0,78.531,50%-60%,White,Home_Purchase,Principal_Residence,Originated,85.88,4,2,0
69802,95.0,285000,295000.0,78.353,Unknown,Race Not Available,Home_Purchase,Principal_Residence,Purchased,35.2,2,7,1
51539,136.0,415000,545000.0,75.13,30%-<36%,Black or African American,CashOut_Refinance,Principal_Residence,Denied,27.19,0,6,6
3876,155.0,525000,615000.0,85.0,36%-<43%,White,Home_Purchase,Principal_Residence,Originated,19.52,2,7,1
19106,373.0,1035000,1155000.0,89.57,30%-<36%,Joint,Home_Purchase,Principal_Residence,Denied,35.0,5,7,1
28664,168.0,265000,505000.0,53.36,20%-<30%,White,CashOut_Refinance,Principal_Residence,Denied,42.58,0,6,6
55848,83.0,295000,375000.0,80.0,43%-<50%,White,Home_Purchase,Principal_Residence,Originated,60.58,2,7,5
79294,295.0,145000,1645000.0,79.58,30%-<36%,White,Home_Purchase,Principal_Residence,Originated,16.68,6,4,4
21684,31.0,55000,375000.0,78.353,Unknown,White,Home_Purchase,Principal_Residence,Incomplete,25.31,3,1,2
33702,65.0,225000,245000.0,95.0,30%-<36%,White,Home_Purchase,Principal_Residence,Originated,12.24,2,7,1
70373,48.0,175000,175000.0,100.423,20%-<30%,White,Home_Purchase,Principal_Residence,Originated,23.57,2,7,1
99991,130.0,555000,585000.0,95.0,43%-<50%,Race Not Available,Home_Purchase,Principal_Residence,Originated,22.67,2,7,1
1290,165.0,485000,375000.0,78.353,Unknown,White,Home_Purchase,Principal_Residence,Incomplete,8.85,2,7,1
82625,115.0,365000,435000.0,82.38,43%-<50%,Race Not Available,Home_Purchase,Principal_Residence,Originated,36.15,2,7,1
82723,235.0,105000,295000.0,35.79,<20%,White,Refinance,Principal_Residence,Originated,54.98,0,6,6
35185,103.0,65000,385000.0,17.662,43%-<50%,Race Not Available,CashOut_Refinance,Investment,Originated,89.19,1,5,3
18540,93.0,395000,425000.0,95.0,36%-<43%,White,Home_Purchase,Principal_Residence,Originated,28.04,2,7,1
37196,95.0,55000,375000.0,78.353,Unknown,Black or African American,Home_Improvement,Principal_Residence,Withdrawn,78.61,6,4,4
30451,123.0,305000,305000.0,100.0,43%-<50%,White,Home_Purchase,Principal_Residence,Originated,12.33,2,7,1
12451,40.0,85000,235000.0,34.707,36%-<43%,Asian,Other,Principal_Residence,Originated,46.04,0,6,5
1338,117.0,655000,735000.0,90.0,36%-<43%,Asian,Home_Purchase,Principal_Residence,Originated,31.11,2,7,1
58609,428.0,485000,575000.0,85.0,20%-<30%,Race Not Available,Home_Purchase,Second_Residence,Originated,43.7,5,7,5
75536,63.0,285000,285000.0,100.0,43%-<50%,White,Home_Purchase,Principal_Residence,Originated,62.06,2,7,5
72091,126.0,105000,375000.0,78.353,Exempt,Asian,Home_Purchase,Principal_Residence,Denied,63.33,2,7,5
14954,64.0,175000,205000.0,85.0,20%-<30%,White,CashOut_Refinance,Principal_Residence,Denied,54.13,0,6,6
74266,77.0,45000,375000.0,78.353,Exempt,Asian,Other,Principal_Residence,Originated,84.37,6,4,4
42545,107.0,165000,375000.0,78.353,Unknown,White,Home_Purchase,Principal_Residence,Withdrawn,52.58,2,7,1
66846,227.0,145000,245000.0,70.51,20%-<30%,White,Home_Improvement,Principal_Residence,Originated,59.85,6,4,4
13234,250.0,485000,965000.0,78.353,Unknown,White,Home_Purchase,Principal_Residence,Purchased,33.75,2,7,1
48006,56.0,295000,325000.0,90.0,36%-<43%,White,Home_Purchase,Principal_Residence,Originated,76.14,2,7,5
3178,8.0,465000,675000.0,70.0,43%-<50%,White,CashOut_Refinance,Principal_Residence,Originated,98.93,0,6,6
4835,95.0,425000,475000.0,88.374,50%-60%,White,Home_Purchase,Principal_Residence,Denied,11.22,4,2,0
91250,95.0,215000,205000.0,78.353,Unknown,Race Not Available,Home_Purchase,Principal_Residence,Purchased,37.51,2,7,1
30791,80.0,45000,425000.0,79.98,43%-<50%,White,Other,Principal_Residence,Originated,40.24,6,4,4
68516,95.0,245000,245000.0,78.353,Unknown,Race Not Available,Home_Purchase,Principal_Residence,Purchased,10.77,2,7,1
36470,15.0,125000,385000.0,78.353,Unknown,White,Other,Principal_Residence,Denied,92.82,2,7,5
89067,68.0,315000,335000.0,78.353,Unknown,Race Not Available,Home_Purchase,Principal_Residence,Purchased,95.27,2,7,5
38277,488.0,1525000,1905000.0,80.0,>60%,Race Not Available,Home_Purchase,Principal_Residence,Denied,9.15,5,3,0
66677,185.0,345000,915000.0,86.58,36%-<43%,Race Not Available,Refinance,Principal_Residence,Originated,24.29,6,4,4
12050,71.0,115000,115000.0,95.0,36%-<43%,White,Home_Purchase,Principal_Residence,Originated,24.38,2,7,1
74396,70.0,345000,375000.0,78.353,Unknown,Black or African American,CashOut_Refinance,Principal_Residence,Incomplete,62.2,0,6,6
21747,175.0,285000,375000.0,78.353,Unknown,White,Home_Purchase,Principal_Residence,Withdrawn,51.56,2,7,5
37313,38.0,55000,375000.0,78.353,Unknown,White,Other,Principal_Residence,Withdrawn,85.74,2,7,5
9843,88.0,35000,385000.0,95.016,43%-<50%,White,Other,Principal_Residence,Denied,29.27,6,4,4
39701,94.0,265000,335000.0,80.0,20%-<30%,Black or African American,Home_Purchase,Principal_Residence,Originated,66.41,2,7,5
42984,95.0,365000,455000.0,78.353,Unknown,Race Not Available,Home_Purchase,Principal_Residence,Purchased,22.02,2,7,1
3762,65.0,295000,305000.0,95.0,36%-<43%,White,Home_Purchase,Principal_Residence,Originated,19.11,2,7,1
52265,43.0,175000,205000.0,85.646,36%-<43%,Black or African American,Home_Purchase,Principal_Residence,Originated,54.03,2,7,5
63995,92.0,105000,305000.0,35.0,30%-<36%,Joint,Refinance,Principal_Residence,Originated,48.36,0,6,6
36031,140.0,515000,605000.0,85.0,36%-<43%,Asian,Home_Purchase,Investment,Originated,74.96,1,5,3
48824,73.0,175000,225000.0,77.876,43%-<50%,Race Not Available,CashOut_Refinance,Principal_Residence,Originated,18.37,0,6,6
65472,95.0,885000,1905000.0,78.353,Unknown,Race Not Available,CashOut_Refinance,Principal_Residence,Purchased,21.17,0,6,6
52913,68.0,125000,375000.0,78.353,Unknown,White,Refinance,Principal_Residence,Withdrawn,22.52,0,7,6
39835,235.0,185000,975000.0,72.5,43%-<50%,Asian,Other,Principal_Residence,Originated,24.25,6,4,4
55356,205.0,695000,775000.0,90.0,30%-<36%,Black or African American,Home_Purchase,Principal_Residence,Originated,28.01,2,7,1
14860,223.0,235000,245000.0,104.833,43%-<50%,White,Home_Purchase,Principal_Residence,Originated,27.05,2,7,1
92204,205.0,325000,435000.0,75.0,20%-<30%,Asian,Home_Improvement,Investment,Originated,75.9,1,5,3
69759,153.0,545000,685000.0,80.0,30%-<36%,Asian,Home_Purchase,Investment,Originated,46.28,1,5,3
13952,95.0,845000,1055000.0,78.353,Unknown,Race Not Available,Home_Purchase,Principal_Residence,Purchased,15.96,2,7,1
87025,43.0,25000,375000.0,78.353,20%-<30%,White,Home_Improvement,Principal_Residence,Denied,33.25,2,7,1
23577,295.0,185000,755000.0,25.0,<20%,White,CashOut_Refinance,Principal_Residence,Originated,31.12,5,6,6
36079,50.0,145000,265000.0,55.0,36%-<43%,Black or African American,Home_Improvement,Principal_Residence,Originated,33.46,2,6,1
84882,79.0,355000,375000.0,78.353,Unknown,White,Home_Purchase,Principal_Residence,Withdrawn,69.11,2,7,5
83219,264.0,255000,375000.0,35.961,20%-<30%,White,Home_Improvement,Principal_Residence,Approved_NotAccepted,68.39,6,4,4
10843,57.0,45000,45000.0,78.353,>60%,White,Home_Purchase,Principal_Residence,Denied,8.37,3,1,2
74345,60.0,295000,385000.0,78.353,Unknown,White,Home_Purchase,Principal_Residence,Purchased,25.15,2,7,1
39865,66.0,125000,375000.0,78.353,Unknown,White,Home_Purchase,Principal_Residence,Withdrawn,94.86,2,7,5
64711,95.0,105000,145000.0,70.54,Unknown,Black or African American,Refinance,Principal_Residence,Originated,41.75,0,6,6
99674,64.0,35000,375000.0,78.353,>60%,Black or African American,Other,Principal_Residence,Denied,52.01,4,2,0
47576,78.0,55000,475000.0,55.363,20%-<30%,White,Home_Improvement,Principal_Residence,Originated,14.72,6,4,4
3421,114.0,345000,385000.0,90.0,50%-60%,White,CashOut_Refinance,Principal_Residence,Originated,20.3,4,2,0
1393,112.0,35000,255000.0,64.989,43%-<50%,White,Other,Investment,Originated,31.05,1,5,3
34702,44.0,185000,375000.0,78.353,Unknown,White,CashOut_Refinance,Principal_Residence,Incomplete,37.6,0,6,6
93903,95.0,605000,805000.0,75.0,Unknown,Race Not Available,Home_Purchase,Principal_Residence,Denied,11.3,2,7,1
84750,328.0,95000,655000.0,74.26,20%-<30%,White,Home_Improvement,Principal_Residence,Originated,30.27,6,4,4
7654,300.0,75000,885000.0,66.53,30%-<36%,White,Other,Principal_Residence,Denied,27.54,6,4,4
41842,166.0,195000,245000.0,78.353,Unknown,White,Home_Purchase,Investment,Purchased,36.6,1,5,3
20780,95.0,295000,295000.0,78.353,Unknown,Race Not Available,Home_Purchase,Principal_Residence,Purchased,43.83,2,7,5
20366,135.0,215000,275000.0,80.0,36%-<43%,Joint,CashOut_Refinance,Principal_Residence,Originated,13.74,0,6,6
58806,146.0,395000,415000.0,78.353,Unknown,Race Not Available,Home_Purchase,Principal_Residence,Purchased,51.64,2,7,5
50799,40.0,45000,55000.0,78.26,<20%,White,Home_Improvement,Principal_Residence,Denied,22.24,2,7,1
28803,194.0,175000,565000.0,73.699,30%-<36%,Race Not Available,CashOut_Refinance,Principal_Residence,Originated,37.53,6,4,4
61487,32.0,25000,255000.0,48.8,>60%,White,Home_Improvement,Principal_Residence,Denied,39.51,4,2,0
69672,128.0,275000,335000.0,80.0,43%-<50%,White,CashOut_Refinance,Principal_Residence,Originated,56.16,0,6,6
31945,74.0,185000,395000.0,47.5,43%-<50%,White,Refinance,Principal_Residence,Originated,96.93,0,6,6
4662,41.0,85000,115000.0,75.0,20%-<30%,White,Home_Purchase,Principal_Residence,Originated,61.82,2,7,5
43578,80.0,85000,125000.0,66.94,30%-<36%,White,Home_Purchase,Investment,Originated,12.57,1,5,3
13791,141.0,45000,315000.0,93.83,20%-<30%,White,Other,Principal_Residence,Denied,28.76,6,4,4
30230,149.0,645000,855000.0,76.142,30%-<36%,American Indian or Alaska Native,Home_Purchase,Principal_Residence,Originated,15.58,2,7,1
92160,129.0,425000,575000.0,74.12,36%-<43%,Race Not Available,CashOut_Refinance,Principal_Residence,Originated,42.18,0,6,6
92804,67.0,315000,325000.0,96.5,50%-60%,Race Not Available,Home_Purchase,Principal_Residence,Originated,47.32,4,2,0
93413,51.0,65000,565000.0,58.24,>60%,White,Other,Principal_Residence,Denied,19.26,4,2,0
43635,61.0,85000,145000.0,55.172,20%-<30%,White,CashOut_Refinance,Investment,Originated,77.35,1,5,3
25685,156.0,495000,375000.0,78.353,Unknown,Black or African American,Home_Purchase,Principal_Residence,Withdrawn,35.85,2,7,1
83595,50.0,75000,85000.0,96.5,<20%,White,Home_Purchase,Principal_Residence,Originated,41.74,2,7,5
62932,124.0,145000,335000.0,42.0,<20%,White,Home_Purchase,Principal_Residence,Originated,6.32,2,6,1
18250,106.0,355000,565000.0,62.5,30%-<36%,Joint,CashOut_Refinance,Principal_Residence,Originated,49.64,0,6,6
73325,27.0,105000,155000.0,66.667,30%-<36%,Race Not Available,CashOut_Refinance,Principal_Residence,Denied,17.98,0,6,6
97103,95.0,475000,505000.0,95.0,43%-<50%,Asian,Home_Purchase,Principal_Residence,Originated,44.0,2,7,1
94576,132.0,155000,375000.0,78.353,Unknown,White,CashOut_Refinance,Principal_Residence,Incomplete,16.75,0,6,6
22351,46.0,135000,215000.0,61.395,36%-<43%,White,Refinance,Principal_Residence,Originated,61.6,0,6,6
88375,60.0,55000,65000.0,88.71,30%-<36%,White,Refinance,Principal_Residence,Originated,35.5,0,6,6
95334,175.0,125000,375000.0,78.353,Unknown,White,CashOut_Refinance,Principal_Residence,Denied,43.58,0,6,6
36722,67.0,335000,505000.0,66.0,43%-<50%,Black or African American,CashOut_Refinance,Principal_Residence,Denied,61.55,0,6,6
27706,85.0,35000,615000.0,79.79,50%-60%,White,Home_Improvement,Principal_Residence,Originated,8.51,4,2,0
15564,74.0,395000,415000.0,95.0,36%-<43%,White,Home_Purchase,Principal_Residence,Originated,24.36,2,7,1
39421,119.0,255000,545000.0,45.47,36%-<43%,White,Home_Purchase,Second_Residence,Originated,24.57,2,6,1
23276,96.0,185000,205000.0,78.353,30%-<36%,White,Home_Purchase,Principal_Residence,Denied,12.64,3,1,2
35191,166.0,335000,425000.0,80.0,30%-<36%,Race Not Available,CashOut_Refinance,Principal_Residence,Originated,62.38,0,6,6
23101,280.0,645000,725000.0,88.966,36%-<43%,White,Home_Purchase,Principal_Residence,Denied,12.65,2,7,1
72434,66.0,105000,545000.0,18.349,30%-<36%,White,Other,Principal_Residence,Originated,23.99,0,6,1
99326,274.0,105000,625000.0,70.88,20%-<30%,White,Home_Improvement,Principal_Residence,Originated,38.94,6,4,4
55461,42.0,125000,165000.0,78.12,20%-<30%,White,CashOut_Refinance,Principal_Residence,Denied,2.92,0,6,6
13347,93.0,105000,885000.0,40.435,43%-<50%,Asian,Home_Purchase,Principal_Residence,Originated,76.68,6,4,4
19753,188.0,155000,415000.0,74.33,20%-<30%,White,Refinance,Principal_Residence,Originated,20.53,6,4,4
45585,92.0,85000,255000.0,79.985,36%-<43%,White,Refinance,Principal_Residence,Originated,12.91,3,1,2
95089,99.0,185000,375000.0,78.353,Unknown,White,Home_Purchase,Principal_Residence,Withdrawn,10.76,2,7,1
57957,95.0,25000,535000.0,64.063,36%-<43%,Black or African American,CashOut_Refinance,Principal_Residence,Originated,82.48,6,4,4
68563,95.0,1145000,1435000.0,78.353,Unknown,Race Not Available,Home_Purchase,Principal_Residence,Purchased,25.27,2,7,1
27188,300.0,115000,405000.0,78.765,<20%,White,Other,Principal_Residence,Originated,32.24,6,4,4
68996,124.0,315000,375000.0,78.353,Unknown,White,Home_Purchase,Principal_Residence,Incomplete,8.45,2,7,1
16004,88.0,145000,205000.0,70.0,30%-<36%,Asian,Home_Purchase,Principal_Residence,Originated,65.96,2,7,5
46507,133.0,405000,425000.0,95.0,30%-<36%,White,Home_Purchase,Principal_Residence,Originated,41.89,2,7,5
30806,94.0,295000,525000.0,85.0,43%-<50%,White,Home_Improvement,Principal_Residence,Originated,8.66,6,4,4
52467,322.0,175000,215000.0,80.0,20%-<30%,White,Home_Purchase,Investment,Originated,29.59,1,5,3
94503,65.0,25000,125000.0,24.426,30%-<36%,Black or African American,Home_Improvement,Principal_Residence,Originated,92.69,0,6,5
81185,412.0,545000,375000.0,78.353,Unknown,White,Home_Purchase,Principal_Residence,Withdrawn,20.2,5,3,1
85001,52.0,295000,325000.0,90.0,50%-60%,White,CashOut_Refinance,Principal_Residence,Denied,55.91,4,2,0
55377,84.0,125000,415000.0,75.77,36%-<43%,White,Home_Improvement,Principal_Residence,Originated,24.61,6,4,4
56032,72.0,5000,205000.0,101.5,20%-<30%,Race Not Available,Home_Purchase,Principal_Residence,Originated,11.95,6,4,4
96970,72.0,5000,285000.0,100.0,43%-<50%,White,Home_Purchase,Principal_Residence,Originated,15.54,3,1,2
70958,51.0,265000,285000.0,95.0,43%-<50%,Race Not Available,Home_Purchase,Principal_Residence,Originated,61.96,2,7,5
29869,117.0,405000,425000.0,97.0,30%-<36%,Asian,Home_Purchase,Principal_Residence,Originated,39.23,2,7,1
2572,22.0,125000,255000.0,78.353,Unknown,Black or African American,Refinance,Principal_Residence,Originated,91.46,0,6,6
57852,59.0,255000,335000.0,77.0,36%-<43%,Race Not Available,CashOut_Refinance,Principal_Residence,Originated,6.13,0,6,6
90291,67.0,95000,135000.0,70.972,<20%,White,Home_Purchase,Principal_Residence,Originated,8.58,2,7,1
38321,151.0,575000,605000.0,95.0,36%-<43%,Black or African American,Home_Purchase,Principal_Residence,Originated,17.98,2,7,1
62659,108.0,225000,285000.0,80.0,36%-<43%,White,Home_Purchase,Principal_Residence,Denied,15.28,2,7,1
84987,129.0,305000,375000.0,78.353,Unknown,White,Home_Improvement,Principal_Residence,Withdrawn,64.26,6,4,4
70434,61.0,205000,245000.0,81.317,43%-<50%,White,Home_Purchase,Principal_Residence,Originated,12.48,2,7,1
65044,95.0,75000,155000.0,78.353,Unknown,Race Not Available,Refinance,Principal_Residence,Purchased,17.68,0,6,6
2052,62.0,155000,265000.0,57.252,36%-<43%,White,Home_Purchase,Principal_Residence,Originated,17.75,2,7,1
65933,140.0,365000,375000.0,78.353,Unknown,White,Home_Purchase,Principal_Residence,Withdrawn,28.29,2,7,1
28646,80.0,125000,285000.0,44.643,<20%,Race Not Available,CashOut_Refinance,Principal_Residence,Originated,11.44,0,6,6
69943,84.0,215000,375000.0,78.353,Unknown,White,CashOut_Refinance,Principal_Residence,Incomplete,49.73,0,6,6
58852,172.0,125000,615000.0,76.0,30%-<36%,White,Other,Principal_Residence,Originated,14.99,6,4,4
21789,74.0,195000,225000.0,90.0,43%-<50%,White,Home_Purchase,Principal_Residence,Originated,41.71,2,7,1
52344,95.0,165000,165000.0,78.353,Unknown,Race Not Available,Home_Purchase,Principal_Residence,Purchased,6.9,2,7,1
34700,158.0,325000,565000.0,58.036,20%-<30%,White,Home_Purchase,Principal_Residence,Originated,7.18,2,7,1
88918,38.0,105000,225000.0,45.045,43%-<50%,Race Not Available,Home_Purchase,Principal_Residence,Denied,95.5,6,4,4
90938,43.0,175000,185000.0,97.0,36%-<43%,Asian,Home_Purchase,Principal_Residence,Originated,37.26,2,7,5
77062,116.0,205000,395000.0,51.28,30%-<36%,White,Home_Improvement,Principal_Residence,Originated,6.48,2,7,1
51702,95.0,215000,275000.0,78.353,Unknown,Race Not Available,Refinance,Principal_Residence,Purchased,16.08,0,6,6
42340,166.0,585000,685000.0,85.0,36%-<43%,Black or African American,Home_Purchase,Principal_Residence,Originated,47.99,2,7,1
6637,95.0,595000,595000.0,78.353,Unknown,Race Not Available,Home_Purchase,Principal_Residence,Purchased,27.24,2,7,1
65241,215.0,855000,1275000.0,66.719,36%-<43%,White,Home_Purchase,Principal_Residence,Originated,20.31,2,7,1
96169,95.0,325000,375000.0,78.353,Unknown,Black or African American,Home_Purchase,Principal_Residence,Withdrawn,43.44,2,7,1
18955,95.0,475000,255000.0,74.88,Unknown,Race Not Available,Home_Purchase,Investment,Originated,65.07,1,5,3
33359,95.0,215000,235000.0,78.353,Unknown,Race Not Available,Refinance,Principal_Residence,Denied,28.46,0,6,6
90816,133.0,335000,355000.0,95.0,20%-<30%,Race Not Available,Home_Purchase,Principal_Residence,Originated,36.2,2,7,1
44935,72.0,35000,375000.0,78.353,20%-<30%,White,Home_Improvement,Principal_Residence,Denied,6.36,2,7,1
10801,50.0,25000,65000.0,36.982,20%-<30%,White,Home_Improvement,Principal_Residence,Denied,23.77,6,4,4
72850,147.0,605000,755000.0,80.0,36%-<43%,White,Refinance,Principal_Residence,Originated,17.39,0,6,6
5091,36.0,135000,155000.0,88.462,20%-<30%,White,Home_Purchase,Principal_Residence,Originated,12.03,2,7,1
22769,96.0,405000,505000.0,80.0,43%-<50%,White,Home_Purchase,Principal_Residence,Originated,46.63,2,7,5
36208,63.0,195000,205000.0,97.0,36%-<43%,White,Home_Purchase,Principal_Residence,Originated,80.97,2,7,5
82065,46.0,275000,275000.0,78.353,50%-60%,Black or African American,Home_Purchase,Principal_Residence,Originated,73.4,4,2,0
91094,114.0,155000,375000.0,78.353,Unknown,White,Home_Improvement,Principal_Residence,Withdrawn,28.28,6,4,4
16363,50.0,335000,375000.0,78.353,43%-<50%,Race Not Available,CashOut_Refinance,Principal_Residence,Denied,48.9,0,6,6
71538,225.0,595000,745000.0,80.0,36%-<43%,Race Not Available,Refinance,Principal_Residence,Originated,13.95,0,6,6
39587,52.0,255000,375000.0,78.353,Unknown,White,Home_Purchase,Principal_Residence,Withdrawn,92.54,2,7,5
7718,236.0,75000,615000.0,51.9,30%-<36%,Race Not Available,Other,Principal_Residence,Originated,10.08,6,4,4
12380,128.0,365000,375000.0,78.353,Unknown,White,CashOut_Refinance,Principal_Residence,Withdrawn,16.85,0,6,6
45966,87.0,415000,465000.0,90.0,43%-<50%,Asian,Home_Purchase,Principal_Residence,Originated,27.59,2,7,1
371,95.0,225000,375000.0,78.353,Unknown,Black or African American,Refinance,Investment,Denied,79.38,1,5,3
53240,49.0,115000,125000.0,91.863,43%-<50%,Black or African American,Home_Purchase,Principal_Residence,Originated,50.16,2,7,5
33183,167.0,65000,85000.0,73.0,Unknown,White,Home_Purchase,Investment,Originated,10.48,1,5,3
61266,74.0,135000,145000.0,95.0,20%-<30%,White,Home_Purchase,Principal_Residence,Originated,64.97,2,7,5
62064,135.0,65000,485000.0,74.98,36%-<43%,Black or African American,Home_Purchase,Principal_Residence,Originated,54.26,6,4,4
53330,61.0,205000,355000.0,58.07,30%-<36%,White,CashOut_Refinance,Principal_Residence,Originated,33.51,0,6,6
60668,95.0,195000,255000.0,79.9,<20%,White,Refinance,Principal_Residence,Originated,14.04,0,6,6
49519,122.0,165000,425000.0,89.38,50%-60%,Black or African American,Home_Improvement,Principal_Residence,Denied,90.48,4,2,0
42097,209.0,525000,585000.0,89.846,36%-<43%,White,CashOut_Refinance,Principal_Residence,Originated,33.19,0,6,6
40080,63.0,255000,295000.0,86.966,36%-<43%,White,Home_Purchase,Principal_Residence,Originated,6.25,2,7,1
74054,95.0,115000,115000.0,78.353,Unknown,Race Not Available,Home_Purchase,Principal_Residence,Purchased,99.3,2,7,5
22809,62.0,355000,375000.0,78.353,Unknown,White,CashOut_Refinance,Principal_Residence,Incomplete,18.86,0,6,6
9052,60.0,335000,355000.0,95.0,36%-<43%,White,Home_Purchase,Principal_Residence,Originated,21.72,2,7,1
52024,60.0,255000,375000.0,78.353,Unknown,Race Not Available,CashOut_Refinance,Principal_Residence,Incomplete,61.89,0,6,6
18377,95.0,245000,275000.0,78.353,Unknown,Race Not Available,Home_Purchase,Principal_Residence,Purchased,7.38,2,7,1
52353,24.0,95000,145000.0,100.0,43%-<50%,Race Not Available,Home_Purchase,Principal_Residence,Originated,99.51,2,7,5
22061,86.0,285000,755000.0,38.0,43%-<50%,White,CashOut_Refinance,Principal_Residence,Originated,73.27,0,6,6
84574,95.0,185000,395000.0,47.3,Unknown,Race Not Available,Home_Purchase,Investment,Originated,44.07,1,5,3
46929,136.0,295000,375000.0,78.353,Unknown,White,Home_Purchase,Principal_Residence,Withdrawn,61.8,2,7,5
73237,82.0,145000,265000.0,57.31,36%-<43%,White,Refinance,Principal_Residence,Denied,32.29,0,6,6
94466,180.0,115000,565000.0,79.996,20%-<30%,White,CashOut_Refinance,Principal_Residence,Originated,18.0,6,4,4
72965,87.0,205000,335000.0,59.21,36%-<43%,White,Refinance,Principal_Residence,Originated,24.47,0,6,6
10555,304.0,925000,375000.0,78.353,Unknown,Black or African American,Home_Purchase,Principal_Residence,Withdrawn,65.09,5,7,5
35165,203.0,355000,475000.0,75.0,30%-<36%,Asian,Home_Purchase,Investment,Originated,25.82,1,5,3
17269,189.0,515000,375000.0,78.353,Unknown,White,Home_Purchase,Principal_Residence,Withdrawn,12.63,2,7,1
98830,95.0,15000,315000.0,102.288,43%-<50%,White,Home_Purchase,Principal_Residence,Originated,53.03,3,1,2
18123,80.0,375000,425000.0,88.235,36%-<43%,White,Refinance,Principal_Residence,Originated,47.32,0,6,6
26044,796.0,785000,1065000.0,73.868,<20%,Race Not Available,Home_Purchase,Principal_Residence,Denied,82.21,5,3,4
76897,0.0,205000,375000.0,78.353,>60%,White,Other,Principal_Residence,Denied,10.21,4,2,0
99989,42.0,205000,205000.0,100.0,30%-<36%,White,Home_Purchase,Principal_Residence,Originated,10.84,2,7,1
62115,128.0,475000,635000.0,75.0,36%-<43%,White,CashOut_Refinance,Principal_Residence,Originated,51.41,0,6,6
96874,175.0,315000,395000.0,80.17,20%-<30%,White,Refinance,Principal_Residence,Denied,25.51,0,6,6
14241,108.0,315000,385000.0,80.0,43%-<50%,White,Home_Purchase,Principal_Residence,Originated,34.6,2,7,1
1630,46.0,195000,375000.0,78.353,Unknown,Black or African American,Refinance,Principal_Residence,Withdrawn,75.0,0,6,6
26583,95.0,435000,645000.0,78.353,Unknown,Race Not Available,CashOut_Refinance,Principal_Residence,Purchased,22.88,0,6,6
18913,72.0,15000,295000.0,79.891,50%-60%,White,Other,Principal_Residence,Originated,9.33,4,2,0
93391,173.0,715000,765000.0,94.079,43%-<50%,White,Home_Purchase,Principal_Residence,Originated,24.4,2,7,1
85911,123.0,565000,575000.0,96.5,50%-60%,White,Home_Purchase,Principal_Residence,Originated,63.63,4,2,0
22785,167.0,145000,375000.0,78.353,Unknown,Black or African American,Home_Purchase,Principal_Residence,Withdrawn,38.71,2,7,1
16814,178.0,425000,375000.0,78.353,Unknown,Race Not Available,Home_Purchase,Principal_Residence,Withdrawn,0.0,2,7,1
47425,110.0,495000,375000.0,78.353,Unknown,White,Home_Purchase,Principal_Residence,Withdrawn,36.49,2,7,1
41480,48.0,45000,185000.0,100.0,30%-<36%,White,Home_Purchase,Principal_Residence,Originated,16.76,6,4,4
41804,53.0,45000,235000.0,51.6,36%-<43%,White,Refinance,Principal_Residence,Originated,5.36,6,4,4
13240,145.0,245000,255000.0,78.353,43%-<50%,White,Home_Purchase,Principal_Residence,Approved_NotAccepted,34.45,3,1,2
69130,20.0,25000,375000.0,78.353,Unknown,White,Home_Improvement,Principal_Residence,Incomplete,15.61,2,7,1
62769,200.0,165000,375000.0,78.353,Unknown,Race Not Available,Refinance,Principal_Residence,Withdrawn,60.5,0,6,6
86876,95.0,355000,375000.0,78.353,Unknown,Joint,Home_Purchase,Principal_Residence,Purchased,24.74,2,7,1
49378,139.0,75000,885000.0,52.582,36%-<43%,White,Refinance,Principal_Residence,Originated,29.84,6,4,4
16086,40.0,195000,295000.0,65.0,43%-<50%,Black or African American,Home_Purchase,Principal_Residence,Originated,22.77,2,7,1
92175,60.0,285000,485000.0,58.75,36%-<43%,White,CashOut_Refinance,Principal_Residence,Denied,16.19,0,6,6
42301,80.0,385000,395000.0,98.19,43%-<50%,Race Not Available,Home_Purchase,Principal_Residence,Originated,83.32,2,7,5
29097,1126.0,765000,1015000.0,75.0,20%-<30%,Race Not Available,Home_Purchase,Second_Residence,Originated,67.75,5,3,4
65153,120.0,375000,635000.0,59.177,36%-<43%,White,Home_Purchase,Principal_Residence,Originated,16.49,2,7,1
41042,2.0,255000,265000.0,101.5,>60%,Black or African American,Home_Purchase,Principal_Residence,Denied,90.57,4,2,0
83332,119.0,205000,275000.0,75.0,43%-<50%,White,Home_Purchase,Principal_Residence,Originated,37.72,2,7,1
51851,19.0,55000,755000.0,6.59,>60%,White,Home_Improvement,Principal_Residence,Denied,51.17,4,2,0
55042,622.0,655000,1305000.0,50.0,20%-<30%,White,Home_Purchase,Investment,Originated,33.19,5,3,3
20189,1791.0,355000,475000.0,75.0,<20%,White,Home_Purchase,Investment,Approved_NotAccepted,83.24,5,3,3
89870,150.0,485000,375000.0,78.353,Unknown,Race Not Available,CashOut_Refinance,Principal_Residence,Withdrawn,27.53,0,6,6
94902,90.0,265000,325000.0,80.0,20%-<30%,White,Home_Purchase,Principal_Residence,Originated,68.18,2,7,5
99345,53.0,115000,375000.0,78.353,Unknown,White,CashOut_Refinance,Principal_Residence,Withdrawn,6.69,0,6,6
45701,74.0,65000,85000.0,75.0,Unknown,White,Home_Purchase,Investment,Originated,68.04,1,5,3
8412,398.0,75000,555000.0,83.77,30%-<36%,Race Not Available,Home_Improvement,Principal_Residence,Denied,53.47,6,4,4
90495,88.0,205000,305000.0,66.667,20%-<30%,White,Home_Purchase,Principal_Residence,Originated,13.1,2,7,1
76324,68.0,105000,475000.0,92.997,43%-<50%,White,Home_Improvement,Principal_Residence,Originated,29.76,6,4,4
31376,52.0,255000,375000.0,78.353,Unknown,White,CashOut_Refinance,Principal_Residence,Withdrawn,21.65,0,6,6
86310,65.0,205000,255000.0,80.0,43%-<50%,White,Home_Purchase,Principal_Residence,Originated,28.84,2,7,1
25901,188.0,1005000,1255000.0,80.0,36%-<43%,Joint,Home_Purchase,Principal_Residence,Originated,41.53,2,7,1
88718,44.0,125000,375000.0,78.353,>60%,White,Refinance,Principal_Residence,Denied,16.64,4,2,0
52103,114.0,465000,615000.0,75.0,43%-<50%,White,CashOut_Refinance,Principal_Residence,Originated,64.24,0,6,6
44230,30.0,155000,255000.0,60.0,>60%,Black or African American,CashOut_Refinance,Principal_Residence,Denied,72.24,4,2,0
82038,-6.0,1545000,1935000.0,80.0,43%-<50%,White,Other,Principal_Residence,Originated,26.42,2,7,1
67343,302.0,205000,2815000.0,46.702,43%-<50%,Race Not Available,Home_Improvement,Principal_Residence,Originated,48.29,6,4,4
15661,277.0,565000,565000.0,100.0,30%-<36%,Race Not Available,Home_Purchase,Principal_Residence,Originated,6.0,2,7,1
87256,341.0,875000,1455000.0,60.0,30%-<36%,Asian,Home_Purchase,Principal_Residence,Originated,74.68,5,7,5
51859,95.0,165000,225000.0,78.353,Unknown,Race Not Available,CashOut_Refinance,Principal_Residence,Purchased,26.99,0,6,6
95091,26.0,45000,155000.0,26.667,43%-<50%,Black or African American,Home_Improvement,Principal_Residence,Denied,79.93,0,6,5
5719,70.0,175000,215000.0,84.9,20%-<30%,White,Home_Purchase,Principal_Residence,Originated,29.26,2,7,1
99027,95.0,595000,635000.0,78.353,Unknown,Race Not Available,Home_Purchase,Principal_Residence,Purchased,53.98,2,7,5
1225,31.0,75000,85000.0,82.0,20%-<30%,White,Home_Purchase,Principal_Residence,Denied,23.8,3,1,2
61516,110.0,125000,165000.0,80.0,50%-60%,Asian,Home_Purchase,Investment,Originated,6.43,1,5,3
1340,145.0,25000,505000.0,42.75,20%-<30%,Race Not Available,Home_Improvement,Principal_Residence,Denied,96.88,6,4,4
23311,1025.0,2505000,375000.0,78.353,Unknown,White,Other,Principal_Residence,Withdrawn,26.82,5,3,4
21337,73.0,305000,315000.0,97.0,43%-<50%,White,Home_Purchase,Principal_Residence,Originated,48.72,2,7,5
67755,2407.0,55000,375000.0,47.079,<20%,White,Home_Improvement,Principal_Residence,Approved_NotAccepted,19.57,5,3,4
63200,244.0,265000,335000.0,80.0,20%-<30%,Asian,Home_Purchase,Investment,Originated,69.27,1,5,3
90789,300.0,305000,375000.0,78.353,Unknown,Race Not Available,Refinance,Principal_Residence,Incomplete,15.12,6,4,4
28509,89.0,195000,245000.0,80.0,20%-<30%,Race Not Available,Home_Purchase,Principal_Residence,Originated,47.57,2,7,5
15920,91.0,155000,335000.0,46.17,36%-<43%,Asian,Home_Purchase,Principal_Residence,Originated,76.84,2,6,5
57158,61.0,105000,205000.0,51.98,36%-<43%,White,CashOut_Refinance,Principal_Residence,Originated,9.57,0,6,6
40016,155.0,605000,675000.0,100.0,36%-<43%,White,Home_Purchase,Principal_Residence,Originated,6.84,2,7,1
51542,104.0,475000,535000.0,90.0,36%-<43%,White,Home_Purchase,Principal_Residence,Originated,73.72,2,7,5
28566,315.0,1195000,1505000.0,78.353,Unknown,Asian,Refinance,Principal_Residence,Purchased,68.15,0,6,6
44480,26.0,155000,195000.0,78.534,>60%,White,Home_Improvement,Principal_Residence,Denied,58.72,4,2,0
68873,65.0,325000,505000.0,63.654,43%-<50%,White,Home_Purchase,Principal_Residence,Originated,23.68,2,7,1
70238,135.0,435000,485000.0,78.353,Unknown,White,Home_Purchase,Principal_Residence,Purchased,27.1,2,7,1
30864,322.0,175000,475000.0,89.237,<20%,White,Other,Principal_Residence,Originated,18.65,6,4,4
50921,30.0,85000,105000.0,100.0,36%-<43%,White,Home_Purchase,Principal_Residence,Preapproval_Approved_NotAccepted,0.0,2,7,1
64491,95.0,295000,405000.0,70.787,43%-<50%,White,Refinance,Principal_Residence,Originated,27.62,0,6,6
60177,59.0,125000,155000.0,80.0,20%-<30%,White,Home_Purchase,Investment,Preapproval_Denied,0.0,1,5,3
54154,423.0,1255000,2255000.0,55.556,20%-<30%,White,Home_Purchase,Principal_Residence,Originated,20.99,5,3,1
59825,95.0,65000,295000.0,78.353,Unknown,Race Not Available,Home_Improvement,Principal_Residence,Purchased,53.21,2,7,5
47138,60.0,125000,375000.0,78.353,Unknown,White,Home_Purchase,Principal_Residence,Withdrawn,10.97,2,7,1
58556,67.0,355000,565000.0,62.832,43%-<50%,Race Not Available,CashOut_Refinance,Investment,Denied,7.0,1,5,3
44183,95.0,3005000,4255000.0,75.0,Unknown,Race Not Available,CashOut_Refinance,Investment,Denied,98.25,1,5,3
40377,77.0,205000,275000.0,78.0,36%-<43%,Asian,CashOut_Refinance,Principal_Residence,Originated,66.06,0,6,6
55216,148.0,385000,485000.0,80.0,20%-<30%,White,CashOut_Refinance,Principal_Residence,Originated,16.5,0,6,6
14071,95.0,405000,415000.0,78.353,Unknown,Race Not Available,Home_Purchase,Principal_Residence,Purchased,24.97,2,7,1
48293,140.0,55000,375000.0,70.561,20%-<30%,White,Home_Improvement,Principal_Residence,Originated,8.19,6,4,4
95257,54.0,215000,225000.0,97.0,36%-<43%,White,Home_Purchase,Principal_Residence,Originated,42.28,2,7,5
83904,162.0,505000,505000.0,100.0,43%-<50%,White,Home_Purchase,Principal_Residence,Originated,19.08,2,7,1
94799,63.0,285000,345000.0,82.353,50%-60%,Black or African American,Home_Purchase,Principal_Residence,Denied,64.56,4,2,0
30017,77.0,105000,425000.0,23.474,20%-<30%,White,Other,Principal_Residence,Originated,31.76,6,4,4
58495,35.0,25000,375000.0,78.353,Exempt,White,Home_Purchase,Principal_Residence,Withdrawn,0.0,2,7,1
19054,95.0,215000,215000.0,78.353,Unknown,Race Not Available,Home_Purchase,Principal_Residence,Purchased,5.66,2,7,1
13604,95.0,35000,375000.0,78.353,Exempt,Race Not Available,Home_Purchase,Investment,Originated,34.94,1,5,3
97237,69.0,335000,645000.0,51.563,36%-<43%,Race Not Available,Refinance,Principal_Residence,Originated,82.78,0,6,6
87211,103.0,325000,335000.0,96.5,30%-<36%,Black or African American,Home_Purchase,Principal_Residence,Originated,68.24,2,7,5
76491,289.0,135000,955000.0,79.915,36%-<43%,White,Home_Improvement,Principal_Residence,Denied,70.93,6,4,4
23680,255.0,425000,565000.0,75.0,20%-<30%,Race Not Available,Home_Purchase,Principal_Residence,Originated,43.04,2,7,5
14905,198.0,55000,275000.0,90.0,<20%,White,Other,Principal_Residence,Denied,45.12,6,4,4
11483,49.0,135000,135000.0,97.0,20%-<30%,White,Home_Purchase,Principal_Residence,Originated,11.23,2,7,1
93950,48.0,175000,385000.0,44.196,20%-<30%,White,Other,Principal_Residence,Originated,31.48,2,6,1
75777,95.0,225000,375000.0,78.353,Unknown,Black or African American,Home_Purchase,Investment,Withdrawn,47.18,1,5,3
89329,95.0,645000,675000.0,78.353,Unknown,Race Not Available,Home_Purchase,Principal_Residence,Purchased,36.95,2,7,1
7971,47.0,195000,245000.0,80.0,36%-<43%,White,Home_Purchase,Principal_Residence,Originated,11.93,2,7,1
9460,84.0,285000,375000.0,78.353,Unknown,White,CashOut_Refinance,Principal_Residence,Withdrawn,54.75,0,6,6
88485,81.0,295000,385000.0,75.065,36%-<43%,White,CashOut_Refinance,Principal_Residence,Originated,30.07,0,6,6
85278,212.0,865000,375000.0,78.353,Unknown,Race Not Available,Home_Purchase,Principal_Residence,Withdrawn,89.51,2,7,5
81132,27.0,205000,365000.0,55.556,36%-<43%,Race Not Available,Home_Purchase,Principal_Residence,Originated,9.62,2,7,1
13286,67.0,265000,255000.0,104.51,50%-60%,White,CashOut_Refinance,Principal_Residence,Denied,31.14,4,2,0
6549,110.0,255000,795000.0,72.128,50%-60%,White,Home_Improvement,Principal_Residence,Originated,11.84,4,2,0
59451,220.0,165000,615000.0,91.53,36%-<43%,White,Refinance,Principal_Residence,Denied,29.7,6,4,4
69147,160.0,375000,715000.0,52.448,20%-<30%,White,Home_Purchase,Principal_Residence,Originated,54.54,2,6,5
7574,95.0,205000,525000.0,38.2,>60%,Race Not Available,Refinance,Principal_Residence,Denied,49.53,4,2,0
55089,145.0,435000,465000.0,78.353,Unknown,Race Not Available,Home_Purchase,Principal_Residence,Purchased,80.85,2,7,5
10591,105.0,105000,195000.0,50.5,30%-<36%,Black or African American,Other,Principal_Residence,Originated,72.11,2,6,5
58055,29.0,65000,65000.0,78.353,Unknown,Race Not Available,Home_Purchase,Principal_Residence,Purchased,45.65,2,7,5
21999,95.0,785000,765000.0,78.353,Unknown,Race Not Available,Home_Purchase,Principal_Residence,Purchased,35.08,2,7,1
36091,95.0,385000,395000.0,78.353,Unknown,Race Not Available,Home_Purchase,Principal_Residence,Purchased,63.57,2,7,5
19529,11.0,55000,305000.0,16.67,>60%,White,Home_Improvement,Principal_Residence,Denied,70.84,4,2,0
98622,17.0,95000,375000.0,78.353,Unknown,White,CashOut_Refinance,Principal_Residence,Withdrawn,71.47,0,6,6
67076,112.0,475000,505000.0,95.0,36%-<43%,Asian,Home_Purchase,Principal_Residence,Originated,32.07,2,7,1
68408,80.0,365000,375000.0,78.353,Unknown,White,CashOut_Refinance,Principal_Residence,Withdrawn,11.13,0,6,6
6239,95.0,895000,375000.0,78.353,Unknown,White,CashOut_Refinance,Principal_Residence,Withdrawn,36.01,0,6,6
66350,0.0,285000,435000.0,65.0,<20%,Black or African American,Home_Purchase,Investment,Originated,94.46,1,5,3
7703,46.0,165000,285000.0,59.876,30%-<36%,White,CashOut_Refinance,Principal_Residence,Originated,25.75,0,6,6
28750,100.0,5000,175000.0,100.0,<20%,White,Home_Purchase,Principal_Residence,Originated,11.91,6,4,4
8217,133.0,335000,385000.0,87.03,36%-<43%,White,Home_Purchase,Principal_Residence,Originated,43.63,2,7,1
81552,199.0,125000,505000.0,89.886,36%-<43%,White,Home_Improvement,Principal_Residence,Originated,10.48,6,4,4
2510,36.0,125000,175000.0,70.0,36%-<43%,White,CashOut_Refinance,Principal_Residence,Originated,13.29,0,6,6
99884,213.0,665000,825000.0,78.353,Unknown,White,Home_Purchase,Principal_Residence,Purchased,44.89,2,7,5
26147,303.0,575000,645000.0,78.353,Unknown,Race Not Available,Home_Purchase,Principal_Residence,Purchased,13.53,2,7,1
13606,53.0,165000,375000.0,78.353,Unknown,Black or African American,CashOut_Refinance,Principal_Residence,Withdrawn,29.52,0,6,6
32344,266.0,1225000,1535000.0,80.0,43%-<50%,White,Home_Purchase,Principal_Residence,Approved_NotAccepted,22.5,2,7,1
85098,88.0,35000,375000.0,57.339,43%-<50%,Asian,Home_Improvement,Principal_Residence,Originated,52.29,6,4,4
95179,95.0,125000,165000.0,78.353,Unknown,Race Not Available,Refinance,Principal_Residence,Purchased,36.01,0,6,6
45487,179.0,385000,385000.0,78.353,36%-<43%,Black or African American,Home_Purchase,Principal_Residence,Originated,52.28,2,7,5
51693,102.0,275000,325000.0,83.077,36%-<43%,Black or African American,Refinance,Principal_Residence,Originated,33.3,0,6,6
48494,48.0,95000,375000.0,78.353,Unknown,White,Home_Purchase,Principal_Residence,Withdrawn,55.92,2,7,5
93083,119.0,385000,375000.0,78.353,Unknown,White,Home_Purchase,Principal_Residence,Withdrawn,38.16,2,7,1
64797,143.0,165000,785000.0,20.71,43%-<50%,Black or African American,Other,Principal_Residence,Originated,24.98,0,6,1
69701,60.0,425000,535000.0,80.0,43%-<50%,White,Home_Purchase,Principal_Residence,Originated,9.9,2,7,1
1457,82.0,175000,375000.0,78.353,Unknown,White,Refinance,Principal_Residence,Incomplete,6.74,0,6,6
38593,203.0,105000,565000.0,44.89,<20%,White,Other,Principal_Residence,Originated,53.0,6,4,4
77266,117.0,185000,375000.0,78.353,Unknown,White,CashOut_Refinance,Principal_Residence,Incomplete,7.69,0,6,6
30191,54.0,195000,195000.0,101.053,43%-<50%,Black or African American,Home_Purchase,Principal_Residence,Originated,98.28,2,7,5
50861,69.0,15000,215000.0,102.0,43%-<50%,White,Home_Purchase,Principal_Residence,Denied,9.0,6,4,4
23887,75.0,105000,495000.0,79.46,36%-<43%,White,Other,Principal_Residence,Originated,39.73,6,4,4
79534,473.0,305000,1325000.0,86.147,20%-<30%,Race Not Available,Other,Principal_Residence,Originated,41.94,5,4,4
38167,283.0,405000,375000.0,78.353,Unknown,Race Not Available,Refinance,Principal_Residence,Denied,31.63,0,6,6
68658,145.0,495000,565000.0,88.036,30%-<36%,Race Not Available,Refinance,Principal_Residence,Originated,12.07,0,6,6
1089,98.0,65000,265000.0,88.29,30%-<36%,White,Home_Improvement,Principal_Residence,Denied,12.77,6,4,4
482,104.0,205000,355000.0,71.0,43%-<50%,White,Other,Principal_Residence,Denied,55.57,6,4,4
6311,54.0,185000,185000.0,98.463,36%-<43%,Race Not Available,Home_Purchase,Principal_Residence,Originated,88.97,2,7,5
14291,97.0,405000,415000.0,96.5,50%-60%,Race Not Available,Home_Purchase,Principal_Residence,Originated,87.67,4,2,0
63993,29.0,55000,375000.0,78.353,Unknown,White,Home_Improvement,Principal_Residence,Withdrawn,85.85,2,7,5
13972,206.0,555000,375000.0,78.353,Unknown,White,CashOut_Refinance,Principal_Residence,Withdrawn,23.28,0,6,6
5625,220.0,1085000,375000.0,78.353,Unknown,White,CashOut_Refinance,Principal_Residence,Withdrawn,14.34,0,6,6
1299,268.0,55000,415000.0,70.0,20%-<30%,White,Other,Principal_Residence,Denied,27.85,6,4,4
62958,280.0,225000,375000.0,78.353,Unknown,Joint,Home_Purchase,Principal_Residence,Withdrawn,31.87,2,7,1
30517,85.0,415000,1625000.0,25.617,43%-<50%,White,CashOut_Refinance,Principal_Residence,Originated,39.19,0,6,6
67258,35.0,235000,295000.0,80.0,>60%,White,Home_Purchase,Principal_Residence,Denied,50.03,4,2,0
42849,56.0,305000,355000.0,87.0,43%-<50%,Asian,Home_Purchase,Principal_Residence,Originated,64.16,2,7,5
86705,95.0,125000,165000.0,78.353,Unknown,Race Not Available,Refinance,Principal_Residence,Purchased,41.75,0,6,6
44642,56.0,165000,175000.0,96.5,43%-<50%,Black or African American,Home_Purchase,Principal_Residence,Originated,80.97,2,7,5
89673,100.0,315000,325000.0,96.5,36%-<43%,White,Home_Purchase,Principal_Residence,Originated,34.0,2,7,1
76443,97.0,175000,375000.0,78.353,Exempt,White,Home_Purchase,Principal_Residence,Preapproval_Approved_NotAccepted,0.0,2,7,1
65277,87.0,385000,375000.0,78.353,Unknown,White,Home_Purchase,Principal_Residence,Withdrawn,96.27,2,7,5
30525,91.0,255000,255000.0,78.353,36%-<43%,Race Not Available,Home_Purchase,Principal_Residence,Originated,54.58,2,7,5
23331,95.0,25000,75000.0,78.353,Unknown,Race Not Available,NotApplicable,Principal_Residence,Purchased,30.8,2,7,1
91191,78.0,155000,1155000.0,31.32,36%-<43%,Asian,Home_Improvement,Principal_Residence,Denied,51.17,6,4,4
20873,253.0,175000,305000.0,56.667,20%-<30%,Race Not Available,Refinance,Investment,Originated,41.13,1,5,3
94337,95.0,145000,635000.0,89.95,Unknown,Race Not Available,Other,Investment,Originated,25.82,1,5,3
23078,69.0,265000,375000.0,78.353,Unknown,Black or African American,Home_Purchase,Principal_Residence,Withdrawn,40.3,2,7,1
17406,95.0,385000,475000.0,78.353,Unknown,Race Not Available,Home_Purchase,Principal_Residence,Purchased,17.13,2,7,1
41624,68.0,275000,285000.0,97.0,36%-<43%,Race Not Available,Home_Purchase,Principal_Residence,Originated,42.23,2,7,5
49470,97.0,225000,305000.0,74.917,43%-<50%,White,CashOut_Refinance,Principal_Residence,Originated,11.27,0,6,6
7460,70.0,275000,345000.0,80.0,43%-<50%,Asian,Home_Purchase,Principal_Residence,Originated,37.35,2,7,1
82352,95.0,185000,325000.0,62.5,20%-<30%,White,Refinance,Principal_Residence,Originated,10.1,0,6,6
43215,74.0,45000,435000.0,65.522,36%-<43%,White,Other,Principal_Residence,Originated,64.83,6,4,4
14431,49.0,55000,505000.0,22.003,43%-<50%,Black or African American,Home_Improvement,Principal_Residence,Originated,33.7,6,4,4
75660,202.0,825000,375000.0,78.353,Unknown,Race Not Available,CashOut_Refinance,Principal_Residence,Withdrawn,68.94,0,6,6
78053,95.0,45000,85000.0,49.505,Unknown,Race Not Available,Refinance,Investment,Originated,53.71,1,5,3
88227,66.0,155000,285000.0,54.386,43%-<50%,White,Home_Purchase,Principal_Residence,Originated,42.21,2,6,5
5258,340.0,885000,1105000.0,80.0,20%-<30%,Asian,Home_Purchase,Principal_Residence,Originated,24.99,5,3,1
16524,78.0,325000,325000.0,100.0,43%-<50%,Race Not Available,Home_Purchase,Principal_Residence,Preapproval_Approved_NotAccepted,0.0,2,7,1
54575,79.0,235000,245000.0,95.0,20%-<30%,White,Home_Purchase,Principal_Residence,Originated,18.6,2,7,1
85907,0.0,295000,375000.0,78.353,Unknown,Race Not Available,CashOut_Refinance,Principal_Residence,Withdrawn,47.14,0,6,6
82396,278.0,255000,1125000.0,51.966,20%-<30%,White,Other,Principal_Residence,Originated,22.17,6,4,4
58968,83.0,235000,245000.0,95.0,30%-<36%,Asian,Home_Purchase,Principal_Residence,Originated,54.38,2,7,5
46410,80.0,435000,435000.0,100.0,43%-<50%,White,Home_Purchase,Principal_Residence,Originated,78.24,2,7,5
78770,95.0,185000,215000.0,78.353,Unknown,Race Not Available,Home_Purchase,Principal_Residence,Purchased,42.38,2,7,5
90798,124.0,125000,345000.0,67.331,50%-60%,Black or African American,Refinance,Principal_Residence,Originated,42.75,4,2,0
51578,36.0,205000,215000.0,96.5,50%-60%,Black or African American,Home_Purchase,Principal_Residence,Originated,88.58,4,2,0
32353,169.0,115000,145000.0,78.014,50%-60%,White,CashOut_Refinance,Principal_Residence,Originated,43.13,4,2,0
81237,95.0,135000,195000.0,90.616,Unknown,White,Refinance,Principal_Residence,Originated,15.85,0,6,6
25160,154.0,85000,375000.0,78.353,Unknown,Race Not Available,Home_Purchase,Second_Residence,Withdrawn,76.42,2,7,5
48774,54.0,235000,465000.0,50.0,43%-<50%,White,Home_Purchase,Principal_Residence,Originated,13.05,2,6,1
19152,42.0,135000,375000.0,78.353,Unknown,White,CashOut_Refinance,Principal_Residence,Incomplete,35.56,0,6,6
32951,134.0,345000,375000.0,78.353,Unknown,Asian,Home_Purchase,Investment,Withdrawn,48.53,1,5,3
90915,87.0,285000,355000.0,80.0,50%-60%,White,Home_Purchase,Principal_Residence,Preapproval_Denied,0.0,4,2,0
62482,271.0,145000,1485000.0,90.0,36%-<43%,Race Not Available,Home_Purchase,Principal_Residence,Approved_NotAccepted,42.05,6,4,4
99398,161.0,205000,685000.0,89.558,30%-<36%,Race Not Available,Home_Improvement,Principal_Residence,Originated,6.19,6,4,4
60078,18.0,55000,565000.0,51.56,>60%,White,Home_Improvement,Principal_Residence,Denied,6.39,4,2,0
64299,1022.0,105000,795000.0,12.66,>60%,Asian,Home_Purchase,Investment,Originated,36.64,5,3,3
35440,71.0,265000,275000.0,97.0,43%-<50%,White,Home_Purchase,Principal_Residence,Approved_NotAccepted,31.7,2,7,1
54820,103.0,625000,625000.0,100.0,50%-60%,White,Home_Purchase,Principal_Residence,Originated,37.74,4,2,0
64893,58.0,215000,205000.0,100.0,50%-60%,White,Home_Purchase,Principal_Residence,Originated,24.87,4,2,0
89015,329.0,315000,375000.0,78.353,Unknown,White,Home_Purchase,Investment,Withdrawn,6.28,1,5,3
50276,62.0,535000,375000.0,78.353,Unknown,Race Not Available,CashOut_Refinance,Principal_Residence,Incomplete,66.22,0,6,6
19579,95.0,415000,415000.0,78.353,Unknown,Race Not Available,Home_Purchase,Principal_Residence,Purchased,67.8,2,7,5
65667,76.0,285000,295000.0,97.0,43%-<50%,Race Not Available,Home_Purchase,Principal_Residence,Originated,94.39,2,7,5
3205,130.0,105000,965000.0,78.01,43%-<50%,Asian,Home_Improvement,Principal_Residence,Originated,47.3,6,4,4
74694,129.0,625000,665000.0,95.0,43%-<50%,Race Not Available,Home_Purchase,Principal_Residence,Originated,59.01,2,7,5
11347,74.0,205000,505000.0,39.66,36%-<43%,White,Refinance,Principal_Residence,Originated,7.48,0,6,6
43281,43.0,65000,375000.0,78.353,Unknown,White,Other,Principal_Residence,Withdrawn,12.82,6,4,4
89746,360.0,1065000,1335000.0,80.0,20%-<30%,White,Home_Purchase,Principal_Residence,Originated,17.55,5,3,1
60782,95.0,225000,285000.0,80.0,Unknown,Race Not Available,Refinance,Investment,Originated,34.91,1,5,3
92997,52.0,175000,375000.0,78.353,Unknown,Race Not Available,CashOut_Refinance,Principal_Residence,Withdrawn,23.66,0,6,6
52253,87.0,135000,165000.0,78.353,36%-<43%,Race Not Available,Home_Purchase,Principal_Residence,Approved_NotAccepted,22.27,3,1,2
30296,359.0,105000,795000.0,76.05,20%-<30%,White,Other,Principal_Residence,Originated,53.71,5,4,4
81364,175.0,405000,855000.0,71.25,43%-<50%,White,Refinance,Principal_Residence,Originated,18.92,6,4,4
55129,112.0,145000,185000.0,76.0,20%-<30%,Race Not Available,CashOut_Refinance,Principal_Residence,Originated,20.72,0,6,6
28801,145.0,815000,845000.0,94.1,50%-60%,White,Home_Purchase,Principal_Residence,Originated,30.22,4,2,0
78632,3000.0,175000,1055000.0,90.105,<20%,Black or African American,Home_Improvement,Principal_Residence,Denied,52.92,5,3,4
46645,94.0,415000,525000.0,80.0,36%-<43%,White,Refinance,Principal_Residence,Originated,30.49,0,6,6
72023,95.0,275000,455000.0,78.353,Unknown,Race Not Available,CashOut_Refinance,Investment,Purchased,66.02,1,5,3
73656,86.0,235000,225000.0,100.0,43%-<50%,Race Not Available,Home_Purchase,Principal_Residence,Originated,28.87,2,7,1
4483,95.0,105000,155000.0,78.353,Unknown,Race Not Available,Home_Purchase,Principal_Residence,Purchased,22.82,2,7,1
78565,73.0,365000,375000.0,95.0,43%-<50%,White,Home_Purchase,Principal_Residence,Originated,16.29,2,7,1
39921,53.0,55000,285000.0,56.337,43%-<50%,White,Home_Improvement,Principal_Residence,Originated,46.08,6,4,4
84316,288.0,245000,335000.0,75.0,20%-<30%,White,Home_Purchase,Second_Residence,Originated,5.77,3,1,2
29949,57.0,25000,435000.0,51.52,50%-60%,White,Home_Improvement,Principal_Residence,Denied,21.44,4,2,0
72435,96.0,455000,565000.0,80.0,43%-<50%,White,Home_Purchase,Principal_Residence,Originated,21.5,2,7,1
43740,28.0,115000,375000.0,78.353,Unknown,Race Not Available,Refinance,Principal_Residence,Withdrawn,8.74,0,6,6
24527,169.0,535000,665000.0,79.99,43%-<50%,Black or African American,Home_Purchase,Principal_Residence,Denied,61.46,2,7,5
125,277.0,165000,605000.0,27.167,30%-<36%,Race Not Available,Refinance,Investment,Originated,48.65,1,5,3
40607,95.0,645000,825000.0,78.353,Unknown,Race Not Available,Home_Purchase,Principal_Residence,Purchased,25.69,2,7,1
22272,202.0,165000,755000.0,59.0,20%-<30%,White,Refinance,Principal_Residence,Originated,12.96,6,4,4
90207,61.0,55000,335000.0,86.382,43%-<50%,White,Home_Improvement,Principal_Residence,Originated,6.57,6,4,4
87898,23.0,105000,185000.0,55.833,36%-<43%,Black or African American,CashOut_Refinance,Principal_Residence,Originated,83.31,0,6,6
45372,84.0,255000,265000.0,96.5,50%-60%,White,Home_Purchase,Principal_Residence,Denied,78.61,4,2,0
7229,39.0,105000,235000.0,43.885,20%-<30%,White,Refinance,Principal_Residence,Originated,12.36,0,6,6
62824,108.0,45000,205000.0,93.7,30%-<36%,White,Other,Principal_Residence,Originated,33.98,6,4,4
66125,153.0,485000,605000.0,80.0,36%-<43%,White,Home_Purchase,Principal_Residence,Originated,15.81,2,7,1
97200,77.0,315000,375000.0,78.353,>60%,White,CashOut_Refinance,Principal_Residence,Denied,23.55,4,2,0
48519,60.0,125000,205000.0,62.189,36%-<43%,White,Refinance,Principal_Residence,Denied,93.42,0,6,6
82336,32.0,115000,175000.0,63.953,20%-<30%,White,CashOut_Refinance,Principal_Residence,Denied,26.81,0,6,6
73124,89.0,215000,215000.0,96.5,36%-<43%,White,Home_Purchase,Principal_Residence,Originated,30.75,2,7,1
78658,52.0,125000,135000.0,95.0,20%-<30%,Asian,Home_Purchase,Principal_Residence,Originated,83.57,2,7,5
32906,66.0,205000,255000.0,82.88,36%-<43%,White,CashOut_Refinance,Principal_Residence,Originated,57.13,0,6,6
29870,102.0,305000,375000.0,78.353,Unknown,White,CashOut_Refinance,Principal_Residence,Incomplete,34.23,0,6,6
22312,261.0,105000,375000.0,78.353,Unknown,White,Refinance,Principal_Residence,Incomplete,16.57,6,4,4
74093,516.0,775000,975000.0,80.0,20%-<30%,White,Home_Purchase,Second_Residence,Originated,10.47,5,3,1
17745,197.0,635000,745000.0,85.57,30%-<36%,White,Home_Purchase,Principal_Residence,Originated,18.06,2,7,1
84055,201.0,295000,565000.0,89.899,20%-<30%,White,Refinance,Principal_Residence,Originated,24.44,6,4,4
90168,82.0,455000,515000.0,90.0,36%-<43%,White,Home_Purchase,Principal_Residence,Originated,51.23,2,7,5
49021,97.0,55000,345000.0,93.681,30%-<36%,White,Home_Improvement,Principal_Residence,Originated,11.34,6,4,4
85840,105.0,405000,435000.0,95.0,36%-<43%,White,Home_Purchase,Principal_Residence,Originated,11.51,2,7,1
38500,92.0,375000,385000.0,100.0,43%-<50%,White,Home_Purchase,Principal_Residence,Originated,21.33,2,7,1
89675,3925.0,805000,1005000.0,80.0,<20%,White,CashOut_Refinance,Principal_Residence,Originated,25.43,5,3,6
91487,49.0,15000,235000.0,69.8,43%-<50%,Race Not Available,Other,Principal_Residence,Originated,9.9,6,4,4
90980,95.0,415000,555000.0,78.353,Unknown,White,Home_Purchase,Principal_Residence,Purchased,9.92,2,7,1
74978,35.0,135000,375000.0,78.353,Unknown,White,CashOut_Refinance,Principal_Residence,Withdrawn,28.81,0,6,6
48621,512.0,1445000,375000.0,78.353,Unknown,Race Not Available,Refinance,Principal_Residence,Withdrawn,44.87,5,6,6
27569,123.0,535000,735000.0,72.925,36%-<43%,White,CashOut_Refinance,Principal_Residence,Originated,14.18,0,6,6
20644,95.0,325000,415000.0,78.353,Unknown,Race Not Available,Home_Purchase,Principal_Residence,Purchased,77.02,2,7,5
13751,76.0,315000,375000.0,78.353,Unknown,White,CashOut_Refinance,Principal_Residence,Incomplete,29.49,0,6,6
88774,48.0,205000,225000.0,90.0,43%-<50%,Race Not Available,Home_Purchase,Principal_Residence,Originated,91.38,2,7,5
31059,94.0,375000,385000.0,95.99,50%-60%,Black or African American,Home_Purchase,Principal_Residence,Originated,30.89,4,2,0
2241,95.0,1035000,2355000.0,44.0,Unknown,Race Not Available,CashOut_Refinance,Investment,Originated,24.19,1,5,3
97129,46.0,185000,375000.0,78.353,Unknown,White,CashOut_Refinance,Principal_Residence,Incomplete,6.09,0,6,6
76319,126.0,115000,135000.0,80.0,<20%,Race Not Available,Home_Purchase,Principal_Residence,Originated,12.46,2,7,1
7170,44.0,115000,115000.0,96.499,43%-<50%,Black or African American,Home_Purchase,Principal_Residence,Originated,25.73,2,7,1
59600,116.0,305000,385000.0,80.0,30%-<36%,White,Home_Purchase,Principal_Residence,Originated,13.7,2,7,1
51784,4200.0,705000,375000.0,78.353,Unknown,Race Not Available,Other,Second_Residence,Incomplete,25.82,5,3,4
13664,117.0,215000,375000.0,78.353,Unknown,White,CashOut_Refinance,Principal_Residence,Incomplete,21.99,0,6,6
6108,52.0,85000,375000.0,78.353,Unknown,2 or more minority races,Refinance,Investment,Withdrawn,33.94,1,5,3
6041,139.0,365000,375000.0,78.353,Unknown,Race Not Available,CashOut_Refinance,Principal_Residence,Withdrawn,14.85,0,6,6
5661,180.0,245000,375000.0,78.353,Unknown,White,CashOut_Refinance,Principal_Residence,Withdrawn,11.92,0,6,6
35656,118.0,545000,665000.0,78.353,Unknown,Race Not Available,Refinance,Principal_Residence,Purchased,56.25,0,6,6
48885,47.0,175000,175000.0,96.5,30%-<36%,Black or African American,Home_Purchase,Principal_Residence,Originated,46.86,2,7,5
82883,95.0,5000,305000.0,78.353,Unknown,Race Not Available,CashOut_Refinance,Investment,Denied,30.09,1,5,3
48759,30.0,155000,375000.0,78.353,Unknown,White,CashOut_Refinance,Principal_Residence,Incomplete,17.88,0,6,6
86731,129.0,105000,765000.0,57.92,36%-<43%,White,Other,Principal_Residence,Originated,26.89,6,4,4
96921,100.0,25000,355000.0,62.679,20%-<30%,White,Home_Improvement,Principal_Residence,Originated,31.78,6,4,4
83365,95.0,215000,215000.0,101.75,50%-60%,White,Home_Purchase,Principal_Residence,Originated,36.19,4,2,0
90472,115.0,125000,515000.0,84.93,36%-<43%,Asian,Home_Improvement,Principal_Residence,Originated,38.5,6,4,4
48559,95.0,95000,95000.0,78.353,Unknown,Race Not Available,Home_Purchase,Principal_Residence,Purchased,99.67,2,7,5
3665,58.0,255000,255000.0,101.689,36%-<43%,White,Home_Purchase,Principal_Residence,Originated,17.49,2,7,1
87202,88.0,265000,375000.0,78.353,Unknown,White,CashOut_Refinance,Principal_Residence,Incomplete,23.94,0,6,6
736,311.0,235000,265000.0,90.0,30%-<36%,White,Home_Purchase,Principal_Residence,Originated,35.3,2,7,1
40948,86.0,685000,375000.0,78.353,Unknown,White,Home_Purchase,Principal_Residence,Withdrawn,29.88,2,7,1
73759,181.0,735000,865000.0,85.0,36%-<43%,Asian,Home_Purchase,Principal_Residence,Originated,32.9,2,7,1
38492,106.0,245000,275000.0,87.636,30%-<36%,White,Home_Purchase,Principal_Residence,Originated,15.36,2,7,1
36532,71.0,175000,175000.0,99.446,36%-<43%,White,Home_Purchase,Principal_Residence,Originated,85.44,2,7,5
27457,95.0,35000,55000.0,60.0,Unknown,Race Not Available,Home_Purchase,Investment,Originated,17.45,1,5,3
10878,122.0,255000,315000.0,80.0,43%-<50%,Race Not Available,Home_Purchase,Principal_Residence,Originated,36.03,2,7,1
48970,119.0,335000,355000.0,78.353,Unknown,Black or African American,Home_Purchase,Principal_Residence,Purchased,23.62,2,7,1
17654,75.0,155000,375000.0,78.353,Unknown,White,Home_Purchase,Principal_Residence,Incomplete,21.79,2,7,1
72142,60.0,265000,375000.0,78.353,Unknown,American Indian or Alaska Native,Refinance,Principal_Residence,Withdrawn,23.85,0,6,6
30955,95.0,185000,205000.0,78.353,Unknown,Race Not Available,Home_Purchase,Principal_Residence,Purchased,20.23,3,1,2
45297,124.0,105000,375000.0,78.353,Unknown,Asian,Other,Principal_Residence,Withdrawn,90.63,6,4,4
21871,271.0,335000,445000.0,75.0,43%-<50%,Race Not Available,Home_Purchase,Principal_Residence,Originated,27.39,2,7,1
72103,368.0,275000,955000.0,79.997,20%-<30%,White,Home_Purchase,Principal_Residence,Originated,15.78,6,4,4
14378,89.0,445000,555000.0,80.0,43%-<50%,White,Home_Purchase,Principal_Residence,Originated,16.53,2,7,1
51010,111.0,55000,245000.0,67.57,30%-<36%,White,Home_Improvement,Principal_Residence,Denied,50.04,6,4,4
1331,106.0,365000,465000.0,80.0,30%-<36%,Asian,Home_Purchase,Principal_Residence,Approved_NotAccepted,0.0,2,7,1
72835,144.0,305000,315000.0,96.5,20%-<30%,Race Not Available,Home_Purchase,Principal_Residence,Originated,37.06,2,7,1
84982,111.0,65000,365000.0,84.993,20%-<30%,White,Other,Principal_Residence,Originated,21.68,6,4,4
98518,353.0,485000,605000.0,80.0,30%-<36%,White,CashOut_Refinance,Principal_Residence,Originated,43.89,5,6,6
16697,143.0,35000,585000.0,80.859,36%-<43%,White,Other,Principal_Residence,Denied,33.8,6,4,4
93317,95.0,165000,225000.0,71.75,Unknown,Race Not Available,Refinance,Investment,Denied,95.55,1,5,3
91416,197.0,705000,885000.0,79.996,30%-<36%,White,Home_Purchase,Principal_Residence,Originated,22.41,2,7,1
21312,101.0,105000,375000.0,78.353,Unknown,White,Refinance,Principal_Residence,Withdrawn,6.81,3,1,2
38686,95.0,65000,65000.0,78.353,Unknown,Race Not Available,Home_Purchase,Principal_Residence,Purchased,48.03,3,1,2
61025,170.0,85000,455000.0,69.523,36%-<43%,White,Other,Principal_Residence,Originated,19.33,6,4,4
343,609.0,1805000,2255000.0,80.0,36%-<43%,White,Home_Purchase,Principal_Residence,Originated,24.25,5,3,1
51912,397.0,395000,595000.0,68.0,30%-<36%,White,CashOut_Refinance,Principal_Residence,Originated,29.39,5,6,6
18290,227.0,105000,375000.0,78.353,Unknown,White,Other,Principal_Residence,Incomplete,9.9,6,4,4
50154,66.0,25000,375000.0,78.353,Exempt,White,Refinance,Principal_Residence,Originated,20.78,0,6,6
94796,35.0,115000,155000.0,68.79,36%-<43%,Black or African American,Home_Purchase,Principal_Residence,Originated,7.17,2,7,1
49270,95.0,565000,615000.0,78.353,Unknown,Race Not Available,Home_Purchase,Principal_Residence,Purchased,43.18,2,7,1
94747,59.0,245000,245000.0,100.0,43%-<50%,Asian,Home_Purchase,Principal_Residence,Originated,29.31,2,7,1
84959,66.0,185000,375000.0,78.353,Unknown,White,CashOut_Refinance,Principal_Residence,Withdrawn,55.49,0,6,6
89895,123.0,245000,265000.0,92.31,36%-<43%,White,Home_Purchase,Principal_Residence,Originated,13.86,2,7,1
97259,72.0,15000,335000.0,100.0,<20%,Black or African American,Home_Purchase,Principal_Residence,Originated,38.04,6,4,4
20215,95.0,325000,335000.0,78.353,Unknown,Race Not Available,Home_Purchase,Principal_Residence,Purchased,58.55,2,7,5
90045,24.0,105000,845000.0,55.52,20%-<30%,Race Not Available,Home_Improvement,Principal_Residence,Originated,17.8,6,4,4
70292,112.0,245000,425000.0,57.27,30%-<36%,White,Refinance,Principal_Residence,Originated,22.19,0,6,6
58731,103.0,255000,315000.0,78.353,Unknown,White,Home_Purchase,Principal_Residence,Purchased,6.97,2,7,1
98097,284.0,125000,675000.0,89.996,30%-<36%,White,Home_Improvement,Principal_Residence,Originated,27.17,6,4,4
43404,63.0,185000,235000.0,80.0,30%-<36%,Race Not Available,CashOut_Refinance,Principal_Residence,Originated,43.19,0,6,6
17982,88.0,495000,525000.0,95.0,43%-<50%,White,Home_Purchase,Principal_Residence,Originated,14.59,2,7,1
51425,102.0,35000,235000.0,79.73,36%-<43%,White,Refinance,Principal_Residence,Originated,54.79,6,4,4
72120,108.0,275000,465000.0,58.065,<20%,White,Home_Purchase,Principal_Residence,Originated,12.36,3,1,2
93557,95.0,235000,315000.0,73.968,20%-<30%,White,Refinance,Principal_Residence,Originated,13.0,0,6,6
55335,46.0,135000,305000.0,42.345,30%-<36%,White,CashOut_Refinance,Principal_Residence,Denied,93.63,0,6,6
99389,40.0,95000,375000.0,78.353,Unknown,Black or African American,Home_Purchase,Principal_Residence,Preapproval_Approved_NotAccepted,0.0,2,7,1
70562,69.0,395000,495000.0,78.353,Unknown,Race Not Available,Home_Purchase,Principal_Residence,Purchased,29.5,2,7,1
31593,60.0,275000,285000.0,95.09,43%-<50%,White,CashOut_Refinance,Principal_Residence,Denied,24.7,0,6,6
48069,173.0,105000,555000.0,18.18,20%-<30%,Race Not Available,Other,Principal_Residence,Originated,18.11,0,6,1
22267,56.0,195000,325000.0,60.0,43%-<50%,White,CashOut_Refinance,Principal_Residence,Originated,36.61,0,6,6
6162,90.0,425000,535000.0,80.0,36%-<43%,Race Not Available,Home_Purchase,Principal_Residence,Originated,57.71,2,7,5
18578,106.0,25000,155000.0,16.67,43%-<50%,Black or African American,Other,Second_Residence,Denied,60.83,0,6,5
82686,158.0,205000,405000.0,49.76,30%-<36%,White,Home_Purchase,Principal_Residence,Originated,13.54,6,4,4
1666,219.0,645000,895000.0,72.711,30%-<36%,White,Home_Purchase,Principal_Residence,Originated,82.9,2,7,5
62696,253.0,425000,375000.0,78.353,Unknown,White,Home_Purchase,Principal_Residence,Withdrawn,19.21,2,7,1
57084,55.0,235000,235000.0,97.75,50%-60%,White,Refinance,Principal_Residence,Originated,10.25,4,2,0
3927,186.0,145000,295000.0,50.0,20%-<30%,Race Not Available,CashOut_Refinance,Principal_Residence,Originated,32.99,0,6,6
2143,26.0,25000,375000.0,78.353,Unknown,White,Home_Improvement,Principal_Residence,Withdrawn,94.33,2,7,5
35393,215.0,195000,395000.0,50.0,<20%,White,Home_Purchase,Principal_Residence,Approved_NotAccepted,28.17,5,3,1
26176,1204.0,145000,325000.0,46.563,<20%,White,Refinance,Investment,Originated,52.91,5,3,3
13132,103.0,385000,395000.0,96.5,50%-60%,White,Home_Purchase,Principal_Residence,Originated,11.18,4,2,0
36467,105.0,35000,385000.0,49.35,43%-<50%,White,Other,Principal_Residence,Originated,48.96,6,4,4
670,33.0,85000,135000.0,65.649,20%-<30%,White,Refinance,Principal_Residence,Originated,73.92,0,6,6
2209,140.0,645000,1065000.0,60.49,43%-<50%,White,Home_Purchase,Principal_Residence,Approved_NotAccepted,15.96,2,7,1
11234,62.0,135000,145000.0,90.0,20%-<30%,White,Home_Purchase,Principal_Residence,Originated,83.73,2,7,5
83274,423.0,1135000,1155000.0,96.5,50%-60%,Race Not Available,Home_Purchase,Principal_Residence,Originated,93.49,4,2,0
71217,89.0,215000,225000.0,96.5,30%-<36%,Race Not Available,Home_Purchase,Principal_Residence,Preapproval_Approved_NotAccepted,0.0,2,7,1
41610,28.0,245000,425000.0,56.82,>60%,White,CashOut_Refinance,Principal_Residence,Denied,24.31,4,2,0
2203,55.0,165000,165000.0,100.0,20%-<30%,White,Home_Purchase,Principal_Residence,Originated,16.36,2,7,1
56252,305.0,425000,375000.0,78.353,Unknown,White,Home_Purchase,Principal_Residence,Withdrawn,10.6,2,7,1
52329,47.0,235000,245000.0,97.0,43%-<50%,Race Not Available,Home_Purchase,Principal_Residence,Originated,24.23,2,7,1
90997,70.0,85000,375000.0,78.353,Unknown,White,Refinance,Investment,Incomplete,48.22,1,5,3
98745,42.0,125000,125000.0,104.64,20%-<30%,White,Other,Principal_Residence,Originated,5.49,3,1,2
5493,205.0,355000,1005000.0,145.3,50%-60%,White,Home_Improvement,Principal_Residence,Denied,21.0,4,2,0
98617,312.0,475000,955000.0,50.0,36%-<43%,White,Home_Purchase,Second_Residence,Denied,45.39,2,7,5
88694,41.0,75000,375000.0,78.353,Unknown,White,Refinance,Investment,Withdrawn,25.49,1,5,3
9218,162.0,455000,565000.0,80.0,43%-<50%,White,Home_Purchase,Principal_Residence,Denied,50.62,2,7,1
37200,87.0,245000,365000.0,66.78,36%-<43%,White,Refinance,Principal_Residence,Originated,40.27,0,6,6
97936,29.0,85000,355000.0,86.53,>60%,Black or African American,Home_Improvement,Principal_Residence,Denied,11.17,4,2,0
57342,166.0,135000,375000.0,78.353,Unknown,White,Refinance,Investment,Withdrawn,71.91,1,5,3
59468,72.0,355000,375000.0,78.353,Unknown,Race Not Available,CashOut_Refinance,Principal_Residence,Incomplete,72.41,0,6,6
17176,48.0,45000,55000.0,89.09,36%-<43%,Joint,Home_Purchase,Principal_Residence,Preapproval_Denied,0.0,2,7,1
40841,50.0,75000,345000.0,31.692,30%-<36%,Black or African American,Home_Improvement,Principal_Residence,Denied,44.47,6,4,4
51965,74.0,105000,235000.0,60.787,50%-60%,White,Refinance,Principal_Residence,Denied,42.19,4,2,0
23853,129.0,555000,595000.0,93.329,30%-<36%,White,Home_Purchase,Principal_Residence,Originated,46.68,2,7,1
60068,134.0,105000,655000.0,33.849,30%-<36%,White,Home_Improvement,Principal_Residence,Originated,20.1,6,4,4
20102,71.0,15000,375000.0,103.0,36%-<43%,White,Home_Purchase,Principal_Residence,Originated,90.52,6,4,4
29268,95.0,495000,685000.0,78.353,Unknown,Race Not Available,CashOut_Refinance,Principal_Residence,Purchased,74.54,0,6,6
12452,95.0,235000,235000.0,78.353,Unknown,Race Not Available,Home_Purchase,Principal_Residence,Purchased,22.63,2,7,1
73474,151.0,365000,515000.0,70.588,36%-<43%,White,Home_Purchase,Principal_Residence,Preapproval_Approved_NotAccepted,0.0,2,7,1
25505,65.0,15000,475000.0,3.151,30%-<36%,White,Home_Improvement,Principal_Residence,Approved_NotAccepted,8.55,6,4,4
7463,60.0,15000,275000.0,57.91,36%-<43%,White,Other,Principal_Residence,Denied,30.8,6,4,4
42649,110.0,85000,255000.0,32.0,43%-<50%,Race Not Available,Home_Improvement,Investment,Originated,73.09,1,5,3
76126,48.0,155000,155000.0,96.5,36%-<43%,White,Home_Purchase,Principal_Residence,Originated,16.28,2,7,1
63952,23.0,115000,375000.0,78.353,Unknown,Asian,Refinance,Principal_Residence,Withdrawn,43.6,0,6,6
51019,25.0,175000,235000.0,76.142,50%-60%,Race Not Available,CashOut_Refinance,Principal_Residence,Denied,31.45,4,2,0
70000,88.0,105000,375000.0,78.353,Unknown,White,Home_Purchase,Principal_Residence,Withdrawn,18.58,3,1,2
66795,138.0,25000,555000.0,48.42,30%-<36%,White,Home_Improvement,Principal_Residence,Originated,36.82,6,4,4
16068,72.0,105000,235000.0,68.34,36%-<43%,White,Other,Principal_Residence,Originated,23.5,6,4,4
54760,118.0,205000,255000.0,80.0,20%-<30%,Joint,Home_Purchase,Principal_Residence,Originated,38.15,2,7,1
74961,95.0,35000,375000.0,78.353,Unknown,Race Not Available,NotApplicable,Principal_Residence,Purchased,43.43,3,1,2
96608,62.0,285000,275000.0,100.0,36%-<43%,Black or African American,Home_Purchase,Principal_Residence,Originated,24.89,2,7,1
56307,49.0,95000,395000.0,23.79,50%-60%,White,CashOut_Refinance,Principal_Residence,Denied,21.74,4,2,0
163,131.0,475000,485000.0,78.353,36%-<43%,Race Not Available,Home_Purchase,Principal_Residence,Originated,46.42,2,7,1
18336,72.0,125000,225000.0,58.11,36%-<43%,White,Refinance,Principal_Residence,Originated,8.23,0,6,6
68677,53.0,195000,195000.0,97.99,>60%,Black or African American,Other,Principal_Residence,Denied,72.3,4,2,0
48415,90.0,285000,385000.0,74.026,36%-<43%,White,Home_Purchase,Principal_Residence,Originated,9.34,2,7,1
57683,113.0,245000,375000.0,78.353,Unknown,White,CashOut_Refinance,Principal_Residence,Incomplete,22.3,0,6,6
66855,96.0,245000,345000.0,70.588,20%-<30%,White,Home_Purchase,Principal_Residence,Originated,65.89,2,7,5
71220,95.0,155000,155000.0,78.353,Unknown,Race Not Available,Home_Purchase,Principal_Residence,Purchased,48.63,2,7,5
2029,74.0,255000,245000.0,100.0,36%-<43%,White,Home_Purchase,Principal_Residence,Originated,13.28,2,7,1
6788,295.0,705000,745000.0,95.0,43%-<50%,White,Home_Purchase,Principal_Residence,Originated,5.06,2,7,1
61595,95.0,345000,365000.0,78.353,Unknown,Race Not Available,Home_Purchase,Principal_Residence,Purchased,97.35,2,7,5
54953,91.0,335000,355000.0,95.0,30%-<36%,White,Home_Purchase,Principal_Residence,Originated,69.77,2,7,5
11201,143.0,585000,375000.0,78.353,Unknown,White,Home_Purchase,Principal_Residence,Withdrawn,58.83,2,7,5
74141,91.0,95000,175000.0,54.442,36%-<43%,White,Refinance,Principal_Residence,Originated,18.84,0,6,6
69432,115.0,325000,375000.0,78.353,Unknown,Race Not Available,CashOut_Refinance,Principal_Residence,Incomplete,9.87,0,6,6
32008,138.0,155000,375000.0,78.353,Unknown,White,Home_Improvement,Principal_Residence,Withdrawn,9.8,2,7,1
12831,151.0,475000,375000.0,78.353,Unknown,White,Home_Purchase,Principal_Residence,Withdrawn,32.66,2,7,1
50067,64.0,175000,245000.0,70.074,50%-60%,Race Not Available,Refinance,Principal_Residence,Denied,95.51,4,2,0
61948,95.0,175000,175000.0,78.353,Unknown,Race Not Available,Home_Purchase,Principal_Residence,Purchased,22.09,2,7,1
31137,41.0,75000,105000.0,75.0,43%-<50%,White,Home_Purchase,Principal_Residence,Approved_NotAccepted,12.12,2,7,1
41097,52.0,155000,155000.0,101.01,36%-<43%,White,Home_Purchase,Principal_Residence,Originated,15.16,2,7,1
45684,33.0,105000,115000.0,78.353,>60%,Black or African American,Home_Purchase,Principal_Residence,Denied,43.7,3,1,2
24048,66.0,385000,375000.0,100.0,50%-60%,White,Home_Purchase,Principal_Residence,Originated,50.49,4,2,0
98320,53.0,205000,375000.0,78.353,Unknown,White,Refinance,Principal_Residence,Withdrawn,13.19,0,6,6
29216,220.0,645000,805000.0,79.982,20%-<30%,Race Not Available,Home_Purchase,Principal_Residence,Originated,59.66,2,7,5
96153,95.0,225000,235000.0,78.353,Unknown,Race Not Available,CashOut_Refinance,Principal_Residence,Purchased,46.48,0,6,6
14944,271.0,195000,265000.0,75.0,<20%,White,Home_Purchase,Second_Residence,Originated,74.63,2,7,5
31525,32.0,85000,165000.0,52.469,36%-<43%,White,Home_Improvement,Principal_Residence,Originated,7.69,3,1,2
37107,95.0,65000,115000.0,78.353,Unknown,Race Not Available,NotApplicable,Principal_Residence,Purchased,8.96,2,7,1
10077,50.0,225000,375000.0,78.353,Unknown,Race Not Available,CashOut_Refinance,Principal_Residence,Withdrawn,43.39,0,6,6
1871,0.0,2515000,3805000.0,66.28,<20%,Race Not Available,Refinance,Principal_Residence,Denied,14.33,0,6,6
94638,417.0,245000,965000.0,68.536,<20%,Race Not Available,Other,Principal_Residence,Originated,57.68,6,4,4
76686,78.0,255000,375000.0,78.353,Unknown,White,CashOut_Refinance,Principal_Residence,Incomplete,17.07,0,6,6
12233,52.0,75000,95000.0,80.0,36%-<43%,White,CashOut_Refinance,Principal_Residence,Denied,39.1,0,6,6
67724,172.0,505000,905000.0,56.528,43%-<50%,White,Home_Purchase,Principal_Residence,Originated,22.01,2,7,1
17888,35.0,85000,155000.0,53.333,>60%,Black or African American,Home_Improvement,Principal_Residence,Denied,44.8,4,2,0
39076,90.0,565000,755000.0,74.8,43%-<50%,Race Not Available,Refinance,Principal_Residence,Denied,60.85,0,6,6
79835,79.0,285000,355000.0,78.212,30%-<36%,Asian,Home_Purchase,Principal_Residence,Originated,17.89,2,7,1
46343,85.0,365000,565000.0,63.717,36%-<43%,Race Not Available,Home_Purchase,Principal_Residence,Denied,63.9,2,7,5
74325,61.0,125000,265000.0,45.28,43%-<50%,White,Home_Purchase,Principal_Residence,Approved_NotAccepted,13.17,2,7,1
71423,233.0,695000,375000.0,78.353,Unknown,White,Home_Purchase,Principal_Residence,Withdrawn,27.95,2,7,1
54462,74.0,385000,375000.0,100.0,36%-<43%,White,Home_Purchase,Principal_Residence,Originated,29.45,2,7,1
22749,76.0,25000,205000.0,78.072,50%-60%,White,Home_Improvement,Principal_Residence,Originated,6.89,4,2,0
915,33.0,105000,105000.0,100.0,50%-60%,White,Home_Purchase,Principal_Residence,Denied,16.04,4,2,0
9311,111.0,295000,375000.0,80.0,<20%,White,CashOut_Refinance,Principal_Residence,Originated,33.8,0,6,6
43457,167.0,265000,375000.0,78.353,Unknown,White,Home_Purchase,Principal_Residence,Withdrawn,20.54,2,7,1
25987,646.0,1005000,5005000.0,87.74,43%-<50%,White,Home_Improvement,Principal_Residence,Denied,17.51,5,3,4
95481,72.0,235000,405000.0,56.79,36%-<43%,White,CashOut_Refinance,Principal_Residence,Originated,47.23,0,6,6
90060,95.0,325000,385000.0,85.0,Unknown,Race Not Available,Home_Purchase,Investment,Originated,49.88,1,5,3
52928,95.0,155000,155000.0,78.353,Unknown,Race Not Available,Home_Purchase,Principal_Residence,Purchased,30.96,2,7,1
95998,123.0,295000,575000.0,50.877,20%-<30%,White,Refinance,Principal_Residence,Originated,22.62,0,6,6
97435,235.0,645000,375000.0,78.353,Unknown,Race Not Available,Home_Purchase,Principal_Residence,Withdrawn,22.5,2,7,1
67297,175.0,405000,375000.0,78.353,Unknown,White,Refinance,Principal_Residence,Withdrawn,9.86,6,4,4
95768,14.0,25000,255000.0,39.053,36%-<43%,White,Home_Improvement,Principal_Residence,Originated,57.24,6,4,4
93169,34.0,45000,55000.0,80.0,<20%,White,Other,Principal_Residence,Denied,8.83,2,7,1
98543,192.0,425000,535000.0,81.0,30%-<36%,Race Not Available,Home_Purchase,Principal_Residence,Originated,23.6,2,7,1
29736,95.0,335000,425000.0,78.353,Unknown,Race Not Available,Home_Purchase,Principal_Residence,Purchased,25.9,2,7,1
44942,33.0,155000,165000.0,87.87,43%-<50%,Race Not Available,Home_Purchase,Principal_Residence,Denied,31.27,2,7,1
36123,334.0,565000,375000.0,78.353,Unknown,White,Home_Purchase,Principal_Residence,Withdrawn,25.22,5,7,1
46917,129.0,235000,255000.0,92.0,20%-<30%,Race Not Available,Home_Purchase,Principal_Residence,Originated,25.11,2,7,1
25774,89.0,295000,375000.0,78.353,Unknown,Race Not Available,CashOut_Refinance,Principal_Residence,Withdrawn,20.38,0,6,6
85146,34.0,55000,55000.0,95.0,20%-<30%,Black or African American,Home_Purchase,Principal_Residence,Approved_NotAccepted,40.05,2,7,5
64658,66.0,295000,325000.0,78.353,43%-<50%,White,Home_Purchase,Principal_Residence,Originated,50.5,2,7,5
65412,40.0,125000,125000.0,97.19,43%-<50%,Black or African American,Home_Purchase,Principal_Residence,Denied,0.0,3,1,2
66615,109.0,155000,35000.0,502.86,20%-<30%,Joint,Home_Improvement,Principal_Residence,Denied,34.56,6,4,4
70199,104.0,55000,785000.0,70.283,36%-<43%,Race Not Available,Home_Improvement,Principal_Residence,Originated,15.85,6,4,4
16582,95.0,315000,405000.0,78.353,Unknown,Race Not Available,Home_Purchase,Principal_Residence,Purchased,91.22,2,7,5
56623,74.0,405000,375000.0,78.353,Unknown,Asian,CashOut_Refinance,Principal_Residence,Withdrawn,67.94,0,6,6
5050,72.0,135000,165000.0,81.17,43%-<50%,White,Home_Purchase,Principal_Residence,Originated,4.06,2,7,1
84419,73.0,365000,375000.0,78.353,Unknown,Race Not Available,CashOut_Refinance,Principal_Residence,Withdrawn,84.34,0,6,6
88799,81.0,345000,385000.0,90.0,30%-<36%,Black or African American,Home_Purchase,Principal_Residence,Originated,41.62,2,7,1
22755,114.0,375000,225000.0,101.86,50%-60%,Race Not Available,Home_Purchase,Principal_Residence,Originated,48.81,4,2,0
95755,47.0,155000,685000.0,22.084,36%-<43%,White,Refinance,Principal_Residence,Originated,21.57,0,6,6
74053,127.0,125000,565000.0,72.113,20%-<30%,White,Refinance,Principal_Residence,Originated,61.89,6,4,4
32075,177.0,285000,735000.0,46.736,43%-<50%,White,Refinance,Principal_Residence,Denied,26.52,0,6,6
80357,49.0,245000,375000.0,65.36,36%-<43%,American Indian or Alaska Native,Refinance,Principal_Residence,Originated,34.55,0,6,6
24056,95.0,525000,605000.0,78.353,Unknown,Race Not Available,Home_Purchase,Principal_Residence,Purchased,14.81,2,7,1
99762,95.0,215000,235000.0,78.353,Unknown,Race Not Available,Home_Purchase,Principal_Residence,Purchased,18.98,2,7,1
53151,118.0,505000,995000.0,50.075,43%-<50%,White,Home_Purchase,Principal_Residence,Originated,29.92,2,6,1
9121,93.0,255000,335000.0,78.098,36%-<43%,White,CashOut_Refinance,Principal_Residence,Originated,58.98,0,6,6
94226,35.0,145000,245000.0,60.03,43%-<50%,White,CashOut_Refinance,Principal_Residence,Originated,14.35,0,6,6
37046,60.0,245000,305000.0,82.504,43%-<50%,Race Not Available,CashOut_Refinance,Principal_Residence,Originated,6.77,0,6,6
40781,95.0,135000,145000.0,78.353,Unknown,Race Not Available,Refinance,Principal_Residence,Purchased,4.16,0,6,6
6869,22.0,25000,125000.0,22.822,20%-<30%,White,Refinance,Principal_Residence,Originated,3.56,0,6,6
11561,115.0,355000,365000.0,96.5,43%-<50%,Black or African American,Home_Purchase,Principal_Residence,Originated,41.71,2,7,1
69483,69.0,275000,355000.0,77.729,50%-60%,White,CashOut_Refinance,Principal_Residence,Originated,18.64,4,2,0
55210,105.0,215000,825000.0,26.424,<20%,White,Refinance,Principal_Residence,Originated,27.54,0,6,6
61236,95.0,75000,75000.0,78.353,Unknown,Race Not Available,Home_Purchase,Principal_Residence,Purchased,6.52,2,7,1
4233,19.0,95000,375000.0,78.353,Unknown,Race Not Available,CashOut_Refinance,Principal_Residence,Incomplete,44.26,0,6,6
99232,97.0,305000,315000.0,96.5,43%-<50%,Race Not Available,Home_Purchase,Principal_Residence,Originated,25.09,2,7,1
33163,73.0,295000,305000.0,96.5,36%-<43%,White,Home_Purchase,Principal_Residence,Originated,17.53,2,7,1
91493,44.0,45000,375000.0,78.353,Exempt,Race Not Available,Other,Principal_Residence,Originated,91.69,2,7,5
60197,67.0,195000,375000.0,78.353,Unknown,White,Refinance,Principal_Residence,Withdrawn,9.85,0,6,6
81990,123.0,155000,885000.0,62.1,<20%,Race Not Available,Home_Improvement,Principal_Residence,Originated,30.26,6,4,4
99240,1739.0,3005000,1295000.0,233.0,43%-<50%,White,Home_Improvement,Investment,Originated,33.2,5,3,3
43329,385.0,965000,965000.0,70.0,20%-<30%,White,Home_Purchase,Principal_Residence,Originated,23.38,5,3,1
90141,65.0,55000,135000.0,57.55,30%-<36%,White,CashOut_Refinance,Principal_Residence,Originated,17.17,0,6,6
75458,95.0,235000,295000.0,78.353,Unknown,Race Not Available,NotApplicable,Investment,Purchased,32.1,1,5,3
32457,68.0,225000,1405000.0,40.688,>60%,White,CashOut_Refinance,Principal_Residence,Denied,68.17,4,2,0
25723,138.0,295000,325000.0,90.0,30%-<36%,White,Home_Purchase,Principal_Residence,Preapproval_Approved_NotAccepted,0.0,2,7,1
955,193.0,945000,375000.0,78.353,Unknown,White,Refinance,Principal_Residence,Withdrawn,14.56,0,6,6
37089,91.0,285000,345000.0,82.383,30%-<36%,White,CashOut_Refinance,Principal_Residence,Originated,44.29,0,6,6
48457,95.0,125000,195000.0,78.353,Unknown,Race Not Available,Refinance,Second_Residence,Purchased,14.89,0,6,6
13395,65.0,75000,495000.0,50.14,43%-<50%,Black or African American,Home_Improvement,Principal_Residence,Denied,95.99,6,4,4
42969,178.0,315000,455000.0,68.57,36%-<43%,Asian,CashOut_Refinance,Principal_Residence,Originated,54.2,0,6,6
72266,88.0,135000,355000.0,48.51,43%-<50%,White,Refinance,Principal_Residence,Originated,11.84,0,6,6
59707,196.0,195000,375000.0,78.353,Exempt,White,Home_Purchase,Principal_Residence,Originated,6.28,2,7,1
25330,209.0,885000,1395000.0,63.0,43%-<50%,White,Home_Purchase,Principal_Residence,Originated,73.85,2,7,5
94099,107.0,315000,355000.0,89.14,36%-<43%,White,Refinance,Principal_Residence,Denied,17.95,0,6,6
6490,77.0,285000,355000.0,78.353,Unknown,White,Home_Purchase,Principal_Residence,Purchased,21.61,2,7,1
96819,115.0,265000,295000.0,89.991,43%-<50%,Black or African American,CashOut_Refinance,Principal_Residence,Approved_NotAccepted,76.36,0,6,6
46270,209.0,855000,945000.0,90.0,36%-<43%,Asian,Home_Purchase,Principal_Residence,Originated,20.98,2,7,1
82889,259.0,435000,545000.0,80.0,36%-<43%,White,Home_Purchase,Principal_Residence,Originated,58.14,2,7,5
31704,62.0,185000,185000.0,96.5,36%-<43%,White,Home_Purchase,Principal_Residence,Preapproval_Approved_NotAccepted,0.0,2,7,1
31124,36.0,125000,375000.0,78.353,Unknown,White,CashOut_Refinance,Principal_Residence,Withdrawn,39.42,0,6,6
54799,24.0,25000,65000.0,41.67,50%-60%,White,Other,Principal_Residence,Denied,16.38,4,2,0
56708,60.0,265000,375000.0,78.353,Unknown,White,Home_Purchase,Principal_Residence,Withdrawn,18.39,2,7,1
92070,59.0,5000,225000.0,100.0,43%-<50%,Race Not Available,Home_Purchase,Principal_Residence,Originated,51.57,2,7,5
79699,52.0,205000,375000.0,78.353,Exempt,White,Refinance,Principal_Residence,Purchased,7.83,0,6,6
60783,43.0,145000,205000.0,69.0,20%-<30%,White,CashOut_Refinance,Principal_Residence,Originated,69.84,0,6,6
71622,199.0,55000,355000.0,84.209,<20%,White,Home_Improvement,Principal_Residence,Originated,9.15,6,4,4
69278,50.0,165000,375000.0,78.353,Unknown,White,Refinance,Principal_Residence,Incomplete,32.08,0,6,6
57471,95.0,525000,655000.0,80.0,30%-<36%,White,Refinance,Principal_Residence,Denied,11.01,0,6,6
84996,95.0,395000,415000.0,78.353,Unknown,Race Not Available,Home_Purchase,Principal_Residence,Purchased,49.62,2,7,1
73371,72.0,75000,475000.0,64.797,36%-<43%,White,Other,Principal_Residence,Originated,21.77,6,4,4
12413,55.0,75000,95000.0,83.28,30%-<36%,White,Home_Purchase,Principal_Residence,Originated,8.92,2,7,1
3254,168.0,155000,1205000.0,45.839,43%-<50%,White,Other,Principal_Residence,Originated,18.84,6,4,4
82971,185.0,95000,105000.0,95.0,20%-<30%,Race Not Available,Home_Purchase,Principal_Residence,Originated,8.59,2,7,1
99630,52.0,55000,435000.0,51.795,50%-60%,White,Other,Principal_Residence,Denied,32.25,4,2,0
15368,169.0,565000,755000.0,75.0,36%-<43%,Race Not Available,Home_Purchase,Principal_Residence,Denied,74.47,2,7,5
98609,31.0,15000,375000.0,78.353,Unknown,White,Refinance,Principal_Residence,Denied,88.55,0,6,6
41591,124.0,205000,595000.0,34.0,>60%,White,Refinance,Principal_Residence,Denied,8.62,4,2,0
96210,136.0,205000,275000.0,73.636,43%-<50%,Black or African American,CashOut_Refinance,Investment,Denied,97.93,1,5,3
70514,80.0,355000,445000.0,80.0,36%-<43%,White,Home_Purchase,Principal_Residence,Originated,11.14,2,7,1
18410,68.0,55000,225000.0,25.42,30%-<36%,White,CashOut_Refinance,Principal_Residence,Originated,14.82,0,6,6
31008,36.0,105000,165000.0,65.0,36%-<43%,White,CashOut_Refinance,Principal_Residence,Originated,16.68,0,6,6
63792,52.0,245000,255000.0,96.5,50%-60%,Black or African American,Home_Purchase,Principal_Residence,Originated,26.64,4,2,0
56779,96.0,545000,375000.0,78.353,Unknown,White,Home_Purchase,Principal_Residence,Withdrawn,22.96,2,7,1
87220,119.0,165000,215000.0,75.0,43%-<50%,Black or African American,Home_Purchase,Principal_Residence,Originated,25.26,2,7,1
59333,96.0,95000,125000.0,79.167,<20%,White,Home_Improvement,Principal_Residence,Originated,26.42,2,7,1
67736,197.0,135000,575000.0,22.609,43%-<50%,White,Other,Principal_Residence,Denied,41.92,0,6,1
40659,389.0,645000,1075000.0,73.501,20%-<30%,Race Not Available,Refinance,Principal_Residence,Originated,13.59,5,6,6
87399,46.0,235000,375000.0,78.353,Unknown,White,CashOut_Refinance,Principal_Residence,Withdrawn,23.2,0,6,6
63110,95.0,45000,375000.0,78.135,50%-60%,White,Home_Improvement,Principal_Residence,Denied,48.79,4,2,0
44580,35.0,55000,375000.0,78.353,Unknown,Race Not Available,Refinance,Principal_Residence,Incomplete,36.4,0,6,6
23881,36.0,25000,255000.0,11.16,<20%,White,Refinance,Principal_Residence,Originated,50.09,0,6,6
74641,107.0,205000,265000.0,77.17,20%-<30%,White,Home_Purchase,Principal_Residence,Originated,9.61,2,7,1
14145,360.0,845000,1055000.0,80.0,36%-<43%,Race Not Available,Other,Second_Residence,Originated,36.65,5,7,1
47261,25.0,215000,405000.0,78.353,Unknown,Race Not Available,Refinance,Principal_Residence,Originated,59.8,0,6,6
8504,24.0,125000,345000.0,36.765,43%-<50%,White,Other,Principal_Residence,Denied,38.23,2,6,5
61869,48.0,105000,375000.0,78.353,Unknown,White,Home_Improvement,Investment,Withdrawn,26.75,1,5,3
23251,844.0,265000,375000.0,78.353,Unknown,White,Home_Purchase,Second_Residence,Withdrawn,86.37,5,3,4
7799,95.0,55000,55000.0,78.353,Unknown,Race Not Available,Home_Purchase,Principal_Residence,Purchased,36.32,2,7,1
3394,118.0,325000,465000.0,69.892,43%-<50%,White,CashOut_Refinance,Principal_Residence,Originated,36.61,0,6,6
21393,144.0,525000,755000.0,70.0,36%-<43%,White,Home_Improvement,Principal_Residence,Denied,94.59,2,7,5
56924,95.0,165000,165000.0,78.353,Unknown,Race Not Available,Home_Purchase,Principal_Residence,Purchased,12.51,2,7,1
89037,116.0,485000,375000.0,78.353,Unknown,Race Not Available,Home_Purchase,Principal_Residence,Withdrawn,74.87,2,7,5
61899,279.0,505000,685000.0,72.993,<20%,White,CashOut_Refinance,Principal_Residence,Originated,58.77,0,6,6
83495,540.0,215000,2605000.0,80.0,43%-<50%,White,Home_Improvement,Principal_Residence,Denied,50.75,5,4,4
74210,71.0,255000,375000.0,78.353,Unknown,White,Home_Purchase,Principal_Residence,Withdrawn,46.36,2,7,1
77520,95.0,135000,145000.0,95.0,30%-<36%,White,Home_Purchase,Principal_Residence,Originated,6.11,2,7,1
58034,363.0,205000,1445000.0,73.98,20%-<30%,Asian,Home_Improvement,Principal_Residence,Originated,26.88,5,4,4
20434,111.0,175000,285000.0,62.5,20%-<30%,White,Home_Purchase,Principal_Residence,Originated,21.12,2,7,1
95165,85.0,115000,505000.0,22.2,20%-<30%,Race Not Available,Refinance,Principal_Residence,Denied,74.77,0,6,6
8972,23.0,65000,65000.0,78.353,20%-<30%,White,Home_Purchase,Principal_Residence,Denied,28.28,3,1,2
92727,108.0,245000,375000.0,78.353,Unknown,White,Refinance,Principal_Residence,Withdrawn,21.21,0,6,6
84218,375.0,505000,805000.0,62.5,30%-<36%,White,Other,Principal_Residence,Denied,7.8,5,3,1
95745,95.0,165000,175000.0,78.353,Unknown,Race Not Available,Home_Purchase,Principal_Residence,Purchased,12.67,2,7,1
79578,115.0,245000,275000.0,88.364,36%-<43%,White,CashOut_Refinance,Principal_Residence,Denied,14.27,0,6,6
23343,32.0,145000,375000.0,78.353,Unknown,Black or African American,Refinance,Principal_Residence,Withdrawn,15.94,0,6,6
28409,82.0,25000,25000.0,99.27,50%-60%,White,Home_Purchase,Principal_Residence,Denied,5.44,3,1,2
89901,73.0,395000,375000.0,78.353,Unknown,White,Home_Purchase,Principal_Residence,Withdrawn,25.35,3,1,2
95699,72.0,225000,245000.0,95.0,36%-<43%,White,Home_Purchase,Principal_Residence,Preapproval_Denied,0.0,2,7,1
49894,167.0,305000,375000.0,78.353,Unknown,White,Home_Purchase,Principal_Residence,Withdrawn,44.87,2,7,5
41969,95.0,385000,435000.0,78.353,Unknown,Race Not Available,Home_Purchase,Principal_Residence,Purchased,10.13,2,7,1
29983,216.0,425000,375000.0,78.353,Unknown,White,CashOut_Refinance,Principal_Residence,Withdrawn,47.3,0,6,6
3913,90.0,25000,175000.0,38.862,20%-<30%,White,Other,Principal_Residence,Originated,7.64,6,4,4
13134,95.0,415000,465000.0,78.353,Unknown,Race Not Available,Home_Purchase,Principal_Residence,Purchased,48.79,2,7,5
61400,630.0,225000,235000.0,95.0,20%-<30%,White,Home_Purchase,Principal_Residence,Originated,10.01,5,3,1
6778,95.0,205000,425000.0,48.99,<20%,White,Refinance,Principal_Residence,Originated,20.8,0,6,6
71440,81.0,65000,435000.0,85.241,50%-60%,White,Other,Principal_Residence,Originated,7.6,4,2,0
16056,60.0,215000,295000.0,74.0,36%-<43%,White,CashOut_Refinance,Principal_Residence,Originated,19.02,0,6,6
49175,69.0,225000,415000.0,54.699,36%-<43%,White,CashOut_Refinance,Principal_Residence,Originated,43.8,0,6,6
59542,95.0,805000,1305000.0,78.353,Unknown,Race Not Available,Refinance,Investment,Originated,96.78,1,5,3
65145,130.0,335000,565000.0,59.893,36%-<43%,White,Home_Purchase,Principal_Residence,Originated,8.58,2,7,1
89126,208.0,555000,695000.0,78.69,43%-<50%,Race Not Available,Home_Purchase,Second_Residence,Originated,18.57,2,7,1
64314,95.0,505000,735000.0,68.46,Unknown,Race Not Available,Refinance,Investment,Originated,26.22,1,5,3
41511,86.0,45000,365000.0,52.89,30%-<36%,White,Home_Improvement,Principal_Residence,Originated,10.09,6,4,4
57261,100.0,125000,255000.0,48.0,20%-<30%,Joint,Home_Improvement,Principal_Residence,Originated,35.45,2,6,1
5601,175.0,155000,845000.0,18.938,<20%,White,Home_Purchase,Principal_Residence,Originated,12.3,0,6,1
84282,120.0,505000,2205000.0,22.727,>60%,White,Other,Principal_Residence,Denied,29.4,4,2,0
67874,60.0,295000,325000.0,90.0,50%-60%,White,Home_Purchase,Principal_Residence,Originated,28.73,4,2,0
19618,60.0,205000,375000.0,78.353,Unknown,Black or African American,Refinance,Principal_Residence,Incomplete,97.63,0,6,6
41574,112.0,145000,145000.0,100.0,20%-<30%,Joint,Home_Purchase,Principal_Residence,Originated,16.61,2,7,1
15928,122.0,195000,445000.0,43.43,30%-<36%,Race Not Available,CashOut_Refinance,Principal_Residence,Denied,23.59,0,6,6
73395,63.0,65000,175000.0,37.0,20%-<30%,White,Home_Purchase,Principal_Residence,Originated,41.8,2,6,1
25752,153.0,75000,465000.0,59.33,36%-<43%,White,CashOut_Refinance,Principal_Residence,Originated,10.08,6,4,4
70102,84.0,215000,225000.0,95.556,36%-<43%,White,Home_Purchase,Principal_Residence,Originated,54.65,2,7,5
75402,24.0,135000,145000.0,92.86,>60%,White,Home_Purchase,Principal_Residence,Denied,6.97,4,2,0
47253,150.0,125000,215000.0,58.249,30%-<36%,White,Refinance,Principal_Residence,Originated,25.9,0,6,6
4243,95.0,185000,285000.0,78.353,Unknown,Race Not Available,CashOut_Refinance,Second_Residence,Purchased,3.79,0,6,6
37112,88.0,145000,375000.0,78.353,Unknown,Race Not Available,CashOut_Refinance,Principal_Residence,Withdrawn,23.27,0,6,6
46994,500.0,1655000,2405000.0,69.0,30%-<36%,Race Not Available,Home_Purchase,Principal_Residence,Approved_NotAccepted,22.84,5,3,1
40999,59.0,75000,85000.0,88.33,30%-<36%,White,Home_Purchase,Principal_Residence,Originated,7.39,3,1,2
47312,173.0,645000,2225000.0,29.088,30%-<36%,White,Other,Principal_Residence,Approved_NotAccepted,15.03,0,6,1
74011,46.0,55000,75000.0,73.333,<20%,White,Home_Purchase,Principal_Residence,Originated,8.11,2,7,1
55166,95.0,205000,375000.0,78.353,Unknown,White,Home_Purchase,Principal_Residence,Withdrawn,67.99,2,7,5
20508,81.0,325000,405000.0,78.353,Unknown,Race Not Available,Home_Purchase,Principal_Residence,Purchased,14.63,2,7,1
35778,114.0,85000,375000.0,78.353,Unknown,White,Home_Purchase,Principal_Residence,Incomplete,17.7,2,7,1
1718,56.0,75000,375000.0,78.353,Unknown,White,CashOut_Refinance,Principal_Residence,Withdrawn,20.51,6,4,4
7851,160.0,675000,745000.0,90.0,36%-<43%,Asian,Home_Purchase,Principal_Residence,Originated,93.64,2,7,5
2826,52.0,75000,195000.0,39.387,43%-<50%,White,Refinance,Principal_Residence,Originated,60.05,0,6,6
32452,176.0,1005000,375000.0,78.353,Unknown,White,CashOut_Refinance,Principal_Residence,Withdrawn,64.78,0,6,6
94237,64.0,395000,375000.0,78.353,Unknown,Joint,Home_Purchase,Principal_Residence,Withdrawn,19.84,2,7,1
27839,95.0,185000,255000.0,78.353,Unknown,Race Not Available,CashOut_Refinance,Principal_Residence,Purchased,10.53,0,6,6
6970,57.0,135000,155000.0,89.428,43%-<50%,White,Home_Purchase,Principal_Residence,Originated,8.46,2,7,1
70873,72.0,165000,165000.0,100.0,43%-<50%,White,Home_Purchase,Principal_Residence,Originated,84.46,2,7,5
63535,108.0,405000,375000.0,78.353,Unknown,Race Not Available,Home_Purchase,Principal_Residence,Withdrawn,61.08,2,7,5
92448,122.0,1505000,375000.0,78.353,Unknown,Race Not Available,Home_Purchase,Investment,Withdrawn,0.0,1,5,3
45418,89.0,195000,225000.0,89.367,20%-<30%,White,Home_Purchase,Principal_Residence,Originated,11.69,2,7,1
75279,28.0,105000,135000.0,78.0,43%-<50%,Black or African American,CashOut_Refinance,Principal_Residence,Originated,41.31,0,6,6
3321,88.0,155000,175000.0,88.571,<20%,Race Not Available,Home_Purchase,Principal_Residence,Denied,43.26,2,7,1
90368,58.0,225000,235000.0,100.0,<20%,Black or African American,Home_Purchase,Principal_Residence,Denied,89.94,2,7,5
50866,110.0,15000,15000.0,90.0,<20%,Race Not Available,Refinance,Principal_Residence,Approved_NotAccepted,18.42,3,1,2
99982,202.0,255000,1105000.0,69.975,43%-<50%,White,Refinance,Principal_Residence,Denied,74.53,6,4,4
4739,37.0,35000,235000.0,13.74,36%-<43%,White,Other,Principal_Residence,Denied,26.42,0,6,1
48902,97.0,375000,375000.0,78.353,Exempt,Asian,Home_Purchase,Principal_Residence,Originated,37.74,2,7,1
20409,123.0,305000,435000.0,69.02,30%-<36%,White,CashOut_Refinance,Principal_Residence,Originated,57.94,0,6,6
44079,119.0,395000,375000.0,78.353,Unknown,White,Home_Purchase,Principal_Residence,Withdrawn,16.53,2,7,1
28211,44.0,175000,185000.0,95.0,36%-<43%,White,Home_Purchase,Principal_Residence,Originated,4.94,3,1,2
6561,54.0,155000,165000.0,95.0,36%-<43%,White,Home_Purchase,Principal_Residence,Originated,43.09,2,7,5
41020,95.0,475000,525000.0,78.353,Unknown,Race Not Available,Home_Purchase,Principal_Residence,Purchased,16.83,2,7,1
45385,346.0,435000,1455000.0,74.92,20%-<30%,White,Home_Improvement,Principal_Residence,Originated,21.41,6,4,4
28585,450.0,355000,375000.0,78.353,Unknown,Asian,Other,Principal_Residence,Incomplete,34.73,5,4,4
86225,50.0,45000,375000.0,78.353,Unknown,Black or African American,Refinance,Principal_Residence,Incomplete,99.92,0,6,6
5560,183.0,225000,375000.0,78.353,Unknown,White,CashOut_Refinance,Principal_Residence,Withdrawn,54.51,0,6,6
53405,95.0,145000,155000.0,78.353,Unknown,Race Not Available,NotApplicable,Principal_Residence,Purchased,55.99,2,7,5
15792,91.0,205000,295000.0,67.32,36%-<43%,White,Refinance,Principal_Residence,Originated,7.18,0,6,6
78818,234.0,795000,375000.0,78.353,Unknown,Asian,Home_Purchase,Principal_Residence,Withdrawn,45.33,2,7,5
54896,59.0,185000,375000.0,78.353,Unknown,White,Home_Purchase,Principal_Residence,Withdrawn,4.59,3,1,2
66961,96.0,325000,375000.0,78.353,Unknown,Asian,Home_Purchase,Principal_Residence,Withdrawn,27.72,2,7,1
88720,51.0,225000,245000.0,89.0,30%-<36%,Race Not Available,Home_Purchase,Principal_Residence,Originated,8.08,2,7,1
96689,161.0,285000,375000.0,78.353,Unknown,White,CashOut_Refinance,Principal_Residence,Incomplete,38.96,0,6,6
70084,123.0,295000,365000.0,80.0,43%-<50%,White,Home_Purchase,Principal_Residence,Originated,60.23,2,7,5
61837,78.0,275000,285000.0,101.763,43%-<50%,Black or African American,Home_Purchase,Principal_Residence,Originated,96.68,2,7,5
53391,126.0,205000,645000.0,55.004,43%-<50%,White,Home_Improvement,Principal_Residence,Originated,6.44,6,4,4
13371,96.0,125000,375000.0,78.353,Unknown,Race Not Available,Refinance,Principal_Residence,Incomplete,49.4,0,6,6
7561,99.0,315000,375000.0,78.353,Unknown,White,Refinance,Principal_Residence,Incomplete,26.26,3,1,2
96140,57.0,155000,565000.0,26.786,36%-<43%,White,Refinance,Principal_Residence,Originated,5.4,0,6,6
13806,65.0,45000,185000.0,21.39,30%-<36%,Black or African American,Home_Improvement,Principal_Residence,Approved_NotAccepted,88.72,0,6,5
19637,74.0,285000,355000.0,80.0,30%-<36%,White,Home_Purchase,Principal_Residence,Originated,36.15,2,7,1
60987,156.0,55000,245000.0,50.17,<20%,White,Home_Improvement,Principal_Residence,Originated,19.95,6,4,4
42615,37.0,205000,375000.0,78.353,Unknown,White,CashOut_Refinance,Principal_Residence,Withdrawn,52.52,0,6,6
5070,165.0,665000,835000.0,80.0,30%-<36%,White,Home_Purchase,Principal_Residence,Originated,13.98,2,7,1
55840,118.0,225000,245000.0,90.0,36%-<43%,Race Not Available,Home_Purchase,Principal_Residence,Originated,30.31,2,7,1
65473,99.0,225000,285000.0,80.0,<20%,White,Home_Purchase,Principal_Residence,Originated,49.43,2,7,5
69385,95.0,235000,265000.0,78.353,Unknown,Race Not Available,Home_Purchase,Principal_Residence,Purchased,31.3,2,7,1
72912,91.0,365000,365000.0,78.353,36%-<43%,White,Home_Purchase,Principal_Residence,Originated,32.27,2,7,1
95025,151.0,355000,1105000.0,32.345,20%-<30%,Race Not Available,Refinance,Principal_Residence,Originated,93.19,0,6,6
60270,10.0,85000,375000.0,78.353,Unknown,Race Not Available,CashOut_Refinance,Principal_Residence,Withdrawn,50.51,3,1,2
94789,95.0,395000,405000.0,78.353,Unknown,Race Not Available,Home_Purchase,Principal_Residence,Purchased,89.91,2,7,5
87330,95.0,285000,295000.0,96.5,50%-60%,Black or African American,Home_Purchase,Principal_Residence,Originated,82.09,4,2,0
94586,248.0,415000,375000.0,78.353,Unknown,White,Home_Purchase,Principal_Residence,Withdrawn,19.44,2,7,1
65548,95.0,185000,185000.0,78.353,Unknown,Race Not Available,Home_Purchase,Principal_Residence,Purchased,16.53,2,7,1
47439,57.0,105000,105000.0,95.0,30%-<36%,White,Refinance,Principal_Residence,Denied,95.32,0,6,6
40594,53.0,165000,165000.0,100.092,30%-<36%,Race Not Available,Home_Purchase,Principal_Residence,Originated,18.76,2,7,1
7495,72.0,85000,125000.0,69.0,20%-<30%,White,CashOut_Refinance,Principal_Residence,Originated,4.28,0,6,6
8839,69.0,305000,305000.0,78.353,43%-<50%,White,Home_Purchase,Principal_Residence,Originated,23.8,2,7,1
42079,95.0,65000,95000.0,78.353,Unknown,Race Not Available,CashOut_Refinance,Investment,Purchased,95.54,1,5,3
95890,307.0,115000,375000.0,78.353,Unknown,White,CashOut_Refinance,Second_Residence,Incomplete,6.4,0,6,6
55943,62.0,125000,375000.0,78.353,Unknown,Race Not Available,Home_Purchase,Principal_Residence,Incomplete,24.66,3,1,2
18829,54.0,35000,205000.0,94.286,30%-<36%,White,Other,Principal_Residence,Denied,79.99,6,4,4
63833,118.0,525000,655000.0,80.0,36%-<43%,Asian,Home_Purchase,Principal_Residence,Originated,33.74,2,7,1
66034,161.0,1205000,2505000.0,48.0,50%-60%,White,CashOut_Refinance,Investment,Originated,44.91,1,5,3
57381,38.0,175000,165000.0,78.353,>60%,Joint,Home_Purchase,Principal_Residence,Denied,19.59,3,1,2
68385,95.0,215000,285000.0,74.913,Unknown,Race Not Available,CashOut_Refinance,Investment,Originated,71.17,1,5,3
34685,73.0,225000,375000.0,78.353,Exempt,Asian,Home_Purchase,Principal_Residence,Originated,47.8,2,7,1
86850,95.0,205000,375000.0,78.353,Unknown,Asian,CashOut_Refinance,Principal_Residence,Withdrawn,56.81,0,6,6
65609,39.0,65000,65000.0,78.353,30%-<36%,Race Not Available,Home_Purchase,Principal_Residence,Originated,70.74,3,1,2
65337,231.0,405000,375000.0,78.353,Unknown,Black or African American,CashOut_Refinance,Principal_Residence,Incomplete,50.32,0,6,6
88791,257.0,555000,925000.0,60.0,20%-<30%,Race Not Available,CashOut_Refinance,Principal_Residence,Originated,30.22,0,6,6
18860,124.0,225000,585000.0,39.419,30%-<36%,White,Home_Purchase,Principal_Residence,Originated,9.82,2,6,1
16517,41.0,135000,375000.0,78.353,Unknown,Native Hawaiian or Other Pacific Islander,Home_Purchase,Principal_Residence,Incomplete,15.55,2,7,1
60837,68.0,185000,545000.0,34.0,43%-<50%,Race Not Available,CashOut_Refinance,Principal_Residence,Denied,98.54,0,6,6
72939,55.0,205000,375000.0,78.353,Unknown,White,Home_Purchase,Second_Residence,Withdrawn,23.11,2,7,1
35948,95.0,595000,575000.0,100.0,20%-<30%,White,Home_Purchase,Principal_Residence,Originated,85.87,2,7,5
98859,95.0,245000,335000.0,78.353,Unknown,Race Not Available,Refinance,Principal_Residence,Purchased,92.6,0,6,6
394,80.0,305000,375000.0,78.353,Unknown,Race Not Available,CashOut_Refinance,Principal_Residence,Incomplete,25.15,0,6,6
49747,75.0,225000,305000.0,74.13,43%-<50%,Race Not Available,Home_Purchase,Principal_Residence,Originated,36.91,2,7,1
28786,79.0,335000,375000.0,78.353,Unknown,White,Home_Purchase,Principal_Residence,Withdrawn,0.0,2,7,1
46594,524.0,1315000,1755000.0,75.0,36%-<43%,White,Other,Principal_Residence,Originated,25.72,5,3,1
39060,79.0,245000,255000.0,100.0,43%-<50%,White,CashOut_Refinance,Principal_Residence,Originated,25.46,0,6,6
97340,86.0,135000,375000.0,78.353,Unknown,Race Not Available,Home_Purchase,Investment,Withdrawn,98.19,1,5,3
72035,58.0,65000,55000.0,78.353,50%-60%,White,Home_Improvement,Principal_Residence,Denied,15.67,3,1,2
35545,142.0,105000,595000.0,21.03,43%-<50%,White,Other,Principal_Residence,Originated,12.29,6,4,4
42936,95.0,155000,305000.0,78.353,Unknown,Race Not Available,NotApplicable,Principal_Residence,Purchased,40.09,2,7,5
87005,62.0,205000,375000.0,78.353,Unknown,White,CashOut_Refinance,Principal_Residence,Withdrawn,70.06,0,6,6
83622,514.0,1205000,1505000.0,80.0,<20%,White,Home_Purchase,Principal_Residence,Originated,9.62,5,3,1
42915,176.0,45000,305000.0,86.39,>60%,White,Other,Principal_Residence,Denied,4.71,4,2,0
65790,56.0,105000,375000.0,78.353,Unknown,White,Home_Improvement,Principal_Residence,Withdrawn,8.9,6,4,4
92314,75.0,185000,375000.0,78.353,Unknown,White,CashOut_Refinance,Principal_Residence,Incomplete,37.21,0,6,6
79744,121.0,455000,505000.0,90.0,36%-<43%,White,Home_Purchase,Principal_Residence,Originated,77.89,2,7,5
85441,69.0,255000,455000.0,55.556,43%-<50%,White,Home_Purchase,Principal_Residence,Originated,35.34,2,6,1
76723,220.0,575000,375000.0,78.353,Unknown,White,Home_Purchase,Investment,Withdrawn,12.45,1,5,3
62039,84.0,155000,375000.0,78.353,Unknown,White,CashOut_Refinance,Principal_Residence,Withdrawn,17.75,0,6,6
31432,406.0,1365000,1705000.0,80.0,36%-<43%,White,Home_Purchase,Principal_Residence,Originated,38.1,2,7,5
98929,95.0,245000,375000.0,78.353,Unknown,Black or African American,CashOut_Refinance,Principal_Residence,Denied,18.46,0,6,6
88958,118.0,155000,205000.0,73.659,20%-<30%,White,Home_Purchase,Principal_Residence,Originated,21.63,2,7,1
3707,83.0,305000,385000.0,80.0,36%-<43%,White,Home_Purchase,Principal_Residence,Originated,40.27,2,7,1
84964,164.0,635000,665000.0,95.0,36%-<43%,Asian,Home_Purchase,Principal_Residence,Originated,73.09,2,7,5
33056,45.0,155000,375000.0,78.353,Unknown,White,Home_Purchase,Principal_Residence,Withdrawn,80.37,2,7,5
74153,77.0,155000,375000.0,78.353,Unknown,White,CashOut_Refinance,Principal_Residence,Withdrawn,21.02,6,4,4
56831,184.0,425000,575000.0,74.95,20%-<30%,White,Refinance,Investment,Denied,62.72,1,5,3
33534,70.0,155000,375000.0,78.353,Unknown,Race Not Available,Home_Purchase,Principal_Residence,Withdrawn,7.71,2,7,1
72996,95.0,315000,425000.0,78.353,Unknown,Race Not Available,Refinance,Investment,Originated,23.63,1,5,3
1532,192.0,205000,305000.0,68.333,43%-<50%,White,Refinance,Second_Residence,Originated,7.01,0,6,6
11957,95.0,245000,375000.0,78.353,Unknown,Black or African American,Refinance,Principal_Residence,Denied,44.59,0,6,6
39827,95.0,955000,2045000.0,46.45,Unknown,Race Not Available,Refinance,Investment,Originated,48.03,1,5,3
28206,150.0,405000,505000.0,80.0,43%-<50%,White,Home_Purchase,Principal_Residence,Originated,30.86,2,7,1
98635,59.0,345000,585000.0,58.769,>60%,Race Not Available,CashOut_Refinance,Investment,Denied,40.54,1,5,3
73857,59.0,115000,375000.0,78.353,Unknown,White,CashOut_Refinance,Principal_Residence,Incomplete,6.5,0,6,6
67657,95.0,445000,345000.0,129.37,<20%,White,Home_Purchase,Investment,Originated,13.01,1,5,3
80449,55.0,225000,225000.0,100.0,36%-<43%,Black or African American,Home_Purchase,Principal_Residence,Originated,97.38,2,7,5
57247,55.0,75000,375000.0,78.353,Unknown,Black or African American,Home_Purchase,Principal_Residence,Incomplete,11.09,3,1,2
60192,59.0,225000,455000.0,50.0,30%-<36%,Race Not Available,Home_Purchase,Second_Residence,Approved_NotAccepted,82.75,2,6,5
26273,95.0,145000,145000.0,78.353,Unknown,Race Not Available,Home_Purchase,Principal_Residence,Purchased,9.2,2,7,1
24818,183.0,475000,615000.0,78.52,20%-<30%,Asian,Home_Purchase,Principal_Residence,Originated,81.82,2,7,5
38025,59.0,225000,375000.0,78.353,Unknown,Race Not Available,CashOut_Refinance,Principal_Residence,Originated,8.02,0,6,6
90637,89.0,435000,515000.0,78.353,Unknown,Race Not Available,Home_Purchase,Principal_Residence,Purchased,75.43,2,7,5
25653,143.0,545000,675000.0,80.0,36%-<43%,Asian,Home_Purchase,Principal_Residence,Originated,21.24,2,7,1
54919,16.0,165000,155000.0,106.67,>60%,White,Refinance,Principal_Residence,Denied,5.7,4,2,0
65923,46.0,45000,115000.0,35.0,<20%,White,CashOut_Refinance,Principal_Residence,Originated,9.17,0,6,6
19693,95.0,805000,1855000.0,43.24,Unknown,Race Not Available,CashOut_Refinance,Investment,Originated,35.97,1,5,3
41134,39.0,15000,375000.0,78.353,Unknown,Black or African American,CashOut_Refinance,Principal_Residence,Withdrawn,39.77,0,6,6
82695,281.0,75000,385000.0,99.22,20%-<30%,White,Home_Improvement,Principal_Residence,Denied,31.33,6,4,4
30058,95.0,115000,115000.0,78.353,Unknown,Race Not Available,Home_Purchase,Principal_Residence,Purchased,21.95,2,7,1
7465,39.0,65000,75000.0,97.0,20%-<30%,White,Home_Purchase,Principal_Residence,Originated,9.75,2,7,1
45449,174.0,785000,795000.0,99.777,43%-<50%,Black or African American,Home_Purchase,Principal_Residence,Originated,63.79,2,7,5
31000,125.0,255000,405000.0,62.5,36%-<43%,White,CashOut_Refinance,Principal_Residence,Originated,26.25,0,6,6
67628,95.0,15000,375000.0,78.353,Unknown,White,Home_Purchase,Principal_Residence,Denied,49.52,3,1,2
30424,40.0,85000,375000.0,78.353,Unknown,Race Not Available,Refinance,Principal_Residence,Withdrawn,6.23,0,6,6
79127,242.0,595000,635000.0,95.0,30%-<36%,White,Home_Purchase,Principal_Residence,Originated,67.75,2,7,5
3104,49.0,105000,375000.0,78.353,Unknown,White,Home_Purchase,Principal_Residence,Incomplete,9.35,3,1,2
57062,64.0,285000,385000.0,75.718,50%-60%,2 or more minority races,CashOut_Refinance,Principal_Residence,Denied,95.98,4,2,0
93358,70.0,445000,555000.0,80.0,43%-<50%,White,Home_Purchase,Principal_Residence,Originated,43.97,2,7,1
23264,95.0,365000,365000.0,78.353,Unknown,Race Not Available,Home_Purchase,Principal_Residence,Purchased,17.04,3,1,2
32080,36.0,165000,165000.0,96.5,43%-<50%,White,Home_Purchase,Principal_Residence,Originated,89.18,2,7,5
80758,72.0,165000,165000.0,96.5,43%-<50%,White,Home_Purchase,Principal_Residence,Preapproval_Denied,0.0,2,7,1
2024,612.0,1625000,2025000.0,80.0,36%-<43%,White,Home_Purchase,Principal_Residence,Originated,24.46,5,3,4
9272,130.0,425000,565000.0,75.0,36%-<43%,White,CashOut_Refinance,Second_Residence,Originated,7.43,0,6,6
64094,4.0,115000,375000.0,78.353,Unknown,White,CashOut_Refinance,Principal_Residence,Withdrawn,15.49,0,6,6
4468,95.0,105000,105000.0,78.353,Unknown,Race Not Available,Refinance,Principal_Residence,Originated,85.26,0,6,6
59298,51.0,125000,155000.0,80.0,36%-<43%,White,Home_Purchase,Principal_Residence,Originated,15.01,2,7,1
99289,95.0,585000,675000.0,78.353,Unknown,Race Not Available,Home_Purchase,Principal_Residence,Purchased,18.3,2,7,1
41851,320.0,685000,865000.0,80.0,30%-<36%,White,Home_Purchase,Second_Residence,Originated,21.34,2,7,1
22283,138.0,55000,375000.0,78.353,Unknown,Black or African American,Home_Purchase,Principal_Residence,Withdrawn,63.69,2,7,5
87199,51.0,185000,375000.0,78.353,Unknown,Race Not Available,Home_Purchase,Principal_Residence,Withdrawn,90.3,2,7,5
23876,248.0,965000,1205000.0,80.0,43%-<50%,Race Not Available,Home_Purchase,Principal_Residence,Originated,85.8,2,7,5
46112,95.0,205000,275000.0,78.353,Unknown,Race Not Available,Home_Purchase,Principal_Residence,Purchased,21.87,2,7,1
62794,95.0,365000,455000.0,78.353,Unknown,Race Not Available,Home_Purchase,Second_Residence,Purchased,9.73,3,1,2
4330,41.0,165000,135000.0,118.52,20%-<30%,White,Home_Purchase,Principal_Residence,Denied,6.5,3,1,2
19796,110.0,5000,425000.0,101.97,36%-<43%,Race Not Available,Home_Purchase,Principal_Residence,Originated,39.46,6,4,4
43269,106.0,265000,325000.0,80.0,43%-<50%,White,Home_Purchase,Principal_Residence,Originated,48.71,2,7,5
95690,126.0,335000,355000.0,78.353,Unknown,Race Not Available,Home_Purchase,Principal_Residence,Purchased,64.32,2,7,5
22223,105.0,325000,375000.0,78.353,Unknown,White,Home_Purchase,Principal_Residence,Withdrawn,12.52,2,7,1
57953,95.0,325000,345000.0,97.0,43%-<50%,Black or African American,Home_Purchase,Principal_Residence,Originated,29.45,2,7,1
17447,90.0,155000,705000.0,22.14,20%-<30%,Race Not Available,CashOut_Refinance,Principal_Residence,Denied,21.97,0,6,6
54758,60.0,215000,235000.0,90.0,36%-<43%,Race Not Available,Home_Purchase,Principal_Residence,Originated,28.55,2,7,1
55021,118.0,505000,635000.0,78.353,36%-<43%,White,Home_Purchase,Principal_Residence,Originated,40.27,2,7,1
25072,52.0,105000,215000.0,51.174,20%-<30%,Race Not Available,Refinance,Principal_Residence,Originated,31.66,0,6,6
94997,52.0,125000,125000.0,96.5,20%-<30%,White,Home_Purchase,Principal_Residence,Originated,99.92,2,7,5
3108,95.0,245000,325000.0,78.353,Unknown,Race Not Available,CashOut_Refinance,Principal_Residence,Purchased,80.17,0,6,6
16318,135.0,125000,375000.0,78.353,Unknown,White,Home_Improvement,Principal_Residence,Withdrawn,32.27,6,4,4
8631,174.0,275000,395000.0,68.802,20%-<30%,White,Home_Purchase,Principal_Residence,Originated,26.49,2,7,1
19704,47.0,245000,245000.0,96.5,43%-<50%,White,Home_Purchase,Principal_Residence,Originated,78.72,2,7,5
56274,124.0,255000,315000.0,80.0,30%-<36%,White,CashOut_Refinance,Principal_Residence,Originated,48.93,0,6,6
97625,147.0,255000,255000.0,100.0,43%-<50%,Race Not Available,Home_Purchase,Principal_Residence,Originated,17.34,2,7,1
98894,95.0,345000,435000.0,80.0,43%-<50%,White,Home_Purchase,Principal_Residence,Originated,23.28,2,7,1
38525,126.0,55000,255000.0,19.305,50%-60%,White,Other,Principal_Residence,Denied,25.03,4,2,0
58453,95.0,115000,125000.0,78.353,Unknown,Black or African American,Refinance,Principal_Residence,Denied,98.44,0,6,6
25059,172.0,355000,445000.0,80.0,30%-<36%,White,Home_Purchase,Principal_Residence,Originated,35.41,2,7,1
30661,81.0,285000,285000.0,96.5,50%-60%,Race Not Available,Home_Purchase,Principal_Residence,Originated,96.74,4,2,0
2361,95.0,465000,755000.0,78.353,Unknown,Native Hawaiian or Other Pacific Islander,Refinance,Principal_Residence,Originated,41.09,0,6,6
66927,21.0,15000,115000.0,68.189,36%-<43%,White,Other,Principal_Residence,Originated,26.1,6,4,4
82337,35.0,215000,235000.0,90.0,43%-<50%,White,Home_Purchase,Principal_Residence,Originated,11.56,2,7,1
68352,95.0,445000,455000.0,78.353,Unknown,Race Not Available,Home_Purchase,Principal_Residence,Purchased,73.48,2,7,5
12681,139.0,245000,365000.0,68.889,30%-<36%,White,CashOut_Refinance,Principal_Residence,Originated,88.31,0,6,6
24719,190.0,225000,305000.0,75.0,20%-<30%,White,CashOut_Refinance,Investment,Originated,15.02,1,5,3
76351,16.0,195000,365000.0,78.353,Unknown,White,Refinance,Principal_Residence,Originated,26.39,0,6,6
43252,95.0,145000,195000.0,78.353,Unknown,Race Not Available,NotApplicable,Principal_Residence,Purchased,10.11,2,7,1
37743,190.0,45000,375000.0,78.353,Exempt,White,Refinance,Investment,Originated,34.67,1,5,3
76550,42.0,135000,265000.0,53.54,36%-<43%,Black or African American,CashOut_Refinance,Principal_Residence,Denied,53.23,0,6,6
11172,85.0,135000,375000.0,78.353,Unknown,Black or African American,CashOut_Refinance,Principal_Residence,Incomplete,95.93,0,6,6
68424,98.0,55000,375000.0,75.75,36%-<43%,Race Not Available,CashOut_Refinance,Principal_Residence,Originated,16.72,6,4,4
56403,152.0,545000,375000.0,78.353,Unknown,White,Home_Purchase,Principal_Residence,Withdrawn,54.05,2,7,5
62363,98.0,305000,375000.0,78.353,Unknown,Asian,Home_Improvement,Principal_Residence,Withdrawn,60.4,2,7,5
93004,479.0,1995000,2405000.0,83.167,36%-<43%,White,Home_Purchase,Principal_Residence,Denied,15.56,5,3,1
56519,95.0,65000,375000.0,78.353,Unknown,White,Home_Purchase,Principal_Residence,Denied,83.46,3,1,2
59057,779.0,465000,375000.0,78.353,Exempt,White,Home_Purchase,Principal_Residence,Purchased,41.46,5,3,4
8747,75.0,235000,265000.0,90.0,30%-<36%,Race Not Available,Home_Purchase,Second_Residence,Originated,40.06,2,7,1
97926,30.0,85000,95000.0,96.5,50%-60%,White,Home_Purchase,Principal_Residence,Originated,11.28,4,2,0
97721,41.0,175000,375000.0,78.353,Unknown,Black or African American,CashOut_Refinance,Principal_Residence,Withdrawn,48.89,0,6,6
94695,100.0,55000,375000.0,78.353,Unknown,Race Not Available,Home_Improvement,Principal_Residence,Incomplete,9.03,6,4,4
55597,41.0,95000,175000.0,52.941,20%-<30%,White,Home_Purchase,Principal_Residence,Originated,21.13,2,7,1
97349,18.0,175000,175000.0,101.409,>60%,Black or African American,Home_Purchase,Principal_Residence,Denied,64.63,4,2,0
36154,55.0,95000,435000.0,22.698,43%-<50%,White,Home_Improvement,Principal_Residence,Originated,15.24,0,6,1
22041,57.0,25000,465000.0,64.08,36%-<43%,White,Home_Improvement,Principal_Residence,Originated,57.09,6,4,4
64492,50.0,175000,375000.0,78.353,Unknown,Black or African American,Home_Purchase,Principal_Residence,Withdrawn,96.15,2,7,5
81210,334.0,405000,375000.0,78.353,Unknown,White,Home_Improvement,Investment,Withdrawn,28.04,1,5,3
97947,61.0,155000,655000.0,79.51,>60%,White,Home_Improvement,Principal_Residence,Denied,31.11,4,2,0
30461,47.0,145000,185000.0,80.0,43%-<50%,White,Home_Purchase,Principal_Residence,Originated,16.88,2,7,1
12528,54.0,295000,335000.0,78.353,36%-<43%,White,Home_Purchase,Principal_Residence,Originated,24.86,2,7,1
88798,131.0,425000,425000.0,98.834,30%-<36%,Race Not Available,Home_Purchase,Principal_Residence,Originated,69.15,2,7,5
38240,95.0,225000,295000.0,78.353,Unknown,Race Not Available,Home_Purchase,Principal_Residence,Purchased,59.64,2,7,5
90635,126.0,355000,615000.0,56.634,43%-<50%,White,CashOut_Refinance,Principal_Residence,Originated,25.34,0,6,6
25702,95.0,215000,265000.0,78.353,Unknown,Race Not Available,Home_Purchase,Investment,Originated,12.96,1,5,3
95619,95.0,235000,335000.0,71.23,Unknown,Black or African American,Refinance,Principal_Residence,Originated,11.92,0,6,6
28842,333.0,565000,685000.0,80.613,30%-<36%,White,Home_Purchase,Principal_Residence,Originated,36.14,5,7,1
86764,163.0,575000,605000.0,95.0,43%-<50%,Race Not Available,Home_Purchase,Principal_Residence,Originated,10.81,2,7,1
26654,102.0,495000,505000.0,96.5,43%-<50%,White,Home_Purchase,Principal_Residence,Originated,55.55,2,7,5
28894,95.0,165000,175000.0,78.353,Unknown,Race Not Available,Home_Purchase,Principal_Residence,Purchased,62.94,2,7,5
23891,45.0,115000,315000.0,36.0,36%-<43%,White,CashOut_Refinance,Principal_Residence,Originated,12.04,0,6,6
22192,95.0,65000,375000.0,78.353,Unknown,White,Refinance,Principal_Residence,Incomplete,88.53,0,6,6
60399,206.0,225000,2705000.0,39.93,43%-<50%,White,Other,Principal_Residence,Originated,31.69,6,4,4
6595,172.0,495000,835000.0,60.0,20%-<30%,White,Home_Purchase,Principal_Residence,Originated,21.56,2,7,1
21462,85.0,135000,175000.0,80.0,36%-<43%,White,Home_Purchase,Principal_Residence,Originated,8.23,2,7,1
60909,53.0,245000,305000.0,80.0,43%-<50%,White,Home_Purchase,Principal_Residence,Approved_NotAccepted,50.78,2,7,5
3899,64.0,205000,375000.0,78.353,Exempt,White,Home_Purchase,Principal_Residence,Originated,46.21,2,7,5
18372,96.0,545000,375000.0,78.353,Unknown,White,Home_Purchase,Principal_Residence,Withdrawn,59.81,2,7,5
49523,48.0,105000,155000.0,64.958,20%-<30%,Asian,Home_Purchase,Principal_Residence,Originated,53.64,2,6,5
69590,74.0,285000,405000.0,78.353,Unknown,White,CashOut_Refinance,Principal_Residence,Purchased,20.73,0,6,6
79600,95.0,245000,525000.0,78.353,Unknown,Race Not Available,Refinance,Principal_Residence,Purchased,41.52,0,6,6
88252,42.0,225000,405000.0,100.0,43%-<50%,White,Home_Purchase,Principal_Residence,Originated,12.4,2,7,1
44353,197.0,465000,525000.0,90.0,36%-<43%,White,Home_Purchase,Investment,Originated,31.47,1,5,3
62166,61.0,205000,375000.0,78.353,Unknown,Race Not Available,Refinance,Principal_Residence,Denied,42.93,0,6,6
85792,107.0,255000,265000.0,95.0,36%-<43%,White,Home_Purchase,Principal_Residence,Originated,15.81,2,7,1
92950,225.0,255000,375000.0,78.353,Unknown,Race Not Available,Refinance,Principal_Residence,Incomplete,24.62,6,4,4
32618,103.0,305000,375000.0,78.353,Unknown,White,Home_Purchase,Principal_Residence,Withdrawn,30.53,2,7,1
49612,103.0,155000,335000.0,46.0,20%-<30%,White,CashOut_Refinance,Principal_Residence,Originated,15.98,0,6,6
91882,69.0,295000,305000.0,97.0,43%-<50%,Race Not Available,Home_Purchase,Principal_Residence,Denied,85.53,2,7,5
94416,56.0,45000,45000.0,87.088,<20%,Black or African American,Home_Purchase,Principal_Residence,Denied,31.18,3,1,2
95993,49.0,225000,295000.0,76.552,36%-<43%,White,CashOut_Refinance,Principal_Residence,Originated,38.39,0,6,6
90418,131.0,315000,325000.0,78.353,Unknown,Race Not Available,Home_Purchase,Principal_Residence,Purchased,18.52,2,7,1
5963,82.0,245000,315000.0,79.065,36%-<43%,Race Not Available,CashOut_Refinance,Principal_Residence,Originated,30.44,0,6,6
94713,110.0,255000,385000.0,65.93,43%-<50%,Black or African American,Refinance,Principal_Residence,Denied,81.02,0,6,6
38680,32.0,15000,375000.0,78.353,>60%,White,Refinance,Principal_Residence,Denied,70.25,4,2,0
80265,47.0,225000,235000.0,96.5,50%-60%,White,Home_Purchase,Principal_Residence,Originated,47.53,4,2,0
85347,71.0,155000,375000.0,78.353,Unknown,White,Home_Purchase,Principal_Residence,Withdrawn,26.15,2,7,1
84129,99.0,105000,275000.0,66.183,20%-<30%,White,Home_Improvement,Principal_Residence,Originated,15.48,6,4,4
97907,200.0,875000,1255000.0,70.0,50%-60%,White,Refinance,Principal_Residence,Originated,21.29,4,2,0
95413,35.0,55000,65000.0,80.0,<20%,White,Home_Purchase,Principal_Residence,Originated,4.7,2,7,1
5324,39.0,55000,115000.0,43.86,36%-<43%,White,Other,Principal_Residence,Originated,84.17,2,6,5
29135,95.0,225000,225000.0,78.353,Unknown,Race Not Available,Home_Purchase,Principal_Residence,Purchased,17.34,2,7,1
90618,95.0,245000,345000.0,78.353,Unknown,Race Not Available,CashOut_Refinance,Principal_Residence,Purchased,40.59,0,6,6
75052,81.0,405000,375000.0,78.353,Unknown,Joint,CashOut_Refinance,Principal_Residence,Incomplete,78.24,0,6,6
92690,200.0,305000,455000.0,67.333,<20%,White,Refinance,Principal_Residence,Originated,25.7,0,6,6
62307,95.0,85000,85000.0,78.353,Unknown,Race Not Available,Home_Purchase,Principal_Residence,Purchased,12.29,2,7,1
71719,75.0,365000,465000.0,80.0,43%-<50%,White,Home_Purchase,Principal_Residence,Originated,40.89,2,7,1
23834,45.0,255000,375000.0,78.353,Unknown,Asian,Home_Improvement,Principal_Residence,Incomplete,15.74,2,7,1
77465,16.0,85000,105000.0,87.0,43%-<50%,Race Not Available,Refinance,Principal_Residence,Denied,77.92,0,6,6
17818,52.0,195000,205000.0,95.0,36%-<43%,White,Home_Purchase,Principal_Residence,Originated,18.18,2,7,1
19524,1040.0,2125000,2495000.0,85.0,36%-<43%,White,Home_Purchase,Principal_Residence,Originated,34.23,5,3,4
75412,43.0,85000,85000.0,96.5,36%-<43%,White,Home_Purchase,Principal_Residence,Originated,11.76,2,7,1
1998,95.0,235000,245000.0,78.353,Unknown,Race Not Available,Home_Purchase,Principal_Residence,Purchased,11.25,2,7,1
3794,99.0,95000,215000.0,89.074,30%-<36%,White,Refinance,Principal_Residence,Originated,30.05,6,4,4
49251,969.0,755000,2755000.0,71.28,<20%,White,Home_Improvement,Principal_Residence,Originated,21.5,5,3,4
24795,33.0,75000,75000.0,97.0,20%-<30%,White,Home_Purchase,Principal_Residence,Denied,68.07,2,7,5
14969,157.0,255000,265000.0,96.5,36%-<43%,Joint,Home_Purchase,Principal_Residence,Originated,46.05,2,7,1
34807,112.0,305000,325000.0,95.0,43%-<50%,White,Home_Purchase,Principal_Residence,Originated,7.3,2,7,1
16791,24.0,205000,375000.0,78.353,Unknown,White,CashOut_Refinance,Principal_Residence,Incomplete,19.38,0,6,6
37720,161.0,565000,715000.0,80.0,36%-<43%,White,CashOut_Refinance,Principal_Residence,Originated,16.87,0,6,6
74552,177.0,645000,1055000.0,62.0,36%-<43%,White,Home_Purchase,Principal_Residence,Originated,8.16,2,7,1
40575,138.0,55000,375000.0,78.353,Unknown,White,Refinance,Principal_Residence,Incomplete,36.96,0,6,6
1814,93.0,345000,355000.0,96.5,43%-<50%,Black or African American,Home_Purchase,Principal_Residence,Originated,73.03,2,7,5
11466,107.0,325000,375000.0,78.353,Unknown,White,Home_Purchase,Principal_Residence,Withdrawn,10.08,2,7,1
48866,390.0,625000,375000.0,78.353,Unknown,White,Home_Purchase,Principal_Residence,Withdrawn,11.74,5,7,1
82041,106.0,235000,635000.0,36.508,20%-<30%,Race Not Available,Home_Purchase,Principal_Residence,Originated,60.77,0,6,5
11338,166.0,65000,575000.0,51.851,30%-<36%,Black or African American,Other,Principal_Residence,Approved_NotAccepted,46.48,6,4,4
9622,145.0,555000,375000.0,78.353,Unknown,Black or African American,Home_Purchase,Principal_Residence,Withdrawn,94.13,2,7,5
73246,329.0,585000,725000.0,80.0,20%-<30%,White,Home_Purchase,Principal_Residence,Originated,9.77,5,7,1
62500,104.0,235000,315000.0,75.0,43%-<50%,White,CashOut_Refinance,Principal_Residence,Originated,34.77,0,6,6
94370,665.0,1205000,2605000.0,46.15,20%-<30%,Race Not Available,Home_Purchase,Principal_Residence,Originated,65.61,5,3,4
79523,171.0,255000,945000.0,77.8,36%-<43%,White,Refinance,Principal_Residence,Originated,16.2,6,4,4
14958,52.0,105000,105000.0,78.353,43%-<50%,Race Not Available,Home_Purchase,Principal_Residence,Denied,0.0,3,1,2
52201,95.0,315000,375000.0,78.353,Unknown,Race Not Available,CashOut_Refinance,Principal_Residence,Withdrawn,18.11,0,6,6
19709,107.0,35000,465000.0,41.613,20%-<30%,White,Other,Principal_Residence,Originated,12.78,6,4,4
50839,177.0,635000,855000.0,75.0,43%-<50%,Race Not Available,Home_Purchase,Principal_Residence,Originated,62.54,2,7,1
5645,72.0,105000,285000.0,34.81,30%-<36%,Race Not Available,Home_Improvement,Principal_Residence,Denied,13.36,2,6,1
22593,64.0,295000,365000.0,80.0,43%-<50%,Race Not Available,CashOut_Refinance,Principal_Residence,Originated,12.82,0,6,6
18100,744.0,1695000,3455000.0,48.986,20%-<30%,White,CashOut_Refinance,Principal_Residence,Originated,31.9,5,3,6
84624,199.0,75000,825000.0,65.73,20%-<30%,White,Home_Improvement,Principal_Residence,Originated,8.71,6,4,4
84758,24.0,75000,375000.0,78.353,Unknown,White,Home_Purchase,Principal_Residence,Withdrawn,9.57,2,7,1
57651,111.0,495000,505000.0,96.5,43%-<50%,Race Not Available,Home_Purchase,Principal_Residence,Originated,86.44,2,7,5
42946,94.0,385000,375000.0,78.353,Unknown,Race Not Available,CashOut_Refinance,Principal_Residence,Incomplete,6.16,0,6,6
9658,80.0,95000,375000.0,78.353,Unknown,White,CashOut_Refinance,Principal_Residence,Incomplete,9.15,0,6,6
54497,81.0,225000,255000.0,90.0,43%-<50%,White,Home_Purchase,Principal_Residence,Originated,10.3,2,7,1
95698,105.0,255000,395000.0,62.893,36%-<43%,White,Home_Purchase,Principal_Residence,Denied,6.37,2,7,1
21383,75.0,425000,685000.0,61.029,43%-<50%,White,CashOut_Refinance,Principal_Residence,Denied,57.92,0,6,6
12416,95.0,235000,315000.0,78.353,Unknown,Race Not Available,CashOut_Refinance,Principal_Residence,Purchased,24.84,0,6,6
34822,95.0,365000,495000.0,78.353,Unknown,Race Not Available,CashOut_Refinance,Principal_Residence,Purchased,19.33,0,6,6
39764,81.0,455000,475000.0,97.0,43%-<50%,Asian,Home_Purchase,Principal_Residence,Originated,49.16,2,7,5
25427,95.0,255000,315000.0,78.353,Unknown,Race Not Available,Home_Purchase,Principal_Residence,Purchased,21.37,2,7,1
57053,211.0,255000,755000.0,33.333,43%-<50%,White,Home_Purchase,Principal_Residence,Originated,23.35,0,6,1
22598,960.0,445000,375000.0,78.353,Unknown,Race Not Available,Other,Second_Residence,Incomplete,17.58,5,3,4
91855,95.0,995000,375000.0,78.353,Unknown,Race Not Available,Home_Purchase,Investment,Withdrawn,41.36,1,5,3
23014,0.0,275000,375000.0,78.353,Unknown,White,Home_Purchase,Principal_Residence,Withdrawn,37.7,2,7,5
4409,46.0,205000,225000.0,91.111,43%-<50%,Black or African American,Home_Purchase,Principal_Residence,Originated,46.39,2,7,5
3840,142.0,325000,375000.0,78.353,20%-<30%,Black or African American,CashOut_Refinance,Principal_Residence,Denied,97.02,0,6,6
87861,124.0,595000,745000.0,80.0,36%-<43%,White,Refinance,Principal_Residence,Originated,33.54,0,6,6
11296,73.0,185000,355000.0,53.238,30%-<36%,Asian,Home_Purchase,Principal_Residence,Originated,13.19,2,7,1
39727,162.0,145000,955000.0,84.775,36%-<43%,Race Not Available,Other,Principal_Residence,Originated,67.56,6,4,4
29290,71.0,285000,375000.0,78.353,Unknown,White,CashOut_Refinance,Principal_Residence,Withdrawn,66.71,0,6,6
99058,85.0,185000,375000.0,78.353,Unknown,Race Not Available,CashOut_Refinance,Principal_Residence,Withdrawn,20.28,0,6,6
79618,50.0,235000,295000.0,78.353,Unknown,Race Not Available,Home_Purchase,Principal_Residence,Purchased,23.27,2,7,1
84147,104.0,485000,495000.0,97.9,36%-<43%,White,Home_Purchase,Principal_Residence,Originated,62.34,2,7,5
34267,77.0,295000,905000.0,78.353,Unknown,Race Not Available,Refinance,Principal_Residence,Purchased,61.27,0,6,6
48960,132.0,35000,375000.0,73.392,30%-<36%,White,Home_Improvement,Principal_Residence,Originated,39.69,6,4,4
44390,50.0,175000,205000.0,85.0,30%-<36%,White,Home_Purchase,Principal_Residence,Originated,13.23,2,7,1
20083,168.0,325000,475000.0,68.09,36%-<43%,White,Home_Purchase,Principal_Residence,Originated,18.85,2,7,1
21930,60.0,35000,515000.0,59.617,43%-<50%,White,Other,Principal_Residence,Originated,7.56,6,4,4
92745,80.0,265000,275000.0,95.0,36%-<43%,Race Not Available,Home_Purchase,Principal_Residence,Originated,50.8,2,7,5
79720,202.0,845000,3045000.0,27.73,43%-<50%,White,CashOut_Refinance,Principal_Residence,Originated,51.18,0,6,6
73856,10.0,75000,375000.0,78.353,Unknown,Asian,Refinance,Principal_Residence,Withdrawn,24.98,0,6,6
60041,821.0,1965000,3105000.0,66.081,20%-<30%,Asian,Refinance,Principal_Residence,Originated,37.78,5,3,6
1143,83.0,285000,305000.0,95.0,36%-<43%,Race Not Available,Home_Purchase,Principal_Residence,Originated,18.64,2,7,1
24139,142.0,585000,625000.0,95.0,43%-<50%,White,Home_Purchase,Principal_Residence,Approved_NotAccepted,94.64,2,7,5
77960,80.0,275000,345000.0,80.0,36%-<43%,Race Not Available,Home_Purchase,Principal_Residence,Originated,29.58,2,7,1
66335,110.0,95000,375000.0,78.353,Unknown,White,Other,Principal_Residence,Withdrawn,61.17,6,4,4
65361,40.0,225000,375000.0,78.353,Unknown,White,CashOut_Refinance,Principal_Residence,Withdrawn,21.17,0,6,6
1065,1335.0,125000,565000.0,93.29,<20%,White,Other,Principal_Residence,Denied,47.43,5,3,4
63009,80.0,305000,375000.0,78.353,Unknown,White,Home_Purchase,Principal_Residence,Withdrawn,46.74,2,7,5
7987,35.0,65000,205000.0,31.22,36%-<43%,White,Other,Principal_Residence,Originated,5.77,3,1,2
59563,95.0,535000,545000.0,78.353,Unknown,Race Not Available,Home_Purchase,Principal_Residence,Purchased,44.17,2,7,5
16653,105.0,305000,505000.0,59.41,50%-60%,Race Not Available,CashOut_Refinance,Principal_Residence,Originated,17.28,4,2,0
52876,57.0,265000,275000.0,97.0,50%-60%,Race Not Available,Home_Purchase,Principal_Residence,Approved_NotAccepted,0.0,4,2,0
43525,154.0,455000,565000.0,80.0,36%-<43%,Joint,Home_Purchase,Principal_Residence,Originated,42.55,2,7,1
52442,120.0,195000,235000.0,85.0,<20%,Race Not Available,CashOut_Refinance,Principal_Residence,Denied,8.87,0,6,6
71553,37.0,45000,635000.0,39.66,>60%,White,Home_Improvement,Principal_Residence,Denied,91.28,4,2,0
393,292.0,595000,735000.0,80.0,20%-<30%,Asian,Home_Purchase,Principal_Residence,Originated,62.23,2,7,5
66376,105.0,155000,285000.0,54.0,20%-<30%,White,Refinance,Principal_Residence,Originated,19.7,0,6,6
33044,174.0,835000,1045000.0,80.0,36%-<43%,Asian,Home_Purchase,Principal_Residence,Denied,24.61,2,7,1
61769,185.0,285000,305000.0,95.0,30%-<36%,White,Home_Purchase,Principal_Residence,Originated,16.42,2,7,1
28011,37.0,75000,235000.0,31.59,20%-<30%,Race Not Available,Refinance,Principal_Residence,Originated,48.09,0,6,6
49241,69.0,105000,115000.0,95.0,30%-<36%,White,Home_Purchase,Principal_Residence,Approved_NotAccepted,26.85,2,7,1
18774,282.0,595000,595000.0,100.0,43%-<50%,Race Not Available,Home_Purchase,Principal_Residence,Originated,29.71,2,7,1
74834,174.0,145000,375000.0,78.353,Unknown,White,Home_Purchase,Investment,Withdrawn,48.29,1,5,3
73672,84.0,35000,145000.0,79.74,30%-<36%,White,Other,Principal_Residence,Denied,14.64,6,4,4
29537,0.0,235000,245000.0,95.0,>60%,White,Home_Purchase,Principal_Residence,Approved_NotAccepted,12.84,4,2,0
38657,85.0,275000,285000.0,100.009,43%-<50%,Race Not Available,Home_Purchase,Principal_Residence,Originated,25.98,2,7,1
48806,95.0,145000,145000.0,78.353,Unknown,Race Not Available,Home_Purchase,Principal_Residence,Purchased,82.3,2,7,5
18293,620.0,355000,705000.0,78.353,Unknown,Race Not Available,Home_Purchase,Second_Residence,Purchased,18.75,5,3,1
54722,82.0,15000,325000.0,100.428,43%-<50%,White,Home_Purchase,Principal_Residence,Originated,32.02,3,1,2
90115,90.0,395000,415000.0,97.0,36%-<43%,White,Home_Purchase,Principal_Residence,Originated,48.39,2,7,5
5371,106.0,245000,265000.0,94.817,36%-<43%,White,Other,Principal_Residence,Denied,50.78,6,4,4
89206,182.0,405000,375000.0,78.353,Unknown,White,Home_Improvement,Principal_Residence,Incomplete,20.92,2,7,1
51369,30.0,105000,375000.0,78.353,Unknown,Asian,Home_Purchase,Principal_Residence,Withdrawn,31.7,2,7,1
427,251.0,235000,315000.0,75.0,43%-<50%,White,Home_Purchase,Investment,Originated,66.67,1,5,3
22713,36.0,95000,375000.0,78.353,Unknown,White,CashOut_Refinance,Investment,Withdrawn,56.71,1,5,3
36080,725.0,105000,375000.0,78.353,Unknown,White,Home_Improvement,Principal_Residence,Withdrawn,18.78,5,3,4
14683,89.0,465000,465000.0,78.353,50%-60%,Asian,Home_Purchase,Principal_Residence,Originated,22.66,4,2,0
46642,106.0,175000,345000.0,50.0,20%-<30%,White,Home_Purchase,Principal_Residence,Originated,21.05,2,7,1
83669,68.0,265000,275000.0,96.5,36%-<43%,White,Home_Purchase,Principal_Residence,Approved_NotAccepted,66.25,2,7,5
98854,148.0,185000,225000.0,85.0,43%-<50%,White,Home_Purchase,Second_Residence,Originated,13.34,2,7,1
56492,143.0,125000,165000.0,75.0,43%-<50%,White,Home_Purchase,Investment,Originated,73.14,1,5,3
98687,135.0,135000,375000.0,78.353,Unknown,Race Not Available,CashOut_Refinance,Principal_Residence,Withdrawn,33.74,0,6,6
49030,60.0,305000,295000.0,78.353,36%-<43%,White,Home_Purchase,Principal_Residence,Originated,18.78,3,1,2
22923,155.0,295000,1185000.0,49.834,36%-<43%,White,Refinance,Principal_Residence,Originated,23.62,0,6,6
55676,95.0,195000,445000.0,44.24,Unknown,2 or more minority races,Refinance,Principal_Residence,Originated,85.7,0,6,6
29898,112.0,555000,745000.0,78.353,Unknown,White,Home_Purchase,Principal_Residence,Purchased,23.37,2,7,1
59597,64.0,235000,255000.0,95.0,43%-<50%,White,Home_Purchase,Principal_Residence,Originated,75.37,2,7,5
62872,87.0,385000,825000.0,46.642,50%-60%,Black or African American,Refinance,Principal_Residence,Denied,95.69,4,2,0
13686,184.0,215000,375000.0,78.353,Unknown,Black or African American,CashOut_Refinance,Principal_Residence,Withdrawn,19.12,0,6,6
70284,65.0,235000,245000.0,93.927,36%-<43%,White,Home_Purchase,Principal_Residence,Originated,58.08,2,7,5
39693,116.0,105000,375000.0,78.353,Unknown,Race Not Available,Home_Improvement,Principal_Residence,Withdrawn,28.8,6,4,4
55311,36.0,195000,205000.0,97.0,43%-<50%,White,Home_Purchase,Principal_Residence,Originated,32.98,2,7,1
54320,43.0,75000,375000.0,78.353,Unknown,Black or African American,Home_Purchase,Principal_Residence,Incomplete,36.24,3,1,2
21958,0.0,155000,375000.0,78.353,Unknown,White,CashOut_Refinance,Investment,Approved_NotAccepted,91.93,1,5,3
57212,96.0,325000,365000.0,78.353,43%-<50%,White,CashOut_Refinance,Principal_Residence,Originated,23.06,0,6,6
99800,95.0,325000,365000.0,78.353,Unknown,Race Not Available,Refinance,Principal_Residence,Purchased,15.9,0,6,6
17849,230.0,155000,375000.0,79.74,20%-<30%,Race Not Available,Refinance,Principal_Residence,Originated,24.4,6,4,4
53527,95.0,365000,365000.0,78.353,Unknown,Race Not Available,CashOut_Refinance,Principal_Residence,Purchased,70.72,0,6,6
81715,54.0,185000,375000.0,78.353,Unknown,White,Refinance,Principal_Residence,Withdrawn,14.86,0,6,6
50841,107.0,265000,375000.0,78.353,Unknown,Joint,CashOut_Refinance,Principal_Residence,Withdrawn,56.76,0,6,6
95787,95.0,175000,215000.0,85.0,Unknown,Race Not Available,Home_Purchase,Investment,Originated,48.54,1,5,3
89477,245.0,1025000,375000.0,78.353,Unknown,White,Home_Purchase,Principal_Residence,Withdrawn,12.52,2,7,1
27203,61.0,325000,375000.0,78.353,Unknown,White,Home_Purchase,Principal_Residence,Withdrawn,18.26,2,7,1
72365,95.0,455000,565000.0,78.353,Unknown,Race Not Available,Home_Purchase,Principal_Residence,Purchased,13.94,2,7,1
47217,24.0,145000,225000.0,62.223,43%-<50%,White,CashOut_Refinance,Principal_Residence,Approved_NotAccepted,23.51,0,6,6
7198,97.0,85000,335000.0,57.604,30%-<36%,White,Other,Principal_Residence,Originated,16.47,6,4,4
94608,69.0,255000,375000.0,67.13,50%-60%,White,CashOut_Refinance,Principal_Residence,Originated,42.44,4,2,0
67200,34.0,85000,95000.0,93.09,30%-<36%,White,Home_Purchase,Principal_Residence,Originated,7.18,3,1,2
96508,205.0,615000,655000.0,95.0,43%-<50%,White,Home_Purchase,Principal_Residence,Originated,19.13,2,7,1
1715,48.0,35000,375000.0,78.353,Unknown,White,Other,Principal_Residence,Withdrawn,11.76,6,4,4
95770,95.0,665000,685000.0,78.353,Unknown,Race Not Available,Home_Purchase,Principal_Residence,Purchased,45.63,2,7,1
5647,102.0,55000,375000.0,63.307,50%-60%,Asian,Other,Principal_Residence,Denied,82.8,4,2,0
35624,65.0,185000,235000.0,80.0,36%-<43%,White,Home_Purchase,Principal_Residence,Originated,24.46,2,7,1
58427,95.0,225000,285000.0,78.353,Unknown,White,Home_Purchase,Investment,Originated,82.89,1,5,3
82861,93.0,385000,375000.0,78.353,Unknown,White,Home_Purchase,Principal_Residence,Withdrawn,6.57,2,7,1
17635,71.0,65000,205000.0,30.0,36%-<43%,White,Home_Improvement,Principal_Residence,Originated,12.08,0,6,1
17066,85.0,455000,445000.0,100.45,>60%,White,Home_Purchase,Principal_Residence,Denied,29.87,4,2,0
93547,99.0,405000,565000.0,72.857,30%-<36%,Race Not Available,CashOut_Refinance,Principal_Residence,Originated,79.89,0,6,6
94948,100.0,105000,375000.0,78.353,Unknown,White,Home_Purchase,Investment,Withdrawn,86.18,1,5,3
87023,95.0,265000,395000.0,78.353,Unknown,Race Not Available,Home_Purchase,Principal_Residence,Purchased,6.92,2,7,1
95339,75.0,155000,195000.0,80.0,20%-<30%,Race Not Available,Home_Purchase,Principal_Residence,Originated,15.81,2,7,1
17056,145.0,105000,505000.0,66.1226,36%-<43%,White,Refinance,Principal_Residence,Originated,41.13,6,4,4
12797,390.0,55000,455000.0,76.667,<20%,White,Home_Improvement,Second_Residence,Denied,37.8,6,4,4
33591,95.0,415000,435000.0,78.353,Unknown,Race Not Available,Home_Purchase,Principal_Residence,Purchased,30.72,2,7,1
58189,73.0,155000,555000.0,27.27,30%-<36%,Race Not Available,CashOut_Refinance,Principal_Residence,Approved_NotAccepted,15.26,0,6,6
49566,97.0,145000,315000.0,46.67,30%-<36%,Race Not Available,Refinance,Principal_Residence,Approved_NotAccepted,79.66,0,6,6
78950,147.0,195000,355000.0,64.552,36%-<43%,White,Refinance,Principal_Residence,Originated,4.17,6,4,4
28299,130.0,125000,325000.0,87.345,36%-<43%,Race Not Available,Other,Principal_Residence,Denied,50.76,6,4,4
53695,47.0,205000,275000.0,74.074,36%-<43%,White,Home_Purchase,Principal_Residence,Originated,87.07,2,7,5
22945,32.0,215000,325000.0,67.5,>60%,White,CashOut_Refinance,Principal_Residence,Denied,36.66,4,2,0
7641,49.0,105000,375000.0,78.353,Unknown,Race Not Available,Home_Purchase,Principal_Residence,Withdrawn,11.78,2,7,1
45247,88.0,325000,405000.0,80.0,30%-<36%,White,Home_Purchase,Principal_Residence,Originated,21.81,2,7,1
56970,55.0,125000,125000.0,100.0,30%-<36%,Black or African American,Home_Purchase,Principal_Residence,Originated,88.5,2,7,5
89405,142.0,325000,405000.0,80.0,>60%,Race Not Available,CashOut_Refinance,Principal_Residence,Denied,67.73,4,2,0
13738,42.0,75000,375000.0,78.353,Unknown,White,Home_Improvement,Principal_Residence,Incomplete,24.11,6,4,4
79895,63.0,25000,235000.0,61.26,30%-<36%,White,Other,Principal_Residence,Originated,40.02,6,4,4
56882,339.0,125000,1775000.0,52.177,36%-<43%,Race Not Available,Home_Improvement,Principal_Residence,Originated,16.64,5,4,4
29401,58.0,165000,245000.0,69.583,36%-<43%,Race Not Available,CashOut_Refinance,Principal_Residence,Approved_NotAccepted,17.13,0,6,6
82891,21.0,65000,375000.0,78.353,Unknown,White,Other,Principal_Residence,Incomplete,20.92,6,4,4
25482,27.0,125000,185000.0,68.649,36%-<43%,White,CashOut_Refinance,Principal_Residence,Originated,35.4,0,6,6
13770,272.0,645000,2145000.0,34.15,20%-<30%,White,Refinance,Principal_Residence,Originated,16.48,5,6,6
46228,35.0,15000,15000.0,100.0,<20%,Black or African American,Home_Improvement,Principal_Residence,Denied,66.74,6,4,4
49223,59.0,195000,225000.0,90.0,43%-<50%,White,CashOut_Refinance,Principal_Residence,Originated,40.68,0,6,6
31355,166.0,405000,805000.0,49.69,20%-<30%,White,CashOut_Refinance,Principal_Residence,Originated,77.25,0,6,6
96171,102.0,95000,245000.0,69.697,36%-<43%,White,Other,Principal_Residence,Originated,14.7,6,4,4
27843,95.0,285000,335000.0,78.353,Unknown,Race Not Available,Home_Purchase,Principal_Residence,Purchased,55.33,2,7,5
28989,34.0,205000,205000.0,100.0,>60%,White,Home_Purchase,Principal_Residence,Denied,0.0,4,2,0
43747,117.0,345000,355000.0,95.0,50%-60%,Asian,Home_Purchase,Principal_Residence,Denied,28.48,4,2,0
81405,134.0,185000,355000.0,54.166,30%-<36%,Joint,Refinance,Principal_Residence,Originated,21.24,0,6,6
67507,224.0,315000,515000.0,60.0,36%-<43%,White,Home_Purchase,Principal_Residence,Originated,15.59,2,7,1
19623,95.0,35000,345000.0,79.991,50%-60%,Joint,Other,Principal_Residence,Originated,21.36,4,2,0
20927,400.0,1245000,2275000.0,54.734,20%-<30%,White,Refinance,Principal_Residence,Originated,33.39,5,6,6
27891,60.0,365000,375000.0,94.99,50%-60%,Black or African American,Home_Purchase,Principal_Residence,Denied,26.83,4,2,0
1000,192.0,35000,425000.0,43.33,<20%,Joint,Home_Improvement,Principal_Residence,Denied,79.5,6,4,4
88023,203.0,125000,955000.0,90.0,36%-<43%,White,Other,Principal_Residence,Originated,19.99,6,4,4
7691,140.0,415000,515000.0,80.0,43%-<50%,White,Home_Purchase,Principal_Residence,Originated,17.88,2,7,1
36459,190.0,745000,885000.0,85.0,36%-<43%,White,Home_Purchase,Principal_Residence,Originated,5.85,2,7,1
28430,135.0,185000,375000.0,78.353,Unknown,Joint,Home_Purchase,Investment,Withdrawn,29.94,1,5,3
54084,33.0,115000,375000.0,78.353,43%-<50%,White,Refinance,Principal_Residence,Originated,12.83,0,6,6
29956,80.0,175000,375000.0,78.353,Unknown,White,Home_Purchase,Investment,Withdrawn,48.41,1,5,3
51146,46.0,85000,165000.0,78.353,Unknown,White,Refinance,Principal_Residence,Originated,4.97,0,6,6
77824,92.0,495000,475000.0,78.353,50%-60%,Joint,Home_Purchase,Principal_Residence,Originated,38.6,4,2,0
49840,95.0,315000,355000.0,78.353,Unknown,Race Not Available,CashOut_Refinance,Principal_Residence,Purchased,25.61,0,6,6
6070,95.0,275000,285000.0,78.353,Unknown,Race Not Available,Home_Purchase,Principal_Residence,Purchased,27.45,2,7,1
37039,157.0,315000,395000.0,78.353,Unknown,White,Home_Purchase,Principal_Residence,Purchased,18.69,2,7,1
47658,141.0,105000,525000.0,19.157,20%-<30%,White,Home_Improvement,Principal_Residence,Originated,12.35,0,6,1
68872,58.0,25000,155000.0,44.941,30%-<36%,White,Home_Improvement,Principal_Residence,Originated,14.99,6,4,4
75824,55.0,345000,375000.0,78.353,Unknown,White,Home_Purchase,Principal_Residence,Withdrawn,84.58,2,7,5
90713,117.0,495000,525000.0,95.0,36%-<43%,White,Home_Purchase,Principal_Residence,Originated,92.44,2,7,5
68983,80.0,155000,375000.0,78.353,Unknown,Race Not Available,CashOut_Refinance,Principal_Residence,Withdrawn,74.28,0,6,6
55447,95.0,605000,625000.0,78.353,Unknown,Race Not Available,Home_Purchase,Principal_Residence,Purchased,98.98,2,7,5
14079,0.0,295000,395000.0,75.0,<20%,Race Not Available,Home_Purchase,Investment,Approved_NotAccepted,17.93,1,5,3
81264,102.0,355000,375000.0,78.353,Unknown,White,Other,Principal_Residence,Withdrawn,24.96,2,7,1
43792,66.0,35000,525000.0,73.592,50%-60%,White,Home_Improvement,Principal_Residence,Denied,17.89,4,2,0
51821,92.0,235000,245000.0,99.436,36%-<43%,Black or African American,Home_Purchase,Principal_Residence,Denied,67.26,2,7,5
14005,34.0,85000,95000.0,105.0,36%-<43%,Black or African American,Home_Purchase,Principal_Residence,Originated,67.67,2,7,5
55671,95.0,245000,335000.0,75.0,Unknown,Race Not Available,Home_Purchase,Investment,Originated,55.63,1,5,3
96879,44.0,135000,375000.0,78.353,Exempt,White,CashOut_Refinance,Principal_Residence,Originated,18.16,0,6,6
61793,102.0,405000,375000.0,78.353,Unknown,White,Home_Purchase,Principal_Residence,Withdrawn,25.39,2,7,1
68646,75.0,145000,445000.0,32.288,36%-<43%,White,Home_Purchase,Principal_Residence,Originated,22.13,0,6,1
78015,95.0,255000,265000.0,78.353,Unknown,Race Not Available,Home_Purchase,Principal_Residence,Purchased,43.64,2,7,1
59509,321.0,125000,465000.0,84.99,<20%,White,Home_Improvement,Principal_Residence,Originated,32.18,6,4,4
88113,259.0,645000,855000.0,76.141,43%-<50%,White,Home_Purchase,Principal_Residence,Originated,11.49,5,7,1
32448,92.0,265000,265000.0,100.0,43%-<50%,White,Home_Purchase,Principal_Residence,Approved_NotAccepted,16.24,2,7,1
19548,201.0,335000,375000.0,78.353,Unknown,White,CashOut_Refinance,Principal_Residence,Withdrawn,25.32,0,6,6
10948,57.0,335000,425000.0,80.0,43%-<50%,Asian,Home_Purchase,Principal_Residence,Originated,97.94,2,7,5
29883,223.0,635000,715000.0,90.0,43%-<50%,White,Home_Purchase,Principal_Residence,Originated,15.33,2,7,1
74935,23.0,235000,375000.0,78.353,Unknown,White,Refinance,Principal_Residence,Incomplete,17.29,0,6,6
45357,266.0,625000,665000.0,95.0,43%-<50%,White,Home_Purchase,Principal_Residence,Originated,25.86,2,7,1
10593,228.0,855000,1065000.0,80.0,30%-<36%,White,Home_Purchase,Principal_Residence,Originated,79.85,2,7,5
48843,95.0,155000,235000.0,78.353,Unknown,Race Not Available,NotApplicable,Principal_Residence,Purchased,91.4,2,7,5
39479,95.0,195000,245000.0,78.353,Unknown,Race Not Available,Home_Purchase,Principal_Residence,Purchased,64.02,2,7,5
664,44.0,165000,215000.0,78.353,Unknown,White,Home_Purchase,Principal_Residence,Purchased,18.41,2,7,1
23525,134.0,135000,355000.0,84.03,20%-<30%,White,Refinance,Principal_Residence,Denied,29.1,6,4,4
31807,83.0,195000,225000.0,87.0,>60%,Black or African American,Refinance,Investment,Denied,80.37,1,5,3
64855,0.0,315000,375000.0,78.353,Unknown,White,Home_Purchase,Principal_Residence,Withdrawn,22.82,2,7,1
45478,49.0,35000,285000.0,59.202,30%-<36%,Race Not Available,Home_Improvement,Principal_Residence,Originated,15.29,6,4,4
49952,66.0,305000,515000.0,60.49,43%-<50%,White,CashOut_Refinance,Principal_Residence,Originated,17.37,0,6,6
17157,84.0,125000,605000.0,68.77,50%-60%,White,Home_Improvement,Principal_Residence,Denied,17.16,4,2,0
87616,137.0,25000,565000.0,84.248,43%-<50%,Race Not Available,Home_Purchase,Principal_Residence,Approved_NotAccepted,25.14,6,4,4
76606,60.0,255000,275000.0,95.0,30%-<36%,Race Not Available,Home_Purchase,Principal_Residence,Originated,31.05,2,7,1
98028,127.0,365000,615000.0,59.675,36%-<43%,White,CashOut_Refinance,Principal_Residence,Originated,31.9,0,6,6
31345,118.0,375000,475000.0,80.0,43%-<50%,White,Home_Purchase,Principal_Residence,Originated,28.99,2,7,1
43338,214.0,385000,1215000.0,84.99,36%-<43%,Race Not Available,Home_Purchase,Principal_Residence,Originated,30.55,6,4,4
65798,47.0,115000,255000.0,45.0,43%-<50%,Race Not Available,Home_Purchase,Principal_Residence,Originated,43.45,2,6,5
56616,115.0,315000,335000.0,93.331,43%-<50%,White,Home_Purchase,Principal_Residence,Originated,10.09,2,7,1
74663,239.0,525000,655000.0,80.0,<20%,White,Home_Purchase,Principal_Residence,Originated,16.24,2,7,1
46201,68.0,255000,625000.0,78.353,Unknown,Asian,Other,Principal_Residence,Purchased,93.93,2,7,5
21075,619.0,1655000,2065000.0,80.0,20%-<30%,White,Home_Purchase,Principal_Residence,Originated,32.65,5,3,4
32204,61.0,275000,375000.0,78.353,Unknown,White,CashOut_Refinance,Principal_Residence,Withdrawn,24.33,0,6,6
96678,95.0,185000,195000.0,78.353,Unknown,Race Not Available,Home_Purchase,Principal_Residence,Purchased,35.75,2,7,1
6214,60.0,195000,655000.0,30.0,36%-<43%,White,Home_Improvement,Principal_Residence,Originated,82.26,0,6,5
27362,220.0,595000,595000.0,100.0,36%-<43%,White,Home_Purchase,Principal_Residence,Originated,34.16,2,7,1
91650,53.0,125000,205000.0,58.56,36%-<43%,Race Not Available,CashOut_Refinance,Principal_Residence,Originated,31.19,0,6,6
76415,124.0,325000,375000.0,80.0,36%-<43%,White,Home_Purchase,Principal_Residence,Preapproval_Approved_NotAccepted,33.27,2,7,1
86296,158.0,505000,345000.0,87.07,50%-60%,White,CashOut_Refinance,Principal_Residence,Approved_NotAccepted,27.97,4,2,0
7352,64.0,285000,605000.0,46.39,30%-<36%,Race Not Available,CashOut_Refinance,Principal_Residence,Denied,31.11,0,6,6
91144,39.0,175000,205000.0,83.1,50%-60%,White,Home_Purchase,Principal_Residence,Originated,22.24,4,2,0
54427,122.0,85000,375000.0,78.353,Unknown,Race Not Available,CashOut_Refinance,Investment,Withdrawn,61.47,1,5,3
16411,207.0,695000,375000.0,78.353,Unknown,Race Not Available,Home_Improvement,Principal_Residence,Withdrawn,46.61,2,7,5
78825,280.0,125000,755000.0,51.0,36%-<43%,Race Not Available,CashOut_Refinance,Second_Residence,Originated,15.94,6,4,4
98247,143.0,185000,215000.0,85.52,30%-<36%,White,CashOut_Refinance,Principal_Residence,Denied,8.44,0,6,6
9306,120.0,405000,545000.0,75.556,30%-<36%,Race Not Available,Refinance,Principal_Residence,Denied,32.07,0,6,6
36193,234.0,955000,1365000.0,70.0,30%-<36%,White,CashOut_Refinance,Principal_Residence,Originated,36.38,0,6,6
5509,35.0,235000,295000.0,80.0,43%-<50%,Asian,Home_Purchase,Principal_Residence,Originated,34.36,2,7,1
14330,84.0,35000,245000.0,85.98,30%-<36%,White,Home_Improvement,Principal_Residence,Originated,51.59,6,4,4
21503,52.0,5000,375000.0,78.353,Unknown,White,Home_Purchase,Principal_Residence,Withdrawn,7.5,6,4,4
23443,103.0,165000,195000.0,84.38,50%-60%,White,Home_Purchase,Principal_Residence,Denied,36.43,3,1,2
30811,141.0,165000,395000.0,40.1,30%-<36%,White,Refinance,Principal_Residence,Originated,60.65,0,6,6
98195,36.0,115000,375000.0,78.353,Unknown,Black or African American,Home_Purchase,Principal_Residence,Withdrawn,71.94,2,7,5
87513,175.0,75000,375000.0,78.353,Unknown,White,Home_Improvement,Principal_Residence,Incomplete,10.04,6,4,4
30086,66.0,345000,355000.0,96.5,43%-<50%,White,Home_Purchase,Principal_Residence,Originated,16.43,2,7,1
77587,94.0,125000,455000.0,86.878,>60%,Race Not Available,Home_Improvement,Principal_Residence,Denied,34.2,4,2,0
56367,95.0,65000,95000.0,78.353,Unknown,Race Not Available,NotApplicable,Principal_Residence,Purchased,83.94,2,7,5
13151,486.0,895000,1115000.0,78.353,Unknown,Race Not Available,Home_Purchase,Second_Residence,Purchased,6.88,5,3,1
91234,220.0,395000,375000.0,106.15,20%-<30%,Race Not Available,Home_Purchase,Principal_Residence,Preapproval_Denied,0.0,2,7,1
69255,95.0,435000,455000.0,78.353,Unknown,Race Not Available,Home_Purchase,Principal_Residence,Purchased,22.2,2,7,1
39086,837.0,285000,385000.0,75.0,20%-<30%,White,Home_Purchase,Investment,Originated,42.15,5,3,3
63477,135.0,85000,485000.0,69.46,30%-<36%,White,CashOut_Refinance,Principal_Residence,Originated,56.02,6,4,4
549,127.0,5000,355000.0,0.09,<20%,White,CashOut_Refinance,Principal_Residence,Denied,52.04,0,6,6
81726,153.0,275000,465000.0,59.01,30%-<36%,Asian,CashOut_Refinance,Investment,Originated,60.21,1,5,3
59945,150.0,255000,1915000.0,52.12,50%-60%,White,Other,Principal_Residence,Denied,32.14,4,2,0
11344,111.0,135000,485000.0,28.6,30%-<36%,White,Refinance,Principal_Residence,Approved_NotAccepted,12.97,0,6,6
19249,95.0,215000,375000.0,78.353,Unknown,Race Not Available,CashOut_Refinance,Investment,Withdrawn,77.26,1,5,3
98580,65.0,55000,375000.0,78.353,Unknown,Race Not Available,CashOut_Refinance,Principal_Residence,Withdrawn,59.64,6,4,4
23544,95.0,485000,465000.0,78.353,Unknown,Race Not Available,Home_Purchase,Principal_Residence,Purchased,50.47,2,7,5
5344,95.0,115000,155000.0,78.353,Unknown,Race Not Available,Home_Purchase,Investment,Purchased,66.56,1,5,3
42726,223.0,345000,575000.0,59.441,30%-<36%,White,CashOut_Refinance,Principal_Residence,Originated,28.83,0,6,6
22069,303.0,315000,375000.0,78.353,Unknown,White,CashOut_Refinance,Principal_Residence,Withdrawn,15.5,0,6,6
77297,116.0,295000,315000.0,95.0,20%-<30%,White,Home_Purchase,Principal_Residence,Originated,18.4,2,7,1
93764,97.0,535000,565000.0,95.0,43%-<50%,Race Not Available,Home_Purchase,Principal_Residence,Originated,52.79,2,7,5
6097,62.0,225000,385000.0,60.0,36%-<43%,Race Not Available,CashOut_Refinance,Principal_Residence,Originated,50.05,0,6,6
15733,206.0,325000,575000.0,56.522,43%-<50%,White,Refinance,Principal_Residence,Denied,28.29,0,6,6
22306,50.0,305000,465000.0,65.06,43%-<50%,White,CashOut_Refinance,Principal_Residence,Originated,53.55,0,6,6
79077,138.0,555000,995000.0,55.0,30%-<36%,Asian,Refinance,Principal_Residence,Originated,91.12,0,6,6
17222,100.0,215000,235000.0,90.0,20%-<30%,White,Home_Purchase,Principal_Residence,Originated,25.12,2,7,1
63912,95.0,175000,175000.0,78.353,Unknown,Race Not Available,Refinance,Principal_Residence,Originated,23.79,0,6,6
31671,113.0,235000,375000.0,78.353,Exempt,Black or African American,Home_Purchase,Principal_Residence,Preapproval_Approved_NotAccepted,0.0,2,7,1
87600,75.0,15000,295000.0,79.98,30%-<36%,Race Not Available,Home_Improvement,Principal_Residence,Originated,83.25,6,4,4
55547,95.0,305000,305000.0,78.353,Unknown,Race Not Available,Home_Purchase,Principal_Residence,Purchased,34.18,2,7,1
40483,67.0,55000,375000.0,78.353,Unknown,Black or African American,Other,Principal_Residence,Withdrawn,41.29,6,4,4
84097,128.0,225000,235000.0,78.353,Unknown,White,Home_Purchase,Principal_Residence,Purchased,16.25,2,7,1
3468,1385.0,4345000,7555000.0,57.483,30%-<36%,Race Not Available,Refinance,Principal_Residence,Originated,24.03,5,3,6
81085,48.0,245000,325000.0,75.0,36%-<43%,White,Home_Purchase,Principal_Residence,Originated,54.13,2,7,5
41717,73.0,465000,605000.0,78.0,43%-<50%,Race Not Available,Home_Purchase,Principal_Residence,Preapproval_Approved_NotAccepted,0.0,2,7,1
11672,389.0,565000,705000.0,80.0,30%-<36%,White,CashOut_Refinance,Principal_Residence,Originated,43.37,5,6,6
37224,118.0,85000,405000.0,89.798,30%-<36%,American Indian or Alaska Native,Home_Improvement,Principal_Residence,Originated,25.53,6,4,4
23862,200.0,45000,55000.0,85.0,36%-<43%,White,Home_Purchase,Investment,Originated,37.53,1,5,3
11916,43.0,255000,435000.0,57.471,43%-<50%,Native Hawaiian or Other Pacific Islander,CashOut_Refinance,Principal_Residence,Denied,8.65,0,6,6
63906,64.0,125000,175000.0,69.74,<20%,White,CashOut_Refinance,Principal_Residence,Originated,22.73,0,6,6
42638,91.0,385000,395000.0,96.5,50%-60%,Joint,Home_Purchase,Principal_Residence,Originated,26.76,4,2,0
56580,87.0,165000,855000.0,19.318,30%-<36%,Race Not Available,Refinance,Principal_Residence,Approved_NotAccepted,46.13,0,6,6
36099,107.0,145000,195000.0,75.0,43%-<50%,White,Home_Purchase,Investment,Originated,71.27,1,5,3
66780,95.0,105000,155000.0,78.353,Unknown,Race Not Available,NotApplicable,Principal_Residence,Purchased,11.46,2,7,1
94417,99.0,325000,415000.0,78.502,36%-<43%,American Indian or Alaska Native,CashOut_Refinance,Principal_Residence,Originated,75.25,0,6,6
18439,103.0,425000,375000.0,78.353,Unknown,Asian,Home_Purchase,Principal_Residence,Approved_NotAccepted,62.24,2,7,5
52015,51.0,105000,355000.0,29.429,30%-<36%,Asian,Refinance,Principal_Residence,Originated,67.09,0,6,6
76885,109.0,95000,175000.0,57.941,20%-<30%,White,CashOut_Refinance,Principal_Residence,Originated,0.0,0,7,6
99068,64.0,275000,285000.0,95.0,36%-<43%,White,Home_Purchase,Principal_Residence,Originated,49.23,2,7,5
65697,858.0,1685000,2105000.0,90.0,<20%,Joint,Home_Purchase,Principal_Residence,Originated,29.58,5,3,4
47964,179.0,135000,375000.0,78.353,Unknown,White,Home_Purchase,Principal_Residence,Incomplete,20.87,6,4,4
35598,77.0,325000,405000.0,80.0,43%-<50%,Race Not Available,Home_Purchase,Principal_Residence,Originated,18.13,2,7,1
72927,145.0,225000,375000.0,78.353,Unknown,American Indian or Alaska Native,Refinance,Principal_Residence,Incomplete,25.23,0,6,6
24585,240.0,545000,375000.0,78.353,Unknown,Asian,Home_Purchase,Principal_Residence,Withdrawn,53.67,2,7,5
6588,86.0,225000,375000.0,78.353,Unknown,Joint,Home_Improvement,Principal_Residence,Withdrawn,51.85,2,7,5
42198,131.0,155000,625000.0,52.46,30%-<36%,Joint,Home_Improvement,Principal_Residence,Originated,34.96,6,4,4
72253,40.0,135000,375000.0,78.353,Unknown,White,Home_Improvement,Principal_Residence,Incomplete,27.42,2,7,1
48526,96.0,175000,375000.0,78.353,Unknown,White,Refinance,Principal_Residence,Incomplete,33.22,0,6,6
226,29.0,275000,375000.0,78.353,Unknown,White,CashOut_Refinance,Principal_Residence,Withdrawn,92.9,0,6,6
89753,102.0,155000,625000.0,70.828,36%-<43%,White,Home_Improvement,Principal_Residence,Denied,39.11,6,4,4
40675,53.0,85000,105000.0,80.0,20%-<30%,White,Home_Purchase,Principal_Residence,Originated,4.01,2,7,1
18276,148.0,435000,535000.0,78.353,50%-60%,White,Home_Purchase,Principal_Residence,Originated,31.05,4,2,0
29179,95.0,195000,275000.0,71.85,<20%,White,Refinance,Principal_Residence,Originated,14.65,0,6,6
66714,137.0,585000,865000.0,68.023,36%-<43%,Asian,Home_Purchase,Principal_Residence,Originated,31.11,2,7,1
9820,95.0,435000,375000.0,78.353,Unknown,Race Not Available,CashOut_Refinance,Investment,Withdrawn,97.42,1,5,3
32158,95.0,365000,385000.0,78.353,Unknown,Race Not Available,Home_Purchase,Principal_Residence,Purchased,67.77,2,7,5
94353,95.0,205000,215000.0,78.353,Unknown,Race Not Available,Home_Purchase,Principal_Residence,Purchased,60.0,2,7,5
41136,117.0,285000,1005000.0,28.0,30%-<36%,White,Refinance,Principal_Residence,Originated,27.82,0,6,6
56937,307.0,255000,1065000.0,106.53,30%-<36%,Race Not Available,Other,Principal_Residence,Denied,89.46,6,4,4
38591,68.0,105000,595000.0,58.54,43%-<50%,White,Home_Purchase,Principal_Residence,Originated,27.92,6,4,4
76778,153.0,235000,645000.0,35.858,30%-<36%,White,CashOut_Refinance,Principal_Residence,Originated,9.73,0,6,6
3692,95.0,355000,375000.0,78.353,Unknown,White,Refinance,Principal_Residence,Incomplete,9.64,0,6,6
16206,55.0,225000,285000.0,80.0,50%-60%,Black or African American,CashOut_Refinance,Principal_Residence,Denied,67.4,4,2,0
759,78.0,215000,235000.0,90.0,30%-<36%,White,Refinance,Principal_Residence,Originated,43.41,0,6,6
98315,265.0,235000,515000.0,46.49,<20%,White,Refinance,Investment,Originated,31.21,1,5,3
32286,222.0,105000,825000.0,86.8,30%-<36%,White,Home_Improvement,Principal_Residence,Originated,92.31,6,4,4
42853,425.0,165000,1535000.0,90.0,43%-<50%,White,Other,Principal_Residence,Approved_NotAccepted,55.34,5,4,4
75032,125.0,65000,365000.0,89.742,30%-<36%,White,Home_Improvement,Principal_Residence,Denied,13.64,6,4,4
74801,67.0,25000,315000.0,67.754,>60%,White,Home_Improvement,Principal_Residence,Denied,22.46,4,2,0
54445,178.0,25000,235000.0,91.93,20%-<30%,White,Other,Principal_Residence,Denied,24.09,6,4,4
45840,36.0,145000,215000.0,69.04,43%-<50%,White,CashOut_Refinance,Principal_Residence,Originated,39.34,0,6,6
18556,95.0,255000,265000.0,78.353,Unknown,Race Not Available,Home_Purchase,Principal_Residence,Purchased,62.57,2,7,5
73884,164.0,225000,265000.0,99.27,36%-<43%,White,Home_Purchase,Principal_Residence,Originated,8.48,3,1,2
62084,65.0,45000,375000.0,78.353,Unknown,White,Home_Improvement,Principal_Residence,Incomplete,15.23,6,4,4
95773,121.0,45000,385000.0,89.99,20%-<30%,White,Home_Improvement,Principal_Residence,Originated,8.63,6,4,4
94974,47.0,405000,815000.0,49.08,20%-<30%,White,CashOut_Refinance,Investment,Originated,27.95,1,5,3
13016,95.0,405000,505000.0,80.0,Unknown,Race Not Available,Refinance,Investment,Originated,15.73,1,5,3
30266,95.0,175000,175000.0,100.0,50%-60%,White,Home_Purchase,Principal_Residence,Originated,84.46,4,2,0
64352,320.0,405000,505000.0,80.0,<20%,White,CashOut_Refinance,Principal_Residence,Originated,80.49,0,6,6
92478,300.0,235000,1955000.0,84.96,30%-<36%,White,Other,Principal_Residence,Originated,56.11,6,4,4
32541,180.0,235000,375000.0,78.353,Unknown,Black or African American,Home_Purchase,Principal_Residence,Withdrawn,82.62,2,7,5
93680,140.0,635000,905000.0,70.0,36%-<43%,White,CashOut_Refinance,Principal_Residence,Originated,13.32,0,6,6
50552,471.0,435000,475000.0,90.0,30%-<36%,White,Home_Purchase,Second_Residence,Originated,62.65,5,7,5
8050,325.0,65000,675000.0,67.4038,20%-<30%,White,Home_Improvement,Principal_Residence,Originated,25.98,6,4,4
68713,210.0,65000,375000.0,78.353,Unknown,Black or African American,Refinance,Investment,Withdrawn,65.73,1,5,3
75789,104.0,395000,395000.0,100.0,30%-<36%,White,Home_Purchase,Principal_Residence,Originated,35.57,2,7,1
84008,101.0,215000,225000.0,97.0,43%-<50%,White,Home_Purchase,Principal_Residence,Originated,11.76,2,7,1
59151,129.0,45000,255000.0,80.0,20%-<30%,White,Other,Principal_Residence,Originated,47.88,6,4,4
30521,42.0,15000,375000.0,78.353,Unknown,White,Home_Improvement,Second_Residence,Incomplete,22.53,2,7,1
76398,43.0,85000,375000.0,78.353,36%-<43%,White,Refinance,Principal_Residence,Originated,10.49,0,6,6
49768,100.0,325000,405000.0,80.0,36%-<43%,Asian,Home_Purchase,Principal_Residence,Originated,72.06,2,7,5
28856,60.0,215000,395000.0,55.0,36%-<43%,White,Refinance,Principal_Residence,Originated,24.73,0,6,6
62448,166.0,755000,785000.0,95.0,36%-<43%,Race Not Available,Home_Purchase,Principal_Residence,Originated,98.33,2,7,5
59573,41.0,175000,445000.0,39.55,50%-60%,Black or African American,CashOut_Refinance,Principal_Residence,Denied,77.01,4,2,0
64154,56.0,145000,155000.0,96.5,20%-<30%,Race Not Available,Home_Purchase,Principal_Residence,Originated,7.47,3,1,2
83232,50.0,55000,85000.0,67.23,30%-<36%,White,Refinance,Principal_Residence,Originated,77.61,0,6,6
59405,60.0,195000,375000.0,78.353,Unknown,White,Home_Purchase,Principal_Residence,Incomplete,22.77,3,1,2
27768,100.0,335000,355000.0,96.662,50%-60%,Race Not Available,Home_Purchase,Principal_Residence,Preapproval_Denied,0.0,4,2,0
92846,104.0,425000,375000.0,78.353,Unknown,Race Not Available,Home_Purchase,Principal_Residence,Withdrawn,83.5,2,7,5
88962,70.0,415000,515000.0,80.0,43%-<50%,Asian,Home_Purchase,Principal_Residence,Originated,70.2,2,7,5
77614,61.0,245000,275000.0,90.0,43%-<50%,White,Home_Purchase,Principal_Residence,Originated,43.59,2,7,1
47207,89.0,185000,195000.0,94.55,20%-<30%,White,Home_Purchase,Principal_Residence,Originated,15.58,2,7,1
11797,89.0,15000,195000.0,103.41,43%-<50%,White,Home_Purchase,Principal_Residence,Originated,8.54,6,4,4
25484,36.0,85000,375000.0,78.353,Unknown,White,CashOut_Refinance,Principal_Residence,Withdrawn,16.42,0,6,6
57609,60.0,165000,375000.0,78.353,Unknown,Joint,Refinance,Principal_Residence,Withdrawn,75.16,0,6,6
93464,80.0,65000,375000.0,79.882,30%-<36%,White,Other,Principal_Residence,Originated,25.11,6,4,4
89572,72.0,155000,375000.0,78.353,Unknown,White,Refinance,Principal_Residence,Withdrawn,83.94,0,6,6
59623,125.0,155000,755000.0,78.353,Unknown,White,Home_Purchase,Principal_Residence,Purchased,55.26,2,7,5
93241,95.0,125000,155000.0,78.353,Unknown,Race Not Available,NotApplicable,Principal_Residence,Purchased,31.21,2,7,1
18621,61.0,285000,355000.0,80.0,43%-<50%,White,CashOut_Refinance,Principal_Residence,Originated,32.87,0,6,6
17539,166.0,235000,435000.0,54.023,20%-<30%,Race Not Available,Home_Purchase,Principal_Residence,Originated,11.44,2,7,1
10313,95.0,265000,265000.0,78.353,Unknown,Race Not Available,Home_Purchase,Principal_Residence,Purchased,45.24,2,7,5
69226,65.0,305000,375000.0,78.353,Unknown,Asian,CashOut_Refinance,Principal_Residence,Withdrawn,61.78,0,6,6
15444,130.0,55000,445000.0,78.2,>60%,White,Home_Improvement,Second_Residence,Denied,44.3,4,2,0
56112,163.0,405000,375000.0,78.353,Unknown,White,Home_Purchase,Principal_Residence,Incomplete,8.54,2,7,1
43464,178.0,355000,625000.0,69.019,36%-<43%,White,Home_Purchase,Principal_Residence,Denied,31.69,6,4,4
538,55.0,235000,235000.0,78.353,50%-60%,White,Home_Purchase,Principal_Residence,Originated,25.44,4,2,0
9960,135.0,265000,535000.0,78.353,Unknown,Asian,Home_Purchase,Principal_Residence,Purchased,54.85,2,7,5
41596,118.0,465000,455000.0,100.0,30%-<36%,Joint,Home_Purchase,Principal_Residence,Preapproval_Approved_NotAccepted,0.0,2,7,1
17639,112.0,745000,375000.0,90.0,43%-<50%,White,Home_Purchase,Principal_Residence,Preapproval_Approved_NotAccepted,0.0,2,7,1
33206,91.0,295000,295000.0,100.0,43%-<50%,Race Not Available,Home_Purchase,Principal_Residence,Originated,49.47,2,7,5
88089,73.0,345000,425000.0,80.0,50%-60%,Race Not Available,Home_Purchase,Principal_Residence,Denied,28.99,4,2,0
30615,90.0,335000,345000.0,96.5,50%-60%,White,Home_Purchase,Principal_Residence,Originated,62.4,4,2,0
99055,96.0,515000,715000.0,72.028,36%-<43%,White,Home_Purchase,Principal_Residence,Originated,16.42,2,7,1
62944,67.0,315000,305000.0,100.0,50%-60%,White,Home_Purchase,Principal_Residence,Originated,87.12,4,2,0
41552,150.0,445000,645000.0,70.0,43%-<50%,Race Not Available,CashOut_Refinance,Investment,Originated,45.7,1,5,3
8149,95.0,155000,375000.0,78.353,Unknown,White,Refinance,Principal_Residence,Approved_NotAccepted,5.96,0,6,6
41787,215.0,495000,735000.0,67.75,30%-<36%,Race Not Available,CashOut_Refinance,Principal_Residence,Originated,42.72,0,6,6
43098,99.0,265000,265000.0,100.0,36%-<43%,White,Home_Purchase,Principal_Residence,Originated,73.03,2,7,5
79910,97.0,385000,475000.0,80.0,43%-<50%,Joint,Home_Purchase,Principal_Residence,Originated,9.29,2,7,1
22822,26.0,175000,205000.0,84.951,43%-<50%,White,Refinance,Principal_Residence,Originated,12.49,0,6,6
32486,100.0,35000,445000.0,78.0,20%-<30%,Black or African American,Home_Improvement,Principal_Residence,Originated,51.41,6,4,4
52814,26.0,55000,235000.0,25.64,>60%,Black or African American,Home_Improvement,Principal_Residence,Originated,80.58,4,2,0
211,51.0,295000,365000.0,79.722,43%-<50%,Race Not Available,CashOut_Refinance,Principal_Residence,Denied,25.39,0,6,6
55896,95.0,305000,375000.0,78.353,Unknown,Race Not Available,CashOut_Refinance,Principal_Residence,Purchased,6.93,0,6,6
51530,82.0,25000,165000.0,90.24,43%-<50%,White,Other,Principal_Residence,Denied,9.3,6,4,4
18518,67.0,365000,515000.0,78.353,Unknown,Race Not Available,Home_Purchase,Principal_Residence,Purchased,89.93,2,7,5
5689,67.0,15000,55000.0,23.0,30%-<36%,White,Refinance,Principal_Residence,Originated,9.53,0,6,6
4088,36.0,125000,225000.0,55.0,36%-<43%,White,CashOut_Refinance,Principal_Residence,Originated,18.53,0,6,6
29594,69.0,425000,485000.0,86.22,43%-<50%,White,Home_Purchase,Principal_Residence,Originated,27.62,2,7,1
8414,51.0,45000,65000.0,78.353,50%-60%,White,Home_Purchase,Principal_Residence,Denied,62.44,3,1,2
75963,179.0,135000,335000.0,39.69,20%-<30%,White,CashOut_Refinance,Principal_Residence,Originated,18.29,0,6,6
80215,36.0,65000,375000.0,78.353,Unknown,Black or African American,CashOut_Refinance,Principal_Residence,Incomplete,77.76,0,6,6
11267,42.0,95000,375000.0,78.353,Unknown,White,CashOut_Refinance,Principal_Residence,Incomplete,22.63,0,6,6
87101,180.0,55000,375000.0,37.1,20%-<30%,Race Not Available,Home_Purchase,Investment,Denied,89.75,1,5,3
31470,35.0,95000,295000.0,31.441,36%-<43%,White,Refinance,Principal_Residence,Originated,13.63,0,6,6
96681,297.0,425000,1475000.0,72.79,30%-<36%,Race Not Available,Home_Purchase,Principal_Residence,Originated,13.36,2,7,1
67204,211.0,285000,315000.0,90.0,20%-<30%,Joint,Home_Purchase,Second_Residence,Originated,26.47,2,7,1
48525,155.0,105000,395000.0,83.16,30%-<36%,White,Home_Improvement,Principal_Residence,Denied,16.34,6,4,4
14343,109.0,435000,545000.0,80.0,30%-<36%,White,Home_Purchase,Principal_Residence,Originated,27.47,2,7,1
71948,174.0,125000,465000.0,47.338,<20%,White,Other,Principal_Residence,Originated,13.81,6,4,4
87945,95.0,295000,305000.0,95.0,20%-<30%,White,Home_Purchase,Principal_Residence,Originated,18.21,2,7,1
43763,127.0,235000,325000.0,72.7,36%-<43%,Race Not Available,Home_Improvement,Principal_Residence,Originated,10.55,2,7,1
68458,110.0,365000,365000.0,100.0,30%-<36%,White,Home_Purchase,Principal_Residence,Originated,59.92,2,7,5
50032,125.0,225000,375000.0,78.353,Unknown,Race Not Available,Refinance,Principal_Residence,Incomplete,55.28,0,6,6
14311,60.0,85000,85000.0,78.353,<20%,White,Home_Purchase,Principal_Residence,Denied,6.37,3,1,2
12472,110.0,905000,1805000.0,50.0,>60%,White,Home_Purchase,Principal_Residence,Preapproval_Approved_NotAccepted,0.0,4,2,0
56825,116.0,165000,1335000.0,78.353,Unknown,White,CashOut_Refinance,Principal_Residence,Purchased,16.96,0,6,6
34554,48.0,55000,75000.0,75.0,>60%,White,Home_Purchase,Principal_Residence,Approved_NotAccepted,28.08,3,1,2
52008,21.0,105000,185000.0,55.0,36%-<43%,Black or African American,CashOut_Refinance,Principal_Residence,Originated,19.12,0,6,6
79144,125.0,455000,375000.0,78.353,Unknown,Race Not Available,Refinance,Principal_Residence,Withdrawn,91.69,0,6,6
66758,52.0,175000,375000.0,78.353,Unknown,Race Not Available,CashOut_Refinance,Principal_Residence,Incomplete,86.49,0,6,6
19643,34.0,35000,375000.0,78.353,Unknown,Race Not Available,Refinance,Principal_Residence,Incomplete,95.26,6,4,4
52768,31.0,215000,425000.0,67.059,>60%,White,CashOut_Refinance,Principal_Residence,Denied,47.92,4,2,0
48208,174.0,435000,825000.0,52.68,36%-<43%,White,CashOut_Refinance,Investment,Originated,27.23,1,5,3
30373,141.0,595000,795000.0,75.0,43%-<50%,White,Refinance,Principal_Residence,Originated,56.53,0,6,6
60649,84.0,385000,475000.0,95.0,43%-<50%,White,Home_Purchase,Principal_Residence,Originated,14.19,3,1,2
4747,40.0,115000,145000.0,78.571,>60%,White,Home_Improvement,Principal_Residence,Denied,54.21,4,2,0
71685,58.0,185000,265000.0,68.97,30%-<36%,Asian,Home_Purchase,Principal_Residence,Originated,21.5,2,7,1
82826,239.0,885000,935000.0,95.0,36%-<43%,Race Not Available,Home_Purchase,Principal_Residence,Originated,85.14,2,7,5
61878,54.0,245000,375000.0,78.353,Unknown,White,Refinance,Principal_Residence,Withdrawn,15.64,0,6,6
19199,152.0,125000,155000.0,80.0,Unknown,White,CashOut_Refinance,Investment,Denied,36.36,1,5,3
65571,58.0,225000,375000.0,78.353,Unknown,White,Home_Purchase,Principal_Residence,Withdrawn,29.31,2,7,1
35579,95.0,265000,345000.0,78.353,Unknown,Race Not Available,CashOut_Refinance,Principal_Residence,Purchased,59.03,0,6,6
99370,67.0,205000,335000.0,60.06,36%-<43%,White,Refinance,Principal_Residence,Originated,25.11,0,6,6
2770,30.0,85000,85000.0,96.499,43%-<50%,Black or African American,Home_Purchase,Principal_Residence,Originated,66.1,2,7,5
52200,137.0,305000,445000.0,70.0,36%-<43%,White,Home_Purchase,Principal_Residence,Originated,78.53,2,7,5
82992,95.0,215000,375000.0,78.353,Exempt,Race Not Available,Home_Purchase,Investment,Originated,26.57,1,5,3
22547,158.0,105000,555000.0,62.7,36%-<43%,White,Other,Principal_Residence,Originated,79.48,6,4,4
70293,100.0,105000,305000.0,33.3334,20%-<30%,White,Refinance,Investment,Denied,92.7,1,5,3
46241,400.0,1025000,1285000.0,80.0,20%-<30%,Asian,Home_Purchase,Principal_Residence,Originated,50.66,5,7,5
13515,78.0,165000,515000.0,33.0,36%-<43%,White,Other,Principal_Residence,Denied,60.44,0,6,5
65549,172.0,35000,525000.0,14.7,20%-<30%,White,Home_Improvement,Principal_Residence,Originated,20.32,6,4,4
95501,47.0,125000,155000.0,78.727,20%-<30%,White,CashOut_Refinance,Principal_Residence,Approved_NotAccepted,22.75,0,6,6
39112,95.0,165000,165000.0,78.353,Unknown,Race Not Available,Home_Purchase,Principal_Residence,Purchased,50.31,2,7,5
26616,50.0,255000,415000.0,61.69,43%-<50%,Race Not Available,Home_Improvement,Principal_Residence,Originated,59.97,2,6,5
21224,95.0,295000,375000.0,78.353,Unknown,Race Not Available,Home_Purchase,Principal_Residence,Purchased,74.21,2,7,5
45881,78.0,285000,555000.0,52.373,30%-<36%,Asian,CashOut_Refinance,Principal_Residence,Denied,62.21,0,6,6
1603,56.0,365000,405000.0,91.0,43%-<50%,Race Not Available,Home_Purchase,Principal_Residence,Originated,70.55,2,7,5
99239,78.0,355000,375000.0,92.37,50%-60%,Black or African American,Home_Purchase,Principal_Residence,Originated,34.42,4,2,0
3094,168.0,445000,565000.0,80.0,43%-<50%,White,Home_Purchase,Principal_Residence,Originated,52.47,2,7,5
11206,104.0,285000,405000.0,78.353,Unknown,White,Home_Improvement,Principal_Residence,Purchased,14.03,2,7,1
66840,46.0,15000,385000.0,4.61,50%-60%,American Indian or Alaska Native,Home_Improvement,Second_Residence,Denied,35.78,4,2,0
31974,109.0,425000,535000.0,80.0,30%-<36%,Race Not Available,Home_Purchase,Principal_Residence,Originated,57.37,2,7,1
49417,77.0,355000,355000.0,100.0,36%-<43%,Black or African American,Home_Purchase,Principal_Residence,Originated,98.5,2,7,5
2878,106.0,195000,235000.0,80.0,43%-<50%,White,Home_Purchase,Principal_Residence,Originated,53.12,2,7,5
13538,364.0,805000,1005000.0,80.0,36%-<43%,White,Home_Purchase,Second_Residence,Originated,9.78,5,7,1
22145,200.0,225000,375000.0,78.353,Unknown,Race Not Available,Refinance,Principal_Residence,Incomplete,10.94,0,6,6
89755,123.0,55000,535000.0,64.17,36%-<43%,White,Home_Improvement,Principal_Residence,Originated,7.18,6,4,4
9271,94.0,215000,235000.0,95.0,36%-<43%,White,Home_Purchase,Principal_Residence,Originated,6.27,2,7,1
31271,104.0,385000,545000.0,69.999,20%-<30%,Race Not Available,CashOut_Refinance,Principal_Residence,Originated,26.37,0,6,6
44989,226.0,455000,375000.0,78.353,Unknown,White,Home_Purchase,Principal_Residence,Withdrawn,10.21,2,7,1
22198,116.0,315000,395000.0,80.0,20%-<30%,White,CashOut_Refinance,Principal_Residence,Originated,14.99,0,7,6
82272,95.0,595000,995000.0,78.353,Unknown,White,CashOut_Refinance,Principal_Residence,Purchased,24.43,0,6,6
59523,132.0,105000,385000.0,78.353,Unknown,White,Home_Purchase,Principal_Residence,Purchased,11.81,2,7,1
24822,70.0,165000,315000.0,52.0,36%-<43%,Black or African American,CashOut_Refinance,Principal_Residence,Originated,97.52,0,6,6
83515,86.0,215000,375000.0,78.353,Unknown,White,Home_Purchase,Principal_Residence,Withdrawn,34.93,2,7,1
23003,120.0,475000,595000.0,80.0,30%-<36%,White,Home_Purchase,Principal_Residence,Originated,34.43,2,7,1
10509,63.0,225000,255000.0,78.353,Unknown,White,Home_Purchase,Principal_Residence,Purchased,37.6,2,7,1
1934,28.0,55000,65000.0,85.0,43%-<50%,White,Home_Purchase,Investment,Originated,23.49,1,5,3
65291,186.0,65000,335000.0,72.206,20%-<30%,Race Not Available,Home_Improvement,Principal_Residence,Originated,40.72,6,4,4
24824,90.0,225000,235000.0,99.553,36%-<43%,Black or African American,Home_Purchase,Principal_Residence,Originated,46.26,2,7,5
46832,150.0,445000,375000.0,78.353,Unknown,White,Home_Purchase,Principal_Residence,Withdrawn,28.83,2,7,1
293,176.0,435000,465000.0,90.894,43%-<50%,White,Refinance,Principal_Residence,Originated,86.44,0,6,6
5167,187.0,495000,615000.0,80.0,30%-<36%,Asian,Home_Purchase,Principal_Residence,Originated,39.13,2,7,1
61563,111.0,105000,375000.0,78.353,Exempt,White,Home_Improvement,Principal_Residence,Originated,40.56,6,4,4
24470,-396.0,575000,875000.0,65.714,<20%,White,Home_Purchase,Principal_Residence,Originated,16.06,2,7,1
58883,84.0,245000,705000.0,75.077,>60%,White,Home_Improvement,Second_Residence,Denied,35.05,4,2,0
65619,106.0,415000,375000.0,78.353,Unknown,Race Not Available,Home_Purchase,Principal_Residence,Withdrawn,19.69,2,7,1
38374,59.0,105000,125000.0,80.0,>60%,Race Not Available,CashOut_Refinance,Principal_Residence,Denied,94.28,4,2,0
94831,35.0,85000,95000.0,88.889,43%-<50%,White,Refinance,Principal_Residence,Originated,10.17,0,7,6
80150,222.0,235000,1015000.0,80.0,20%-<30%,White,Other,Principal_Residence,Denied,15.57,6,4,4
29085,127.0,415000,375000.0,78.353,Unknown,White,Home_Purchase,Principal_Residence,Withdrawn,57.04,2,7,5
68944,125.0,355000,375000.0,78.353,Unknown,White,Home_Purchase,Principal_Residence,Withdrawn,53.81,2,7,1
47625,73.0,185000,485000.0,52.16,43%-<50%,White,Home_Improvement,Principal_Residence,Originated,50.28,6,4,4
64778,90.0,375000,465000.0,80.0,43%-<50%,Race Not Available,Home_Purchase,Principal_Residence,Originated,12.73,2,7,1
17221,202.0,1005000,1505000.0,66.667,36%-<43%,White,Home_Purchase,Principal_Residence,Originated,68.4,3,1,2
30016,56.0,115000,375000.0,78.353,Unknown,White,Home_Purchase,Principal_Residence,Withdrawn,88.43,2,7,5
39554,117.0,145000,825000.0,79.982,30%-<36%,White,Home_Improvement,Principal_Residence,Approved_NotAccepted,8.37,6,4,4
55696,28.0,125000,175000.0,71.0,36%-<43%,White,CashOut_Refinance,Principal_Residence,Originated,50.3,0,6,6
73922,110.0,385000,375000.0,78.353,Unknown,White,Home_Purchase,Principal_Residence,Incomplete,0.0,2,7,1
22119,88.0,65000,375000.0,78.353,Unknown,White,Home_Improvement,Principal_Residence,Denied,21.95,2,7,1
33203,147.0,205000,265000.0,76.981,20%-<30%,White,Home_Purchase,Principal_Residence,Originated,48.02,2,7,5
72810,169.0,65000,305000.0,90.18,30%-<36%,White,Refinance,Principal_Residence,Originated,16.4,6,4,4
43758,51.0,205000,375000.0,78.353,Unknown,White,Refinance,Principal_Residence,Withdrawn,72.82,0,6,6
23015,0.0,385000,405000.0,95.0,>60%,White,Home_Purchase,Principal_Residence,Denied,26.74,4,2,0
20898,74.0,405000,625000.0,64.35,36%-<43%,White,CashOut_Refinance,Principal_Residence,Originated,33.75,0,6,6
34195,83.0,205000,255000.0,79.646,36%-<43%,Black or African American,Home_Purchase,Principal_Residence,Originated,54.56,2,7,5
31366,41.0,185000,295000.0,119.028,50%-60%,White,Home_Improvement,Principal_Residence,Denied,34.9,4,2,0
81560,171.0,45000,195000.0,70.02,<20%,2 or more minority races,Home_Improvement,Principal_Residence,Denied,23.64,6,4,4
47903,325.0,795000,835000.0,78.353,Unknown,White,Home_Purchase,Principal_Residence,Purchased,71.34,2,7,5
35854,486.0,425000,845000.0,49.941,>60%,White,Refinance,Principal_Residence,Denied,20.43,5,3,0
91799,130.0,595000,675000.0,88.0,36%-<43%,Asian,Home_Purchase,Principal_Residence,Denied,90.04,2,7,5
67720,150.0,45000,375000.0,78.353,Unknown,White,Home_Improvement,Principal_Residence,Incomplete,11.2,6,4,4
19426,70.0,285000,355000.0,80.0,36%-<43%,White,Home_Purchase,Principal_Residence,Originated,6.13,2,7,1
60654,85.0,145000,305000.0,49.0,20%-<30%,White,CashOut_Refinance,Principal_Residence,Originated,10.25,0,6,6
162,34.0,145000,375000.0,78.353,Unknown,White,CashOut_Refinance,Principal_Residence,Incomplete,23.24,0,6,6
73867,168.0,505000,375000.0,78.353,Unknown,Black or African American,CashOut_Refinance,Principal_Residence,Withdrawn,33.75,0,6,6
60189,171.0,45000,365000.0,98.189,20%-<30%,White,Home_Improvement,Principal_Residence,Denied,27.29,6,4,4
89168,95.0,1425000,1775000.0,78.353,Unknown,Race Not Available,Home_Purchase,Principal_Residence,Purchased,21.04,2,7,1
92871,62.0,105000,245000.0,46.0,36%-<43%,White,Refinance,Principal_Residence,Denied,51.44,0,6,6
33704,16.0,55000,375000.0,78.353,Unknown,White,Home_Purchase,Principal_Residence,Withdrawn,6.93,2,7,1
89027,95.0,525000,555000.0,78.353,Unknown,Race Not Available,Home_Purchase,Principal_Residence,Purchased,40.71,2,7,1
83248,64.0,5000,235000.0,103.0,30%-<36%,White,Home_Purchase,Principal_Residence,Originated,19.22,6,4,4
22726,44.0,195000,205000.0,96.5,50%-60%,Race Not Available,Home_Purchase,Principal_Residence,Originated,9.0,4,2,0
48329,34.0,205000,375000.0,78.353,Unknown,White,CashOut_Refinance,Principal_Residence,Incomplete,35.94,0,6,6
64959,1628.0,245000,375000.0,78.353,Exempt,Race Not Available,Home_Purchase,Second_Residence,Originated,20.26,5,3,4
46496,95.0,505000,375000.0,78.353,Unknown,White,Refinance,Principal_Residence,Withdrawn,25.86,0,6,6
28878,117.0,25000,375000.0,78.353,Unknown,White,Home_Improvement,Principal_Residence,Denied,8.78,6,4,4
89294,62.0,305000,375000.0,78.353,Unknown,White,Home_Purchase,Principal_Residence,Withdrawn,33.45,2,7,1
6558,63.0,65000,375000.0,78.353,Exempt,White,Refinance,Principal_Residence,Withdrawn,23.92,0,6,6
12935,37.0,35000,235000.0,12.51,20%-<30%,White,Refinance,Principal_Residence,Denied,28.38,0,6,6
45113,67.0,305000,355000.0,85.0,43%-<50%,2 or more minority races,Home_Purchase,Principal_Residence,Originated,17.76,2,7,1
77928,47.0,195000,485000.0,39.51,50%-60%,Race Not Available,CashOut_Refinance,Principal_Residence,Approved_NotAccepted,18.45,4,2,0
28835,462.0,515000,855000.0,60.0,<20%,White,Home_Purchase,Second_Residence,Originated,14.09,5,3,1
37230,71.0,325000,345000.0,94.203,43%-<50%,White,Home_Purchase,Principal_Residence,Originated,25.05,2,7,1
75972,62.0,235000,235000.0,96.5,50%-60%,Black or African American,Home_Purchase,Principal_Residence,Denied,18.68,4,2,0
32642,116.0,205000,365000.0,54.795,36%-<43%,White,CashOut_Refinance,Principal_Residence,Originated,47.38,0,6,6
697,155.0,295000,365000.0,80.0,20%-<30%,White,Home_Purchase,Principal_Residence,Originated,61.01,2,7,5
249,36.0,135000,135000.0,99.86,30%-<36%,Black or African American,CashOut_Refinance,Principal_Residence,Denied,98.8,0,6,6
94485,51.0,275000,455000.0,59.67,43%-<50%,White,CashOut_Refinance,Principal_Residence,Originated,64.17,0,6,6
95313,165.0,35000,2495000.0,19.94,30%-<36%,White,Home_Improvement,Principal_Residence,Denied,30.95,6,4,4
4093,158.0,115000,675000.0,73.966,30%-<36%,White,Home_Improvement,Principal_Residence,Originated,49.22,6,4,4
13222,95.0,125000,295000.0,78.353,Unknown,Race Not Available,CashOut_Refinance,Principal_Residence,Purchased,90.61,0,6,6
64078,40.0,105000,375000.0,78.353,Unknown,White,CashOut_Refinance,Principal_Residence,Withdrawn,86.09,0,6,6
60626,92.0,455000,575000.0,79.82,50%-60%,Race Not Available,CashOut_Refinance,Principal_Residence,Originated,24.25,4,2,0
67548,36.0,75000,155000.0,48.0,43%-<50%,Black or African American,Home_Improvement,Principal_Residence,Denied,13.84,2,7,1
91474,120.0,365000,625000.0,78.353,Unknown,Race Not Available,Home_Purchase,Principal_Residence,Purchased,59.21,2,7,5
43506,218.0,155000,375000.0,78.353,Unknown,White,Home_Purchase,Principal_Residence,Withdrawn,28.92,2,7,1
14335,55.0,165000,175000.0,96.5,43%-<50%,White,Home_Purchase,Principal_Residence,Originated,6.86,2,7,1
47985,106.0,35000,375000.0,78.353,Exempt,White,Home_Improvement,Principal_Residence,Originated,7.4,6,4,4
12432,25.0,195000,465000.0,41.04,50%-60%,White,CashOut_Refinance,Principal_Residence,Originated,35.37,4,2,0
91014,111.0,275000,455000.0,61.111,>60%,Race Not Available,CashOut_Refinance,Principal_Residence,Denied,18.7,4,2,0
8803,43.0,115000,375000.0,78.353,Unknown,Joint,Home_Purchase,Principal_Residence,Withdrawn,25.6,2,7,1
19092,106.0,225000,375000.0,78.353,Unknown,White,Home_Purchase,Principal_Residence,Withdrawn,15.24,2,7,1
86044,143.0,325000,405000.0,80.0,20%-<30%,American Indian or Alaska Native,CashOut_Refinance,Principal_Residence,Originated,31.25,0,6,6
47119,191.0,115000,165000.0,70.0,20%-<30%,White,Home_Purchase,Investment,Originated,46.41,1,5,3
50581,35.0,75000,115000.0,62.281,30%-<36%,White,Refinance,Principal_Residence,Originated,12.53,0,6,6
66847,129.0,85000,315000.0,26.0,30%-<36%,Race Not Available,CashOut_Refinance,Principal_Residence,Originated,82.7,0,6,6
5841,83.0,25000,325000.0,88.977,20%-<30%,White,Other,Principal_Residence,Denied,48.89,6,4,4
89992,103.0,445000,555000.0,80.0,43%-<50%,White,Home_Purchase,Principal_Residence,Denied,38.83,2,7,1
45636,56.0,55000,315000.0,51.935,30%-<36%,White,Other,Principal_Residence,Originated,37.09,6,4,4
6263,73.0,235000,295000.0,80.0,36%-<43%,White,Home_Purchase,Principal_Residence,Originated,33.47,2,7,1
23322,214.0,335000,395000.0,84.962,30%-<36%,Race Not Available,Home_Purchase,Principal_Residence,Originated,19.52,2,7,1
39341,98.0,225000,235000.0,95.3,30%-<36%,Race Not Available,Home_Purchase,Principal_Residence,Originated,26.97,2,7,1
60736,123.0,235000,315000.0,73.277,20%-<30%,Race Not Available,Refinance,Principal_Residence,Originated,11.44,0,6,6
22953,83.0,65000,525000.0,54.02,30%-<36%,White,Other,Principal_Residence,Denied,13.2,6,4,4
46607,227.0,605000,375000.0,78.353,Unknown,Asian,Home_Purchase,Principal_Residence,Withdrawn,33.19,2,7,1
45756,55.0,5000,265000.0,86.564,43%-<50%,White,Home_Purchase,Principal_Residence,Originated,44.66,6,4,4
24198,95.0,295000,285000.0,78.353,Unknown,Race Not Available,Home_Purchase,Principal_Residence,Purchased,94.21,2,7,5
14386,71.0,235000,245000.0,94.906,Unknown,Black or African American,Home_Purchase,Principal_Residence,Denied,0.0,3,1,2
80247,86.0,125000,155000.0,80.0,43%-<50%,White,Home_Purchase,Investment,Originated,10.75,1,5,3
67600,95.0,315000,315000.0,78.353,Unknown,Race Not Available,Home_Purchase,Principal_Residence,Purchased,19.93,2,7,1
3095,124.0,305000,625000.0,48.8,30%-<36%,White,CashOut_Refinance,Principal_Residence,Denied,92.25,0,6,6
76816,77.0,75000,225000.0,76.68,43%-<50%,White,Refinance,Principal_Residence,Originated,2.8,6,4,4
86196,168.0,635000,865000.0,73.256,30%-<36%,White,CashOut_Refinance,Principal_Residence,Originated,49.28,0,6,6
8393,241.0,265000,375000.0,78.353,Unknown,White,Home_Purchase,Investment,Withdrawn,65.47,1,5,3
95881,29.0,15000,85000.0,60.536,36%-<43%,Race Not Available,Other,Principal_Residence,Approved_NotAccepted,68.8,6,4,4
47441,53.0,75000,65000.0,78.353,>60%,White,Home_Purchase,Principal_Residence,Denied,0.0,3,1,2
98314,272.0,745000,925000.0,80.0,30%-<36%,White,Home_Purchase,Second_Residence,Approved_NotAccepted,7.68,2,7,1
25374,73.0,325000,375000.0,78.353,Unknown,White,CashOut_Refinance,Principal_Residence,Withdrawn,39.38,0,6,6
53162,95.0,15000,115000.0,80.0,20%-<30%,White,Home_Improvement,Principal_Residence,Originated,46.58,6,4,4
41736,48.0,115000,115000.0,78.353,43%-<50%,White,Home_Purchase,Principal_Residence,Denied,52.8,3,1,2
78508,56.0,185000,375000.0,78.353,Unknown,White,Home_Purchase,Principal_Residence,Withdrawn,10.77,2,7,1
91076,29.0,125000,155000.0,80.0,36%-<43%,White,Home_Purchase,Principal_Residence,Originated,19.62,2,7,1
63121,38.0,215000,375000.0,78.353,Unknown,White,Home_Purchase,Principal_Residence,Withdrawn,12.2,2,7,1
26208,95.0,225000,285000.0,78.353,Unknown,Race Not Available,Home_Purchase,Principal_Residence,Purchased,79.41,2,7,5
40103,64.0,55000,455000.0,51.86,>60%,White,Home_Improvement,Principal_Residence,Denied,89.04,4,2,0
24283,83.0,95000,195000.0,50.0,43%-<50%,White,CashOut_Refinance,Principal_Residence,Originated,8.21,3,1,2
40086,63.0,175000,375000.0,47.3,36%-<43%,Race Not Available,Home_Purchase,Principal_Residence,Originated,19.19,2,6,1
10088,58.0,15000,105000.0,12.83,<20%,White,Home_Improvement,Principal_Residence,Denied,10.69,3,1,2
42890,95.0,285000,485000.0,78.353,Unknown,Race Not Available,Refinance,Principal_Residence,Purchased,53.29,0,6,6
94094,130.0,465000,375000.0,78.353,Unknown,Black or African American,Home_Purchase,Principal_Residence,Withdrawn,63.05,2,7,5
62511,64.0,425000,705000.0,60.671,43%-<50%,Asian,Refinance,Principal_Residence,Denied,66.67,0,6,6
24247,76.0,265000,375000.0,78.353,Unknown,Black or African American,CashOut_Refinance,Principal_Residence,Withdrawn,40.62,0,6,6
9105,68.0,165000,375000.0,78.353,Unknown,White,Home_Purchase,Principal_Residence,Withdrawn,4.61,2,7,1
74505,179.0,45000,295000.0,84.244,<20%,Black or African American,CashOut_Refinance,Principal_Residence,Originated,31.06,6,4,4
71021,71.0,355000,525000.0,66.67,43%-<50%,White,Other,Principal_Residence,Originated,21.85,2,7,1
78570,120.0,395000,395000.0,100.0,20%-<30%,White,Home_Purchase,Principal_Residence,Originated,32.42,2,7,1
44244,128.0,15000,435000.0,104.63,30%-<36%,Race Not Available,Home_Purchase,Principal_Residence,Originated,76.98,6,4,4
16464,131.0,205000,235000.0,108.63,30%-<36%,Black or African American,Home_Purchase,Principal_Residence,Denied,7.48,6,4,4
80910,69.0,65000,375000.0,78.353,Unknown,White,Other,Principal_Residence,Withdrawn,6.27,6,4,4
50127,94.0,125000,455000.0,28.222,30%-<36%,White,CashOut_Refinance,Principal_Residence,Originated,16.0,0,6,6
95205,42.0,135000,175000.0,80.0,36%-<43%,White,Home_Purchase,Principal_Residence,Originated,20.19,2,7,1
41671,290.0,885000,375000.0,78.353,Unknown,Asian,Home_Purchase,Principal_Residence,Withdrawn,91.12,2,7,5
54674,32.0,85000,75000.0,100.0,36%-<43%,Joint,Home_Purchase,Principal_Residence,Originated,25.95,2,7,1
89240,121.0,375000,675000.0,59.543,30%-<36%,Race Not Available,Refinance,Principal_Residence,Originated,61.32,0,6,6
52517,71.0,215000,215000.0,100.0,36%-<43%,White,Home_Purchase,Principal_Residence,Originated,23.74,2,7,1
4061,0.0,845000,1305000.0,64.615,Unknown,White,CashOut_Refinance,Investment,Originated,62.63,1,5,3
84822,107.0,295000,295000.0,96.5,36%-<43%,White,Home_Purchase,Principal_Residence,Originated,76.6,2,7,5
45980,49.0,35000,125000.0,67.031,50%-60%,Black or African American,Other,Principal_Residence,Originated,85.7,4,2,0
18081,195.0,565000,545000.0,100.0,36%-<43%,Black or African American,Home_Purchase,Principal_Residence,Originated,71.4,2,7,5
78708,419.0,215000,295000.0,75.0,30%-<36%,Asian,Home_Purchase,Investment,Originated,19.08,1,5,3
56954,54.0,95000,375000.0,78.353,Unknown,Race Not Available,Home_Improvement,Principal_Residence,Incomplete,94.47,6,4,4
76279,317.0,395000,525000.0,74.857,43%-<50%,White,Home_Purchase,Principal_Residence,Originated,51.84,2,7,5
71975,117.0,245000,985000.0,24.49,36%-<43%,White,Other,Principal_Residence,Originated,47.86,0,6,5
53791,107.0,165000,335000.0,48.135,20%-<30%,White,Home_Purchase,Principal_Residence,Originated,9.93,2,7,1
659,138.0,75000,315000.0,90.01,20%-<30%,White,Other,Principal_Residence,Originated,13.99,6,4,4
94235,44.0,135000,375000.0,78.353,Unknown,White,Home_Purchase,Principal_Residence,Withdrawn,90.21,2,7,5
83070,162.0,85000,555000.0,70.964,36%-<43%,White,Home_Purchase,Investment,Denied,55.24,1,5,3
69841,406.0,585000,785000.0,75.0,36%-<43%,White,Other,Second_Residence,Originated,8.49,5,3,1
42924,95.0,765000,955000.0,78.353,Unknown,Race Not Available,Home_Purchase,Principal_Residence,Purchased,8.29,2,7,1
46028,53.0,75000,375000.0,20.0,20%-<30%,White,CashOut_Refinance,Principal_Residence,Approved_NotAccepted,29.19,0,6,6
67089,460.0,215000,295000.0,75.0,30%-<36%,Race Not Available,Home_Improvement,Investment,Originated,81.75,1,5,3
45098,137.0,125000,505000.0,89.71,30%-<36%,White,Home_Improvement,Principal_Residence,Originated,30.7,6,4,4
15423,112.0,55000,575000.0,67.98,36%-<43%,White,Other,Principal_Residence,Originated,7.53,6,4,4
5526,89.0,275000,355000.0,78.963,30%-<36%,White,CashOut_Refinance,Principal_Residence,Originated,12.26,0,6,6
51673,44.0,125000,655000.0,18.462,>60%,Black or African American,Refinance,Principal_Residence,Denied,49.49,4,2,0
97975,146.0,105000,565000.0,76.15,36%-<43%,White,Other,Principal_Residence,Originated,11.97,6,4,4
24793,95.0,905000,1435000.0,62.718,20%-<30%,White,Other,Principal_Residence,Originated,13.08,2,6,1
44415,147.0,595000,755000.0,78.411,30%-<36%,Race Not Available,CashOut_Refinance,Principal_Residence,Originated,22.44,0,6,6
41801,250.0,405000,785000.0,78.353,Unknown,Race Not Available,Home_Purchase,Principal_Residence,Purchased,41.6,2,7,5
34297,80.0,265000,375000.0,78.353,Unknown,Race Not Available,Home_Purchase,Principal_Residence,Purchased,8.16,2,7,1
75704,52.0,75000,75000.0,100.0,36%-<43%,White,Home_Purchase,Principal_Residence,Originated,16.81,2,7,1
18252,66.0,165000,375000.0,78.353,Unknown,White,Refinance,Principal_Residence,Withdrawn,16.09,3,1,2
91207,96.0,465000,575000.0,80.0,43%-<50%,Asian,Home_Purchase,Principal_Residence,Originated,66.99,2,7,5
55328,91.0,205000,375000.0,78.353,Unknown,White,CashOut_Refinance,Principal_Residence,Withdrawn,5.35,0,6,6
67114,76.0,175000,185000.0,96.493,36%-<43%,White,Home_Purchase,Principal_Residence,Originated,8.31,2,7,1
80041,83.0,405000,455000.0,88.89,43%-<50%,White,Home_Purchase,Principal_Residence,Originated,67.72,2,7,5
10063,107.0,165000,275000.0,61.0,20%-<30%,White,CashOut_Refinance,Principal_Residence,Originated,30.73,0,6,6
17723,95.0,1145000,1725000.0,78.353,Unknown,Race Not Available,CashOut_Refinance,Principal_Residence,Purchased,51.95,0,6,6
4818,53.0,205000,255000.0,80.0,36%-<43%,White,Home_Purchase,Principal_Residence,Originated,55.97,2,7,5
98966,15.0,155000,235000.0,63.0,36%-<43%,White,Other,Principal_Residence,Originated,14.36,2,7,1
9870,148.0,105000,675000.0,52.41,36%-<43%,Black or African American,CashOut_Refinance,Principal_Residence,Originated,34.02,6,4,4
61084,67.0,265000,265000.0,78.353,30%-<36%,White,Home_Purchase,Principal_Residence,Originated,40.07,2,7,1
18213,46.0,105000,135000.0,81.4,20%-<30%,White,CashOut_Refinance,Principal_Residence,Originated,68.15,0,6,6
790,69.0,25000,375000.0,78.353,Unknown,Race Not Available,Home_Improvement,Principal_Residence,Withdrawn,22.58,6,4,4
83690,101.0,515000,685000.0,75.0,36%-<43%,Race Not Available,Home_Purchase,Principal_Residence,Originated,69.28,2,7,5
13897,105.0,35000,375000.0,78.353,Unknown,White,Home_Improvement,Principal_Residence,Withdrawn,26.55,6,4,4
13531,121.0,285000,365000.0,76.033,20%-<30%,Race Not Available,CashOut_Refinance,Principal_Residence,Originated,83.18,0,6,6
95094,66.0,215000,215000.0,96.941,36%-<43%,Race Not Available,Home_Purchase,Principal_Residence,Denied,48.7,2,7,5
85087,58.0,165000,405000.0,40.0,36%-<43%,White,CashOut_Refinance,Principal_Residence,Originated,55.33,0,6,6
83792,95.0,175000,635000.0,27.753,Unknown,White,Refinance,Principal_Residence,Originated,38.35,0,6,6
10220,92.0,385000,475000.0,80.0,36%-<43%,White,CashOut_Refinance,Principal_Residence,Denied,45.5,0,6,6
15737,65.0,365000,375000.0,78.353,Unknown,White,CashOut_Refinance,Principal_Residence,Withdrawn,26.15,0,6,6
59591,91.0,295000,655000.0,45.0,36%-<43%,White,CashOut_Refinance,Principal_Residence,Originated,20.21,0,6,6
46745,24.0,45000,165000.0,98.237,>60%,Joint,Home_Improvement,Principal_Residence,Denied,30.66,4,2,0
19065,42.0,195000,245000.0,79.592,36%-<43%,White,Home_Purchase,Principal_Residence,Originated,9.41,2,7,1
19417,95.0,225000,255000.0,78.353,Unknown,Race Not Available,CashOut_Refinance,Principal_Residence,Purchased,58.59,0,6,6
82064,190.0,765000,1275000.0,60.0,36%-<43%,Race Not Available,CashOut_Refinance,Principal_Residence,Originated,30.85,0,6,6
77024,80.0,155000,375000.0,78.353,Unknown,Black or African American,CashOut_Refinance,Principal_Residence,Withdrawn,79.5,0,6,6
46437,73.0,285000,505000.0,55.01,>60%,Black or African American,CashOut_Refinance,Investment,Denied,58.29,1,5,3
88800,67.0,185000,215000.0,90.0,36%-<43%,Race Not Available,CashOut_Refinance,Principal_Residence,Originated,8.4,0,6,6
17904,120.0,35000,275000.0,65.015,43%-<50%,White,Other,Principal_Residence,Denied,6.34,6,4,4
34340,345.0,555000,955000.0,67.9,<20%,Race Not Available,CashOut_Refinance,Principal_Residence,Originated,31.57,0,6,6
95407,73.0,185000,225000.0,78.353,30%-<36%,White,Home_Purchase,Principal_Residence,Originated,40.88,3,1,2
45396,200.0,155000,375000.0,78.353,Unknown,White,Other,Principal_Residence,Incomplete,52.6,6,4,4
24012,147.0,605000,715000.0,85.0,43%-<50%,Race Not Available,Home_Purchase,Principal_Residence,Originated,11.68,2,7,1
27309,32.0,55000,375000.0,78.353,Unknown,White,Refinance,Principal_Residence,Incomplete,5.35,0,6,6
94344,67.0,115000,375000.0,78.353,Unknown,White,CashOut_Refinance,Principal_Residence,Withdrawn,15.71,0,6,6
64383,41.0,105000,375000.0,78.353,Unknown,White,Home_Purchase,Principal_Residence,Withdrawn,28.66,2,7,1
5180,75.0,315000,325000.0,97.0,43%-<50%,White,Home_Purchase,Principal_Residence,Originated,76.93,2,7,5
82284,130.0,105000,375000.0,78.353,36%-<43%,White,Other,Principal_Residence,Denied,10.24,6,4,4
18867,90.0,285000,585000.0,49.397,36%-<43%,White,CashOut_Refinance,Principal_Residence,Originated,30.85,0,6,6
65989,119.0,515000,575000.0,90.0,43%-<50%,White,Home_Purchase,Principal_Residence,Preapproval_Approved_NotAccepted,0.0,2,7,1
29571,2879.0,845000,945000.0,90.0,<20%,White,Home_Purchase,Principal_Residence,Originated,9.57,5,3,4
59903,130.0,605000,635000.0,95.0,43%-<50%,Black or African American,Home_Purchase,Principal_Residence,Originated,57.93,2,7,5
87925,858.0,205000,515000.0,86.26,<20%,White,Home_Improvement,Principal_Residence,Originated,18.98,5,3,4
31605,180.0,615000,615000.0,100.03,20%-<30%,White,Home_Purchase,Principal_Residence,Approved_NotAccepted,23.96,2,7,1
88650,26.0,15000,185000.0,5.405,>60%,White,Home_Improvement,Principal_Residence,Denied,5.72,4,2,0
16055,85.0,135000,375000.0,78.353,Unknown,Joint,CashOut_Refinance,Principal_Residence,Incomplete,12.24,0,6,6
76974,46.0,105000,135000.0,80.0,30%-<36%,White,CashOut_Refinance,Principal_Residence,Originated,32.04,0,6,6
72123,208.0,735000,775000.0,95.0,30%-<36%,White,Home_Purchase,Principal_Residence,Originated,17.82,2,7,1
67056,55.0,205000,375000.0,100.0,30%-<36%,White,Refinance,Principal_Residence,Denied,62.17,0,6,6
90506,130.0,435000,545000.0,80.0,43%-<50%,Asian,Home_Purchase,Principal_Residence,Originated,27.87,2,7,1
32509,62.0,235000,245000.0,97.0,43%-<50%,Black or African American,Home_Purchase,Principal_Residence,Originated,83.94,2,7,5
2493,123.0,405000,555000.0,73.884,43%-<50%,White,Refinance,Principal_Residence,Originated,28.49,0,6,6
21289,86.0,495000,375000.0,78.353,Unknown,Race Not Available,CashOut_Refinance,Principal_Residence,Withdrawn,6.7,0,6,6
85548,62.0,125000,135000.0,95.0,36%-<43%,White,Home_Purchase,Principal_Residence,Originated,9.4,2,7,1
66071,95.0,485000,685000.0,120.53,Unknown,Race Not Available,Home_Purchase,Investment,Originated,51.01,1,5,3
96931,170.0,195000,205000.0,95.0,20%-<30%,Black or African American,Home_Purchase,Principal_Residence,Approved_NotAccepted,39.06,2,7,1
22270,95.0,145000,145000.0,97.0,30%-<36%,White,Home_Purchase,Principal_Residence,Originated,59.57,2,7,5
6055,17.0,35000,65000.0,57.082,43%-<50%,White,Home_Purchase,Principal_Residence,Originated,7.44,2,7,1
33732,263.0,805000,1165000.0,68.493,43%-<50%,Asian,Home_Purchase,Principal_Residence,Originated,35.13,2,7,1
44608,67.0,245000,375000.0,78.353,Unknown,Race Not Available,Home_Purchase,Principal_Residence,Withdrawn,32.36,2,7,1
51493,41.0,25000,225000.0,59.364,36%-<43%,White,Home_Improvement,Principal_Residence,Originated,15.03,6,4,4
65802,95.0,155000,175000.0,78.353,Unknown,Race Not Available,Home_Purchase,Principal_Residence,Purchased,87.8,2,7,5
66651,78.0,365000,775000.0,47.0,43%-<50%,Race Not Available,CashOut_Refinance,Principal_Residence,Originated,90.42,0,6,6
26650,95.0,145000,255000.0,56.8,Unknown,Black or African American,Refinance,Principal_Residence,Originated,85.71,0,6,6
30677,190.0,25000,245000.0,75.41,20%-<30%,Race Not Available,Other,Principal_Residence,Originated,41.48,6,4,4
54491,95.0,45000,85000.0,51.25,Unknown,Race Not Available,Refinance,Investment,Originated,37.07,1,5,3
90862,73.0,395000,405000.0,96.5,50%-60%,Race Not Available,Home_Purchase,Principal_Residence,Originated,75.57,4,2,0
95970,115.0,25000,375000.0,78.353,Unknown,White,Home_Improvement,Investment,Withdrawn,41.63,1,5,3
25299,203.0,105000,275000.0,36.736,20%-<30%,White,Refinance,Principal_Residence,Originated,25.09,0,6,6
18196,95.0,415000,445000.0,95.0,43%-<50%,Asian,Home_Purchase,Principal_Residence,Originated,40.25,2,7,1
65048,79.0,45000,405000.0,69.105,>60%,Black or African American,Other,Principal_Residence,Denied,74.68,4,2,0
29671,45.0,275000,455000.0,60.0,43%-<50%,Black or African American,Home_Purchase,Principal_Residence,Originated,38.6,2,6,1
19921,174.0,45000,275000.0,80.0,20%-<30%,White,Home_Improvement,Principal_Residence,Originated,34.24,6,4,4
89376,170.0,55000,915000.0,62.835,36%-<43%,Native Hawaiian or Other Pacific Islander,Other,Principal_Residence,Originated,22.67,6,4,4
21652,151.0,615000,975000.0,63.0,30%-<36%,White,CashOut_Refinance,Principal_Residence,Originated,14.56,0,6,6
61040,191.0,115000,375000.0,78.353,Exempt,White,Home_Improvement,Principal_Residence,Originated,17.02,6,4,4
25599,107.0,145000,375000.0,78.353,Unknown,White,Home_Purchase,Principal_Residence,Incomplete,4.02,3,1,2
41386,46.0,295000,375000.0,78.353,Unknown,White,Refinance,Principal_Residence,Withdrawn,26.84,0,6,6
89848,29.0,55000,135000.0,38.46,43%-<50%,White,Refinance,Principal_Residence,Denied,6.14,0,6,6
69375,84.0,175000,185000.0,97.74,30%-<36%,White,Home_Purchase,Principal_Residence,Originated,45.94,2,7,5
46947,95.0,605000,615000.0,78.353,Unknown,Race Not Available,Home_Purchase,Principal_Residence,Purchased,99.46,2,7,5
9158,36.0,55000,55000.0,78.353,20%-<30%,White,Home_Purchase,Principal_Residence,Denied,25.85,3,1,2
34064,52.0,85000,225000.0,35.56,36%-<43%,White,Home_Improvement,Principal_Residence,Originated,24.05,0,6,1
99863,45.0,35000,545000.0,63.809,>60%,White,Other,Principal_Residence,Denied,42.15,4,2,0
98698,60.0,625000,375000.0,78.353,Unknown,Race Not Available,Refinance,Principal_Residence,Incomplete,82.42,0,6,6
60300,23.0,75000,95000.0,87.778,>60%,White,Home_Purchase,Principal_Residence,Denied,29.22,4,2,0
29926,74.0,185000,655000.0,78.301,>60%,Race Not Available,Home_Improvement,Principal_Residence,Denied,26.6,4,2,0
27,122.0,285000,345000.0,85.0,43%-<50%,White,Home_Purchase,Principal_Residence,Originated,28.73,2,7,1
63052,49.0,65000,375000.0,78.353,Unknown,White,CashOut_Refinance,Principal_Residence,Withdrawn,27.19,0,6,6
50057,76.0,265000,285000.0,95.0,43%-<50%,White,Home_Purchase,Principal_Residence,Originated,9.08,2,7,1
9059,59.0,455000,515000.0,88.235,50%-60%,Black or African American,Home_Purchase,Principal_Residence,Originated,95.23,4,2,0
97646,47.0,185000,175000.0,103.0,50%-60%,White,CashOut_Refinance,Principal_Residence,Denied,10.86,4,2,0
91350,74.0,225000,305000.0,75.0,30%-<36%,White,Home_Purchase,Principal_Residence,Originated,24.07,2,7,1
76589,340.0,205000,1005000.0,58.405,30%-<36%,Race Not Available,Home_Improvement,Principal_Residence,Denied,33.2,6,4,4
28034,97.0,155000,215000.0,74.892,30%-<36%,White,CashOut_Refinance,Principal_Residence,Originated,31.16,0,6,6
26931,147.0,375000,375000.0,78.353,Unknown,White,Home_Purchase,Principal_Residence,Withdrawn,64.0,2,7,5
92277,80.0,225000,265000.0,85.0,43%-<50%,White,Home_Purchase,Principal_Residence,Originated,29.87,2,7,1
55770,107.0,25000,545000.0,69.44,36%-<43%,White,Other,Principal_Residence,Originated,30.7,6,4,4
50427,85.0,325000,335000.0,96.5,43%-<50%,Black or African American,Home_Purchase,Principal_Residence,Originated,35.66,2,7,1
63992,604.0,255000,2755000.0,70.389,50%-60%,Race Not Available,CashOut_Refinance,Principal_Residence,Denied,32.56,5,3,4
31621,47.0,245000,365000.0,66.94,43%-<50%,White,Home_Purchase,Principal_Residence,Originated,69.13,2,6,5
35926,92.0,435000,705000.0,62.143,>60%,White,CashOut_Refinance,Principal_Residence,Denied,29.78,4,2,0
13069,95.0,95000,105000.0,78.353,Unknown,Race Not Available,NotApplicable,Principal_Residence,Purchased,6.03,2,7,1
2152,194.0,655000,375000.0,78.353,Exempt,Asian,Home_Purchase,Investment,Originated,56.57,1,5,3
10554,66.0,5000,515000.0,52.668,36%-<43%,White,Other,Principal_Residence,Originated,18.93,6,4,4
3673,145.0,375000,395000.0,78.353,Unknown,Race Not Available,Home_Purchase,Principal_Residence,Purchased,82.24,2,7,5
17358,128.0,35000,375000.0,78.353,Exempt,White,Home_Improvement,Principal_Residence,Originated,6.56,6,4,4
20115,387.0,745000,835000.0,90.0,36%-<43%,White,Home_Purchase,Second_Residence,Originated,33.63,5,7,1
82726,212.0,495000,625000.0,79.84,<20%,White,Refinance,Principal_Residence,Originated,51.47,0,6,6
44744,115.0,265000,315000.0,86.093,30%-<36%,White,Home_Purchase,Principal_Residence,Originated,16.64,2,7,1
40543,159.0,235000,295000.0,80.0,<20%,Race Not Available,Home_Purchase,Principal_Residence,Originated,9.68,2,7,1
16971,143.0,105000,525000.0,99.0,30%-<36%,White,Other,Principal_Residence,Originated,18.91,6,4,4
67037,76.0,405000,375000.0,78.353,Unknown,Race Not Available,Refinance,Principal_Residence,Withdrawn,4.85,0,6,6
65689,61.0,55000,65000.0,96.5,20%-<30%,White,Home_Purchase,Principal_Residence,Denied,22.39,2,7,1
56712,127.0,255000,555000.0,45.306,36%-<43%,White,Refinance,Principal_Residence,Originated,18.9,0,6,6
23237,79.0,315000,375000.0,78.353,Unknown,White,Home_Purchase,Principal_Residence,Withdrawn,79.46,2,7,5
97635,52.0,145000,265000.0,55.4,36%-<43%,Race Not Available,Refinance,Principal_Residence,Denied,14.56,0,6,6
80727,130.0,275000,325000.0,84.709,36%-<43%,White,Refinance,Principal_Residence,Originated,32.87,0,6,6
13974,49.0,245000,305000.0,80.0,30%-<36%,White,Home_Purchase,Principal_Residence,Originated,30.03,2,7,1
64298,75.0,445000,445000.0,100.0,50%-60%,Race Not Available,Home_Purchase,Principal_Residence,Originated,20.55,4,2,0
11925,95.0,205000,215000.0,78.353,Unknown,Race Not Available,Home_Purchase,Principal_Residence,Purchased,62.52,2,7,5
42597,95.0,155000,165000.0,78.353,Unknown,Race Not Available,Home_Purchase,Principal_Residence,Purchased,20.66,2,7,1
31656,370.0,1395000,375000.0,78.353,Unknown,Race Not Available,Home_Purchase,Principal_Residence,Withdrawn,60.67,5,7,1
91446,95.0,325000,425000.0,78.353,Unknown,Race Not Available,CashOut_Refinance,Principal_Residence,Purchased,29.05,0,6,6
58508,131.0,305000,475000.0,78.008,20%-<30%,White,Other,Principal_Residence,Originated,30.29,6,4,4
17069,105.0,505000,1005000.0,50.0,36%-<43%,White,Home_Improvement,Principal_Residence,Originated,97.69,2,6,5
94274,75.0,275000,465000.0,60.0,36%-<43%,Race Not Available,CashOut_Refinance,Principal_Residence,Originated,16.54,0,6,6
58292,220.0,205000,425000.0,49.0,<20%,White,Home_Purchase,Principal_Residence,Originated,76.18,2,6,5
60756,39.0,125000,125000.0,96.5,43%-<50%,White,Home_Purchase,Principal_Residence,Originated,9.23,2,7,1
95935,35.0,45000,335000.0,66.94,50%-60%,White,Other,Principal_Residence,Denied,33.84,4,2,0
47546,108.0,305000,375000.0,78.353,Unknown,White,CashOut_Refinance,Principal_Residence,Withdrawn,19.05,0,6,6
85623,32.0,135000,375000.0,78.353,Unknown,Race Not Available,Refinance,Principal_Residence,Withdrawn,10.59,0,6,6
65988,107.0,135000,215000.0,61.927,20%-<30%,White,Home_Improvement,Principal_Residence,Originated,44.58,2,6,5
47683,95.0,3755000,6945000.0,54.0,Unknown,Race Not Available,Home_Purchase,Investment,Originated,43.29,1,5,3
84787,63.0,355000,375000.0,78.353,Unknown,Asian,CashOut_Refinance,Principal_Residence,Incomplete,38.09,0,6,6
27614,74.0,185000,375000.0,78.353,Unknown,White,CashOut_Refinance,Principal_Residence,Withdrawn,48.33,0,6,6
28496,80.0,205000,245000.0,85.0,36%-<43%,Race Not Available,Home_Purchase,Principal_Residence,Originated,52.77,2,7,5
39481,90.0,85000,315000.0,25.16,30%-<36%,White,Home_Purchase,Principal_Residence,Originated,22.53,0,6,1
2904,110.0,245000,355000.0,68.908,36%-<43%,Race Not Available,Refinance,Principal_Residence,Originated,39.71,0,6,6
7072,76.0,125000,255000.0,78.353,Unknown,Race Not Available,Refinance,Principal_Residence,Purchased,48.63,0,6,6
98725,39.0,75000,695000.0,10.38,>60%,Race Not Available,Home_Improvement,Principal_Residence,Originated,6.54,4,2,0
93740,95.0,195000,195000.0,78.353,Unknown,Race Not Available,Home_Purchase,Principal_Residence,Purchased,41.13,2,7,1
44357,208.0,385000,435000.0,89.0,43%-<50%,White,Refinance,Principal_Residence,Originated,25.53,0,6,6
56230,97.0,265000,275000.0,96.984,30%-<36%,Black or African American,Home_Purchase,Principal_Residence,Originated,37.52,2,7,1
59525,62.0,55000,375000.0,78.353,Unknown,Race Not Available,Other,Principal_Residence,Withdrawn,32.14,6,4,4
17537,65.0,355000,355000.0,100.0,50%-60%,Race Not Available,Home_Purchase,Principal_Residence,Originated,69.45,4,2,0
79793,89.0,125000,375000.0,78.353,Unknown,White,Home_Purchase,Investment,Withdrawn,97.24,1,5,3
61165,64.0,365000,705000.0,51.929,>60%,White,Refinance,Principal_Residence,Originated,45.41,4,2,0
45743,309.0,1325000,1395000.0,95.0,36%-<43%,Asian,Home_Purchase,Principal_Residence,Originated,64.54,2,7,5
82857,93.0,285000,295000.0,96.5,36%-<43%,White,Home_Purchase,Principal_Residence,Originated,11.79,2,7,1
60082,83.0,335000,415000.0,80.0,36%-<43%,White,Home_Purchase,Principal_Residence,Originated,19.55,2,7,1
72207,52.0,75000,95000.0,80.0,<20%,White,Refinance,Principal_Residence,Originated,26.29,0,6,6
86625,123.0,205000,755000.0,51.527,43%-<50%,White,Other,Principal_Residence,Originated,20.99,6,4,4
68362,92.0,105000,105000.0,78.353,20%-<30%,White,Home_Purchase,Principal_Residence,Denied,68.91,3,1,2
73839,109.0,155000,265000.0,95.469,>60%,White,Home_Improvement,Principal_Residence,Denied,42.61,4,2,0
49751,139.0,55000,805000.0,88.797,50%-60%,Black or African American,Home_Improvement,Principal_Residence,Originated,45.77,4,2,0
30054,151.0,425000,455000.0,95.0,43%-<50%,White,Home_Purchase,Principal_Residence,Originated,16.98,2,7,1
68462,50.0,205000,345000.0,60.0,36%-<43%,Race Not Available,Refinance,Principal_Residence,Originated,6.26,0,6,6
35420,327.0,965000,1205000.0,80.0,20%-<30%,Race Not Available,Home_Purchase,Principal_Residence,Originated,20.91,5,3,1
70915,95.0,205000,505000.0,78.353,Unknown,Race Not Available,Home_Purchase,Principal_Residence,Purchased,28.59,2,7,1
81060,95.0,515000,655000.0,78.85,Unknown,Asian,Home_Purchase,Investment,Originated,79.72,1,5,3
75591,95.0,305000,385000.0,78.353,Unknown,Race Not Available,CashOut_Refinance,Principal_Residence,Purchased,30.55,0,6,6
45540,192.0,485000,505000.0,100.0,43%-<50%,White,Home_Purchase,Principal_Residence,Originated,40.03,2,7,1
9642,95.0,475000,665000.0,78.353,Unknown,Race Not Available,CashOut_Refinance,Principal_Residence,Purchased,70.96,0,6,6
51259,95.0,175000,205000.0,78.353,Unknown,Race Not Available,NotApplicable,Principal_Residence,Purchased,17.4,2,7,1
25925,85.0,5000,265000.0,2.809,36%-<43%,White,Home_Purchase,Principal_Residence,Originated,15.52,6,4,4
78052,49.0,115000,125000.0,96.5,43%-<50%,White,Home_Purchase,Principal_Residence,Originated,19.44,2,7,1
36071,111.0,465000,375000.0,78.353,Unknown,Black or African American,Refinance,Principal_Residence,Withdrawn,84.72,0,6,6
93,154.0,95000,745000.0,80.495,20%-<30%,Black or African American,Home_Improvement,Principal_Residence,Originated,49.41,6,4,4
49990,126.0,195000,215000.0,95.0,43%-<50%,Race Not Available,Home_Purchase,Principal_Residence,Approved_NotAccepted,18.21,2,7,1
38032,112.0,15000,325000.0,55.91,20%-<30%,White,Home_Purchase,Principal_Residence,Denied,28.41,6,4,4
71612,66.0,165000,165000.0,100.0,36%-<43%,White,Home_Purchase,Principal_Residence,Originated,13.52,3,1,2
61499,479.0,865000,1805000.0,47.778,20%-<30%,White,CashOut_Refinance,Principal_Residence,Originated,19.66,5,6,6
39746,128.0,15000,495000.0,100.427,43%-<50%,White,Home_Purchase,Principal_Residence,Originated,76.66,6,4,4
79019,47.0,125000,125000.0,96.5,43%-<50%,White,Home_Purchase,Principal_Residence,Originated,29.79,2,7,1
90088,26.0,75000,75000.0,105.0,20%-<30%,White,Home_Purchase,Principal_Residence,Originated,66.35,2,7,5
41885,24.0,115000,175000.0,63.0,43%-<50%,White,CashOut_Refinance,Principal_Residence,Approved_NotAccepted,57.97,0,6,6
30666,69.0,175000,205000.0,84.091,20%-<30%,White,Refinance,Principal_Residence,Originated,18.72,0,6,6
66671,24.0,45000,105000.0,78.353,30%-<36%,Race Not Available,Home_Improvement,Principal_Residence,Originated,88.86,2,7,5
44843,117.0,345000,375000.0,78.353,Unknown,White,Refinance,Principal_Residence,Withdrawn,57.43,0,6,6
40609,114.0,505000,375000.0,78.353,Unknown,White,Home_Purchase,Principal_Residence,Withdrawn,80.31,2,7,5
69508,24.0,55000,185000.0,74.87,>60%,Black or African American,Other,Principal_Residence,Denied,45.24,4,2,0
76920,110.0,225000,275000.0,80.0,50%-60%,White,CashOut_Refinance,Principal_Residence,Originated,9.19,4,2,0
26663,284.0,275000,375000.0,78.353,Unknown,Race Not Available,Home_Purchase,Principal_Residence,Withdrawn,17.25,2,7,1
72235,66.0,285000,375000.0,74.933,50%-60%,White,Home_Purchase,Principal_Residence,Originated,79.3,4,2,0
92641,47.0,65000,375000.0,78.353,Exempt,White,Home_Purchase,Principal_Residence,Originated,25.04,2,7,1
21996,99.0,235000,255000.0,95.0,36%-<43%,White,Home_Purchase,Principal_Residence,Originated,31.46,2,7,1
92860,246.0,275000,365000.0,75.0,>60%,Joint,Home_Purchase,Investment,Denied,58.4,1,5,3
39385,55.0,155000,375000.0,78.353,Unknown,Black or African American,CashOut_Refinance,Principal_Residence,Withdrawn,14.14,0,6,6
84301,95.0,425000,525000.0,78.353,Unknown,Race Not Available,Home_Purchase,Principal_Residence,Purchased,15.26,2,7,1
33257,78.0,335000,475000.0,70.0,43%-<50%,White,Home_Purchase,Principal_Residence,Originated,18.3,2,7,1
97417,60.0,195000,205000.0,97.0,30%-<36%,White,Home_Purchase,Principal_Residence,Originated,22.95,2,7,1
80307,42.0,125000,195000.0,65.0,43%-<50%,Race Not Available,CashOut_Refinance,Principal_Residence,Approved_NotAccepted,21.99,0,6,6
64409,95.0,275000,465000.0,59.783,20%-<30%,Race Not Available,Home_Purchase,Principal_Residence,Originated,67.21,2,7,5
81285,180.0,1315000,1555000.0,85.0,>60%,Race Not Available,Home_Purchase,Principal_Residence,Denied,15.14,4,2,0
6866,34.0,125000,305000.0,41.31,36%-<43%,White,CashOut_Refinance,Principal_Residence,Originated,15.07,0,6,6
91880,95.0,335000,345000.0,78.353,Unknown,Race Not Available,Home_Purchase,Principal_Residence,Purchased,34.81,2,7,1
31672,115.0,205000,545000.0,89.07,>60%,Asian,Other,Principal_Residence,Denied,53.19,4,2,0
63191,537.0,1325000,1755000.0,75.643,36%-<43%,Race Not Available,Home_Purchase,Principal_Residence,Originated,9.53,5,3,1
8695,253.0,785000,1125000.0,70.0,36%-<43%,White,CashOut_Refinance,Principal_Residence,Originated,13.19,0,6,6
36230,495.0,545000,1755000.0,75.0,20%-<30%,White,Other,Principal_Residence,Originated,48.76,5,4,4
92009,338.0,485000,615000.0,80.0,36%-<43%,Race Not Available,Home_Purchase,Second_Residence,Originated,13.51,5,7,1
67134,205.0,405000,1315000.0,30.476,43%-<50%,White,Other,Principal_Residence,Approved_NotAccepted,9.27,0,6,1
83737,78.0,315000,305000.0,100.0,50%-60%,Race Not Available,Home_Purchase,Principal_Residence,Denied,60.49,4,2,0
54336,33.0,55000,45000.0,78.353,36%-<43%,White,Home_Purchase,Principal_Residence,Denied,87.4,3,1,2
75635,95.0,545000,525000.0,78.353,Unknown,Race Not Available,Home_Purchase,Principal_Residence,Purchased,29.54,2,7,1
15123,48.0,95000,125000.0,80.0,30%-<36%,White,CashOut_Refinance,Principal_Residence,Denied,7.87,0,6,6
99306,100.0,515000,645000.0,79.422,50%-60%,White,CashOut_Refinance,Principal_Residence,Originated,18.4,4,2,0
2056,54.0,285000,375000.0,78.353,Unknown,White,CashOut_Refinance,Principal_Residence,Withdrawn,59.44,0,6,6
55378,61.0,215000,275000.0,80.0,36%-<43%,White,Home_Purchase,Principal_Residence,Preapproval_Approved_NotAccepted,0.0,2,7,1
49303,95.0,265000,275000.0,78.353,Unknown,Race Not Available,Home_Purchase,Principal_Residence,Purchased,71.59,2,7,5
521,69.0,325000,335000.0,96.5,50%-60%,White,Home_Purchase,Principal_Residence,Originated,47.89,3,1,2
82578,193.0,575000,725000.0,79.224,50%-60%,Black or African American,Home_Purchase,Principal_Residence,Originated,51.05,4,2,0
46620,95.0,135000,175000.0,75.429,Unknown,Race Not Available,Home_Purchase,Investment,Originated,38.9,1,5,3
88221,44.0,75000,375000.0,78.353,Unknown,White,Home_Purchase,Principal_Residence,Incomplete,37.08,3,1,2
88810,26.0,175000,375000.0,78.353,Unknown,White,Refinance,Principal_Residence,Withdrawn,28.0,0,6,6
78826,84.0,295000,765000.0,37.88,43%-<50%,White,Home_Purchase,Principal_Residence,Originated,16.95,2,6,1
42894,98.0,185000,225000.0,80.0,36%-<43%,Black or African American,CashOut_Refinance,Principal_Residence,Originated,24.37,0,6,6
37698,63.0,175000,175000.0,96.5,30%-<36%,White,Home_Purchase,Principal_Residence,Originated,35.44,2,7,1
22782,107.0,295000,505000.0,58.0,36%-<43%,White,Home_Purchase,Principal_Residence,Originated,15.94,2,6,1
85949,88.0,145000,255000.0,57.972,<20%,White,Home_Purchase,Principal_Residence,Originated,55.62,2,6,5
11124,72.0,415000,405000.0,78.353,>60%,Race Not Available,Home_Purchase,Principal_Residence,Originated,39.46,4,2,0
19001,102.0,385000,505000.0,75.0,30%-<36%,Black or African American,CashOut_Refinance,Principal_Residence,Denied,94.61,0,6,6
36866,95.0,95000,125000.0,71.92,Unknown,Race Not Available,Refinance,Principal_Residence,Originated,66.88,0,6,6
52512,500.0,345000,345000.0,100.0,<20%,Race Not Available,Home_Purchase,Principal_Residence,Originated,26.24,5,3,1
25792,30.0,15000,375000.0,78.353,Unknown,White,Refinance,Principal_Residence,Withdrawn,25.52,0,6,6
64335,51.0,225000,225000.0,96.454,43%-<50%,Black or African American,Home_Purchase,Principal_Residence,Originated,62.08,2,7,5
20422,206.0,305000,805000.0,51.0,20%-<30%,White,CashOut_Refinance,Principal_Residence,Originated,25.69,0,6,6
58663,459.0,265000,805000.0,79.998,20%-<30%,White,Home_Improvement,Principal_Residence,Originated,33.29,5,4,4
85890,36.0,185000,235000.0,80.0,43%-<50%,White,Home_Purchase,Principal_Residence,Originated,25.9,2,7,1
27164,96.0,385000,485000.0,79.381,36%-<43%,White,Refinance,Principal_Residence,Originated,37.06,0,6,6
47267,113.0,105000,565000.0,62.432,36%-<43%,White,CashOut_Refinance,Principal_Residence,Originated,73.5,6,4,4
57644,87.0,195000,245000.0,80.0,30%-<36%,White,Home_Purchase,Principal_Residence,Originated,72.96,2,7,5
12399,77.0,235000,295000.0,81.85,43%-<50%,Race Not Available,Home_Purchase,Principal_Residence,Originated,4.98,2,7,1
36776,48.0,145000,205000.0,70.0,36%-<43%,White,Home_Purchase,Principal_Residence,Originated,15.3,2,7,1
14568,175.0,205000,375000.0,78.353,Unknown,Asian,Home_Purchase,Investment,Withdrawn,69.03,1,5,3
73972,102.0,365000,355000.0,100.0,>60%,White,Home_Purchase,Principal_Residence,Originated,23.55,4,2,0
42587,268.0,945000,1145000.0,82.895,43%-<50%,White,Home_Purchase,Second_Residence,Originated,5.47,2,7,1
73970,122.0,145000,235000.0,58.703,20%-<30%,White,Home_Purchase,Principal_Residence,Originated,6.88,2,7,1
32242,66.0,25000,135000.0,19.23,36%-<43%,American Indian or Alaska Native,Home_Improvement,Principal_Residence,Denied,16.52,0,6,1
55861,63.0,115000,375000.0,78.353,Exempt,White,Refinance,Investment,Originated,50.61,1,5,3
57332,130.0,75000,505000.0,79.803,36%-<43%,Race Not Available,Other,Principal_Residence,Approved_NotAccepted,20.44,6,4,4
63736,117.0,355000,365000.0,101.158,43%-<50%,Race Not Available,Home_Purchase,Principal_Residence,Originated,17.78,2,7,1
45451,151.0,345000,425000.0,80.0,30%-<36%,White,Home_Purchase,Principal_Residence,Originated,5.35,2,7,1
60475,330.0,565000,375000.0,78.353,Unknown,Black or African American,CashOut_Refinance,Principal_Residence,Incomplete,67.77,5,6,6
57174,120.0,105000,505000.0,64.16,50%-60%,Race Not Available,Home_Improvement,Principal_Residence,Denied,97.14,4,2,0
42686,32.0,105000,375000.0,78.353,Unknown,White,Home_Purchase,Principal_Residence,Withdrawn,20.4,2,7,1
25689,77.0,105000,435000.0,64.299,50%-60%,White,Home_Improvement,Principal_Residence,Originated,22.59,4,2,0
31530,300.0,915000,1145000.0,78.353,Unknown,Race Not Available,Home_Purchase,Principal_Residence,Purchased,47.56,2,7,5
27526,32.0,25000,375000.0,78.353,Unknown,White,Other,Principal_Residence,Withdrawn,24.64,2,7,1
95122,95.0,195000,315000.0,78.353,Unknown,Black or African American,CashOut_Refinance,Principal_Residence,Purchased,68.39,0,6,6
74725,104.0,395000,495000.0,90.0,43%-<50%,White,Home_Purchase,Principal_Residence,Originated,4.96,2,7,1
31508,137.0,565000,695000.0,81.0,43%-<50%,White,Home_Purchase,Principal_Residence,Originated,43.29,2,7,5
58506,70.0,15000,375000.0,67.745,30%-<36%,White,Home_Improvement,Principal_Residence,Originated,12.27,6,4,4
53257,400.0,905000,1205000.0,75.0,36%-<43%,Race Not Available,Home_Purchase,Second_Residence,Originated,34.16,5,7,1
17706,1022.0,655000,875000.0,75.0,<20%,White,Home_Purchase,Principal_Residence,Originated,31.62,5,3,4
27849,191.0,55000,375000.0,78.353,Exempt,White,CashOut_Refinance,Principal_Residence,Originated,66.88,6,4,4
49579,244.0,575000,645000.0,90.0,36%-<43%,White,Home_Purchase,Principal_Residence,Originated,70.57,2,7,5
86633,0.0,295000,415000.0,70.0,Unknown,Asian,CashOut_Refinance,Investment,Originated,55.01,1,5,3
33129,1365.0,305000,785000.0,38.46,<20%,American Indian or Alaska Native,CashOut_Refinance,Principal_Residence,Denied,47.01,5,3,6
37345,23.0,115000,245000.0,48.37,36%-<43%,White,Refinance,Principal_Residence,Originated,53.37,0,6,6
93719,63.0,225000,275000.0,79.919,36%-<43%,Black or African American,Home_Purchase,Principal_Residence,Originated,51.63,2,7,5
44733,1673.0,545000,375000.0,78.353,Unknown,Race Not Available,Home_Improvement,Principal_Residence,Incomplete,27.8,5,3,4
37832,118.0,435000,985000.0,44.3,43%-<50%,Race Not Available,CashOut_Refinance,Principal_Residence,Originated,93.76,0,6,6
2093,95.0,355000,485000.0,78.353,Unknown,Race Not Available,Home_Purchase,Principal_Residence,Purchased,13.23,2,7,1
75595,84.0,155000,415000.0,64.113,30%-<36%,White,Other,Principal_Residence,Originated,23.81,6,4,4
8441,95.0,27845000,34075000.0,75.0,Unknown,Race Not Available,Home_Improvement,Investment,Originated,10.95,1,5,3
63605,55.0,155000,335000.0,46.97,36%-<43%,Black or African American,CashOut_Refinance,Principal_Residence,Originated,50.01,0,6,6
97416,164.0,555000,935000.0,60.0,36%-<43%,Asian,Home_Purchase,Principal_Residence,Originated,85.39,2,7,5
57860,182.0,225000,235000.0,95.0,30%-<36%,White,Home_Purchase,Principal_Residence,Approved_NotAccepted,57.55,2,7,5
79085,63.0,295000,745000.0,38.719,43%-<50%,White,Home_Purchase,Principal_Residence,Originated,35.78,2,6,1
6623,97.0,165000,315000.0,54.082,<20%,White,Home_Purchase,Principal_Residence,Originated,43.06,2,6,1
9684,48.0,175000,375000.0,78.353,Unknown,White,Home_Purchase,Principal_Residence,Incomplete,0.0,3,1,2
43023,64.0,95000,175000.0,54.068,36%-<43%,White,Refinance,Principal_Residence,Originated,7.03,0,6,6
17708,137.0,415000,525000.0,80.0,43%-<50%,White,Home_Purchase,Principal_Residence,Originated,25.07,2,7,1
7599,1.0,285000,375000.0,78.353,Unknown,White,CashOut_Refinance,Principal_Residence,Incomplete,7.57,0,6,6
30411,186.0,365000,525000.0,69.904,20%-<30%,White,Refinance,Principal_Residence,Originated,20.02,0,6,6
90414,95.0,125000,135000.0,78.353,Unknown,Race Not Available,Home_Purchase,Principal_Residence,Purchased,70.74,2,7,5
41358,55.0,355000,375000.0,78.353,Unknown,White,CashOut_Refinance,Principal_Residence,Incomplete,16.92,0,6,6
16254,55.0,205000,375000.0,78.353,36%-<43%,White,CashOut_Refinance,Principal_Residence,Originated,48.42,0,6,6
71167,0.0,195000,285000.0,69.83,<20%,White,Refinance,Principal_Residence,Originated,65.6,0,6,6
27612,29.0,65000,255000.0,24.92,43%-<50%,Race Not Available,Refinance,Principal_Residence,Originated,90.01,0,6,6
35252,95.0,95000,125000.0,78.353,Unknown,Race Not Available,NotApplicable,Principal_Residence,Purchased,14.45,2,7,1
5744,95.0,55000,355000.0,52.0,20%-<30%,White,Home_Improvement,Principal_Residence,Originated,9.95,6,4,4
29220,80.0,105000,125000.0,90.0,43%-<50%,White,Home_Purchase,Second_Residence,Originated,64.55,2,7,5
92458,125.0,35000,455000.0,63.714,30%-<36%,Race Not Available,Other,Principal_Residence,Originated,19.17,6,4,4
47098,113.0,315000,395000.0,80.0,36%-<43%,White,CashOut_Refinance,Principal_Residence,Originated,93.71,0,6,6
8666,54.0,185000,185000.0,96.5,36%-<43%,White,Home_Purchase,Principal_Residence,Originated,55.15,2,7,5
57351,204.0,635000,375000.0,78.353,Unknown,White,Home_Purchase,Principal_Residence,Withdrawn,24.88,2,7,1
76815,65.0,235000,375000.0,78.353,Unknown,White,CashOut_Refinance,Principal_Residence,Incomplete,7.48,0,6,6
90751,152.0,195000,205000.0,95.0,43%-<50%,White,Home_Purchase,Principal_Residence,Originated,8.97,2,7,1
89404,146.0,495000,755000.0,65.74,43%-<50%,White,Refinance,Principal_Residence,Originated,22.77,0,6,6
1538,95.0,335000,375000.0,78.353,Unknown,Race Not Available,CashOut_Refinance,Principal_Residence,Withdrawn,31.91,0,6,6
32622,68.0,415000,695000.0,61.0,43%-<50%,Asian,Home_Purchase,Principal_Residence,Originated,43.61,2,6,5
51225,97.0,105000,455000.0,22.222,36%-<43%,White,Home_Improvement,Principal_Residence,Originated,36.45,0,6,1
30024,138.0,115000,365000.0,78.353,Unknown,White,Other,Principal_Residence,Denied,50.24,6,4,4
30812,205.0,545000,575000.0,95.0,43%-<50%,Black or African American,Home_Purchase,Principal_Residence,Originated,29.98,2,7,1
89528,82.0,155000,205000.0,75.0,30%-<36%,White,CashOut_Refinance,Principal_Residence,Originated,15.93,0,6,6
72498,115.0,375000,465000.0,80.0,43%-<50%,Black or African American,CashOut_Refinance,Principal_Residence,Originated,34.23,0,6,6
81387,95.0,125000,185000.0,64.71,Unknown,Race Not Available,Refinance,Investment,Originated,76.7,1,5,3
42484,82.0,245000,245000.0,100.0,50%-60%,Race Not Available,Home_Purchase,Principal_Residence,Originated,27.39,4,2,0
3271,102.0,335000,375000.0,78.353,Unknown,White,Home_Purchase,Principal_Residence,Withdrawn,63.06,2,7,5
4367,93.0,205000,255000.0,80.0,30%-<36%,White,CashOut_Refinance,Principal_Residence,Denied,25.17,0,6,6
5401,129.0,305000,375000.0,78.353,Unknown,Asian,Home_Purchase,Principal_Residence,Withdrawn,56.99,2,7,5
37643,22.0,15000,45000.0,25.581,<20%,White,Refinance,Principal_Residence,Denied,6.34,0,6,6
64958,229.0,855000,1025000.0,84.0,20%-<30%,Race Not Available,Home_Purchase,Principal_Residence,Originated,33.92,2,7,1
89977,330.0,285000,375000.0,78.353,Unknown,Race Not Available,Other,Investment,Incomplete,57.64,1,5,3
43840,150.0,85000,495000.0,79.543,20%-<30%,Asian,Home_Improvement,Principal_Residence,Originated,24.85,6,4,4
13760,40.0,65000,75000.0,80.0,20%-<30%,White,Home_Purchase,Principal_Residence,Originated,7.09,3,1,2
46716,96.0,535000,715000.0,75.0,43%-<50%,White,Home_Purchase,Principal_Residence,Originated,12.78,2,7,1
76507,46.0,5000,45000.0,6.7,36%-<43%,White,Home_Improvement,Principal_Residence,Denied,35.14,0,6,1
62227,95.0,435000,485000.0,78.353,Unknown,Race Not Available,Home_Purchase,Principal_Residence,Purchased,40.9,2,7,1
72976,91.0,385000,375000.0,78.353,Unknown,White,CashOut_Refinance,Investment,Withdrawn,70.32,1,5,3
12897,114.0,375000,465000.0,80.0,36%-<43%,Asian,Home_Purchase,Principal_Residence,Originated,42.12,2,7,1
78812,61.0,155000,375000.0,78.353,Unknown,White,Home_Purchase,Principal_Residence,Incomplete,0.0,3,1,2
74783,95.0,235000,235000.0,78.353,Unknown,Race Not Available,CashOut_Refinance,Principal_Residence,Purchased,15.54,0,6,6
12256,99.0,45000,275000.0,78.31,36%-<43%,White,Home_Improvement,Principal_Residence,Originated,53.95,6,4,4
79986,119.0,65000,305000.0,62.842,43%-<50%,White,Other,Principal_Residence,Denied,23.71,6,4,4
70548,119.0,515000,525000.0,96.5,43%-<50%,White,Home_Purchase,Principal_Residence,Originated,17.63,2,7,1
11700,0.0,85000,375000.0,78.353,Unknown,Race Not Available,Other,Principal_Residence,Withdrawn,58.3,6,4,4
44099,133.0,265000,755000.0,34.96,30%-<36%,White,CashOut_Refinance,Principal_Residence,Originated,20.57,0,6,6
542,6.0,135000,145000.0,95.0,>60%,Black or African American,Home_Purchase,Principal_Residence,Denied,22.65,4,2,0
10523,147.0,175000,375000.0,78.353,Unknown,Race Not Available,CashOut_Refinance,Principal_Residence,Withdrawn,9.17,0,6,6
7659,178.0,205000,695000.0,86.011,>60%,Native Hawaiian or Other Pacific Islander,Home_Purchase,Principal_Residence,Denied,25.19,4,2,0
82621,36.0,105000,275000.0,36.77,>60%,White,Refinance,Principal_Residence,Originated,10.64,4,2,0
3708,71.0,205000,305000.0,66.667,30%-<36%,White,Refinance,Principal_Residence,Originated,21.27,0,6,6
82957,128.0,15000,755000.0,50.29,20%-<30%,Race Not Available,Home_Improvement,Principal_Residence,Originated,21.23,6,4,4
91907,84.0,415000,425000.0,96.5,50%-60%,White,Home_Purchase,Principal_Residence,Originated,82.39,4,2,0
11423,79.0,385000,465000.0,81.72,43%-<50%,White,Home_Purchase,Principal_Residence,Originated,83.94,2,7,5
21450,95.0,225000,415000.0,78.353,Unknown,Race Not Available,Refinance,Principal_Residence,Purchased,9.47,0,6,6
69947,59.0,245000,255000.0,97.0,36%-<43%,White,Home_Purchase,Principal_Residence,Originated,8.41,2,7,1
49562,264.0,355000,1385000.0,57.12,36%-<43%,White,CashOut_Refinance,Principal_Residence,Originated,57.75,6,4,4
84439,18.0,105000,345000.0,30.0,>60%,White,Other,Principal_Residence,Denied,42.28,4,2,0
17373,87.0,55000,255000.0,70.0,36%-<43%,White,Other,Investment,Denied,28.48,1,5,3
50206,281.0,465000,575000.0,81.304,20%-<30%,Race Not Available,Home_Purchase,Principal_Residence,Originated,62.25,2,7,5
66148,131.0,165000,375000.0,78.353,Unknown,White,Refinance,Principal_Residence,Withdrawn,10.4,0,6,6
15246,228.0,235000,495000.0,48.699,36%-<43%,White,CashOut_Refinance,Principal_Residence,Originated,45.94,0,6,6
65745,53.0,125000,145000.0,89.0,30%-<36%,Race Not Available,CashOut_Refinance,Principal_Residence,Originated,9.44,0,6,6
81460,447.0,995000,2005000.0,49.75,30%-<36%,White,Home_Purchase,Principal_Residence,Originated,28.76,5,3,1
8823,158.0,655000,655000.0,98.94,>60%,Race Not Available,Home_Improvement,Principal_Residence,Denied,72.99,4,2,0
69622,58.0,105000,325000.0,30.4,36%-<43%,White,Other,Investment,Originated,46.29,1,5,3
71421,128.0,685000,765000.0,89.9,43%-<50%,Asian,Home_Purchase,Principal_Residence,Originated,81.23,2,7,5
39941,99.0,185000,425000.0,43.97,30%-<36%,White,Home_Improvement,Principal_Residence,Originated,56.38,2,6,5
19492,120.0,25000,375000.0,78.353,50%-60%,Black or African American,Home_Improvement,Principal_Residence,Denied,55.34,4,2,0
91649,65.0,285000,375000.0,78.353,Unknown,White,Home_Purchase,Principal_Residence,Withdrawn,22.38,2,7,1
56405,179.0,285000,505000.0,56.0,43%-<50%,Race Not Available,CashOut_Refinance,Investment,Approved_NotAccepted,15.95,1,5,3
52897,52.0,255000,195000.0,78.353,50%-60%,White,Home_Purchase,Principal_Residence,Denied,7.74,3,1,2
81503,95.0,155000,155000.0,78.353,Unknown,Race Not Available,Home_Purchase,Principal_Residence,Purchased,15.8,2,7,1
62485,145.0,145000,485000.0,69.503,36%-<43%,White,Refinance,Principal_Residence,Denied,32.99,6,4,4
12685,52.0,135000,165000.0,77.5,36%-<43%,White,Home_Purchase,Principal_Residence,Originated,33.4,3,1,2
73130,86.0,405000,505000.0,80.0,43%-<50%,White,Home_Purchase,Principal_Residence,Preapproval_Approved_NotAccepted,0.0,2,7,1
94131,95.0,215000,235000.0,78.353,Unknown,Race Not Available,Home_Purchase,Principal_Residence,Purchased,12.65,2,7,1
3070,63.0,35000,375000.0,78.353,Unknown,White,Other,Principal_Residence,Withdrawn,10.9,6,4,4
16873,63.0,85000,95000.0,88.967,<20%,Race Not Available,Refinance,Principal_Residence,Denied,8.71,0,6,6
16214,182.0,645000,855000.0,77.0,30%-<36%,White,CashOut_Refinance,Principal_Residence,Originated,67.27,0,6,6
92334,140.0,515000,575000.0,87.83,50%-60%,White,Home_Purchase,Principal_Residence,Originated,29.64,4,2,0
12741,94.0,265000,395000.0,67.089,36%-<43%,White,Home_Purchase,Principal_Residence,Originated,18.23,2,7,1
28441,94.0,395000,805000.0,49.13,43%-<50%,White,Refinance,Principal_Residence,Originated,41.58,0,6,6
21487,65.0,295000,375000.0,78.353,Unknown,Race Not Available,Home_Purchase,Principal_Residence,Withdrawn,12.96,2,7,1
64107,231.0,65000,895000.0,68.603,36%-<43%,White,CashOut_Refinance,Principal_Residence,Originated,18.44,6,4,4
51962,472.0,345000,375000.0,78.353,Unknown,White,Home_Purchase,Investment,Withdrawn,61.99,1,5,3
12382,1054.0,465000,555000.0,85.0,<20%,White,Home_Purchase,Principal_Residence,Originated,81.48,5,3,5
57639,50.0,105000,445000.0,83.14,>60%,White,Home_Improvement,Principal_Residence,Denied,16.12,4,2,0
11951,188.0,805000,1105000.0,72.727,36%-<43%,White,Home_Purchase,Principal_Residence,Originated,20.07,2,7,1
94323,95.0,145000,145000.0,78.353,Unknown,Race Not Available,Home_Purchase,Principal_Residence,Purchased,9.96,2,7,1
84122,86.0,255000,325000.0,80.0,36%-<43%,White,Home_Purchase,Principal_Residence,Originated,82.37,2,7,5
66269,96.0,285000,325000.0,90.0,30%-<36%,Black or African American,Home_Purchase,Principal_Residence,Preapproval_Approved_NotAccepted,0.0,2,7,1
2532,65.0,105000,135000.0,78.353,Unknown,White,Home_Purchase,Investment,Purchased,67.64,1,5,3
11901,62.0,215000,225000.0,96.5,30%-<36%,White,Home_Purchase,Principal_Residence,Originated,70.12,2,7,5
2918,234.0,155000,375000.0,78.353,Exempt,Black or African American,Other,Principal_Residence,Originated,45.41,6,4,4
8633,110.0,305000,315000.0,97.0,20%-<30%,White,Home_Purchase,Principal_Residence,Originated,14.1,2,7,1
86596,95.0,585000,725000.0,78.353,Unknown,Race Not Available,Home_Purchase,Principal_Residence,Purchased,42.94,2,7,1
68166,375.0,505000,375000.0,78.353,Unknown,White,Other,Investment,Incomplete,54.97,1,5,3
92791,93.0,145000,195000.0,75.0,43%-<50%,White,Home_Purchase,Principal_Residence,Originated,15.0,2,7,1
25169,35.0,55000,375000.0,78.353,Unknown,White,Home_Improvement,Principal_Residence,Incomplete,33.34,6,4,4
43968,34.0,155000,255000.0,60.0,43%-<50%,White,Home_Purchase,Principal_Residence,Originated,14.65,2,7,1
23975,65.0,145000,375000.0,78.353,Unknown,White,Other,Principal_Residence,Withdrawn,50.11,6,4,4
85320,45.0,135000,225000.0,59.211,36%-<43%,White,Other,Principal_Residence,Originated,43.95,2,6,1
19019,148.0,105000,605000.0,86.162,>60%,Black or African American,Home_Improvement,Principal_Residence,Originated,41.16,4,2,0
27006,52.0,335000,355000.0,94.821,50%-60%,Race Not Available,CashOut_Refinance,Principal_Residence,Denied,22.2,4,2,0
30645,95.0,815000,1085000.0,78.353,Unknown,Race Not Available,Home_Purchase,Principal_Residence,Purchased,14.04,2,7,1
12363,409.0,905000,1205000.0,75.0,20%-<30%,Race Not Available,Home_Purchase,Principal_Residence,Originated,20.51,5,3,1
55283,96.0,505000,635000.0,80.0,>60%,Race Not Available,Home_Purchase,Principal_Residence,Denied,45.3,4,2,0
41123,95.0,255000,265000.0,78.353,Unknown,Race Not Available,Refinance,Principal_Residence,Originated,39.54,0,6,6
1058,125.0,535000,825000.0,65.698,20%-<30%,White,CashOut_Refinance,Principal_Residence,Originated,16.32,0,6,6
36466,138.0,415000,525000.0,77.143,36%-<43%,White,Home_Purchase,Principal_Residence,Originated,34.99,2,7,1
7764,120.0,645000,375000.0,78.353,Unknown,White,Refinance,Principal_Residence,Incomplete,48.15,0,7,6
38691,95.0,95000,155000.0,78.353,Unknown,Race Not Available,CashOut_Refinance,Principal_Residence,Purchased,33.41,0,6,6
5801,185.0,845000,375000.0,78.353,Unknown,Asian,Home_Purchase,Principal_Residence,Originated,64.85,2,7,5
648,150.0,35000,285000.0,74.0,43%-<50%,White,Other,Principal_Residence,Originated,6.66,6,4,4
90516,0.0,165000,195000.0,78.353,>60%,White,Refinance,Principal_Residence,Denied,14.32,4,2,0
57122,45.0,85000,125000.0,65.36,<20%,American Indian or Alaska Native,Home_Purchase,Principal_Residence,Originated,57.65,2,6,5
27885,95.0,185000,235000.0,78.353,Unknown,Race Not Available,Home_Purchase,Principal_Residence,Purchased,38.75,2,7,1
91393,78.0,175000,275000.0,64.568,20%-<30%,White,CashOut_Refinance,Principal_Residence,Originated,38.36,0,6,6
78134,109.0,495000,495000.0,100.0,36%-<43%,Race Not Available,Home_Purchase,Principal_Residence,Originated,17.25,2,7,1
28209,141.0,265000,265000.0,96.47,36%-<43%,White,Home_Purchase,Principal_Residence,Denied,8.44,2,7,1
13651,95.0,65000,375000.0,78.353,Unknown,White,Home_Purchase,Principal_Residence,Denied,50.99,3,1,2
18933,50.0,235000,295000.0,79.866,43%-<50%,White,CashOut_Refinance,Principal_Residence,Originated,88.71,0,6,6
33706,194.0,105000,345000.0,29.412,<20%,White,Home_Purchase,Principal_Residence,Originated,12.57,0,6,1
22213,51.0,295000,445000.0,67.303,43%-<50%,White,CashOut_Refinance,Principal_Residence,Originated,17.35,0,6,6
97756,51.0,105000,105000.0,95.0,36%-<43%,Black or African American,Home_Purchase,Principal_Residence,Originated,77.54,2,7,5
21404,82.0,305000,375000.0,80.0,43%-<50%,Race Not Available,Home_Purchase,Principal_Residence,Originated,20.2,2,7,1
18838,225.0,125000,375000.0,78.353,Unknown,White,Home_Purchase,Principal_Residence,Withdrawn,24.07,6,4,4
99410,86.0,105000,585000.0,17.241,20%-<30%,White,Home_Purchase,Principal_Residence,Originated,44.98,0,6,5
70262,162.0,55000,325000.0,73.52,<20%,White,Other,Principal_Residence,Originated,43.29,6,4,4
5564,112.0,25000,315000.0,54.415,36%-<43%,White,Other,Principal_Residence,Approved_NotAccepted,28.51,6,4,4
46074,49.0,25000,175000.0,78.812,50%-60%,White,Other,Principal_Residence,Denied,13.73,4,2,0
59084,621.0,895000,5005000.0,17.82,36%-<43%,White,Refinance,Second_Residence,Originated,10.94,5,3,6
37885,104.0,165000,375000.0,78.353,Unknown,White,Refinance,Principal_Residence,Incomplete,51.5,0,6,6
97320,82.0,505000,625000.0,80.0,>60%,White,Other,Principal_Residence,Originated,22.17,4,2,0
95813,231.0,255000,2125000.0,12.0,Unknown,Race Not Available,Home_Improvement,Principal_Residence,Originated,44.55,0,6,5
415,56.0,175000,185000.0,96.5,50%-60%,Black or African American,Home_Purchase,Principal_Residence,Originated,58.42,4,2,0
14797,71.0,75000,205000.0,35.0,>60%,Black or African American,Refinance,Investment,Denied,96.32,1,5,3
68146,132.0,105000,375000.0,78.353,Unknown,White,CashOut_Refinance,Principal_Residence,Withdrawn,65.99,6,4,4
68189,68.0,395000,375000.0,78.353,Unknown,Asian,CashOut_Refinance,Principal_Residence,Withdrawn,94.41,0,6,6
77846,459.0,825000,1325000.0,62.264,30%-<36%,White,Home_Purchase,Second_Residence,Originated,10.71,5,3,1
72280,102.0,305000,505000.0,60.0,50%-60%,Race Not Available,Home_Purchase,Principal_Residence,Originated,16.35,4,2,0
68179,111.0,225000,365000.0,61.8,43%-<50%,White,CashOut_Refinance,Principal_Residence,Originated,20.07,0,6,6
64238,73.0,155000,165000.0,78.353,43%-<50%,White,Home_Purchase,Principal_Residence,Denied,21.77,3,1,2
3770,67.0,185000,305000.0,60.2,36%-<43%,White,Refinance,Principal_Residence,Originated,17.12,0,6,6
11396,173.0,165000,375000.0,78.353,Unknown,White,CashOut_Refinance,Principal_Residence,Incomplete,24.04,0,6,6
26618,55.0,155000,165000.0,95.0,20%-<30%,White,Home_Purchase,Principal_Residence,Originated,7.2,2,7,1
85255,90.0,155000,315000.0,79.665,30%-<36%,Race Not Available,Home_Improvement,Principal_Residence,Originated,93.47,6,4,4
26714,514.0,415000,605000.0,68.333,<20%,White,Other,Principal_Residence,Originated,40.95,5,3,5
90470,95.0,275000,375000.0,78.353,Unknown,Race Not Available,Home_Purchase,Investment,Withdrawn,18.36,1,5,3
96284,89.0,315000,445000.0,71.236,43%-<50%,White,Refinance,Principal_Residence,Originated,14.69,0,6,6
27940,232.0,105000,735000.0,21.71,<20%,White,Home_Purchase,Principal_Residence,Originated,35.86,6,4,4
19083,97.0,145000,375000.0,78.353,Unknown,White,Home_Purchase,Principal_Residence,Incomplete,16.4,3,1,2
45475,62.0,55000,215000.0,25.0,50%-60%,White,Refinance,Principal_Residence,Denied,82.57,4,2,0
79350,50.0,75000,85000.0,95.0,43%-<50%,White,Home_Purchase,Principal_Residence,Originated,4.08,2,7,1
70783,51.0,75000,265000.0,28.5,20%-<30%,Race Not Available,Home_Improvement,Principal_Residence,Originated,31.33,0,6,1
22571,78.0,125000,185000.0,67.71,20%-<30%,White,CashOut_Refinance,Principal_Residence,Originated,10.6,0,6,6
189,50.0,135000,135000.0,103.826,30%-<36%,Black or African American,Home_Purchase,Principal_Residence,Originated,99.05,2,7,5
42786,28.0,85000,115000.0,78.0,43%-<50%,White,Home_Purchase,Principal_Residence,Originated,6.92,2,7,1
24895,75.0,395000,375000.0,78.353,Unknown,White,Home_Purchase,Principal_Residence,Withdrawn,76.07,2,7,5
83823,124.0,65000,205000.0,89.785,30%-<36%,Race Not Available,CashOut_Refinance,Principal_Residence,Originated,36.67,6,4,4
47032,49.0,65000,75000.0,103.961,36%-<43%,White,Home_Purchase,Principal_Residence,Originated,14.96,2,7,1
52556,111.0,55000,145000.0,38.97,<20%,White,CashOut_Refinance,Principal_Residence,Originated,40.69,0,6,6
84764,41.0,25000,265000.0,11.11,43%-<50%,White,Refinance,Principal_Residence,Originated,7.75,0,6,6
19549,50.0,205000,205000.0,100.0,Unknown,Black or African American,Home_Purchase,Principal_Residence,Preapproval_Denied,0.0,2,7,1
5308,18.0,65000,65000.0,95.0,43%-<50%,White,Home_Purchase,Principal_Residence,Originated,72.98,2,7,5
60336,22.0,105000,535000.0,48.831,>60%,White,Other,Principal_Residence,Denied,33.51,4,2,0
50601,77.0,245000,355000.0,70.0,50%-60%,Asian,Home_Purchase,Principal_Residence,Approved_NotAccepted,49.25,4,2,0
22711,12.0,55000,365000.0,13.62,>60%,White,Home_Improvement,Principal_Residence,Denied,9.44,4,2,0
56432,23.0,125000,375000.0,78.353,Exempt,White,Refinance,Principal_Residence,Withdrawn,7.77,0,6,6
85436,52.0,305000,475000.0,64.255,43%-<50%,Race Not Available,CashOut_Refinance,Principal_Residence,Originated,22.52,0,6,6
59256,203.0,265000,615000.0,43.089,36%-<43%,White,Home_Purchase,Investment,Originated,53.33,1,5,3
88982,56.0,275000,275000.0,96.5,50%-60%,Black or African American,Home_Purchase,Principal_Residence,Originated,83.17,4,2,0
8770,282.0,705000,1355000.0,51.852,20%-<30%,White,Home_Purchase,Principal_Residence,Originated,40.07,2,7,1
83283,95.0,165000,175000.0,78.353,Unknown,Race Not Available,Home_Purchase,Principal_Residence,Purchased,59.72,2,7,5
17484,260.0,525000,375000.0,78.353,Unknown,White,Home_Purchase,Second_Residence,Withdrawn,12.44,2,7,1
34919,53.0,125000,135000.0,95.0,43%-<50%,White,Home_Purchase,Principal_Residence,Denied,5.44,3,1,2
9415,131.0,235000,285000.0,80.0,<20%,Race Not Available,CashOut_Refinance,Principal_Residence,Denied,12.35,0,6,6
97427,925.0,2445000,3055000.0,80.0,36%-<43%,Joint,Home_Purchase,Second_Residence,Originated,70.04,5,3,4
84326,97.0,65000,375000.0,78.353,Exempt,White,Home_Purchase,Principal_Residence,Originated,7.89,2,7,1
87860,450.0,1085000,1355000.0,80.0,30%-<36%,White,Home_Purchase,Principal_Residence,Originated,15.59,5,3,1
19017,98.0,205000,205000.0,99.517,30%-<36%,White,Home_Purchase,Principal_Residence,Originated,24.16,2,7,1
52205,95.0,545000,615000.0,88.89,Unknown,White,Refinance,Principal_Residence,Originated,15.41,0,6,6
51770,151.0,475000,495000.0,95.0,20%-<30%,White,Home_Purchase,Principal_Residence,Originated,17.22,2,7,1
27223,109.0,215000,225000.0,95.0,30%-<36%,White,Home_Purchase,Principal_Residence,Approved_NotAccepted,38.22,2,7,1
28477,450.0,1355000,375000.0,78.353,Unknown,White,Home_Purchase,Principal_Residence,Withdrawn,20.66,5,3,1
95195,95.0,575000,575000.0,78.353,Unknown,Race Not Available,Home_Purchase,Principal_Residence,Purchased,54.82,2,7,5
61401,155.0,285000,325000.0,78.353,Unknown,Race Not Available,Home_Purchase,Principal_Residence,Purchased,47.71,2,7,5
34026,332.0,175000,255000.0,70.0,20%-<30%,White,CashOut_Refinance,Investment,Originated,61.26,1,5,3
99511,271.0,65000,745000.0,73.29,20%-<30%,Race Not Available,Home_Improvement,Principal_Residence,Originated,22.48,6,4,4
69717,27.0,135000,285000.0,48.07,50%-60%,Race Not Available,CashOut_Refinance,Principal_Residence,Denied,99.03,4,2,0
68015,119.0,525000,375000.0,78.353,Unknown,White,Home_Purchase,Principal_Residence,Withdrawn,33.01,2,7,1
67366,95.0,505000,675000.0,78.353,Unknown,Race Not Available,Home_Purchase,Investment,Purchased,79.61,1,5,3
12784,81.0,435000,375000.0,78.353,Unknown,Race Not Available,CashOut_Refinance,Principal_Residence,Withdrawn,6.94,0,6,6
66743,95.0,115000,375000.0,78.353,Unknown,Race Not Available,CashOut_Refinance,Principal_Residence,Denied,35.89,0,6,6
37381,49.0,135000,145000.0,90.0,50%-60%,Race Not Available,Home_Purchase,Principal_Residence,Denied,98.37,4,2,0
99251,125.0,305000,325000.0,95.0,36%-<43%,Race Not Available,Home_Purchase,Principal_Residence,Originated,68.15,2,7,5
6961,80.0,225000,465000.0,48.0,43%-<50%,Black or African American,Refinance,Principal_Residence,Originated,66.33,0,6,6
76871,141.0,285000,495000.0,58.163,20%-<30%,Race Not Available,CashOut_Refinance,Principal_Residence,Originated,24.47,0,6,6
58343,121.0,45000,405000.0,62.128,<20%,White,Home_Improvement,Principal_Residence,Originated,44.33,6,4,4
78902,23.0,65000,255000.0,24.0,36%-<43%,White,Refinance,Principal_Residence,Denied,28.46,0,6,6
20086,0.0,205000,205000.0,100.0,Unknown,Race Not Available,Home_Purchase,Principal_Residence,Denied,3.32,2,7,1
26161,77.0,275000,375000.0,78.353,Unknown,White,CashOut_Refinance,Principal_Residence,Incomplete,34.64,0,6,6
31129,227.0,395000,415000.0,95.0,43%-<50%,White,Home_Purchase,Principal_Residence,Originated,27.89,2,7,1
42633,188.0,495000,555000.0,90.0,36%-<43%,White,Home_Purchase,Principal_Residence,Originated,26.75,2,7,1
53369,173.0,565000,705000.0,80.0,20%-<30%,White,CashOut_Refinance,Principal_Residence,Originated,13.98,0,6,6
7177,112.0,135000,185000.0,72.93,20%-<30%,White,CashOut_Refinance,Principal_Residence,Originated,5.41,0,6,6
64367,131.0,255000,315000.0,80.0,20%-<30%,Asian,Home_Purchase,Principal_Residence,Originated,23.34,2,7,1
42829,65.0,205000,205000.0,100.03,30%-<36%,White,Home_Purchase,Principal_Residence,Originated,99.58,2,7,5
65544,217.0,605000,705000.0,85.82,30%-<36%,White,Home_Purchase,Principal_Residence,Originated,17.39,2,7,1
38470,85.0,325000,375000.0,78.353,50%-60%,Joint,CashOut_Refinance,Principal_Residence,Denied,31.14,4,2,0
25841,107.0,325000,425000.0,76.69,36%-<43%,Joint,Home_Purchase,Principal_Residence,Originated,71.78,2,7,5
13701,382.0,585000,1895000.0,75.787,43%-<50%,Asian,Refinance,Principal_Residence,Originated,21.47,5,4,4
63701,42.0,85000,375000.0,78.353,Unknown,Black or African American,Home_Purchase,Principal_Residence,Denied,0.0,3,1,2
70117,72.0,395000,465000.0,84.79,50%-60%,White,Refinance,Principal_Residence,Denied,11.98,4,2,0
52301,172.0,155000,455000.0,71.408,36%-<43%,White,Home_Improvement,Principal_Residence,Originated,47.5,6,4,4
28300,95.0,145000,145000.0,78.353,Unknown,Race Not Available,Home_Purchase,Principal_Residence,Purchased,40.39,2,7,1
99436,132.0,195000,505000.0,79.905,20%-<30%,Asian,Home_Improvement,Principal_Residence,Originated,19.04,6,4,4
8514,223.0,275000,675000.0,40.448,30%-<36%,White,Refinance,Principal_Residence,Denied,99.61,0,6,6
21781,66.0,355000,415000.0,85.366,>60%,White,CashOut_Refinance,Principal_Residence,Denied,23.3,4,2,0
78803,194.0,645000,745000.0,87.459,36%-<43%,White,Home_Purchase,Principal_Residence,Originated,25.51,2,7,1
16982,104.0,185000,475000.0,39.7,43%-<50%,White,Refinance,Principal_Residence,Originated,31.11,0,6,6
23288,115.0,275000,425000.0,65.0,36%-<43%,White,CashOut_Refinance,Principal_Residence,Originated,47.02,0,6,6
79898,150.0,575000,685000.0,85.0,43%-<50%,Black or African American,Home_Purchase,Principal_Residence,Originated,55.63,2,7,5
12607,50.0,215000,375000.0,59.18,43%-<50%,Joint,CashOut_Refinance,Principal_Residence,Originated,94.96,0,6,6
369,60.0,105000,805000.0,29.95,>60%,White,Refinance,Principal_Residence,Denied,81.71,4,2,0
31618,71.0,305000,565000.0,78.57,>60%,Race Not Available,Home_Improvement,Principal_Residence,Denied,73.79,4,2,0
20062,187.0,445000,475000.0,95.0,36%-<43%,White,Home_Purchase,Principal_Residence,Originated,17.73,2,7,1
30063,149.0,365000,375000.0,78.353,Unknown,Black or African American,CashOut_Refinance,Principal_Residence,Withdrawn,47.33,0,6,6
79721,83.0,225000,1065000.0,21.0,43%-<50%,Race Not Available,Refinance,Principal_Residence,Originated,47.47,0,6,6
55549,231.0,95000,765000.0,79.954,30%-<36%,Race Not Available,Home_Improvement,Principal_Residence,Originated,63.65,6,4,4
29314,120.0,85000,265000.0,78.02,43%-<50%,Race Not Available,Home_Improvement,Principal_Residence,Originated,13.84,6,4,4
40865,72.0,245000,245000.0,96.5,43%-<50%,White,Home_Purchase,Principal_Residence,Originated,11.46,2,7,1
58505,72.0,25000,145000.0,61.4,20%-<30%,White,Refinance,Principal_Residence,Originated,10.54,6,4,4
75762,100.0,45000,685000.0,72.86,43%-<50%,White,Home_Improvement,Principal_Residence,Originated,12.28,6,4,4
46721,1050.0,505000,1805000.0,78.694,20%-<30%,White,Other,Principal_Residence,Originated,35.79,5,3,4
50783,61.0,305000,435000.0,70.0,36%-<43%,White,CashOut_Refinance,Principal_Residence,Originated,52.08,0,6,6
2509,147.0,165000,375000.0,78.353,Unknown,White,Refinance,Principal_Residence,Incomplete,46.68,0,6,6
12641,55.0,235000,265000.0,90.0,43%-<50%,White,Home_Purchase,Principal_Residence,Originated,84.7,2,7,5
93997,90.0,35000,325000.0,52.8,43%-<50%,Race Not Available,Other,Principal_Residence,Denied,35.45,6,4,4
10539,56.0,275000,285000.0,99.0,43%-<50%,White,Home_Purchase,Principal_Residence,Originated,22.12,2,7,1
72423,119.0,165000,205000.0,80.0,36%-<43%,Black or African American,Home_Purchase,Principal_Residence,Originated,47.48,2,7,5
52749,47.0,115000,185000.0,59.459,50%-60%,White,Refinance,Principal_Residence,Denied,9.86,4,2,0
26410,343.0,995000,1175000.0,85.0,<20%,White,Home_Purchase,Principal_Residence,Originated,32.15,5,7,1
33904,54.0,285000,375000.0,78.353,Unknown,Race Not Available,Home_Purchase,Principal_Residence,Withdrawn,97.85,2,7,5
40615,258.0,535000,665000.0,80.0,36%-<43%,Race Not Available,Home_Purchase,Principal_Residence,Originated,39.27,2,7,1
82389,39.0,85000,375000.0,78.353,Unknown,White,CashOut_Refinance,Principal_Residence,Withdrawn,12.28,0,6,6
97151,42.0,195000,315000.0,61.429,30%-<36%,White,CashOut_Refinance,Principal_Residence,Originated,75.43,0,6,6
65776,59.0,105000,315000.0,31.746,>60%,White,Refinance,Investment,Denied,11.23,1,5,3
18060,52.0,185000,375000.0,78.353,Unknown,Race Not Available,Refinance,Principal_Residence,Withdrawn,29.13,0,6,6
10845,248.0,85000,375000.0,78.353,Unknown,White,Refinance,Principal_Residence,Withdrawn,27.18,6,4,4
58306,24.0,115000,375000.0,78.353,Unknown,White,Refinance,Principal_Residence,Withdrawn,37.19,0,6,6
76125,95.0,635000,675000.0,95.0,30%-<36%,White,Home_Purchase,Principal_Residence,Originated,46.68,2,7,5
23112,94.0,365000,455000.0,80.0,43%-<50%,White,CashOut_Refinance,Principal_Residence,Denied,24.26,0,6,6
24825,26.0,165000,375000.0,78.353,Unknown,Race Not Available,Refinance,Principal_Residence,Withdrawn,15.17,0,6,6
78749,30.0,125000,125000.0,97.0,36%-<43%,White,Home_Purchase,Principal_Residence,Originated,40.89,2,7,5
35741,95.0,305000,305000.0,78.353,Unknown,Race Not Available,Home_Purchase,Principal_Residence,Purchased,44.24,2,7,5
53083,31.0,255000,375000.0,78.353,Unknown,Asian,Home_Purchase,Principal_Residence,Withdrawn,45.62,2,7,1
26549,89.0,185000,185000.0,100.0,20%-<30%,White,Home_Purchase,Principal_Residence,Originated,31.87,2,7,1
76482,101.0,365000,375000.0,95.0,43%-<50%,White,Home_Purchase,Principal_Residence,Originated,46.04,2,7,5
95303,67.0,105000,375000.0,78.353,20%-<30%,White,Refinance,Principal_Residence,Denied,0.0,0,7,6
37249,95.0,365000,375000.0,78.353,Unknown,Race Not Available,CashOut_Refinance,Investment,Originated,87.72,1,5,3
32116,42.0,205000,375000.0,78.353,Unknown,White,CashOut_Refinance,Principal_Residence,Incomplete,81.07,0,6,6
75287,217.0,405000,415000.0,95.08,36%-<43%,White,Home_Purchase,Principal_Residence,Originated,41.46,2,7,1
89639,126.0,415000,555000.0,75.0,43%-<50%,White,CashOut_Refinance,Principal_Residence,Originated,59.34,0,6,6
49209,185.0,495000,705000.0,70.0,36%-<43%,Race Not Available,Home_Purchase,Investment,Originated,78.24,1,5,3
38247,123.0,235000,245000.0,97.0,30%-<36%,Black or African American,Home_Purchase,Principal_Residence,Originated,44.27,2,7,5
54791,226.0,865000,1155000.0,75.0,30%-<36%,Asian,Home_Purchase,Principal_Residence,Originated,79.48,2,7,5
34181,91.0,275000,375000.0,79.71,36%-<43%,Race Not Available,Refinance,Principal_Residence,Originated,53.19,0,6,6
35739,144.0,105000,545000.0,82.762,43%-<50%,Race Not Available,Other,Principal_Residence,Originated,36.14,6,4,4
93335,95.0,375000,395000.0,78.353,Unknown,Race Not Available,Home_Purchase,Principal_Residence,Purchased,72.75,2,7,5
45994,95.0,265000,265000.0,78.353,Unknown,Race Not Available,Home_Purchase,Principal_Residence,Purchased,24.77,2,7,1
57333,56.0,165000,485000.0,35.0,43%-<50%,Race Not Available,Refinance,Principal_Residence,Originated,97.41,0,6,6
86870,56.0,145000,375000.0,78.353,Unknown,White,Home_Purchase,Principal_Residence,Withdrawn,23.0,2,7,1
32231,620.0,505000,375000.0,78.353,Unknown,Race Not Available,CashOut_Refinance,Principal_Residence,Incomplete,23.87,5,3,6
29273,95.0,245000,255000.0,78.353,Unknown,Race Not Available,Home_Purchase,Principal_Residence,Purchased,69.97,2,7,5
43171,209.0,275000,375000.0,78.353,Unknown,Joint,Home_Purchase,Principal_Residence,Withdrawn,0.0,2,7,1
56063,175.0,35000,375000.0,78.353,Unknown,Race Not Available,Other,Principal_Residence,Withdrawn,11.86,6,4,4
97791,91.0,225000,225000.0,78.353,36%-<43%,White,Home_Purchase,Principal_Residence,Approved_NotAccepted,6.67,2,7,1
66875,142.0,475000,375000.0,78.353,Unknown,Asian,Home_Purchase,Principal_Residence,Withdrawn,31.92,2,7,1
11867,47.0,185000,195000.0,96.5,36%-<43%,White,Home_Purchase,Principal_Residence,Originated,82.71,2,7,5
92946,75.0,135000,375000.0,78.353,Exempt,White,Home_Purchase,Principal_Residence,Originated,6.66,2,7,1
51974,25.0,395000,935000.0,42.37,<20%,Asian,Refinance,Principal_Residence,Originated,74.21,0,6,6
3996,36.0,145000,205000.0,72.38,36%-<43%,White,Refinance,Principal_Residence,Originated,42.5,0,6,6
70315,68.0,225000,235000.0,78.353,20%-<30%,White,Home_Purchase,Principal_Residence,Originated,72.61,2,7,5
76573,95.0,245000,425000.0,78.353,Unknown,Race Not Available,Home_Purchase,Principal_Residence,Purchased,21.38,2,7,1
43151,54.0,105000,325000.0,31.25,43%-<50%,White,Home_Improvement,Investment,Originated,56.78,1,5,3
44376,87.0,325000,335000.0,95.0,50%-60%,White,Home_Purchase,Principal_Residence,Originated,8.91,4,2,0
96926,77.0,205000,375000.0,78.353,Unknown,White,CashOut_Refinance,Principal_Residence,Incomplete,59.69,0,6,6
62252,161.0,95000,105000.0,90.0,20%-<30%,White,Home_Purchase,Second_Residence,Originated,5.24,2,7,1
60397,95.0,185000,225000.0,80.0,Unknown,Race Not Available,Home_Purchase,Investment,Originated,31.79,1,5,3
63268,24.0,215000,275000.0,77.778,>60%,Race Not Available,CashOut_Refinance,Principal_Residence,Denied,69.85,4,2,0
21023,43.0,175000,325000.0,54.0,43%-<50%,White,Home_Purchase,Principal_Residence,Originated,10.99,2,7,1
40079,34.0,65000,325000.0,19.077,43%-<50%,Black or African American,Other,Principal_Residence,Approved_NotAccepted,38.39,0,6,1
88665,71.0,185000,235000.0,80.0,30%-<36%,White,CashOut_Refinance,Principal_Residence,Originated,11.15,0,6,6
61254,100.0,445000,555000.0,79.423,43%-<50%,Black or African American,CashOut_Refinance,Principal_Residence,Denied,85.39,0,6,6
62510,20.0,105000,135000.0,79.729,43%-<50%,Black or African American,CashOut_Refinance,Principal_Residence,Denied,60.49,0,6,6
57429,104.0,125000,745000.0,78.38,50%-60%,White,Other,Principal_Residence,Denied,62.89,4,2,0
36597,59.0,45000,195000.0,86.869,Unknown,White,Home_Improvement,Principal_Residence,Originated,4.75,6,4,4
33067,86.0,365000,375000.0,78.353,Unknown,White,Home_Purchase,Principal_Residence,Withdrawn,35.54,2,7,1
3025,55.0,155000,235000.0,65.66,43%-<50%,Asian,CashOut_Refinance,Principal_Residence,Originated,63.48,0,6,6
46396,340.0,245000,1255000.0,76.91,43%-<50%,White,Other,Principal_Residence,Originated,17.55,6,4,4
36176,53.0,155000,275000.0,55.556,30%-<36%,Race Not Available,CashOut_Refinance,Principal_Residence,Originated,42.02,0,6,6
6477,42.0,125000,205000.0,60.0,36%-<43%,Black or African American,CashOut_Refinance,Principal_Residence,Originated,78.12,0,6,6
14304,227.0,1315000,1755000.0,75.0,50%-60%,White,Home_Purchase,Principal_Residence,Originated,12.75,4,2,0
65993,50.0,105000,475000.0,58.144,36%-<43%,White,Home_Improvement,Principal_Residence,Denied,30.12,6,4,4
94889,95.0,645000,875000.0,78.353,Unknown,Race Not Available,Home_Purchase,Principal_Residence,Purchased,23.28,2,7,1
87867,42.0,5000,105000.0,105.747,30%-<36%,White,Home_Purchase,Principal_Residence,Originated,22.98,6,4,4
87259,71.0,295000,305000.0,96.5,43%-<50%,White,Home_Purchase,Principal_Residence,Originated,76.64,2,7,5
85542,70.0,55000,375000.0,78.353,Unknown,Black or African American,Home_Improvement,Principal_Residence,Incomplete,42.02,6,4,4
88481,95.0,215000,285000.0,75.0,Unknown,White,Home_Purchase,Investment,Originated,77.9,1,5,3
14246,62.0,215000,225000.0,95.0,43%-<50%,White,Home_Purchase,Principal_Residence,Originated,34.18,2,7,1
47012,85.0,335000,445000.0,75.0,20%-<30%,Race Not Available,Home_Purchase,Investment,Approved_NotAccepted,13.46,1,5,3
8459,116.0,345000,345000.0,78.353,20%-<30%,Race Not Available,Home_Purchase,Principal_Residence,Originated,39.06,2,7,1
84907,207.0,105000,195000.0,55.297,<20%,White,CashOut_Refinance,Principal_Residence,Originated,15.07,0,6,6
35183,59.0,105000,785000.0,43.21,>60%,White,Home_Improvement,Principal_Residence,Denied,17.43,4,2,0
54386,245.0,205000,855000.0,44.57,36%-<43%,White,Refinance,Principal_Residence,Originated,16.28,6,4,4
31772,95.0,735000,875000.0,78.353,Unknown,Race Not Available,Home_Purchase,Principal_Residence,Purchased,56.09,2,7,5
38012,18.0,205000,365000.0,55.56,>60%,White,Refinance,Principal_Residence,Denied,6.61,4,2,0
22624,85.0,295000,375000.0,78.353,Unknown,White,Home_Purchase,Principal_Residence,Originated,60.57,2,7,5
74954,409.0,565000,1705000.0,69.96,20%-<30%,White,Refinance,Principal_Residence,Originated,30.06,5,4,4
66130,68.0,85000,375000.0,78.353,Exempt,White,Home_Purchase,Principal_Residence,Denied,8.05,3,1,2
64846,75.0,105000,1165000.0,8.62,<20%,Race Not Available,Home_Improvement,Principal_Residence,Originated,79.34,6,4,4
8426,167.0,575000,715000.0,80.0,36%-<43%,2 or more minority races,Home_Purchase,Principal_Residence,Originated,69.68,2,7,5
24860,41.0,285000,355000.0,80.984,50%-60%,Race Not Available,CashOut_Refinance,Principal_Residence,Denied,54.76,4,2,0
9895,110.0,455000,375000.0,78.353,Unknown,White,Home_Purchase,Principal_Residence,Withdrawn,22.79,2,7,1
44662,128.0,145000,375000.0,78.353,Unknown,Race Not Available,Other,Principal_Residence,Withdrawn,61.31,6,4,4
61853,70.0,185000,335000.0,58.0,36%-<43%,Race Not Available,CashOut_Refinance,Principal_Residence,Originated,16.19,0,6,6
48927,146.0,285000,335000.0,78.353,Unknown,Race Not Available,Home_Purchase,Principal_Residence,Purchased,11.92,2,7,1
66410,169.0,485000,485000.0,100.0,43%-<50%,White,Home_Purchase,Principal_Residence,Originated,52.32,2,7,5
96442,221.0,335000,375000.0,78.353,Unknown,White,Home_Purchase,Principal_Residence,Withdrawn,12.43,2,7,1
90188,95.0,195000,915000.0,94.983,50%-60%,White,Other,Principal_Residence,Originated,13.84,4,2,0
18695,73.0,395000,375000.0,78.353,Unknown,White,Home_Purchase,Principal_Residence,Withdrawn,36.07,2,7,1
12645,78.0,165000,405000.0,39.506,43%-<50%,White,Home_Purchase,Second_Residence,Originated,14.07,2,6,1
85758,95.0,155000,375000.0,78.353,Unknown,Race Not Available,Home_Purchase,Investment,Withdrawn,0.0,1,5,3
66336,203.0,255000,375000.0,78.353,Exempt,White,Home_Purchase,Principal_Residence,Approved_NotAccepted,34.29,2,7,1
77553,115.0,125000,425000.0,29.551,20%-<30%,White,Other,Principal_Residence,Originated,63.16,0,6,5
45523,18.0,125000,145000.0,85.0,>60%,White,CashOut_Refinance,Principal_Residence,Denied,19.44,4,2,0
57275,38.0,125000,125000.0,96.5,36%-<43%,Black or African American,Home_Purchase,Principal_Residence,Originated,51.69,2,7,5
88022,289.0,455000,505000.0,90.0,36%-<43%,White,Home_Purchase,Second_Residence,Originated,13.4,2,7,1
86907,108.0,175000,375000.0,78.353,Unknown,White,Refinance,Principal_Residence,Withdrawn,87.16,0,6,6
81936,71.0,65000,225000.0,84.477,20%-<30%,White,Home_Improvement,Principal_Residence,Originated,7.39,6,4,4
9653,107.0,235000,295000.0,79.18,36%-<43%,Race Not Available,CashOut_Refinance,Principal_Residence,Originated,4.26,0,6,6
60035,95.0,225000,325000.0,78.353,Unknown,Race Not Available,Home_Purchase,Principal_Residence,Purchased,96.64,2,7,5
38021,41.0,145000,155000.0,95.0,43%-<50%,White,Home_Purchase,Principal_Residence,Originated,31.05,2,7,1
43677,95.0,115000,125000.0,78.353,Unknown,Race Not Available,CashOut_Refinance,Principal_Residence,Purchased,6.65,0,6,6
69216,111.0,165000,165000.0,100.0,36%-<43%,Race Not Available,Home_Purchase,Principal_Residence,Originated,21.42,2,7,1
28257,156.0,355000,375000.0,95.0,43%-<50%,Race Not Available,Home_Purchase,Principal_Residence,Originated,73.45,2,7,5
74823,100.0,75000,365000.0,55.43,36%-<43%,White,Refinance,Principal_Residence,Originated,11.89,6,4,4
12038,199.0,505000,955000.0,53.158,43%-<50%,Race Not Available,CashOut_Refinance,Principal_Residence,Originated,34.52,0,6,6
44013,36.0,155000,275000.0,56.934,43%-<50%,Black or African American,Refinance,Principal_Residence,Originated,60.94,0,6,6
44537,84.0,55000,735000.0,79.456,>60%,Asian,Other,Principal_Residence,Denied,46.8,4,2,0
31531,90.0,55000,325000.0,53.86,20%-<30%,White,Home_Improvement,Principal_Residence,Approved_NotAccepted,29.5,6,4,4
57638,94.0,165000,175000.0,96.5,43%-<50%,Black or African American,Home_Purchase,Principal_Residence,Originated,12.67,2,7,1
24855,109.0,75000,495000.0,37.524,36%-<43%,Native Hawaiian or Other Pacific Islander,Home_Improvement,Principal_Residence,Originated,10.48,6,4,4
35240,100.0,55000,425000.0,82.86,36%-<43%,White,Other,Principal_Residence,Denied,16.83,6,4,4
57796,34.0,155000,305000.0,49.669,>60%,White,Refinance,Principal_Residence,Denied,72.53,4,2,0
25029,67.0,85000,375000.0,78.353,20%-<30%,Race Not Available,Home_Purchase,Principal_Residence,Denied,18.22,2,7,1
18055,95.0,365000,355000.0,78.353,Unknown,Race Not Available,Home_Purchase,Principal_Residence,Purchased,18.88,2,7,1
94616,95.0,435000,855000.0,50.004,50%-60%,White,Refinance,Principal_Residence,Denied,95.53,4,2,0
64809,95.0,205000,455000.0,78.353,Unknown,Race Not Available,CashOut_Refinance,Principal_Residence,Purchased,57.58,0,6,6
3487,65.0,75000,375000.0,78.353,Unknown,White,Home_Purchase,Principal_Residence,Withdrawn,31.13,2,7,1
99312,35.0,115000,205000.0,59.0,30%-<36%,White,CashOut_Refinance,Principal_Residence,Originated,85.62,0,6,6
40354,247.0,555000,1025000.0,54.21,20%-<30%,White,Home_Purchase,Principal_Residence,Originated,21.22,2,7,1
44180,26.0,105000,375000.0,78.353,>60%,White,Home_Purchase,Principal_Residence,Denied,95.13,3,1,2
5158,95.0,315000,325000.0,78.353,Unknown,Race Not Available,Home_Purchase,Principal_Residence,Purchased,57.08,2,7,5
90767,116.0,365000,375000.0,96.5,36%-<43%,White,Home_Purchase,Principal_Residence,Originated,94.71,2,7,5
51095,66.0,135000,185000.0,73.24,36%-<43%,Black or African American,CashOut_Refinance,Principal_Residence,Approved_NotAccepted,82.31,0,6,6
11294,95.0,485000,375000.0,78.353,Unknown,White,CashOut_Refinance,Principal_Residence,Originated,88.1,0,6,6
16270,95.0,205000,275000.0,78.353,Unknown,Race Not Available,Home_Purchase,Principal_Residence,Purchased,17.33,2,7,1
59359,346.0,255000,4255000.0,29.412,43%-<50%,White,Other,Principal_Residence,Originated,17.23,6,4,4
33061,135.0,445000,565000.0,79.84,36%-<43%,White,CashOut_Refinance,Principal_Residence,Originated,63.29,0,6,6
44779,49.0,165000,265000.0,61.567,30%-<36%,Race Not Available,CashOut_Refinance,Principal_Residence,Originated,53.32,0,6,6
56975,35.0,55000,65000.0,78.353,>60%,Black or African American,Home_Purchase,Principal_Residence,Approved_NotAccepted,64.83,3,1,2
6688,101.0,35000,285000.0,68.578,20%-<30%,White,Home_Improvement,Principal_Residence,Originated,15.82,6,4,4
27214,153.0,295000,285000.0,100.0,30%-<36%,White,Home_Purchase,Principal_Residence,Originated,7.98,2,7,1
41753,31.0,115000,195000.0,56.784,43%-<50%,White,Refinance,Principal_Residence,Originated,92.05,0,6,6
68398,0.0,105000,555000.0,62.55,<20%,White,Home_Improvement,Principal_Residence,Denied,16.3,6,4,4
88680,350.0,655000,625000.0,104.429,<20%,White,CashOut_Refinance,Principal_Residence,Denied,15.04,5,6,6
67968,65.0,105000,375000.0,78.353,Unknown,White,Home_Improvement,Principal_Residence,Incomplete,96.74,6,4,4
31942,83.0,295000,305000.0,96.5,43%-<50%,White,Home_Purchase,Principal_Residence,Originated,95.3,2,7,5
27061,95.0,275000,345000.0,78.353,Unknown,Race Not Available,Home_Purchase,Principal_Residence,Purchased,46.42,2,7,1
92914,87.0,105000,495000.0,63.21,43%-<50%,White,CashOut_Refinance,Principal_Residence,Originated,29.01,6,4,4
24525,95.0,755000,775000.0,78.353,Unknown,Race Not Available,Home_Purchase,Principal_Residence,Purchased,37.86,2,7,1
82961,125.0,405000,545000.0,75.0,43%-<50%,Asian,Home_Purchase,Principal_Residence,Approved_NotAccepted,26.24,2,7,1
56999,141.0,225000,575000.0,38.596,36%-<43%,White,Home_Purchase,Principal_Residence,Originated,17.15,2,6,1
95495,181.0,115000,195000.0,60.0,36%-<43%,White,Home_Purchase,Second_Residence,Originated,15.17,2,7,1
59279,120.0,105000,375000.0,78.353,Unknown,White,Other,Principal_Residence,Incomplete,15.5,6,4,4
65793,45.0,165000,215000.0,78.436,43%-<50%,White,CashOut_Refinance,Principal_Residence,Originated,8.94,0,6,6
75712,139.0,315000,335000.0,95.0,20%-<30%,White,Home_Purchase,Principal_Residence,Originated,24.43,2,7,1
4043,120.0,585000,375000.0,78.353,Unknown,White,Home_Purchase,Principal_Residence,Incomplete,0.0,2,7,1
32565,95.0,335000,565000.0,60.0,Unknown,Asian,Home_Purchase,Investment,Originated,34.02,1,5,3
60407,566.0,245000,535000.0,45.047,20%-<30%,White,Home_Purchase,Investment,Originated,40.36,5,3,3
49433,39.0,145000,375000.0,78.353,Unknown,White,Home_Purchase,Principal_Residence,Withdrawn,49.58,2,7,5
2345,95.0,285000,355000.0,78.353,Unknown,Race Not Available,CashOut_Refinance,Principal_Residence,Purchased,49.22,0,6,6
23144,47.0,105000,225000.0,44.956,43%-<50%,Race Not Available,Refinance,Principal_Residence,Originated,5.26,0,6,6
4377,53.0,155000,155000.0,97.0,20%-<30%,White,Home_Purchase,Principal_Residence,Originated,17.29,2,7,1
6068,115.0,285000,495000.0,56.665,30%-<36%,Joint,Home_Purchase,Principal_Residence,Originated,44.83,2,6,5
64244,89.0,15000,405000.0,79.895,50%-60%,White,Home_Improvement,Principal_Residence,Denied,11.37,4,2,0
5930,79.0,135000,155000.0,78.353,30%-<36%,Black or African American,Home_Purchase,Principal_Residence,Originated,25.03,3,1,2
27852,113.0,335000,375000.0,90.0,36%-<43%,White,Home_Purchase,Principal_Residence,Originated,95.04,2,7,5
33882,97.0,375000,375000.0,100.0,36%-<43%,Race Not Available,Home_Purchase,Principal_Residence,Originated,31.49,2,7,1
35152,120.0,375000,375000.0,78.353,Unknown,White,CashOut_Refinance,Principal_Residence,Withdrawn,35.96,0,6,6
74253,80.0,15000,275000.0,89.9,36%-<43%,White,Other,Principal_Residence,Denied,9.75,6,4,4
71069,53.0,165000,375000.0,78.353,Unknown,Black or African American,Refinance,Investment,Withdrawn,75.86,1,5,3
82053,209.0,525000,655000.0,80.0,20%-<30%,White,Home_Purchase,Principal_Residence,Originated,66.17,2,7,5
63753,95.0,305000,415000.0,78.353,Unknown,Race Not Available,CashOut_Refinance,Principal_Residence,Purchased,49.5,0,6,6
30369,265.0,105000,405000.0,72.96,<20%,White,Home_Improvement,Principal_Residence,Originated,38.95,6,4,4
59643,213.0,325000,475000.0,67.368,20%-<30%,White,Refinance,Principal_Residence,Originated,8.59,0,6,6
73021,63.0,245000,255000.0,97.0,36%-<43%,White,Home_Purchase,Principal_Residence,Originated,27.45,2,7,1
5991,307.0,305000,1095000.0,27.36,<20%,White,Refinance,Principal_Residence,Originated,9.97,0,6,6
46649,78.0,55000,375000.0,78.353,Unknown,White,Refinance,Principal_Residence,Withdrawn,21.68,6,4,4
34607,132.0,155000,585000.0,89.997,36%-<43%,White,Other,Principal_Residence,Originated,24.46,6,4,4
41346,607.0,305000,365000.0,85.0,20%-<30%,Asian,Home_Purchase,Second_Residence,Originated,44.4,5,3,5
79048,35.0,15000,175000.0,87.6,>60%,White,Home_Improvement,Principal_Residence,Denied,15.72,4,2,0
81784,115.0,275000,325000.0,84.66,20%-<30%,White,CashOut_Refinance,Principal_Residence,Originated,22.27,0,6,6
43350,100.0,295000,325000.0,90.0,43%-<50%,Race Not Available,Home_Purchase,Principal_Residence,Originated,37.1,2,7,1
25448,35.0,145000,145000.0,100.0,36%-<43%,White,Home_Purchase,Principal_Residence,Originated,66.25,2,7,5
77716,37.0,155000,165000.0,106.346,30%-<36%,White,Home_Purchase,Principal_Residence,Originated,25.68,3,1,2
10045,70.0,265000,1105000.0,31.529,43%-<50%,Race Not Available,Other,Principal_Residence,Originated,30.65,6,4,4
45667,210.0,205000,445000.0,44.94,36%-<43%,White,Refinance,Principal_Residence,Originated,10.17,0,6,6
29177,210.0,255000,375000.0,78.353,Unknown,Race Not Available,Home_Improvement,Principal_Residence,Withdrawn,87.66,6,4,4
27182,41.0,215000,415000.0,51.808,43%-<50%,White,Home_Purchase,Principal_Residence,Originated,36.62,2,6,1
32063,200.0,315000,375000.0,78.353,Unknown,White,Home_Purchase,Principal_Residence,Withdrawn,16.88,2,7,1
30529,174.0,165000,565000.0,80.0,43%-<50%,White,Other,Principal_Residence,Originated,11.98,6,4,4
63541,54.0,145000,155000.0,95.0,30%-<36%,White,Home_Purchase,Principal_Residence,Originated,18.31,2,7,1
97475,95.0,345000,365000.0,78.353,Unknown,Race Not Available,Home_Purchase,Principal_Residence,Purchased,11.67,2,7,1
48238,95.0,245000,375000.0,78.353,Unknown,White,CashOut_Refinance,Principal_Residence,Withdrawn,81.06,0,6,6
1680,39.0,475000,955000.0,50.0,>60%,White,Refinance,Principal_Residence,Denied,37.28,4,2,0
79054,96.0,135000,175000.0,80.0,36%-<43%,Black or African American,Home_Purchase,Investment,Originated,86.61,1,5,3
53358,95.0,105000,585000.0,78.353,Unknown,Race Not Available,Other,Principal_Residence,Purchased,40.28,6,4,4
87268,36.0,145000,375000.0,78.353,Unknown,Race Not Available,Home_Purchase,Principal_Residence,Withdrawn,65.48,2,7,5
55586,33.0,155000,275000.0,54.54,43%-<50%,Race Not Available,CashOut_Refinance,Principal_Residence,Originated,30.71,0,6,6
1041,95.0,185000,325000.0,78.353,Unknown,Race Not Available,Refinance,Principal_Residence,Purchased,21.79,0,6,6
98208,103.0,115000,335000.0,35.455,<20%,White,Refinance,Principal_Residence,Originated,77.09,0,6,6
52121,90.0,275000,375000.0,78.353,Unknown,Black or African American,CashOut_Refinance,Principal_Residence,Withdrawn,20.47,0,6,6
80230,175.0,155000,375000.0,78.353,Unknown,Black or African American,Home_Improvement,Principal_Residence,Withdrawn,89.13,6,4,4
4089,147.0,595000,845000.0,78.353,Unknown,Race Not Available,Home_Purchase,Principal_Residence,Purchased,20.9,2,7,1
40852,103.0,75000,375000.0,78.353,Unknown,Black or African American,Home_Improvement,Principal_Residence,Incomplete,76.43,2,7,5
46440,58.0,115000,355000.0,80.31,>60%,White,Other,Principal_Residence,Denied,14.22,4,2,0
77857,483.0,855000,1145000.0,75.0,36%-<43%,White,Home_Purchase,Principal_Residence,Originated,23.62,5,3,1
91834,48.0,205000,225000.0,92.0,43%-<50%,Asian,Home_Purchase,Principal_Residence,Originated,33.35,2,7,1
39873,95.0,35000,135000.0,78.353,Unknown,Race Not Available,Home_Purchase,Investment,Denied,15.03,1,5,3
96780,126.0,295000,455000.0,64.73,36%-<43%,White,Home_Purchase,Principal_Residence,Originated,9.71,2,7,1
71679,78.0,475000,525000.0,89.999,43%-<50%,Race Not Available,Home_Purchase,Principal_Residence,Originated,25.87,2,7,1
19458,55.0,285000,295000.0,96.5,>60%,Black or African American,Home_Purchase,Principal_Residence,Denied,16.24,4,2,0
70239,57.0,255000,375000.0,78.353,Unknown,Race Not Available,CashOut_Refinance,Principal_Residence,Withdrawn,63.76,0,6,6
89948,87.0,35000,585000.0,69.82,>60%,Black or African American,Home_Improvement,Principal_Residence,Denied,89.54,4,2,0
14734,109.0,475000,1625000.0,78.353,Unknown,Race Not Available,Refinance,Principal_Residence,Denied,22.93,0,6,6
82884,153.0,175000,615000.0,62.02,43%-<50%,White,Refinance,Principal_Residence,Originated,16.27,6,4,4
87104,57.0,225000,375000.0,78.353,Unknown,White,Home_Purchase,Principal_Residence,Withdrawn,34.21,2,7,1
94767,89.0,165000,175000.0,97.75,36%-<43%,American Indian or Alaska Native,Home_Purchase,Principal_Residence,Originated,35.36,2,7,1
81314,95.0,235000,375000.0,78.353,Unknown,Race Not Available,Refinance,Principal_Residence,Incomplete,89.77,0,6,6
65732,121.0,95000,375000.0,78.353,Unknown,Race Not Available,Refinance,Investment,Incomplete,46.81,1,5,3
1902,342.0,365000,525000.0,71.0,36%-<43%,Asian,CashOut_Refinance,Principal_Residence,Originated,50.23,0,6,6
66548,55.0,115000,125000.0,78.353,36%-<43%,White,Home_Purchase,Principal_Residence,Denied,46.72,3,1,2
91075,95.0,325000,325000.0,78.353,Unknown,Race Not Available,Home_Purchase,Principal_Residence,Purchased,67.66,2,7,5
15159,149.0,355000,605000.0,59.333,50%-60%,American Indian or Alaska Native,Refinance,Principal_Residence,Denied,28.89,4,2,0
54453,107.0,195000,215000.0,88.372,20%-<30%,White,Home_Purchase,Principal_Residence,Originated,17.39,2,7,1
20041,155.0,345000,515000.0,66.99,43%-<50%,White,Home_Purchase,Investment,Originated,17.32,1,5,3
47492,73.0,155000,215000.0,80.0,20%-<30%,White,CashOut_Refinance,Principal_Residence,Denied,6.61,0,6,6
49492,95.0,115000,115000.0,78.353,Unknown,Race Not Available,Home_Purchase,Principal_Residence,Purchased,7.67,2,7,1
6413,135.0,265000,375000.0,78.353,Unknown,White,Refinance,Principal_Residence,Incomplete,55.57,0,6,6
30899,89.0,255000,245000.0,100.0,43%-<50%,White,Home_Purchase,Principal_Residence,Originated,80.28,2,7,5
13302,96.0,105000,505000.0,41.87,30%-<36%,Race Not Available,Home_Improvement,Principal_Residence,Originated,36.95,6,4,4
40870,137.0,255000,445000.0,56.818,<20%,Race Not Available,CashOut_Refinance,Principal_Residence,Originated,27.98,0,6,6
88436,96.0,145000,375000.0,49.15,36%-<43%,White,Refinance,Principal_Residence,Denied,41.19,0,6,6
5821,44.0,185000,245000.0,76.25,43%-<50%,White,CashOut_Refinance,Principal_Residence,Originated,38.73,0,6,6
48732,381.0,465000,475000.0,96.5,20%-<30%,White,Home_Purchase,Second_Residence,Denied,60.14,5,7,5
19750,70.0,135000,155000.0,81.653,20%-<30%,White,Refinance,Principal_Residence,Approved_NotAccepted,17.74,0,6,6
43146,39.0,155000,195000.0,79.0,36%-<43%,White,Refinance,Principal_Residence,Originated,52.78,0,6,6
29021,50.0,195000,375000.0,78.353,30%-<36%,Black or African American,Home_Purchase,Principal_Residence,Denied,73.0,2,7,5
82070,49.0,45000,345000.0,70.473,>60%,White,Other,Principal_Residence,Denied,57.49,4,2,0
61576,42.0,165000,285000.0,56.14,43%-<50%,White,Refinance,Principal_Residence,Denied,31.53,0,6,6
44556,153.0,385000,385000.0,100.0,36%-<43%,Black or African American,Home_Purchase,Principal_Residence,Originated,88.85,2,7,5
26019,50.0,25000,375000.0,78.353,Unknown,Race Not Available,Refinance,Principal_Residence,Incomplete,77.18,0,6,6
69569,95.0,145000,455000.0,78.353,Unknown,Race Not Available,Home_Purchase,Investment,Purchased,24.67,1,5,3
64980,122.0,405000,425000.0,97.0,36%-<43%,White,Home_Purchase,Principal_Residence,Originated,90.35,2,7,5
51400,85.0,55000,375000.0,78.353,Unknown,White,Refinance,Principal_Residence,Withdrawn,9.94,0,6,6
56778,95.0,505000,855000.0,58.824,43%-<50%,Asian,CashOut_Refinance,Principal_Residence,Denied,72.86,0,6,6
21196,745.0,135000,555000.0,79.98,<20%,White,CashOut_Refinance,Principal_Residence,Denied,54.58,5,3,4
92140,302.0,485000,605000.0,80.0,20%-<30%,Asian,Other,Principal_Residence,Originated,20.95,5,7,1
23753,90.0,315000,325000.0,96.5,36%-<43%,White,Home_Purchase,Principal_Residence,Originated,52.58,2,7,5
30868,483.0,1465000,1725000.0,85.0,30%-<36%,Asian,Home_Purchase,Principal_Residence,Originated,35.75,5,3,1
9758,95.0,265000,275000.0,78.353,Unknown,Race Not Available,Home_Purchase,Principal_Residence,Purchased,43.34,2,7,1
56940,57.0,25000,215000.0,83.0,36%-<43%,White,CashOut_Refinance,Principal_Residence,Originated,31.22,6,4,4
26163,343.0,115000,575000.0,41.739,<20%,White,Refinance,Principal_Residence,Originated,8.59,6,4,4
77436,95.0,325000,345000.0,78.353,Unknown,Race Not Available,Home_Purchase,Principal_Residence,Purchased,30.03,2,7,1
83012,55.0,35000,375000.0,78.353,Unknown,White,Home_Purchase,Principal_Residence,Withdrawn,25.63,2,7,1
67125,84.0,25000,355000.0,53.138,30%-<36%,White,Refinance,Principal_Residence,Originated,18.64,6,4,4
34994,108.0,25000,305000.0,69.0,30%-<36%,Black or African American,Home_Improvement,Principal_Residence,Denied,19.82,6,4,4
83816,98.0,205000,555000.0,69.9,43%-<50%,Race Not Available,Other,Principal_Residence,Denied,44.2,6,4,4
88754,120.0,395000,375000.0,78.353,Unknown,White,Home_Purchase,Principal_Residence,Withdrawn,19.62,2,7,1
1673,143.0,835000,1025000.0,80.39,50%-60%,White,Home_Purchase,Principal_Residence,Originated,26.64,4,2,0
38979,106.0,205000,395000.0,51.88,50%-60%,White,Other,Principal_Residence,Originated,20.31,4,2,0
94837,28.0,105000,755000.0,22.06,>60%,White,Other,Principal_Residence,Denied,23.38,4,2,0
3045,51.0,165000,225000.0,72.727,20%-<30%,White,Home_Purchase,Principal_Residence,Originated,31.64,2,7,1
83620,25.0,105000,325000.0,75.0,>60%,Asian,Home_Improvement,Principal_Residence,Denied,50.78,4,2,0
27909,95.0,425000,405000.0,78.353,Unknown,Race Not Available,Home_Purchase,Principal_Residence,Purchased,37.57,2,7,1
71645,49.0,175000,175000.0,96.5,43%-<50%,White,Home_Purchase,Principal_Residence,Originated,8.08,2,7,1
31913,87.0,265000,275000.0,96.5,>60%,White,Home_Purchase,Principal_Residence,Denied,64.87,4,2,0
30652,155.0,275000,405000.0,67.69,20%-<30%,White,CashOut_Refinance,Principal_Residence,Originated,24.39,0,6,6
62464,92.0,275000,345000.0,80.0,43%-<50%,White,Home_Purchase,Principal_Residence,Originated,19.01,2,7,1
19202,101.0,55000,165000.0,53.993,20%-<30%,Race Not Available,Other,Principal_Residence,Originated,48.38,6,4,4
12379,16.0,65000,95000.0,72.527,36%-<43%,Race Not Available,Home_Purchase,Principal_Residence,Originated,8.27,2,7,1
33110,180.0,185000,375000.0,78.353,Unknown,White,CashOut_Refinance,Principal_Residence,Withdrawn,55.99,0,6,6
477,93.0,355000,375000.0,78.353,Unknown,Asian,Home_Purchase,Principal_Residence,Withdrawn,59.01,2,7,5
34768,130.0,565000,375000.0,78.353,Unknown,White,Home_Purchase,Principal_Residence,Withdrawn,28.58,2,7,1
93822,248.0,635000,745000.0,85.0,20%-<30%,White,Home_Purchase,Principal_Residence,Originated,18.69,2,7,1
94933,77.0,225000,375000.0,78.353,Unknown,White,CashOut_Refinance,Principal_Residence,Incomplete,75.08,0,6,6
29853,36.0,185000,355000.0,52.857,50%-60%,White,CashOut_Refinance,Principal_Residence,Denied,13.26,4,2,0
2806,165.0,115000,755000.0,99.56,36%-<43%,White,Home_Improvement,Principal_Residence,Originated,11.38,6,4,4
13577,118.0,35000,245000.0,15.0,50%-60%,White,Home_Improvement,Principal_Residence,Denied,6.18,4,2,0
35412,223.0,255000,445000.0,56.306,43%-<50%,Race Not Available,Home_Purchase,Investment,Originated,66.17,1,5,3
52740,260.0,515000,585000.0,87.3,30%-<36%,White,Home_Purchase,Principal_Residence,Originated,26.42,2,7,1
13703,125.0,465000,1025000.0,46.0,36%-<43%,Race Not Available,CashOut_Refinance,Principal_Residence,Originated,80.5,0,6,6
25665,50.0,365000,405000.0,90.0,>60%,Asian,Home_Purchase,Principal_Residence,Preapproval_Denied,0.0,4,2,0
81836,95.0,115000,135000.0,78.353,Unknown,Race Not Available,NotApplicable,Principal_Residence,Purchased,22.17,2,7,1
70731,37.0,175000,165000.0,104.938,43%-<50%,White,Home_Purchase,Principal_Residence,Denied,92.69,2,7,5
12745,71.0,45000,55000.0,75.0,30%-<36%,White,Home_Purchase,Investment,Originated,84.96,1,5,3
45885,138.0,35000,855000.0,92.818,50%-60%,Black or African American,Other,Principal_Residence,Denied,82.54,4,2,0
41322,241.0,285000,345000.0,83.39,20%-<30%,Asian,Home_Purchase,Second_Residence,Originated,33.79,2,7,1
28115,415.0,915000,1145000.0,78.353,Unknown,Race Not Available,Home_Purchase,Principal_Residence,Purchased,44.05,5,7,1
29359,139.0,375000,375000.0,78.353,Unknown,Race Not Available,Home_Purchase,Principal_Residence,Withdrawn,13.51,2,7,1
30707,95.0,655000,375000.0,78.353,Unknown,Race Not Available,CashOut_Refinance,Investment,Denied,18.65,1,5,3
64664,200.0,135000,375000.0,78.353,Unknown,White,Home_Improvement,Principal_Residence,Incomplete,29.63,6,4,4
13646,40.0,175000,185000.0,95.0,36%-<43%,Race Not Available,Home_Purchase,Principal_Residence,Originated,9.95,2,7,1
74521,120.0,255000,375000.0,78.353,50%-60%,White,Home_Improvement,Principal_Residence,Denied,13.05,4,2,0
25840,75.0,75000,675000.0,74.952,>60%,White,Refinance,Principal_Residence,Denied,18.21,4,2,0
51304,82.0,135000,145000.0,78.353,36%-<43%,Black or African American,Home_Purchase,Principal_Residence,Denied,43.75,3,1,2
97898,95.0,295000,315000.0,78.353,Unknown,Race Not Available,Home_Purchase,Principal_Residence,Purchased,50.03,2,7,5
26456,25.0,15000,245000.0,40.296,20%-<30%,Black or African American,Other,Principal_Residence,Denied,96.91,6,4,4
90723,424.0,1075000,1345000.0,80.0,36%-<43%,White,Home_Purchase,Second_Residence,Originated,19.6,5,3,1
81837,114.0,355000,445000.0,80.0,20%-<30%,White,Home_Purchase,Principal_Residence,Originated,29.61,2,7,5
65967,95.0,255000,535000.0,78.353,Unknown,Race Not Available,NotApplicable,Principal_Residence,Purchased,99.04,2,7,5
11947,736.0,2325000,375000.0,78.353,Exempt,White,Home_Purchase,Second_Residence,Originated,18.66,5,3,4
58147,161.0,695000,925000.0,75.0,43%-<50%,Asian,Home_Purchase,Principal_Residence,Originated,79.56,2,7,5
18393,63.0,315000,345000.0,93.304,50%-60%,White,CashOut_Refinance,Principal_Residence,Originated,32.39,4,2,0
68547,105.0,15000,105000.0,96.567,20%-<30%,White,Home_Improvement,Principal_Residence,Originated,26.41,6,4,4
96226,49.0,95000,375000.0,78.353,Unknown,White,Home_Purchase,Principal_Residence,Withdrawn,36.02,2,7,5
64874,55.0,35000,255000.0,43.85,20%-<30%,White,Other,Principal_Residence,Originated,49.28,6,4,4
99750,300.0,875000,1255000.0,70.0,36%-<43%,White,Home_Purchase,Investment,Denied,77.17,1,5,3
31868,95.0,505000,635000.0,78.353,Unknown,Race Not Available,Home_Purchase,Principal_Residence,Purchased,50.47,2,7,5
21977,122.0,545000,375000.0,78.353,Unknown,Asian,Home_Purchase,Principal_Residence,Withdrawn,33.75,2,7,1
40670,206.0,755000,795000.0,95.0,36%-<43%,Joint,Home_Purchase,Principal_Residence,Originated,58.56,2,7,5
10476,95.0,55000,75000.0,78.353,Unknown,Race Not Available,Home_Purchase,Investment,Purchased,91.6,1,5,3
16398,84.0,285000,355000.0,80.0,36%-<43%,White,Home_Purchase,Principal_Residence,Approved_NotAccepted,20.41,2,7,1
40175,95.0,705000,805000.0,70.0,Unknown,White,CashOut_Refinance,Investment,Denied,12.8,1,5,3
97166,171.0,245000,355000.0,70.0,36%-<43%,White,Home_Purchase,Principal_Residence,Originated,67.14,2,7,5
31285,38.0,115000,275000.0,40.0,20%-<30%,White,CashOut_Refinance,Principal_Residence,Denied,29.7,0,6,6
85262,109.0,105000,375000.0,78.353,Unknown,Asian,CashOut_Refinance,Principal_Residence,Incomplete,33.71,6,4,4
93367,201.0,555000,855000.0,65.0,20%-<30%,White,Home_Purchase,Principal_Residence,Originated,23.35,2,7,1
31473,70.0,65000,395000.0,79.9,36%-<43%,Joint,Home_Improvement,Principal_Residence,Originated,44.51,6,4,4
36922,86.0,225000,235000.0,95.0,43%-<50%,White,Home_Purchase,Principal_Residence,Originated,23.14,2,7,1
96815,49.0,225000,375000.0,78.353,Unknown,White,CashOut_Refinance,Principal_Residence,Incomplete,35.19,0,6,6
66229,136.0,255000,375000.0,78.353,Exempt,White,Home_Purchase,Principal_Residence,Originated,9.33,2,7,1
76418,60.0,105000,505000.0,45.77,36%-<43%,White,Home_Improvement,Principal_Residence,Originated,37.88,6,4,4
11435,185.0,305000,515000.0,58.984,20%-<30%,Race Not Available,Refinance,Principal_Residence,Originated,79.13,0,6,6
17491,163.0,365000,415000.0,78.353,Unknown,White,Home_Purchase,Principal_Residence,Purchased,35.94,2,7,1
18466,95.0,635000,905000.0,70.0,Unknown,Race Not Available,Home_Purchase,Investment,Originated,0.0,1,5,3
32254,293.0,905000,1605000.0,56.25,36%-<43%,Race Not Available,Home_Purchase,Second_Residence,Originated,25.58,5,7,1
50537,145.0,165000,375000.0,78.353,Exempt,White,Home_Purchase,Principal_Residence,Originated,19.09,2,7,1
70944,148.0,55000,375000.0,78.353,Unknown,White,CashOut_Refinance,Principal_Residence,Incomplete,18.45,6,4,4
21554,97.0,315000,465000.0,78.353,Unknown,Race Not Available,CashOut_Refinance,Principal_Residence,Purchased,10.73,0,6,6
33023,85.0,305000,315000.0,95.0,30%-<36%,White,Home_Purchase,Principal_Residence,Originated,42.11,2,7,1
85625,48.0,145000,145000.0,100.0,>60%,White,Home_Purchase,Principal_Residence,Denied,99.35,4,2,0
90093,108.0,65000,375000.0,78.353,Unknown,White,Other,Principal_Residence,Withdrawn,13.49,6,4,4
62387,95.0,65000,245000.0,78.353,Unknown,Race Not Available,Other,Principal_Residence,Purchased,10.63,2,7,1
68217,96.0,45000,365000.0,69.592,36%-<43%,Race Not Available,CashOut_Refinance,Principal_Residence,Originated,21.51,6,4,4
57699,95.0,395000,395000.0,78.353,Unknown,Race Not Available,Home_Purchase,Principal_Residence,Purchased,20.17,2,7,1
12143,26.0,115000,125000.0,91.667,50%-60%,Asian,Home_Purchase,Principal_Residence,Originated,67.7,4,2,0
444,98.0,275000,305000.0,90.0,50%-60%,Black or African American,Home_Purchase,Principal_Residence,Denied,10.93,4,2,0
39113,153.0,55000,375000.0,85.53,30%-<36%,White,Other,Principal_Residence,Denied,7.46,6,4,4
92541,95.0,455000,475000.0,78.353,Unknown,White,Home_Purchase,Principal_Residence,Purchased,75.05,2,7,5
28467,95.0,205000,235000.0,100.402,Unknown,Black or African American,Refinance,Principal_Residence,Originated,94.22,0,6,6
83094,93.0,345000,705000.0,49.0,36%-<43%,Black or African American,Refinance,Principal_Residence,Originated,79.53,0,6,6
66925,98.0,365000,375000.0,97.529,43%-<50%,White,Home_Purchase,Principal_Residence,Preapproval_Denied,0.0,2,7,1
52060,112.0,75000,485000.0,79.235,30%-<36%,White,Home_Improvement,Principal_Residence,Originated,32.25,6,4,4
78470,125.0,645000,725000.0,89.861,43%-<50%,Asian,Home_Purchase,Principal_Residence,Originated,89.2,2,7,5
54157,180.0,445000,615000.0,72.13,36%-<43%,White,Home_Improvement,Principal_Residence,Originated,27.68,2,7,1
29829,95.0,155000,855000.0,78.353,Unknown,Race Not Available,Other,Principal_Residence,Purchased,12.35,6,4,4
62376,112.0,205000,385000.0,53.351,20%-<30%,White,CashOut_Refinance,Principal_Residence,Originated,21.32,0,6,6
83628,139.0,395000,375000.0,56.71,>60%,Black or African American,CashOut_Refinance,Principal_Residence,Denied,40.39,4,2,0
90684,111.0,225000,275000.0,80.0,20%-<30%,White,Home_Purchase,Principal_Residence,Originated,60.45,2,7,5
17912,60.0,65000,65000.0,78.353,30%-<36%,Joint,Home_Purchase,Principal_Residence,Originated,8.25,3,1,2
27783,95.0,655000,1205000.0,78.353,Unknown,Race Not Available,Home_Purchase,Investment,Purchased,30.08,1,5,3
85427,50.0,25000,375000.0,78.353,Unknown,Race Not Available,CashOut_Refinance,Principal_Residence,Withdrawn,50.19,6,4,4
60585,3.0,105000,155000.0,70.0,>60%,White,Refinance,Investment,Approved_NotAccepted,38.11,1,5,3
45244,241.0,355000,375000.0,78.353,Unknown,White,Home_Purchase,Principal_Residence,Withdrawn,36.66,2,7,1
39023,133.0,205000,575000.0,36.0,<20%,White,Home_Improvement,Principal_Residence,Originated,12.22,2,6,1
82249,95.0,105000,155000.0,65.0,Unknown,Race Not Available,CashOut_Refinance,Investment,Originated,76.71,1,5,3
74650,95.0,275000,875000.0,79.49,50%-60%,White,Other,Principal_Residence,Denied,18.71,4,2,0
3080,58.0,195000,185000.0,78.353,36%-<43%,Asian,Home_Purchase,Principal_Residence,Originated,71.29,2,7,5
9958,242.0,575000,955000.0,62.587,20%-<30%,White,Home_Purchase,Principal_Residence,Originated,33.51,2,7,1
38720,185.0,95000,295000.0,77.55,20%-<30%,White,Refinance,Principal_Residence,Originated,59.11,6,4,4
24748,84.0,135000,405000.0,34.25,36%-<43%,White,Home_Purchase,Principal_Residence,Originated,12.21,2,6,1
98010,73.0,155000,195000.0,80.0,50%-60%,Race Not Available,CashOut_Refinance,Principal_Residence,Denied,19.43,4,2,0
3751,149.0,375000,575000.0,65.74,20%-<30%,White,CashOut_Refinance,Principal_Residence,Originated,36.52,0,6,6
24517,95.0,105000,125000.0,78.353,Unknown,Race Not Available,NotApplicable,Principal_Residence,Purchased,23.71,2,7,1
33131,774.0,225000,435000.0,53.0,<20%,White,Home_Purchase,Investment,Originated,39.52,5,3,3
91125,108.0,115000,275000.0,84.992,20%-<30%,White,Other,Principal_Residence,Originated,70.52,6,4,4
52082,109.0,275000,435000.0,62.326,36%-<43%,Race Not Available,CashOut_Refinance,Principal_Residence,Originated,11.15,0,6,6
16542,80.0,465000,375000.0,78.353,Unknown,White,Home_Purchase,Principal_Residence,Withdrawn,0.0,2,7,1
64861,95.0,315000,315000.0,78.353,Unknown,Race Not Available,Home_Purchase,Principal_Residence,Purchased,48.75,2,7,5
62735,87.0,185000,215000.0,90.0,<20%,White,Home_Purchase,Principal_Residence,Originated,58.21,3,1,2
68064,97.0,85000,105000.0,80.0,36%-<43%,White,CashOut_Refinance,Principal_Residence,Originated,26.43,0,6,6
55498,191.0,75000,375000.0,78.353,Unknown,Race Not Available,Home_Improvement,Principal_Residence,Incomplete,25.09,6,4,4
39457,98.0,45000,465000.0,55.29,43%-<50%,White,Home_Improvement,Principal_Residence,Originated,20.99,6,4,4
3143,32.0,165000,225000.0,71.111,50%-60%,Black or African American,CashOut_Refinance,Principal_Residence,Originated,67.25,4,2,0
54914,130.0,95000,585000.0,89.983,50%-60%,White,Home_Improvement,Principal_Residence,Originated,23.24,4,2,0
34617,76.0,85000,375000.0,78.353,Unknown,Black or African American,Home_Purchase,Principal_Residence,Incomplete,94.9,3,1,2
1746,1555.0,2005000,4805000.0,41.667,20%-<30%,Race Not Available,Home_Purchase,Principal_Residence,Approved_NotAccepted,23.63,5,3,4
5309,39.0,105000,565000.0,17.62,50%-60%,Asian,Refinance,Principal_Residence,Denied,48.47,4,2,0
26296,104.0,255000,285000.0,90.0,20%-<30%,White,Home_Purchase,Principal_Residence,Originated,6.3,2,7,1
43846,353.0,1025000,1275000.0,80.0,36%-<43%,White,Home_Purchase,Principal_Residence,Approved_NotAccepted,7.94,5,7,1
24366,29.0,175000,255000.0,70.0,43%-<50%,White,Home_Purchase,Principal_Residence,Denied,24.83,2,7,1
54237,95.0,45000,375000.0,78.353,Unknown,White,Other,Principal_Residence,Originated,86.65,6,4,4
68395,92.0,255000,285000.0,88.101,50%-60%,White,Home_Purchase,Principal_Residence,Originated,10.05,4,2,0
28238,77.0,175000,215000.0,80.0,43%-<50%,Race Not Available,Home_Purchase,Principal_Residence,Originated,66.81,2,7,5
97730,174.0,125000,185000.0,66.845,36%-<43%,White,Other,Second_Residence,Originated,36.88,2,7,1
17236,88.0,295000,305000.0,100.0,30%-<36%,White,Home_Purchase,Principal_Residence,Originated,80.23,2,7,5
58291,101.0,195000,205000.0,78.353,Unknown,White,Home_Purchase,Principal_Residence,Purchased,5.41,2,7,1
78621,79.0,185000,375000.0,78.353,Unknown,White,CashOut_Refinance,Principal_Residence,Denied,19.23,0,6,6
63957,157.0,365000,435000.0,78.353,Unknown,White,Home_Purchase,Investment,Purchased,8.68,1,5,3
85621,144.0,295000,505000.0,58.4,30%-<36%,White,CashOut_Refinance,Principal_Residence,Originated,9.55,0,6,6
4916,54.0,355000,1035000.0,34.0,43%-<50%,White,CashOut_Refinance,Principal_Residence,Originated,36.36,0,6,6
62792,136.0,315000,385000.0,82.0,20%-<30%,White,CashOut_Refinance,Principal_Residence,Denied,23.36,0,6,6
70338,110.0,65000,375000.0,78.353,Exempt,White,Home_Improvement,Principal_Residence,Originated,37.23,6,4,4
55892,50.0,195000,325000.0,58.315,30%-<36%,White,Home_Purchase,Principal_Residence,Originated,18.14,2,7,1
74931,95.0,355000,375000.0,78.353,Unknown,White,Home_Purchase,Principal_Residence,Purchased,34.07,2,7,1
80065,174.0,205000,625000.0,100.0,43%-<50%,White,Home_Improvement,Principal_Residence,Originated,25.21,6,4,4
16471,48.0,165000,255000.0,65.0,50%-60%,White,CashOut_Refinance,Principal_Residence,Denied,6.49,3,1,2
46475,95.0,315000,445000.0,70.0,Unknown,Race Not Available,Home_Purchase,Investment,Originated,46.7,1,5,3
8937,82.0,55000,275000.0,26.585,20%-<30%,Asian,Refinance,Principal_Residence,Originated,54.79,6,4,4
49249,203.0,255000,1405000.0,17.86,20%-<30%,White,Refinance,Second_Residence,Originated,6.38,0,6,6
64456,31.0,25000,245000.0,13.87,30%-<36%,Black or African American,Other,Principal_Residence,Originated,33.2,6,4,4
37610,95.0,35000,35000.0,85.0,Unknown,Race Not Available,Home_Purchase,Investment,Originated,94.81,1,5,3
6238,268.0,105000,785000.0,48.7,<20%,Asian,Home_Improvement,Principal_Residence,Denied,78.11,6,4,4
25969,81.0,145000,235000.0,58.823,30%-<36%,White,Refinance,Second_Residence,Originated,16.28,0,6,6
3365,89.0,285000,335000.0,84.99,36%-<43%,White,Home_Purchase,Principal_Residence,Originated,20.28,3,1,2
1185,95.0,65000,75000.0,80.0,Unknown,Race Not Available,Home_Purchase,Investment,Originated,70.56,1,5,3
21866,216.0,135000,175000.0,80.0,20%-<30%,Race Not Available,Home_Purchase,Principal_Residence,Approved_NotAccepted,25.36,2,7,1
10204,39.0,235000,445000.0,52.727,36%-<43%,White,CashOut_Refinance,Principal_Residence,Originated,29.44,0,6,6
98330,127.0,425000,645000.0,64.815,43%-<50%,Race Not Available,CashOut_Refinance,Investment,Originated,22.87,1,5,3
21139,48.0,185000,435000.0,41.204,43%-<50%,White,CashOut_Refinance,Principal_Residence,Originated,66.09,0,6,6
57075,59.0,95000,205000.0,49.0,>60%,White,Refinance,Principal_Residence,Denied,9.13,4,2,0
