,kmeans_cluster
0,1
1,5
2,2
3,0
4,3
5,2
6,0
7,0
8,3
9,2
10,2
11,0
12,2
13,4
14,2
15,4
16,1
17,0
18,0
19,6
20,0
21,4
22,2
23,0
24,2
25,0
26,1
27,2
28,5
29,0
30,6
31,4
32,5
33,0
34,6
35,2
36,2
37,0
38,0
39,2
40,1
41,6
42,2
43,0
44,2
45,2
46,6
47,2
48,2
49,6
50,6
51,6
52,2
53,0
54,2
55,0
56,4
57,2
58,6
59,2
60,6
61,2
62,4
63,5
64,2
65,2
66,2
67,6
68,2
69,6
70,4
71,6
72,1
73,0
74,0
75,2
76,1
77,3
78,1
79,1
80,2
81,0
82,2
83,0
84,3
85,3
86,0
87,2
88,0
89,6
90,0
91,2
92,4
93,6
94,0
95,2
96,2
97,6
98,2
99,4
100,3
101,2
102,2
103,0
104,2
105,0
106,2
107,4
108,2
109,0
110,4
111,6
112,6
113,0
114,2
115,0
116,2
117,4
118,1
119,3
120,2
121,2
122,0
123,0
124,5
125,1
126,6
127,0
128,2
129,0
130,2
131,0
132,6
133,6
134,5
135,2
136,6
137,5
138,5
139,0
140,5
141,0
142,1
143,1
144,4
145,2
146,6
147,2
148,0
149,2
150,2
151,6
152,0
153,2
154,2
155,6
156,0
157,4
158,1
159,6
160,0
161,4
162,0
163,2
164,2
165,2
166,2
167,2
168,5
169,2
170,5
171,2
172,2
173,2
174,4
175,2
176,2
177,0
178,0
179,2
180,5
181,2
182,2
183,2
184,0
185,4
186,4
187,0
188,2
189,2
190,2
191,6
192,2
193,2
194,0
195,6
196,5
197,1
198,2
199,0
200,2
201,2
202,1
203,6
204,2
205,6
206,1
207,6
208,3
209,5
210,3
211,0
212,0
213,2
214,0
215,2
216,6
217,2
218,5
219,2
220,6
221,0
222,2
223,0
224,0
225,0
226,0
227,3
228,4
229,0
230,0
231,6
232,2
233,0
234,2
235,0
236,4
237,0
238,0
239,0
240,4
241,0
242,6
243,3
244,2
245,0
246,0
247,0
248,6
249,0
250,0
251,3
252,1
253,2
254,2
255,2
256,2
257,0
258,2
259,1
260,0
261,5
262,2
263,4
264,2
265,2
266,6
267,0
268,4
269,2
270,2
271,2
272,4
273,0
274,1
275,0
276,1
277,5
278,2
279,2
280,2
281,2
282,2
283,0
284,0
285,0
286,0
287,2
288,2
289,0
290,0
291,0
292,2
293,0
294,2
295,2
296,2
297,1
298,4
299,4
300,2
301,2
302,0
303,0
304,2
305,2
306,2
307,4
308,2
309,0
310,3
311,0
312,3
313,4
314,2
315,2
316,2
317,4
318,2
319,1
320,2
321,2
322,2
323,4
324,4
325,2
326,0
327,0
328,4
329,3
330,2
331,2
332,2
333,5
334,3
335,2
336,3
337,2
338,0
339,3
340,5
341,2
342,2
343,5
344,0
345,0
346,3
347,0
348,0
349,2
350,2
351,4
352,2
353,2
354,2
355,2
356,3
357,6
358,3
359,4
360,1
361,2
362,2
363,2
364,2
365,0
366,1
367,2
368,0
369,4
370,0
371,1
372,0
373,0
374,1
375,0
376,2
377,2
378,2
379,2
380,2
381,2
382,0
383,0
384,0
385,2
386,0
387,0
388,1
389,4
390,0
391,6
392,2
393,2
394,0
395,1
396,2
397,0
398,1
399,2
400,2
401,2
402,1
403,0
404,0
405,0
406,2
407,2
408,2
409,0
410,0
411,0
412,6
413,2
414,2
415,4
416,0
417,3
418,3
419,0
420,6
421,2
422,0
423,0
424,2
425,6
426,1
427,1
428,2
429,0
430,6
431,2
432,4
433,6
434,6
435,5
436,2
437,2
438,2
439,0
440,3
441,0
442,0
443,0
444,4
445,2
446,0
447,2
448,0
449,0
450,0
451,2
452,0
453,2
454,1
455,6
456,2
457,0
458,4
459,2
460,3
461,2
462,2
463,0
464,6
465,2
466,2
467,2
468,2
469,6
470,1
471,0
472,0
473,6
474,0
475,2
476,0
477,2
478,0
479,6
480,2
481,0
482,6
483,0
484,0
485,2
486,4
487,0
488,5
489,6
490,1
491,4
492,3
493,0
494,2
495,2
496,0
497,2
498,2
499,2
500,2
501,0
502,0
503,4
504,0
505,6
506,2
507,6
508,6
509,2
510,4
511,0
512,2
513,4
514,4
515,5
516,5
517,1
518,6
519,2
520,2
521,3
522,2
523,2
524,2
525,4
526,0
527,0
528,2
529,6
530,0
531,2
532,1
533,6
534,2
535,2
536,2
537,2
538,4
539,2
540,3
541,2
542,4
543,6
544,2
545,0
546,5
547,2
548,1
549,0
550,2
551,2
552,2
553,2
554,2
555,5
556,2
557,0
558,2
559,5
560,2
561,3
562,2
563,0
564,6
565,2
566,4
567,2
568,2
569,0
570,0
571,5
572,1
573,4
574,0
575,2
576,2
577,2
578,2
579,0
580,2
581,6
582,2
583,1
584,2
585,2
586,2
587,2
588,3
589,2
590,0
591,6
592,4
593,2
594,0
595,2
596,2
597,2
598,5
599,4
600,2
601,3
602,2
603,4
604,2
605,0
606,3
607,6
608,0
609,4
610,2
611,6
612,2
613,2
614,6
615,1
616,2
617,5
618,6
619,0
620,0
621,0
622,2
623,1
624,6
625,2
626,4
627,4
628,0
629,2
630,2
631,2
632,4
633,2
634,0
635,2
636,0
637,0
638,2
639,0
640,0
641,4
642,5
643,2
644,2
645,0
646,6
647,2
648,6
649,4
650,3
651,3
652,1
653,3
654,0
655,2
656,4
657,0
658,6
659,6
660,6
661,0
662,6
663,4
664,2
665,1
666,2
667,0
668,5
669,1
670,0
671,0
672,3
673,2
674,0
675,6
676,5
677,3
678,0
679,0
680,6
681,5
682,2
683,1
684,1
685,0
686,0
687,2
688,2
689,6
690,2
691,0
692,0
693,2
694,3
695,6
696,1
697,2
698,0
699,0
700,2
701,1
702,5
703,0
704,4
705,0
706,0
707,0
708,2
709,2
710,2
711,2
712,0
713,2
714,2
715,2
716,6
717,6
718,6
719,2
720,6
721,2
722,0
723,0
724,2
725,2
726,1
727,2
728,0
729,0
730,2
731,0
732,0
733,1
734,0
735,6
736,2
737,0
738,2
739,6
740,0
741,0
742,6
743,0
744,6
745,0
746,0
747,2
748,2
749,2
750,3
751,2
752,6
753,6
754,6
755,2
756,2
757,2
758,0
759,0
760,6
761,0
762,6
763,2
764,0
765,3
766,0
767,0
768,2
769,0
770,2
771,5
772,2
773,2
774,2
775,2
776,1
777,6
778,2
779,2
780,2
781,0
782,0
783,2
784,0
785,2
786,0
787,3
788,0
789,0
790,6
791,2
792,6
793,0
794,6
795,0
796,2
797,0
798,2
799,5
800,2
801,0
802,1
803,2
804,2
805,4
806,6
807,0
808,0
809,6
810,2
811,0
812,2
813,2
814,6
815,2
816,3
817,2
818,2
819,6
820,3
821,0
822,2
823,0
824,4
825,2
826,5
827,0
828,2
829,2
830,0
831,0
832,2
833,0
834,4
835,0
836,6
837,0
838,5
839,5
840,1
841,0
842,2
843,2
844,2
845,6
846,4
847,0
848,3
849,0
850,2
851,0
852,0
853,0
854,0
855,2
856,3
857,4
858,2
859,5
860,2
861,1
862,4
863,4
864,4
865,1
866,2
867,2
868,4
869,1
870,2
871,2
872,0
873,2
874,0
875,2
876,4
877,6
878,2
879,4
880,0
881,2
882,2
883,6
884,2
885,6
886,0
887,2
888,2
889,0
890,0
891,0
892,2
893,6
894,5
895,2
896,2
897,4
898,0
899,4
900,2
901,2
902,0
903,2
904,5
905,1
906,4
907,2
908,6
909,0
910,2
911,6
912,6
913,0
914,2
915,4
916,2
917,2
918,2
919,2
920,4
921,0
922,2
923,2
924,2
925,0
926,0
927,0
928,2
929,3
930,0
931,6
932,2
933,0
934,4
935,6
936,5
937,6
938,6
939,2
940,2
941,6
942,2
943,6
944,2
945,0
946,2
947,0
948,2
949,0
950,0
951,5
952,6
953,0
954,2
955,0
956,1
957,3
958,5
959,5
960,0
961,3
962,4
963,1
964,3
965,6
966,2
967,4
968,6
969,0
970,4
971,0
972,0
973,2
974,2
975,2
976,6
977,0
978,3
979,0
980,2
981,2
982,2
983,2
984,3
985,2
986,2
987,1
988,4
989,0
990,2
991,2
992,5
993,6
994,2
995,2
996,6
997,6
998,1
999,3
1000,6
1001,6
1002,0
1003,4
1004,2
1005,0
1006,0
1007,6
1008,6
1009,2
1010,2
1011,5
1012,2
1013,0
1014,2
1015,6
1016,2
1017,2
1018,2
1019,0
1020,2
1021,2
1022,2
1023,4
1024,2
1025,2
1026,4
1027,0
1028,1
1029,2
1030,0
1031,0
1032,2
1033,6
1034,6
1035,2
1036,5
1037,0
1038,2
1039,2
1040,2
1041,0
1042,0
1043,6
1044,0
1045,2
1046,0
1047,2
1048,2
1049,2
1050,2
1051,3
1052,2
1053,0
1054,2
1055,4
1056,0
1057,2
1058,0
1059,6
1060,0
1061,0
1062,0
1063,6
1064,1
1065,5
1066,2
1067,2
1068,0
1069,3
1070,6
1071,3
1072,2
1073,5
1074,2
1075,2
1076,4
1077,0
1078,5
1079,0
1080,2
1081,6
1082,1
1083,2
1084,0
1085,2
1086,0
1087,2
1088,0
1089,6
1090,2
1091,2
1092,2
1093,2
1094,2
1095,6
1096,6
1097,1
1098,2
1099,2
1100,2
1101,6
1102,6
1103,0
1104,0
1105,6
1106,2
1107,2
1108,5
1109,6
1110,2
1111,2
1112,0
1113,2
1114,2
1115,5
1116,0
1117,2
1118,3
1119,6
1120,1
1121,2
1122,0
1123,0
1124,3
1125,0
1126,2
1127,2
1128,4
1129,6
1130,2
1131,0
1132,0
1133,2
1134,2
1135,0
1136,0
1137,3
1138,2
1139,1
1140,2
1141,6
1142,4
1143,2
1144,0
1145,0
1146,2
1147,0
1148,2
1149,2
1150,2
1151,1
1152,5
1153,0
1154,0
1155,2
1156,6
1157,6
1158,0
1159,6
1160,5
1161,0
1162,2
1163,2
1164,4
1165,2
1166,2
1167,2
1168,0
1169,0
1170,3
1171,0
1172,0
1173,2
1174,0
1175,4
1176,2
1177,0
1178,2
1179,1
1180,0
1181,2
1182,4
1183,4
1184,0
1185,1
1186,3
1187,0
1188,3
1189,2
1190,2
1191,0
1192,2
1193,0
1194,6
1195,3
1196,0
1197,2
1198,0
1199,6
1200,1
1201,3
1202,0
1203,2
1204,6
1205,2
1206,1
1207,0
1208,2
1209,2
1210,2
1211,2
1212,0
1213,2
1214,2
1215,0
1216,2
1217,2
1218,6
1219,1
1220,6
1221,2
1222,0
1223,0
1224,0
1225,3
1226,2
1227,1
1228,2
1229,2
1230,4
1231,0
1232,0
1233,2
1234,0
1235,6
1236,6
1237,2
1238,3
1239,1
1240,2
1241,3
1242,2
1243,2
1244,0
1245,4
1246,6
1247,2
1248,0
1249,2
1250,6
1251,0
1252,5
1253,2
1254,6
1255,0
1256,6
1257,2
1258,1
1259,0
1260,0
1261,2
1262,2
1263,6
1264,0
1265,4
1266,5
1267,2
1268,0
1269,3
1270,0
1271,0
1272,2
1273,2
1274,4
1275,2
1276,6
1277,2
1278,6
1279,3
1280,2
1281,6
1282,5
1283,0
1284,2
1285,0
1286,3
1287,0
1288,2
1289,2
1290,2
1291,2
1292,6
1293,0
1294,2
1295,2
1296,2
1297,2
1298,6
1299,6
1300,1
1301,2
1302,0
1303,0
1304,2
1305,2
1306,6
1307,1
1308,1
1309,6
1310,0
1311,3
1312,6
1313,6
1314,2
1315,2
1316,2
1317,2
1318,2
1319,2
1320,0
1321,3
1322,2
1323,0
1324,6
1325,0
1326,2
1327,6
1328,2
1329,4
1330,2
1331,2
1332,0
1333,1
1334,0
1335,3
1336,0
1337,6
1338,2
1339,1
1340,6
1341,3
1342,0
1343,0
1344,6
1345,6
1346,2
1347,4
1348,0
1349,2
1350,0
1351,4
1352,0
1353,1
1354,4
1355,2
1356,2
1357,2
1358,0
1359,4
1360,0
1361,0
1362,0
1363,0
1364,4
1365,2
1366,2
1367,6
1368,1
1369,2
1370,4
1371,2
1372,0
1373,4
1374,0
1375,2
1376,4
1377,2
1378,2
1379,3
1380,0
1381,0
1382,0
1383,0
1384,0
1385,2
1386,3
1387,2
1388,2
1389,0
1390,0
1391,6
1392,0
1393,1
1394,2
1395,6
1396,3
1397,2
1398,0
1399,3
1400,1
1401,2
1402,2
1403,0
1404,5
1405,6
1406,1
1407,2
1408,4
1409,2
1410,2
1411,5
1412,0
1413,2
1414,2
1415,2
1416,6
1417,2
1418,0
1419,3
1420,0
1421,2
1422,2
1423,4
1424,0
1425,5
1426,2
1427,0
1428,0
1429,6
1430,4
1431,2
1432,2
1433,0
1434,4
1435,0
1436,0
1437,0
1438,0
1439,6
1440,2
1441,0
1442,2
1443,2
1444,1
1445,2
1446,2
1447,2
1448,3
1449,5
1450,2
1451,0
1452,0
1453,0
1454,0
1455,0
1456,0
1457,0
1458,2
1459,2
1460,0
1461,4
1462,2
1463,2
1464,2
1465,2
1466,4
1467,2
1468,4
1469,4
1470,0
1471,2
1472,1
1473,0
1474,1
1475,3
1476,2
1477,0
1478,2
1479,6
1480,4
1481,4
1482,2
1483,2
1484,2
1485,2
1486,4
1487,0
1488,6
1489,6
1490,4
1491,2
1492,6
1493,6
1494,2
1495,0
1496,0
1497,6
1498,4
1499,0
1500,5
1501,6
1502,4
1503,0
1504,2
1505,2
1506,2
1507,0
1508,5
1509,1
1510,2
1511,6
1512,0
1513,0
1514,0
1515,2
1516,2
1517,2
1518,2
1519,1
1520,3
1521,4
1522,2
1523,6
1524,2
1525,2
1526,6
1527,3
1528,3
1529,2
1530,1
1531,2
1532,0
1533,2
1534,5
1535,0
1536,2
1537,2
1538,0
1539,6
1540,4
1541,2
1542,2
1543,2
1544,2
1545,5
1546,2
1547,6
1548,5
1549,6
1550,0
1551,5
1552,0
1553,0
1554,6
1555,0
1556,3
1557,2
1558,2
1559,2
1560,2
1561,6
1562,6
1563,0
1564,6
1565,0
1566,4
1567,2
1568,6
1569,2
1570,2
1571,2
1572,2
1573,2
1574,4
1575,0
1576,0
1577,4
1578,6
1579,2
1580,2
1581,0
1582,2
1583,2
1584,2
1585,4
1586,0
1587,0
1588,2
1589,0
1590,0
1591,6
1592,2
1593,3
1594,0
1595,2
1596,2
1597,2
1598,4
1599,0
1600,0
1601,6
1602,0
1603,2
1604,6
1605,2
1606,1
1607,1
1608,2
1609,2
1610,6
1611,0
1612,4
1613,0
1614,2
1615,6
1616,4
1617,5
1618,1
1619,2
1620,2
1621,0
1622,0
1623,0
1624,3
1625,3
1626,3
1627,0
1628,6
1629,0
1630,0
1631,2
1632,2
1633,2
1634,3
1635,0
1636,0
1637,3
1638,2
1639,2
1640,0
1641,0
1642,2
1643,6
1644,2
1645,2
1646,2
1647,2
1648,0
1649,2
1650,2
1651,3
1652,2
1653,4
1654,4
1655,2
1656,2
1657,1
1658,2
1659,0
1660,2
1661,6
1662,3
1663,3
1664,1
1665,2
1666,2
1667,1
1668,2
1669,0
1670,0
1671,4
1672,0
1673,4
1674,2
1675,2
1676,2
1677,0
1678,2
1679,0
1680,4
1681,1
1682,2
1683,2
1684,2
1685,0
1686,0
1687,4
1688,3
1689,2
1690,0
1691,0
1692,2
1693,5
1694,6
1695,5
1696,2
1697,2
1698,6
1699,6
1700,2
1701,0
1702,0
1703,2
1704,2
1705,6
1706,6
1707,6
1708,2
1709,0
1710,6
1711,0
1712,2
1713,0
1714,2
1715,6
1716,6
1717,6
1718,6
1719,0
1720,0
1721,4
1722,0
1723,2
1724,6
1725,2
1726,2
1727,4
1728,2
1729,0
1730,1
1731,6
1732,3
1733,5
1734,0
1735,1
1736,0
1737,0
1738,0
1739,3
1740,2
1741,1
1742,4
1743,2
1744,5
1745,0
1746,5
1747,2
1748,2
1749,4
1750,0
1751,0
1752,2
1753,2
1754,2
1755,4
1756,0
1757,4
1758,3
1759,2
1760,0
1761,6
1762,3
1763,2
1764,6
1765,6
1766,2
1767,2
1768,0
1769,4
1770,2
1771,0
1772,2
1773,1
1774,6
1775,6
1776,2
1777,4
1778,2
1779,2
1780,4
1781,3
1782,2
1783,5
1784,2
1785,6
1786,0
1787,0
1788,2
1789,5
1790,6
1791,2
1792,2
1793,2
1794,0
1795,3
1796,4
1797,2
1798,0
1799,2
1800,0
1801,0
1802,4
1803,6
1804,2
1805,4
1806,2
1807,6
1808,6
1809,1
1810,2
1811,3
1812,1
1813,0
1814,2
1815,0
1816,2
1817,2
1818,3
1819,6
1820,6
1821,2
1822,6
1823,0
1824,0
1825,0
1826,0
1827,0
1828,2
1829,5
1830,6
1831,3
1832,0
1833,2
1834,6
1835,4
1836,2
1837,5
1838,6
1839,2
1840,2
1841,6
1842,0
1843,0
1844,2
1845,2
1846,2
1847,3
1848,2
1849,2
1850,0
1851,0
1852,6
1853,0
1854,1
1855,0
1856,2
1857,0
1858,0
1859,2
1860,0
1861,2
1862,3
1863,0
1864,0
1865,2
1866,2
1867,2
1868,6
1869,2
1870,4
1871,0
1872,4
1873,2
1874,2
1875,6
1876,6
1877,1
1878,2
1879,0
1880,2
1881,5
1882,2
1883,5
1884,2
1885,6
1886,2
1887,3
1888,1
1889,6
1890,0
1891,4
1892,6
1893,6
1894,0
1895,6
1896,0
1897,2
1898,0
1899,3
1900,3
1901,2
1902,0
1903,1
1904,4
1905,2
1906,0
1907,1
1908,2
1909,2
1910,0
1911,6
1912,6
1913,2
1914,0
1915,0
1916,0
1917,2
1918,5
1919,0
1920,2
1921,6
1922,2
1923,2
1924,0
1925,2
1926,0
1927,6
1928,6
1929,2
1930,2
1931,2
1932,2
1933,2
1934,1
1935,0
1936,2
1937,6
1938,0
1939,4
1940,2
1941,4
1942,2
1943,2
1944,5
1945,2
1946,4
1947,4
1948,4
1949,2
1950,0
1951,1
1952,2
1953,0
1954,6
1955,1
1956,2
1957,0
1958,2
1959,6
1960,4
1961,0
1962,1
1963,2
1964,2
1965,5
1966,3
1967,2
1968,0
1969,2
1970,2
1971,1
1972,2
1973,2
1974,0
1975,2
1976,0
1977,0
1978,1
1979,1
1980,0
1981,2
1982,0
1983,3
1984,2
1985,6
1986,6
1987,2
1988,4
1989,4
1990,0
1991,0
1992,2
1993,4
1994,2
1995,2
1996,6
1997,2
1998,2
1999,0
2000,0
2001,2
2002,6
2003,4
2004,2
2005,1
2006,2
2007,2
2008,2
2009,2
2010,1
2011,4
2012,2
2013,2
2014,3
2015,2
2016,2
2017,0
2018,2
2019,2
2020,6
2021,2
2022,4
2023,4
2024,5
2025,0
2026,2
2027,5
2028,0
2029,2
2030,0
2031,0
2032,2
2033,2
2034,0
2035,1
2036,5
2037,0
2038,0
2039,6
2040,6
2041,2
2042,2
2043,0
2044,4
2045,6
2046,2
2047,6
2048,2
2049,2
2050,1
2051,4
2052,2
2053,2
2054,2
2055,1
2056,0
2057,0
2058,0
2059,2
2060,4
2061,6
2062,0
2063,0
2064,2
2065,6
2066,2
2067,2
2068,0
2069,2
2070,6
2071,2
2072,6
2073,2
2074,2
2075,0
2076,2
2077,1
2078,5
2079,0
2080,2
2081,6
2082,4
2083,6
2084,0
2085,1
2086,2
2087,0
2088,0
2089,1
2090,0
2091,0
2092,0
2093,2
2094,0
2095,2
2096,0
2097,2
2098,6
2099,3
2100,3
2101,2
2102,0
2103,2
2104,6
2105,4
2106,2
2107,0
2108,0
2109,6
2110,4
2111,0
2112,0
2113,5
2114,2
2115,6
2116,2
2117,0
2118,3
2119,2
2120,2
2121,0
2122,0
2123,6
2124,4
2125,0
2126,4
2127,0
2128,6
2129,2
2130,1
2131,2
2132,6
2133,1
2134,2
2135,2
2136,2
2137,6
2138,0
2139,0
2140,1
2141,0
2142,2
2143,2
2144,6
2145,2
2146,2
2147,5
2148,2
2149,4
2150,0
2151,2
2152,1
2153,4
2154,2
2155,0
2156,3
2157,2
2158,4
2159,2
2160,3
2161,0
2162,2
2163,6
2164,0
2165,6
2166,2
2167,2
2168,4
2169,0
2170,1
2171,4
2172,4
2173,6
2174,0
2175,2
2176,0
2177,2
2178,4
2179,2
2180,2
2181,0
2182,2
2183,2
2184,2
2185,3
2186,2
2187,2
2188,0
2189,6
2190,0
2191,6
2192,6
2193,2
2194,2
2195,1
2196,6
2197,1
2198,4
2199,0
2200,1
2201,1
2202,4
2203,2
2204,6
2205,0
2206,0
2207,0
2208,0
2209,2
2210,2
2211,6
2212,4
2213,0
2214,0
2215,0
2216,0
2217,3
2218,2
2219,4
2220,1
2221,2
2222,2
2223,1
2224,6
2225,2
2226,0
2227,2
2228,2
2229,0
2230,2
2231,0
2232,2
2233,2
2234,2
2235,2
2236,0
2237,4
2238,0
2239,2
2240,2
2241,1
2242,4
2243,1
2244,0
2245,2
2246,2
2247,0
2248,6
2249,2
2250,2
2251,2
2252,0
2253,0
2254,4
2255,0
2256,1
2257,2
2258,2
2259,4
2260,0
2261,0
2262,1
2263,5
2264,2
2265,5
2266,2
2267,0
2268,2
2269,6
2270,2
2271,0
2272,0
2273,6
2274,2
2275,0
2276,2
2277,3
2278,4
2279,1
2280,0
2281,0
2282,1
2283,2
2284,4
2285,6
2286,0
2287,0
2288,6
2289,2
2290,6
2291,2
2292,0
2293,1
2294,0
2295,2
2296,1
2297,6
2298,0
2299,6
2300,2
2301,6
2302,2
2303,2
2304,0
2305,1
2306,2
2307,0
2308,2
2309,3
2310,5
2311,2
2312,6
2313,2
2314,5
2315,1
2316,0
2317,3
2318,2
2319,5
2320,0
2321,4
2322,2
2323,0
2324,2
2325,1
2326,0
2327,4
2328,2
2329,2
2330,0
2331,1
2332,0
2333,0
2334,4
2335,2
2336,2
2337,2
2338,1
2339,0
2340,0
2341,6
2342,0
2343,2
2344,5
2345,0
2346,2
2347,5
2348,2
2349,6
2350,2
2351,6
2352,2
2353,2
2354,0
2355,2
2356,2
2357,2
2358,6
2359,2
2360,1
2361,0
2362,0
2363,6
2364,2
2365,0
2366,4
2367,2
2368,0
2369,6
2370,0
2371,2
2372,2
2373,0
2374,4
2375,0
2376,0
2377,6
2378,6
2379,2
2380,2
2381,4
2382,2
2383,1
2384,2
2385,2
2386,1
2387,0
2388,2
2389,1
2390,0
2391,4
2392,1
2393,3
2394,5
2395,0
2396,0
2397,6
2398,2
2399,1
2400,0
2401,0
2402,6
2403,0
2404,0
2405,2
2406,0
2407,1
2408,2
2409,2
2410,1
2411,2
2412,6
2413,2
2414,6
2415,2
2416,2
2417,2
2418,2
2419,6
2420,2
2421,1
2422,6
2423,1
2424,2
2425,6
2426,0
2427,2
2428,6
2429,0
2430,0
2431,5
2432,6
2433,2
2434,6
2435,0
2436,2
2437,0
2438,6
2439,6
2440,0
2441,6
2442,6
2443,3
2444,5
2445,4
2446,2
2447,6
2448,0
2449,0
2450,4
2451,0
2452,4
2453,5
2454,5
2455,1
2456,2
2457,0
2458,1
2459,6
2460,4
2461,3
2462,1
2463,4
2464,2
2465,2
2466,2
2467,2
2468,0
2469,0
2470,0
2471,0
2472,2
2473,3
2474,1
2475,2
2476,2
2477,2
2478,0
2479,2
2480,1
2481,5
2482,2
2483,0
2484,2
2485,1
2486,6
2487,6
2488,6
2489,0
2490,0
2491,2
2492,0
2493,0
2494,0
2495,0
2496,6
2497,2
2498,2
2499,2
2500,2
2501,2
2502,2
2503,2
2504,0
2505,2
2506,2
2507,6
2508,4
2509,0
2510,0
2511,2
2512,0
2513,2
2514,0
2515,5
2516,6
2517,2
2518,0
2519,0
2520,0
2521,0
2522,6
2523,0
2524,0
2525,0
2526,0
2527,5
2528,2
2529,2
2530,2
2531,2
2532,1
2533,2
2534,0
2535,3
2536,2
2537,2
2538,2
2539,0
2540,0
2541,2
2542,2
2543,2
2544,1
2545,0
2546,0
2547,2
2548,0
2549,0
2550,0
2551,3
2552,2
2553,2
2554,2
2555,2
2556,0
2557,3
2558,0
2559,6
2560,0
2561,0
2562,0
2563,0
2564,0
2565,0
2566,0
2567,4
2568,2
2569,6
2570,6
2571,2
2572,0
2573,4
2574,0
2575,2
2576,2
2577,2
2578,0
2579,2
2580,0
2581,0
2582,0
2583,4
2584,2
2585,6
2586,0
2587,2
2588,2
2589,3
2590,5
2591,3
2592,2
2593,2
2594,1
2595,2
2596,2
2597,1
2598,3
2599,0
2600,0
2601,2
2602,2
2603,2
2604,2
2605,0
2606,0
2607,0
2608,4
2609,0
2610,1
2611,1
2612,0
2613,2
2614,0
2615,2
2616,2
2617,0
2618,2
2619,2
2620,4
2621,0
2622,0
2623,6
2624,4
2625,6
2626,6
2627,2
2628,4
2629,2
2630,6
2631,0
2632,2
2633,2
2634,2
2635,0
2636,2
2637,1
2638,0
2639,1
2640,5
2641,2
2642,3
2643,2
2644,6
2645,2
2646,4
2647,2
2648,0
2649,2
2650,6
2651,2
2652,0
2653,6
2654,2
2655,6
2656,2
2657,0
2658,0
2659,3
2660,0
2661,2
2662,2
2663,0
2664,0
2665,0
2666,2
2667,2
2668,0
2669,2
2670,0
2671,1
2672,4
2673,2
2674,1
2675,2
2676,4
2677,0
2678,2
2679,2
2680,2
2681,4
2682,0
2683,0
2684,0
2685,4
2686,0
2687,0
2688,0
2689,2
2690,2
2691,0
2692,2
2693,0
2694,4
2695,3
2696,2
2697,1
2698,5
2699,1
2700,0
2701,2
2702,2
2703,2
2704,2
2705,2
2706,4
2707,2
2708,6
2709,2
2710,3
2711,6
2712,2
2713,2
2714,2
2715,2
2716,3
2717,0
2718,2
2719,2
2720,2
2721,2
2722,0
2723,2
2724,2
2725,2
2726,6
2727,2
2728,2
2729,2
2730,2
2731,4
2732,3
2733,0
2734,0
2735,6
2736,0
2737,0
2738,0
2739,1
2740,2
2741,5
2742,5
2743,5
2744,2
2745,0
2746,0
2747,0
2748,0
2749,6
2750,6
2751,4
2752,5
2753,0
2754,2
2755,2
2756,1
2757,5
2758,3
2759,6
2760,2
2761,6
2762,6
2763,2
2764,6
2765,2
2766,1
2767,3
2768,3
2769,2
2770,2
2771,2
2772,0
2773,2
2774,0
2775,1
2776,4
2777,6
2778,6
2779,0
2780,6
2781,2
2782,0
2783,0
2784,0
2785,0
2786,4
2787,2
2788,2
2789,2
2790,6
2791,2
2792,5
2793,6
2794,0
2795,1
2796,6
2797,3
2798,2
2799,0
2800,4
2801,2
2802,4
2803,2
2804,2
2805,0
2806,6
2807,0
2808,0
2809,2
2810,0
2811,2
2812,0
2813,2
2814,4
2815,3
2816,6
2817,0
2818,4
2819,2
2820,6
2821,3
2822,4
2823,1
2824,5
2825,2
2826,0
2827,4
2828,6
2829,2
2830,4
2831,6
2832,1
2833,3
2834,0
2835,2
2836,2
2837,2
2838,0
2839,0
2840,2
2841,6
2842,1
2843,2
2844,2
2845,6
2846,3
2847,2
2848,6
2849,0
2850,2
2851,1
2852,2
2853,6
2854,2
2855,1
2856,6
2857,6
2858,3
2859,4
2860,2
2861,0
2862,4
2863,0
2864,0
2865,1
2866,0
2867,0
2868,2
2869,3
2870,0
2871,4
2872,0
2873,2
2874,1
2875,1
2876,2
2877,0
2878,2
2879,6
2880,0
2881,0
2882,0
2883,0
2884,2
2885,6
2886,6
2887,3
2888,4
2889,0
2890,2
2891,2
2892,0
2893,3
2894,0
2895,5
2896,2
2897,5
2898,0
2899,2
2900,0
2901,5
2902,4
2903,2
2904,0
2905,4
2906,2
2907,0
2908,2
2909,0
2910,4
2911,0
2912,5
2913,2
2914,0
2915,2
2916,2
2917,1
2918,6
2919,6
2920,2
2921,2
2922,0
2923,2
2924,5
2925,0
2926,5
2927,1
2928,6
2929,2
2930,0
2931,0
2932,2
2933,0
2934,2
2935,5
2936,3
2937,6
2938,4
2939,0
2940,3
2941,2
2942,0
2943,1
2944,2
2945,2
2946,6
2947,2
2948,2
2949,2
2950,1
2951,0
2952,4
2953,6
2954,2
2955,2
2956,0
2957,3
2958,0
2959,4
2960,6
2961,0
2962,3
2963,2
2964,5
2965,4
2966,0
2967,2
2968,0
2969,0
2970,2
2971,0
2972,6
2973,1
2974,6
2975,0
2976,0
2977,2
2978,2
2979,4
2980,2
2981,6
2982,4
2983,2
2984,5
2985,4
2986,2
2987,0
2988,3
2989,4
2990,2
2991,0
2992,0
2993,0
2994,2
2995,6
2996,2
2997,2
2998,0
2999,3
3000,6
3001,2
3002,2
3003,2
3004,0
3005,0
3006,0
3007,2
3008,3
3009,4
3010,2
3011,4
3012,6
3013,6
3014,2
3015,0
3016,2
3017,1
3018,2
3019,0
3020,2
3021,6
3022,6
3023,4
3024,6
3025,0
3026,0
3027,6
3028,2
3029,2
3030,6
3031,0
3032,0
3033,1
3034,2
3035,0
3036,0
3037,2
3038,4
3039,2
3040,2
3041,2
3042,0
3043,2
3044,2
3045,2
3046,6
3047,0
3048,2
3049,2
3050,4
3051,0
3052,1
3053,2
3054,2
3055,2
3056,2
3057,2
3058,2
3059,0
3060,6
3061,2
3062,0
3063,0
3064,2
3065,4
3066,2
3067,2
3068,2
3069,2
3070,6
3071,6
3072,2
3073,0
3074,2
3075,6
3076,0
3077,2
3078,5
3079,2
3080,2
3081,2
3082,2
3083,2
3084,2
3085,2
3086,4
3087,6
3088,1
3089,0
3090,0
3091,6
3092,0
3093,6
3094,2
3095,0
3096,6
3097,0
3098,6
3099,2
3100,0
3101,0
3102,0
3103,4
3104,3
3105,4
3106,2
3107,1
3108,0
3109,3
3110,4
3111,2
3112,6
3113,2
3114,2
3115,0
3116,3
3117,2
3118,0
3119,4
3120,0
3121,3
3122,0
3123,2
3124,0
3125,0
3126,2
3127,0
3128,4
3129,1
3130,2
3131,6
3132,6
3133,0
3134,2
3135,3
3136,6
3137,2
3138,2
3139,4
3140,2
3141,2
3142,6
3143,4
3144,6
3145,0
3146,2
3147,6
3148,0
3149,4
3150,6
3151,2
3152,6
3153,4
3154,2
3155,1
3156,2
3157,0
3158,2
3159,0
3160,0
3161,2
3162,0
3163,0
3164,2
3165,6
3166,2
3167,2
3168,2
3169,0
3170,0
3171,2
3172,0
3173,0
3174,0
3175,4
3176,0
3177,2
3178,0
3179,0
3180,1
3181,2
3182,2
3183,2
3184,0
3185,0
3186,4
3187,2
3188,3
3189,2
3190,0
3191,0
3192,2
3193,2
3194,0
3195,6
3196,3
3197,4
3198,0
3199,6
3200,2
3201,2
3202,1
3203,5
3204,1
3205,6
3206,2
3207,2
3208,0
3209,2
3210,0
3211,5
3212,6
3213,1
3214,3
3215,1
3216,2
3217,5
3218,0
3219,2
3220,0
3221,6
3222,5
3223,2
3224,4
3225,0
3226,0
3227,4
3228,2
3229,0
3230,2
3231,0
3232,2
3233,4
3234,2
3235,4
3236,2
3237,4
3238,6
3239,4
3240,0
3241,6
3242,2
3243,2
3244,0
3245,5
3246,6
3247,0
3248,6
3249,2
3250,1
3251,2
3252,2
3253,6
3254,6
3255,6
3256,2
3257,1
3258,0
3259,2
3260,6
3261,1
3262,2
3263,3
3264,0
3265,2
3266,2
3267,5
3268,4
3269,0
3270,1
3271,2
3272,5
3273,2
3274,6
3275,2
3276,2
3277,1
3278,6
3279,1
3280,6
3281,5
3282,4
3283,2
3284,0
3285,0
3286,2
3287,2
3288,6
3289,2
3290,6
3291,2
3292,1
3293,2
3294,6
3295,2
3296,5
3297,2
3298,0
3299,0
3300,6
3301,3
3302,4
3303,5
3304,6
3305,0
3306,0
3307,2
3308,5
3309,5
3310,1
3311,1
3312,2
3313,2
3314,0
3315,2
3316,3
3317,5
3318,0
3319,2
3320,2
3321,2
3322,3
3323,5
3324,6
3325,0
3326,0
3327,0
3328,2
3329,0
3330,0
3331,2
3332,6
3333,4
3334,6
3335,0
3336,0
3337,0
3338,2
3339,5
3340,2
3341,0
3342,2
3343,4
3344,6
3345,2
3346,0
3347,6
3348,0
3349,0
3350,2
3351,0
3352,2
3353,3
3354,6
3355,2
3356,0
3357,0
3358,2
3359,0
3360,6
3361,0
3362,2
3363,0
3364,2
3365,3
3366,0
3367,0
3368,4
3369,2
3370,2
3371,0
3372,0
3373,2
3374,1
3375,0
3376,6
3377,4
3378,0
3379,2
3380,6
3381,2
3382,2
3383,2
3384,2
3385,6
3386,3
3387,2
3388,6
3389,2
3390,0
3391,0
3392,0
3393,6
3394,0
3395,5
3396,3
3397,3
3398,2
3399,2
3400,6
3401,2
3402,0
3403,2
3404,4
3405,1
3406,2
3407,6
3408,6
3409,5
3410,0
3411,4
3412,4
3413,0
3414,2
3415,5
3416,0
3417,2
3418,1
3419,2
3420,2
3421,4
3422,1
3423,2
3424,0
3425,0
3426,2
3427,0
3428,0
3429,5
3430,0
3431,2
3432,2
3433,2
3434,0
3435,0
3436,2
3437,2
3438,0
3439,0
3440,6
3441,2
3442,0
3443,1
3444,6
3445,0
3446,0
3447,0
3448,2
3449,0
3450,4
3451,4
3452,2
3453,0
3454,0
3455,1
3456,4
3457,2
3458,2
3459,2
3460,0
3461,4
3462,2
3463,2
3464,0
3465,2
3466,0
3467,0
3468,5
3469,3
3470,2
3471,4
3472,1
3473,2
3474,2
3475,6
3476,2
3477,2
3478,1
3479,5
3480,2
3481,2
3482,2
3483,2
3484,0
3485,4
3486,2
3487,2
3488,6
3489,2
3490,0
3491,2
3492,0
3493,4
3494,2
3495,2
3496,2
3497,2
3498,3
3499,5
3500,0
3501,2
3502,0
3503,2
3504,2
3505,0
3506,1
3507,2
3508,2
3509,3
3510,4
3511,2
3512,0
3513,6
3514,0
3515,6
3516,1
3517,4
3518,0
3519,2
3520,2
3521,2
3522,6
3523,3
3524,0
3525,4
3526,0
3527,4
3528,0
3529,3
3530,2
3531,1
3532,4
3533,4
3534,0
3535,2
3536,1
3537,6
3538,6
3539,2
3540,6
3541,6
3542,0
3543,4
3544,0
3545,0
3546,2
3547,2
3548,2
3549,2
3550,2
3551,2
3552,2
3553,2
3554,2
3555,0
3556,1
3557,2
3558,0
3559,0
3560,0
3561,0
3562,6
3563,6
3564,6
3565,5
3566,5
3567,6
3568,2
3569,0
3570,2
3571,2
3572,4
3573,2
3574,2
3575,4
3576,2
3577,2
3578,4
3579,1
3580,6
3581,6
3582,4
3583,0
3584,0
3585,3
3586,2
3587,2
3588,0
3589,2
3590,2
3591,0
3592,6
3593,1
3594,0
3595,0
3596,2
3597,2
3598,0
3599,0
3600,6
3601,4
3602,2
3603,4
3604,0
3605,4
3606,6
3607,0
3608,3
3609,4
3610,2
3611,2
3612,3
3613,2
3614,2
3615,6
3616,2
3617,3
3618,2
3619,0
3620,0
3621,2
3622,1
3623,6
3624,2
3625,3
3626,2
3627,0
3628,2
3629,4
3630,5
3631,6
3632,2
3633,5
3634,0
3635,0
3636,2
3637,2
3638,1
3639,1
3640,0
3641,2
3642,6
3643,2
3644,2
3645,6
3646,2
3647,6
3648,0
3649,0
3650,3
3651,2
3652,0
3653,2
3654,1
3655,2
3656,0
3657,2
3658,2
3659,1
3660,3
3661,2
3662,2
3663,2
3664,5
3665,2
3666,3
3667,0
3668,4
3669,6
3670,4
3671,4
3672,2
3673,2
3674,2
3675,2
3676,0
3677,0
3678,4
3679,0
3680,0
3681,2
3682,6
3683,2
3684,1
3685,2
3686,0
3687,0
3688,6
3689,2
3690,4
3691,4
3692,0
3693,2
3694,2
3695,3
3696,1
3697,5
3698,0
3699,0
3700,1
3701,0
3702,2
3703,2
3704,2
3705,2
3706,1
3707,2
3708,0
3709,2
3710,0
3711,0
3712,2
3713,0
3714,4
3715,2
3716,6
3717,0
3718,1
3719,4
3720,2
3721,2
3722,2
3723,0
3724,0
3725,0
3726,0
3727,0
3728,1
3729,0
3730,2
3731,6
3732,2
3733,1
3734,1
3735,3
3736,4
3737,6
3738,2
3739,2
3740,0
3741,2
3742,2
3743,0
3744,2
3745,4
3746,2
3747,1
3748,0
3749,2
3750,0
3751,0
3752,6
3753,4
3754,1
3755,0
3756,2
3757,6
3758,1
3759,2
3760,1
3761,0
3762,2
3763,2
3764,2
3765,2
3766,1
3767,0
3768,2
3769,6
3770,0
3771,0
3772,0
3773,4
3774,2
3775,5
3776,2
3777,5
3778,0
3779,2
3780,4
3781,3
3782,2
3783,0
3784,0
3785,2
3786,0
3787,0
3788,0
3789,1
3790,2
3791,2
3792,2
3793,4
3794,6
3795,2
3796,1
3797,2
3798,2
3799,1
3800,2
3801,0
3802,2
3803,2
3804,3
3805,2
3806,1
3807,0
3808,6
3809,4
3810,0
3811,4
3812,1
3813,0
3814,2
3815,2
3816,4
3817,0
3818,2
3819,2
3820,3
3821,2
3822,0
3823,5
3824,2
3825,4
3826,2
3827,6
3828,5
3829,6
3830,4
3831,0
3832,2
3833,3
3834,4
3835,6
3836,0
3837,6
3838,0
3839,2
3840,0
3841,2
3842,0
3843,2
3844,0
3845,2
3846,1
3847,0
3848,0
3849,2
3850,6
3851,4
3852,0
3853,0
3854,1
3855,4
3856,0
3857,1
3858,2
3859,0
3860,0
3861,2
3862,2
3863,6
3864,5
3865,2
3866,0
3867,3
3868,0
3869,2
3870,2
3871,2
3872,2
3873,4
3874,5
3875,4
3876,2
3877,6
3878,6
3879,2
3880,3
3881,2
3882,2
3883,2
3884,2
3885,6
3886,4
3887,0
3888,0
3889,0
3890,3
3891,4
3892,0
3893,2
3894,2
3895,5
3896,2
3897,2
3898,0
3899,2
3900,0
3901,2
3902,2
3903,0
3904,2
3905,0
3906,2
3907,2
3908,1
3909,6
3910,2
3911,6
3912,1
3913,6
3914,2
3915,6
3916,2
3917,2
3918,6
3919,2
3920,0
3921,2
3922,6
3923,2
3924,0
3925,0
3926,2
3927,0
3928,6
3929,2
3930,0
3931,2
3932,2
3933,6
3934,4
3935,0
3936,0
3937,3
3938,5
3939,2
3940,5
3941,2
3942,0
3943,2
3944,4
3945,0
3946,2
3947,0
3948,1
3949,2
3950,6
3951,3
3952,2
3953,6
3954,6
3955,4
3956,2
3957,4
3958,3
3959,0
3960,5
3961,6
3962,2
3963,3
3964,6
3965,2
3966,2
3967,2
3968,2
3969,2
3970,2
3971,6
3972,0
3973,4
3974,2
3975,2
3976,2
3977,2
3978,6
3979,0
3980,0
3981,2
3982,4
3983,0
3984,0
3985,6
3986,2
3987,2
3988,4
3989,2
3990,2
3991,2
3992,6
3993,2
3994,1
3995,4
3996,0
3997,0
3998,3
3999,6
4000,6
4001,0
4002,0
4003,2
4004,2
4005,2
4006,0
4007,0
4008,2
4009,2
4010,0
4011,0
4012,3
4013,0
4014,2
4015,4
4016,1
4017,5
4018,6
4019,4
4020,1
4021,2
4022,2
4023,2
4024,2
4025,6
4026,4
4027,2
4028,0
4029,2
4030,6
4031,4
4032,0
4033,2
4034,0
4035,2
4036,6
4037,6
4038,6
4039,2
4040,0
4041,0
4042,6
4043,2
4044,1
4045,2
4046,0
4047,0
4048,2
4049,2
4050,0
4051,0
4052,2
4053,2
4054,2
4055,1
4056,0
4057,2
4058,6
4059,6
4060,2
4061,1
4062,0
4063,2
4064,2
4065,0
4066,1
4067,2
4068,4
4069,5
4070,4
4071,2
4072,0
4073,6
4074,2
4075,0
4076,2
4077,2
4078,6
4079,4
4080,4
4081,6
4082,1
4083,0
4084,2
4085,5
4086,4
4087,2
4088,0
4089,2
4090,4
4091,4
4092,6
4093,6
4094,0
4095,0
4096,0
4097,4
4098,5
4099,2
4100,2
4101,5
4102,2
4103,2
4104,6
4105,2
4106,2
4107,5
4108,0
4109,0
4110,2
4111,2
4112,3
4113,2
4114,2
4115,2
4116,0
4117,0
4118,6
4119,2
4120,0
4121,2
4122,5
4123,4
4124,4
4125,2
4126,5
4127,3
4128,4
4129,2
4130,1
4131,2
4132,2
4133,5
4134,1
4135,3
4136,4
4137,2
4138,0
4139,2
4140,2
4141,2
4142,6
4143,2
4144,0
4145,0
4146,2
4147,2
4148,0
4149,0
4150,2
4151,2
4152,0
4153,2
4154,2
4155,2
4156,0
4157,2
4158,0
4159,0
4160,0
4161,2
4162,0
4163,6
4164,6
4165,2
4166,0
4167,1
4168,0
4169,1
4170,0
4171,2
4172,0
4173,6
4174,2
4175,0
4176,0
4177,2
4178,0
4179,0
4180,2
4181,6
4182,6
4183,2
4184,2
4185,4
4186,0
4187,0
4188,5
4189,0
4190,0
4191,1
4192,6
4193,1
4194,4
4195,2
4196,2
4197,0
4198,6
4199,4
4200,6
4201,2
4202,4
4203,6
4204,2
4205,2
4206,4
4207,1
4208,0
4209,4
4210,1
4211,0
4212,2
4213,4
4214,6
4215,0
4216,1
4217,0
4218,1
4219,2
4220,2
4221,0
4222,3
4223,2
4224,0
4225,2
4226,6
4227,4
4228,2
4229,6
4230,2
4231,4
4232,2
4233,0
4234,2
4235,2
4236,0
4237,4
4238,6
4239,1
4240,3
4241,0
4242,4
4243,0
4244,6
4245,3
4246,0
4247,0
4248,3
4249,0
4250,2
4251,4
4252,2
4253,4
4254,4
4255,0
4256,2
4257,2
4258,5
4259,2
4260,3
4261,1
4262,2
4263,0
4264,2
4265,5
4266,5
4267,5
4268,6
4269,0
4270,5
4271,0
4272,3
4273,4
4274,2
4275,2
4276,4
4277,1
4278,4
4279,0
4280,0
4281,2
4282,2
4283,2
4284,2
4285,2
4286,2
4287,3
4288,2
4289,2
4290,1
4291,4
4292,0
4293,0
4294,6
4295,2
4296,0
4297,0
4298,2
4299,0
4300,2
4301,2
4302,6
4303,0
4304,5
4305,6
4306,2
4307,0
4308,2
4309,0
4310,2
4311,2
4312,0
4313,2
4314,4
4315,2
4316,2
4317,1
4318,2
4319,4
4320,2
4321,5
4322,6
4323,5
4324,2
4325,0
4326,4
4327,2
4328,2
4329,5
4330,3
4331,2
4332,1
4333,0
4334,0
4335,2
4336,2
4337,0
4338,6
4339,0
4340,2
4341,0
4342,1
4343,2
4344,0
4345,0
4346,2
4347,6
4348,4
4349,6
4350,4
4351,2
4352,4
4353,0
4354,5
4355,0
4356,4
4357,2
4358,4
4359,2
4360,1
4361,4
4362,2
4363,0
4364,2
4365,2
4366,6
4367,0
4368,0
4369,0
4370,2
4371,0
4372,0
4373,2
4374,6
4375,4
4376,1
4377,2
4378,0
4379,2
4380,2
4381,2
4382,4
4383,2
4384,2
4385,2
4386,2
4387,6
4388,2
4389,2
4390,0
4391,5
4392,0
4393,5
4394,0
4395,0
4396,2
4397,0
4398,2
4399,6
4400,3
4401,4
4402,2
4403,2
4404,2
4405,2
4406,2
4407,0
4408,2
4409,2
4410,1
4411,2
4412,1
4413,5
4414,2
4415,4
4416,0
4417,4
4418,2
4419,0
4420,0
4421,3
4422,2
4423,4
4424,2
4425,2
4426,0
4427,6
4428,2
4429,0
4430,1
4431,5
4432,2
4433,0
4434,2
4435,2
4436,2
4437,4
4438,6
4439,2
4440,1
4441,0
4442,0
4443,2
4444,4
4445,3
4446,0
4447,5
4448,6
4449,5
4450,6
4451,4
4452,6
4453,3
4454,6
4455,0
4456,2
4457,0
4458,2
4459,0
4460,6
4461,2
4462,6
4463,6
4464,5
4465,0
4466,0
4467,2
4468,0
4469,6
4470,0
4471,2
4472,3
4473,0
4474,1
4475,2
4476,0
4477,1
4478,4
4479,5
4480,0
4481,3
4482,2
4483,2
4484,1
4485,4
4486,6
4487,4
4488,2
4489,2
4490,0
4491,0
4492,0
4493,2
4494,0
4495,2
4496,4
4497,2
4498,5
4499,2
4500,6
4501,2
4502,0
4503,2
4504,5
4505,0
4506,0
4507,2
4508,1
4509,3
4510,2
4511,2
4512,3
4513,6
4514,6
4515,2
4516,2
4517,2
4518,4
4519,4
4520,0
4521,2
4522,2
4523,6
4524,2
4525,0
4526,2
4527,0
4528,6
4529,2
4530,5
4531,5
4532,0
4533,6
4534,2
4535,2
4536,2
4537,0
4538,0
4539,2
4540,5
4541,2
4542,2
4543,0
4544,4
4545,2
4546,6
4547,2
4548,4
4549,2
4550,2
4551,0
4552,0
4553,4
4554,4
4555,2
4556,4
4557,6
4558,4
4559,2
4560,0
4561,2
4562,5
4563,3
4564,0
4565,2
4566,2
4567,2
4568,6
4569,3
4570,2
4571,0
4572,0
4573,1
4574,2
4575,2
4576,0
4577,2
4578,1
4579,2
4580,3
4581,2
4582,5
4583,4
4584,2
4585,6
4586,2
4587,6
4588,5
4589,2
4590,2
4591,2
4592,1
4593,6
4594,2
4595,0
4596,6
4597,2
4598,0
4599,6
4600,0
4601,4
4602,0
4603,2
4604,2
4605,0
4606,2
4607,2
4608,0
4609,0
4610,6
4611,2
4612,0
4613,2
4614,2
4615,1
4616,6
4617,6
4618,4
4619,2
4620,6
4621,2
4622,0
4623,5
4624,0
4625,4
4626,2
4627,2
4628,0
4629,2
4630,0
4631,2
4632,2
4633,2
4634,3
4635,2
4636,3
4637,2
4638,2
4639,4
4640,0
4641,6
4642,2
4643,0
4644,0
4645,4
4646,6
4647,0
4648,5
4649,5
4650,1
4651,2
4652,2
4653,6
4654,6
4655,2
4656,0
4657,6
4658,0
4659,2
4660,5
4661,2
4662,2
4663,2
4664,2
4665,2
4666,2
4667,1
4668,2
4669,0
4670,6
4671,0
4672,4
4673,1
4674,2
4675,0
4676,2
4677,5
4678,2
4679,2
4680,2
4681,0
4682,2
4683,0
4684,0
4685,0
4686,2
4687,0
4688,2
4689,6
4690,2
4691,2
4692,2
4693,5
4694,0
4695,0
4696,6
4697,2
4698,6
4699,2
4700,2
4701,2
4702,4
4703,0
4704,6
4705,0
4706,6
4707,2
4708,2
4709,3
4710,2
4711,0
4712,2
4713,2
4714,2
4715,2
4716,0
4717,0
4718,6
4719,0
4720,4
4721,1
4722,6
4723,2
4724,6
4725,2
4726,0
4727,0
4728,0
4729,0
4730,2
4731,2
4732,3
4733,4
4734,2
4735,6
4736,2
4737,6
4738,0
4739,0
4740,4
4741,0
4742,2
4743,4
4744,2
4745,4
4746,2
4747,4
4748,2
4749,2
4750,4
4751,2
4752,5
4753,0
4754,5
4755,4
4756,2
4757,2
4758,2
4759,0
4760,5
4761,1
4762,4
4763,2
4764,2
4765,2
4766,0
4767,2
4768,0
4769,0
4770,6
4771,2
4772,0
4773,2
4774,2
4775,3
4776,0
4777,3
4778,2
4779,3
4780,2
4781,6
4782,2
4783,3
4784,0
4785,2
4786,6
4787,5
4788,6
4789,1
4790,2
4791,4
4792,2
4793,0
4794,2
4795,2
4796,6
4797,5
4798,2
4799,2
4800,2
4801,2
4802,4
4803,2
4804,0
4805,4
4806,0
4807,4
4808,2
4809,2
4810,5
4811,5
4812,5
4813,0
4814,5
4815,2
4816,0
4817,0
4818,2
4819,2
4820,2
4821,0
4822,2
4823,6
4824,2
4825,1
4826,6
4827,2
4828,6
4829,2
4830,1
4831,2
4832,2
4833,4
4834,2
4835,4
4836,0
4837,6
4838,2
4839,2
4840,2
4841,4
4842,2
4843,2
4844,2
4845,2
4846,2
4847,0
4848,1
4849,4
4850,0
4851,1
4852,2
4853,2
4854,2
4855,5
4856,2
4857,6
4858,1
4859,2
4860,0
4861,2
4862,0
4863,0
4864,2
4865,6
4866,0
4867,4
4868,6
4869,6
4870,0
4871,6
4872,0
4873,0
4874,2
4875,6
4876,1
4877,4
4878,6
4879,1
4880,2
4881,6
4882,2
4883,4
4884,0
4885,4
4886,2
4887,0
4888,2
4889,0
4890,2
4891,0
4892,1
4893,6
4894,0
4895,4
4896,0
4897,2
4898,2
4899,2
4900,6
4901,2
4902,2
4903,3
4904,5
4905,0
4906,3
4907,6
4908,0
4909,6
4910,2
4911,2
4912,4
4913,2
4914,2
4915,2
4916,0
4917,1
4918,0
4919,6
4920,6
4921,0
4922,2
4923,2
4924,1
4925,2
4926,4
4927,2
4928,5
4929,1
4930,2
4931,2
4932,2
4933,2
4934,0
4935,6
4936,0
4937,3
4938,0
4939,5
4940,2
4941,2
4942,4
4943,0
4944,2
4945,3
4946,0
4947,2
4948,2
4949,2
4950,2
4951,2
4952,0
4953,4
4954,6
4955,0
4956,2
4957,4
4958,2
4959,4
4960,0
4961,3
4962,4
4963,2
4964,0
4965,6
4966,2
4967,2
4968,4
4969,2
4970,0
4971,0
4972,4
4973,6
4974,3
4975,0
4976,2
4977,2
4978,6
4979,0
4980,3
4981,0
4982,0
4983,2
4984,6
4985,0
4986,0
4987,2
4988,0
4989,0
4990,2
4991,6
4992,1
4993,0
4994,0
4995,3
4996,0
4997,2
4998,2
4999,6
5000,6
5001,2
5002,5
5003,0
5004,0
5005,6
5006,4
5007,1
5008,0
5009,1
5010,0
5011,5
5012,0
5013,2
5014,1
5015,6
5016,0
5017,2
5018,2
5019,2
5020,0
5021,0
5022,0
5023,1
5024,0
5025,2
5026,4
5027,2
5028,2
5029,2
5030,2
5031,0
5032,0
5033,6
5034,4
5035,2
5036,2
5037,2
5038,1
5039,0
5040,1
5041,2
5042,5
5043,6
5044,2
5045,2
5046,4
5047,6
5048,2
5049,0
5050,2
5051,2
5052,0
5053,2
5054,0
5055,5
5056,6
5057,0
5058,2
5059,2
5060,3
5061,5
5062,2
5063,2
5064,5
5065,2
5066,4
5067,0
5068,0
5069,2
5070,2
5071,2
5072,6
5073,0
5074,2
5075,6
5076,2
5077,0
5078,0
5079,4
5080,2
5081,0
5082,0
5083,2
5084,2
5085,0
5086,6
5087,1
5088,2
5089,0
5090,3
5091,2
5092,2
5093,2
5094,2
5095,6
5096,1
5097,1
5098,0
5099,0
5100,6
5101,2
5102,2
5103,2
5104,6
5105,2
5106,2
5107,4
5108,3
5109,2
5110,4
5111,1
5112,0
5113,2
5114,1
5115,2
5116,2
5117,2
5118,2
5119,2
5120,2
5121,2
5122,6
5123,0
5124,6
5125,0
5126,0
5127,5
5128,0
5129,1
5130,0
5131,2
5132,0
5133,3
5134,2
5135,0
5136,2
5137,4
5138,6
5139,2
5140,6
5141,3
5142,2
5143,2
5144,2
5145,2
5146,6
5147,2
5148,4
5149,1
5150,2
5151,0
5152,6
5153,2
5154,0
5155,2
5156,2
5157,4
5158,2
5159,5
5160,6
5161,1
5162,0
5163,2
5164,0
5165,2
5166,0
5167,2
5168,6
5169,4
5170,0
5171,6
5172,6
5173,6
5174,0
5175,6
5176,1
5177,0
5178,2
5179,2
5180,2
5181,1
5182,0
5183,2
5184,4
5185,2
5186,6
5187,6
5188,1
5189,2
5190,2
5191,2
5192,2
5193,6
5194,5
5195,0
5196,1
5197,4
5198,2
5199,4
5200,2
5201,3
5202,4
5203,0
5204,2
5205,6
5206,2
5207,0
5208,6
5209,4
5210,0
5211,2
5212,2
5213,1
5214,2
5215,0
5216,2
5217,2
5218,6
5219,5
5220,2
5221,2
5222,6
5223,2
5224,6
5225,6
5226,0
5227,4
5228,0
5229,1
5230,2
5231,4
5232,4
5233,2
5234,2
5235,2
5236,0
5237,2
5238,6
5239,0
5240,2
5241,5
5242,5
5243,0
5244,4
5245,0
5246,0
5247,1
5248,0
5249,0
5250,3
5251,5
5252,1
5253,3
5254,6
5255,0
5256,2
5257,0
5258,5
5259,2
5260,6
5261,5
5262,6
5263,2
5264,0
5265,1
5266,6
5267,2
5268,0
5269,0
5270,0
5271,3
5272,0
5273,2
5274,6
5275,0
5276,0
5277,2
5278,4
5279,2
5280,0
5281,0
5282,0
5283,2
5284,4
5285,5
5286,4
5287,0
5288,0
5289,2
5290,4
5291,2
5292,1
5293,5
5294,2
5295,4
5296,0
5297,0
5298,2
5299,4
5300,0
5301,2
5302,0
5303,4
5304,2
5305,2
5306,6
5307,2
5308,2
5309,4
5310,1
5311,4
5312,4
5313,6
5314,3
5315,2
5316,3
5317,3
5318,2
5319,0
5320,6
5321,3
5322,4
5323,2
5324,2
5325,2
5326,4
5327,0
5328,2
5329,5
5330,2
5331,2
5332,0
5333,2
5334,0
5335,2
5336,1
5337,6
5338,6
5339,2
5340,2
5341,2
5342,2
5343,0
5344,1
5345,2
5346,2
5347,0
5348,2
5349,2
5350,2
5351,6
5352,0
5353,2
5354,0
5355,6
5356,0
5357,1
5358,3
5359,2
5360,6
5361,5
5362,1
5363,6
5364,0
5365,6
5366,0
5367,0
5368,4
5369,4
5370,2
5371,6
5372,2
5373,0
5374,0
5375,2
5376,0
5377,3
5378,0
5379,4
5380,0
5381,0
5382,2
5383,0
5384,2
5385,4
5386,0
5387,4
5388,0
5389,0
5390,3
5391,1
5392,6
5393,1
5394,0
5395,0
5396,6
5397,6
5398,0
5399,2
5400,2
5401,2
5402,6
5403,2
5404,2
5405,0
5406,1
5407,0
5408,6
5409,6
5410,2
5411,3
5412,2
5413,2
5414,2
5415,0
5416,6
5417,3
5418,2
5419,1
5420,2
5421,0
5422,0
5423,2
5424,5
5425,6
5426,2
5427,3
5428,2
5429,0
5430,2
5431,2
5432,2
5433,3
5434,4
5435,6
5436,2
5437,6
5438,2
5439,4
5440,1
5441,6
5442,2
5443,3
5444,2
5445,0
5446,6
5447,0
5448,1
5449,0
5450,4
5451,2
5452,2
5453,0
5454,2
5455,0
5456,0
5457,2
5458,0
5459,0
5460,2
5461,6
5462,5
5463,6
5464,4
5465,2
5466,2
5467,2
5468,2
5469,2
5470,0
5471,4
5472,0
5473,2
5474,2
5475,2
5476,0
5477,0
5478,2
5479,1
5480,0
5481,2
5482,2
5483,1
5484,6
5485,1
5486,2
5487,0
5488,2
5489,2
5490,4
5491,2
5492,2
5493,4
5494,5
5495,1
5496,6
5497,0
5498,0
5499,2
5500,3
5501,5
5502,5
5503,2
5504,3
5505,1
5506,6
5507,0
5508,3
5509,2
5510,2
5511,6
5512,4
5513,0
5514,4
5515,2
5516,2
5517,0
5518,5
5519,2
5520,2
5521,4
5522,5
5523,1
5524,1
5525,2
5526,0
5527,6
5528,0
5529,5
5530,2
5531,5
5532,4
5533,6
5534,0
5535,2
5536,2
5537,6
5538,2
5539,2
5540,6
5541,2
5542,4
5543,2
5544,2
5545,2
5546,2
5547,0
5548,2
5549,2
5550,6
5551,1
5552,4
5553,0
5554,6
5555,0
5556,2
5557,0
5558,2
5559,2
5560,0
5561,0
5562,2
5563,5
5564,6
5565,2
5566,6
5567,5
5568,6
5569,0
5570,2
5571,0
5572,0
5573,2
5574,2
5575,0
5576,3
5577,4
5578,6
5579,1
5580,6
5581,2
5582,0
5583,6
5584,4
5585,4
5586,2
5587,0
5588,2
5589,6
5590,2
5591,3
5592,2
5593,6
5594,2
5595,2
5596,2
5597,2
5598,2
5599,1
5600,0
5601,0
5602,6
5603,0
5604,6
5605,0
5606,5
5607,6
5608,4
5609,0
5610,2
5611,2
5612,4
5613,2
5614,2
5615,0
5616,2
5617,0
5618,2
5619,0
5620,6
5621,0
5622,2
5623,2
5624,0
5625,0
5626,1
5627,1
5628,0
5629,1
5630,2
5631,6
5632,2
5633,6
5634,3
5635,3
5636,5
5637,2
5638,0
5639,0
5640,2
5641,2
5642,2
5643,4
5644,0
5645,2
5646,2
5647,4
5648,0
5649,2
5650,4
5651,2
5652,2
5653,6
5654,3
5655,0
5656,0
5657,6
5658,1
5659,2
5660,2
5661,0
5662,2
5663,0
5664,6
5665,3
5666,2
5667,1
5668,3
5669,0
5670,1
5671,2
5672,2
5673,0
5674,6
5675,0
5676,4
5677,2
5678,2
5679,2
5680,2
5681,5
5682,2
5683,2
5684,6
5685,0
5686,1
5687,6
5688,1
5689,0
5690,2
5691,4
5692,2
5693,0
5694,6
5695,2
5696,6
5697,4
5698,6
5699,2
5700,2
5701,0
5702,6
5703,2
5704,0
5705,0
5706,2
5707,2
5708,0
5709,2
5710,4
5711,0
5712,0
5713,3
5714,3
5715,6
5716,2
5717,3
5718,2
5719,2
5720,2
5721,0
5722,4
5723,0
5724,0
5725,0
5726,0
5727,3
5728,0
5729,4
5730,0
5731,2
5732,2
5733,2
5734,6
5735,2
5736,2
5737,0
5738,2
5739,2
5740,1
5741,3
5742,6
5743,0
5744,6
5745,2
5746,0
5747,2
5748,2
5749,0
5750,2
5751,2
5752,6
5753,6
5754,2
5755,4
5756,0
5757,6
5758,0
5759,2
5760,6
5761,3
5762,5
5763,0
5764,4
5765,0
5766,5
5767,2
5768,6
5769,2
5770,4
5771,0
5772,5
5773,0
5774,0
5775,0
5776,2
5777,4
5778,2
5779,0
5780,0
5781,2
5782,0
5783,0
5784,2
5785,2
5786,1
5787,2
5788,0
5789,2
5790,5
5791,6
5792,0
5793,6
5794,6
5795,0
5796,2
5797,1
5798,0
5799,0
5800,4
5801,2
5802,0
5803,2
5804,6
5805,0
5806,2
5807,2
5808,2
5809,6
5810,2
5811,3
5812,0
5813,0
5814,3
5815,6
5816,6
5817,1
5818,6
5819,4
5820,3
5821,0
5822,2
5823,0
5824,0
5825,0
5826,1
5827,4
5828,4
5829,2
5830,4
5831,2
5832,0
5833,4
5834,4
5835,1
5836,2
5837,0
5838,1
5839,0
5840,0
5841,6
5842,2
5843,2
5844,2
5845,0
5846,1
5847,3
5848,2
5849,2
5850,6
5851,4
5852,6
5853,3
5854,0
5855,0
5856,0
5857,3
5858,6
5859,1
5860,2
5861,4
5862,0
5863,2
5864,2
5865,2
5866,2
5867,2
5868,2
5869,1
5870,2
5871,2
5872,6
5873,5
5874,0
5875,5
5876,5
5877,6
5878,0
5879,6
5880,2
5881,2
5882,2
5883,2
5884,2
5885,4
5886,4
5887,0
5888,4
5889,0
5890,2
5891,2
5892,5
5893,2
5894,6
5895,2
5896,2
5897,0
5898,2
5899,0
5900,4
5901,2
5902,0
5903,2
5904,6
5905,2
5906,4
5907,2
5908,0
5909,6
5910,2
5911,2
5912,0
5913,0
5914,0
5915,0
5916,1
5917,2
5918,0
5919,1
5920,0
5921,0
5922,2
5923,2
5924,0
5925,2
5926,0
5927,4
5928,5
5929,2
5930,3
5931,2
5932,0
5933,6
5934,0
5935,4
5936,2
5937,2
5938,0
5939,2
5940,6
5941,2
5942,1
5943,4
5944,1
5945,0
5946,3
5947,1
5948,2
5949,2
5950,5
5951,2
5952,6
5953,0
5954,6
5955,2
5956,1
5957,2
5958,0
5959,2
5960,2
5961,2
5962,2
5963,0
5964,2
5965,1
5966,0
5967,6
5968,1
5969,2
5970,2
5971,0
5972,5
5973,2
5974,2
5975,4
5976,2
5977,6
5978,2
5979,6
5980,4
5981,2
5982,0
5983,2
5984,0
5985,6
5986,0
5987,2
5988,5
5989,6
5990,6
5991,0
5992,1
5993,4
5994,3
5995,0
5996,0
5997,0
5998,1
5999,0
6000,2
6001,1
6002,2
6003,6
6004,5
6005,0
6006,0
6007,0
6008,2
6009,2
6010,4
6011,0
6012,6
6013,2
6014,2
6015,6
6016,6
6017,0
6018,4
6019,2
6020,0
6021,6
6022,3
6023,4
6024,1
6025,4
6026,0
6027,4
6028,2
6029,4
6030,0
6031,6
6032,2
6033,2
6034,3
6035,2
6036,0
6037,5
6038,0
6039,5
6040,2
6041,0
6042,2
6043,6
6044,0
6045,0
6046,1
6047,2
6048,1
6049,2
6050,2
6051,0
6052,2
6053,2
6054,2
6055,2
6056,2
6057,0
6058,1
6059,4
6060,0
6061,5
6062,2
6063,0
6064,6
6065,3
6066,0
6067,6
6068,2
6069,0
6070,2
6071,0
6072,0
6073,6
6074,2
6075,1
6076,2
6077,2
6078,1
6079,6
6080,5
6081,2
6082,2
6083,2
6084,2
6085,2
6086,0
6087,0
6088,6
6089,0
6090,2
6091,6
6092,0
6093,0
6094,2
6095,2
6096,2
6097,0
6098,0
6099,2
6100,4
6101,1
6102,2
6103,2
6104,2
6105,6
6106,0
6107,2
6108,1
6109,0
6110,4
6111,0
6112,2
6113,6
6114,6
6115,0
6116,2
6117,0
6118,6
6119,4
6120,2
6121,6
6122,0
6123,2
6124,2
6125,5
6126,3
6127,1
6128,6
6129,0
6130,2
6131,2
6132,4
6133,2
6134,6
6135,2
6136,0
6137,1
6138,4
6139,1
6140,4
6141,2
6142,6
6143,6
6144,0
6145,5
6146,2
6147,5
6148,2
6149,0
6150,2
6151,6
6152,2
6153,0
6154,2
6155,0
6156,6
6157,0
6158,5
6159,2
6160,2
6161,3
6162,2
6163,2
6164,4
6165,2
6166,1
6167,0
6168,5
6169,3
6170,4
6171,0
6172,0
6173,5
6174,5
6175,0
6176,4
6177,5
6178,2
6179,2
6180,2
6181,5
6182,2
6183,2
6184,0
6185,6
6186,4
6187,0
6188,2
6189,0
6190,0
6191,2
6192,2
6193,2
6194,3
6195,6
6196,0
6197,2
6198,2
6199,0
6200,2
6201,2
6202,6
6203,0
6204,6
6205,2
6206,2
6207,2
6208,1
6209,2
6210,0
6211,2
6212,6
6213,2
6214,0
6215,0
6216,2
6217,2
6218,2
6219,2
6220,2
6221,6
6222,2
6223,3
6224,2
6225,2
6226,3
6227,2
6228,2
6229,2
6230,2
6231,2
6232,3
6233,5
6234,2
6235,2
6236,6
6237,1
6238,6
6239,0
6240,0
6241,2
6242,6
6243,4
6244,2
6245,4
6246,2
6247,0
6248,4
6249,2
6250,0
6251,2
6252,2
6253,3
6254,4
6255,2
6256,0
6257,1
6258,1
6259,5
6260,3
6261,0
6262,2
6263,2
6264,6
6265,0
6266,6
6267,2
6268,5
6269,2
6270,2
6271,6
6272,2
6273,2
6274,6
6275,0
6276,3
6277,6
6278,2
6279,2
6280,4
6281,6
6282,6
6283,0
6284,0
6285,2
6286,2
6287,6
6288,2
6289,2
6290,2
6291,6
6292,5
6293,0
6294,6
6295,0
6296,4
6297,2
6298,2
6299,4
6300,0
6301,5
6302,4
6303,2
6304,4
6305,4
6306,2
6307,1
6308,2
6309,0
6310,2
6311,2
6312,3
6313,0
6314,0
6315,0
6316,1
6317,2
6318,4
6319,2
6320,2
6321,6
6322,0
6323,2
6324,0
6325,4
6326,2
6327,6
6328,2
6329,0
6330,4
6331,0
6332,0
6333,0
6334,2
6335,2
6336,0
6337,1
6338,0
6339,0
6340,2
6341,0
6342,0
6343,2
6344,0
6345,6
6346,2
6347,0
6348,2
6349,0
6350,6
6351,0
6352,2
6353,1
6354,1
6355,0
6356,2
6357,2
6358,0
6359,0
6360,5
6361,2
6362,2
6363,2
6364,2
6365,2
6366,5
6367,0
6368,0
6369,2
6370,0
6371,2
6372,0
6373,2
6374,2
6375,0
6376,2
6377,0
6378,2
6379,0
6380,3
6381,2
6382,6
6383,1
6384,2
6385,2
6386,4
6387,0
6388,6
6389,0
6390,3
6391,3
6392,0
6393,2
6394,6
6395,1
6396,6
6397,2
6398,6
6399,2
6400,6
6401,6
6402,0
6403,0
6404,2
6405,2
6406,2
6407,0
6408,6
6409,2
6410,6
6411,2
6412,4
6413,0
6414,3
6415,0
6416,1
6417,2
6418,1
6419,4
6420,5
6421,6
6422,6
6423,1
6424,0
6425,2
6426,2
6427,5
6428,0
6429,2
6430,2
6431,2
6432,0
6433,0
6434,2
6435,6
6436,4
6437,2
6438,2
6439,6
6440,2
6441,5
6442,4
6443,2
6444,2
6445,2
6446,0
6447,4
6448,2
6449,6
6450,1
6451,0
6452,0
6453,2
6454,2
6455,3
6456,2
6457,6
6458,2
6459,0
6460,6
6461,3
6462,0
6463,0
6464,0
6465,2
6466,0
6467,2
6468,0
6469,0
6470,0
6471,5
6472,2
6473,2
6474,2
6475,0
6476,1
6477,0
6478,2
6479,4
6480,2
6481,2
6482,2
6483,0
6484,2
6485,0
6486,1
6487,0
6488,2
6489,0
6490,2
6491,0
6492,0
6493,6
6494,2
6495,2
6496,2
6497,2
6498,0
6499,4
6500,0
6501,6
6502,0
6503,2
6504,0
6505,0
6506,6
6507,2
6508,6
6509,2
6510,2
6511,2
6512,6
6513,4
6514,0
6515,2
6516,0
6517,2
6518,2
6519,4
6520,2
6521,2
6522,2
6523,2
6524,2
6525,4
6526,2
6527,2
6528,2
6529,2
6530,2
6531,4
6532,6
6533,5
6534,0
6535,0
6536,2
6537,0
6538,6
6539,6
6540,0
6541,2
6542,0
6543,0
6544,6
6545,0
6546,0
6547,2
6548,4
6549,4
6550,5
6551,2
6552,0
6553,0
6554,2
6555,2
6556,2
6557,6
6558,0
6559,1
6560,0
6561,2
6562,4
6563,2
6564,0
6565,6
6566,0
6567,2
6568,2
6569,0
6570,0
6571,2
6572,2
6573,0
6574,2
6575,2
6576,4
6577,0
6578,0
6579,3
6580,2
6581,5
6582,2
6583,2
6584,4
6585,2
6586,2
6587,2
6588,2
6589,1
6590,5
6591,2
6592,1
6593,2
6594,3
6595,2
6596,0
6597,0
6598,6
6599,2
6600,6
6601,4
6602,4
6603,3
6604,0
6605,2
6606,0
6607,6
6608,5
6609,6
6610,2
6611,6
6612,0
6613,2
6614,0
6615,2
6616,5
6617,1
6618,6
6619,2
6620,1
6621,0
6622,0
6623,2
6624,2
6625,2
6626,0
6627,0
6628,1
6629,0
6630,6
6631,2
6632,6
6633,2
6634,0
6635,4
6636,0
6637,2
6638,2
6639,0
6640,6
6641,1
6642,5
6643,1
6644,5
6645,4
6646,0
6647,6
6648,0
6649,0
6650,2
6651,2
6652,6
6653,4
6654,0
6655,4
6656,6
6657,0
6658,0
6659,2
6660,2
6661,2
6662,2
6663,4
6664,3
6665,1
6666,5
6667,0
6668,6
6669,2
6670,2
6671,2
6672,2
6673,0
6674,0
6675,0
6676,0
6677,0
6678,6
6679,4
6680,2
6681,2
6682,6
6683,5
6684,2
6685,2
6686,0
6687,0
6688,6
6689,1
6690,2
6691,0
6692,5
6693,0
6694,2
6695,2
6696,4
6697,0
6698,0
6699,4
6700,2
6701,0
6702,2
6703,2
6704,6
6705,6
6706,2
6707,2
6708,6
6709,6
6710,0
6711,6
6712,0
6713,0
6714,6
6715,4
6716,5
6717,2
6718,2
6719,2
6720,4
6721,2
6722,5
6723,6
6724,4
6725,2
6726,4
6727,2
6728,1
6729,2
6730,2
6731,0
6732,4
6733,2
6734,2
6735,6
6736,5
6737,0
6738,5
6739,2
6740,2
6741,6
6742,1
6743,0
6744,0
6745,4
6746,4
6747,6
6748,0
6749,2
6750,0
6751,2
6752,6
6753,1
6754,3
6755,2
6756,5
6757,0
6758,6
6759,4
6760,2
6761,3
6762,2
6763,1
6764,4
6765,2
6766,4
6767,2
6768,4
6769,2
6770,2
6771,4
6772,2
6773,4
6774,4
6775,0
6776,2
6777,2
6778,0
6779,2
6780,5
6781,0
6782,2
6783,2
6784,1
6785,1
6786,1
6787,0
6788,2
6789,2
6790,2
6791,2
6792,2
6793,0
6794,3
6795,0
6796,0
6797,2
6798,2
6799,2
6800,2
6801,2
6802,2
6803,6
6804,2
6805,2
6806,2
6807,2
6808,2
6809,0
6810,2
6811,2
6812,2
6813,1
6814,0
6815,5
6816,1
6817,0
6818,5
6819,2
6820,2
6821,2
6822,0
6823,0
6824,2
6825,5
6826,0
6827,2
6828,2
6829,2
6830,2
6831,6
6832,6
6833,0
6834,2
6835,2
6836,2
6837,0
6838,2
6839,2
6840,1
6841,2
6842,0
6843,2
6844,3
6845,2
6846,0
6847,2
6848,4
6849,2
6850,2
6851,0
6852,0
6853,2
6854,0
6855,6
6856,4
6857,1
6858,6
6859,0
6860,1
6861,6
6862,6
6863,0
6864,2
6865,0
6866,0
6867,1
6868,0
6869,0
6870,1
6871,0
6872,2
6873,6
6874,2
6875,1
6876,2
6877,4
6878,4
6879,6
6880,6
6881,0
6882,2
6883,2
6884,0
6885,3
6886,1
6887,2
6888,4
6889,3
6890,5
6891,0
6892,2
6893,2
6894,5
6895,2
6896,5
6897,2
6898,3
6899,2
6900,2
6901,2
6902,5
6903,2
6904,0
6905,0
6906,2
6907,0
6908,6
6909,0
6910,0
6911,2
6912,0
6913,5
6914,1
6915,2
6916,2
6917,2
6918,0
6919,5
6920,6
6921,0
6922,2
6923,0
6924,2
6925,1
6926,0
6927,2
6928,2
6929,2
6930,4
6931,2
6932,3
6933,0
6934,6
6935,0
6936,2
6937,0
6938,2
6939,1
6940,2
6941,2
6942,2
6943,4
6944,1
6945,6
6946,1
6947,2
6948,5
6949,2
6950,2
6951,2
6952,1
6953,0
6954,2
6955,0
6956,5
6957,2
6958,6
6959,1
6960,6
6961,0
6962,6
6963,6
6964,1
6965,2
6966,6
6967,2
6968,3
6969,0
6970,2
6971,2
6972,0
6973,6
6974,0
6975,6
6976,2
6977,2
6978,0
6979,0
6980,2
6981,1
6982,0
6983,6
6984,2
6985,4
6986,4
6987,2
6988,0
6989,0
6990,1
6991,0
6992,2
6993,2
6994,6
6995,2
6996,6
6997,2
6998,2
6999,2
7000,0
7001,0
7002,1
7003,0
7004,0
7005,0
7006,2
7007,6
7008,0
7009,2
7010,1
7011,4
7012,1
7013,2
7014,0
7015,2
7016,0
7017,0
7018,6
7019,1
7020,2
7021,0
7022,2
7023,2
7024,0
7025,0
7026,2
7027,6
7028,4
7029,1
7030,3
7031,2
7032,0
7033,1
7034,3
7035,5
7036,3
7037,6
7038,2
7039,2
7040,2
7041,2
7042,3
7043,1
7044,2
7045,2
7046,2
7047,2
7048,2
7049,0
7050,2
7051,0
7052,4
7053,0
7054,0
7055,0
7056,2
7057,2
7058,4
7059,2
7060,0
7061,0
7062,0
7063,2
7064,1
7065,0
7066,0
7067,2
7068,4
7069,2
7070,2
7071,2
7072,0
7073,0
7074,2
7075,2
7076,2
7077,4
7078,2
7079,0
7080,0
7081,2
7082,1
7083,6
7084,2
7085,6
7086,2
7087,2
7088,6
7089,4
7090,0
7091,2
7092,0
7093,3
7094,2
7095,3
7096,0
7097,2
7098,2
7099,0
7100,2
7101,2
7102,0
7103,0
7104,4
7105,6
7106,2
7107,2
7108,2
7109,2
7110,2
7111,0
7112,2
7113,5
7114,2
7115,2
7116,1
7117,2
7118,0
7119,6
7120,0
7121,6
7122,0
7123,6
7124,2
7125,2
7126,1
7127,2
7128,2
7129,1
7130,2
7131,2
7132,5
7133,1
7134,6
7135,2
7136,2
7137,2
7138,2
7139,0
7140,3
7141,2
7142,0
7143,0
7144,2
7145,0
7146,2
7147,0
7148,5
7149,6
7150,0
7151,2
7152,4
7153,2
7154,1
7155,0
7156,0
7157,0
7158,0
7159,6
7160,6
7161,6
7162,2
7163,6
7164,5
7165,3
7166,6
7167,2
7168,3
7169,2
7170,2
7171,0
7172,0
7173,5
7174,5
7175,0
7176,2
7177,0
7178,2
7179,0
7180,1
7181,2
7182,2
7183,4
7184,6
7185,2
7186,2
7187,0
7188,2
7189,2
7190,2
7191,1
7192,0
7193,6
7194,6
7195,5
7196,6
7197,1
7198,6
7199,2
7200,0
7201,2
7202,2
7203,6
7204,3
7205,4
7206,2
7207,2
7208,1
7209,2
7210,0
7211,2
7212,2
7213,6
7214,5
7215,0
7216,2
7217,2
7218,2
7219,2
7220,1
7221,6
7222,1
7223,0
7224,0
7225,0
7226,0
7227,5
7228,6
7229,0
7230,0
7231,6
7232,4
7233,0
7234,3
7235,4
7236,2
7237,0
7238,4
7239,0
7240,2
7241,2
7242,2
7243,1
7244,6
7245,2
7246,2
7247,2
7248,0
7249,0
7250,2
7251,2
7252,0
7253,6
7254,2
7255,6
7256,5
7257,0
7258,2
7259,6
7260,0
7261,0
7262,0
7263,2
7264,4
7265,6
7266,4
7267,0
7268,2
7269,2
7270,2
7271,5
7272,6
7273,0
7274,2
7275,2
7276,2
7277,1
7278,6
7279,0
7280,0
7281,0
7282,0
7283,2
7284,2
7285,2
7286,0
7287,2
7288,2
7289,0
7290,2
7291,6
7292,2
7293,0
7294,0
7295,2
7296,0
7297,2
7298,2
7299,6
7300,4
7301,5
7302,1
7303,0
7304,2
7305,6
7306,3
7307,2
7308,0
7309,4
7310,6
7311,0
7312,6
7313,2
7314,6
7315,4
7316,0
7317,2
7318,0
7319,2
7320,2
7321,6
7322,2
7323,5
7324,4
7325,2
7326,2
7327,3
7328,0
7329,0
7330,0
7331,2
7332,2
7333,2
7334,6
7335,5
7336,4
7337,2
7338,2
7339,2
7340,6
7341,4
7342,2
7343,2
7344,1
7345,2
7346,5
7347,2
7348,5
7349,0
7350,1
7351,4
7352,0
7353,6
7354,3
7355,0
7356,0
7357,6
7358,2
7359,2
7360,0
7361,2
7362,0
7363,6
7364,2
7365,0
7366,0
7367,0
7368,0
7369,2
7370,2
7371,6
7372,0
7373,2
7374,5
7375,2
7376,2
7377,1
7378,0
7379,0
7380,0
7381,4
7382,6
7383,2
7384,2
7385,2
7386,2
7387,5
7388,2
7389,2
7390,1
7391,2
7392,3
7393,0
7394,2
7395,2
7396,0
7397,2
7398,2
7399,0
7400,2
7401,0
7402,2
7403,0
7404,0
7405,5
7406,0
7407,2
7408,6
7409,2
7410,2
7411,0
7412,6
7413,2
7414,2
7415,0
7416,2
7417,3
7418,2
7419,6
7420,0
7421,0
7422,0
7423,4
7424,0
7425,2
7426,2
7427,2
7428,0
7429,6
7430,2
7431,1
7432,2
7433,1
7434,2
7435,3
7436,6
7437,0
7438,2
7439,2
7440,2
7441,2
7442,2
7443,2
7444,0
7445,1
7446,0
7447,3
7448,6
7449,2
7450,3
7451,6
7452,6
7453,3
7454,4
7455,2
7456,0
7457,2
7458,6
7459,0
7460,2
7461,2
7462,2
7463,6
7464,0
7465,2
7466,0
7467,2
7468,4
7469,0
7470,2
7471,0
7472,0
7473,2
7474,2
7475,4
7476,0
7477,0
7478,2
7479,6
7480,0
7481,2
7482,2
7483,2
7484,6
7485,4
7486,2
7487,2
7488,1
7489,2
7490,6
7491,2
7492,6
7493,1
7494,2
7495,0
7496,2
7497,4
7498,1
7499,2
7500,2
7501,6
7502,0
7503,2
7504,2
7505,2
7506,2
7507,2
7508,2
7509,0
7510,2
7511,0
7512,2
7513,2
7514,6
7515,2
7516,3
7517,3
7518,3
7519,4
7520,0
7521,4
7522,0
7523,2
7524,2
7525,3
7526,0
7527,2
7528,4
7529,6
7530,0
7531,2
7532,4
7533,6
7534,2
7535,2
7536,6
7537,5
7538,0
7539,2
7540,1
7541,2
7542,0
7543,2
7544,1
7545,2
7546,2
7547,6
7548,4
7549,1
7550,3
7551,0
7552,2
7553,6
7554,2
7555,4
7556,6
7557,0
7558,0
7559,2
7560,0
7561,3
7562,2
7563,5
7564,4
7565,0
7566,2
7567,0
7568,6
7569,4
7570,2
7571,0
7572,3
7573,0
7574,4
7575,0
7576,6
7577,2
7578,6
7579,2
7580,0
7581,0
7582,6
7583,0
7584,4
7585,0
7586,2
7587,6
7588,0
7589,2
7590,2
7591,4
7592,1
7593,5
7594,6
7595,2
7596,6
7597,0
7598,2
7599,0
7600,2
7601,2
7602,2
7603,2
7604,5
7605,0
7606,2
7607,0
7608,2
7609,0
7610,0
7611,0
7612,0
7613,2
7614,2
7615,2
7616,5
7617,0
7618,2
7619,2
7620,3
7621,4
7622,0
7623,4
7624,4
7625,6
7626,0
7627,2
7628,0
7629,3
7630,5
7631,2
7632,3
7633,2
7634,2
7635,0
7636,0
7637,2
7638,2
7639,2
7640,2
7641,2
7642,0
7643,1
7644,0
7645,2
7646,4
7647,2
7648,6
7649,0
7650,6
7651,6
7652,0
7653,2
7654,6
7655,2
7656,4
7657,0
7658,0
7659,4
7660,6
7661,0
7662,2
7663,3
7664,2
7665,1
7666,6
7667,0
7668,2
7669,4
7670,2
7671,0
7672,4
7673,2
7674,2
7675,2
7676,2
7677,2
7678,1
7679,2
7680,0
7681,4
7682,2
7683,0
7684,6
7685,2
7686,2
7687,0
7688,1
7689,2
7690,3
7691,2
7692,2
7693,0
7694,2
7695,2
7696,2
7697,4
7698,6
7699,2
7700,4
7701,3
7702,5
7703,0
7704,2
7705,0
7706,6
7707,1
7708,5
7709,2
7710,2
7711,1
7712,4
7713,2
7714,2
7715,5
7716,3
7717,2
7718,6
7719,5
7720,3
7721,0
7722,1
7723,6
7724,2
7725,1
7726,2
7727,5
7728,0
7729,1
7730,2
7731,0
7732,0
7733,6
7734,0
7735,0
7736,0
7737,2
7738,4
7739,0
7740,2
7741,0
7742,2
7743,2
7744,6
7745,2
7746,2
7747,2
7748,2
7749,0
7750,6
7751,6
7752,2
7753,2
7754,0
7755,4
7756,0
7757,2
7758,4
7759,6
7760,4
7761,0
7762,6
7763,2
7764,0
7765,0
7766,2
7767,1
7768,0
7769,2
7770,3
7771,0
7772,2
7773,0
7774,0
7775,2
7776,2
7777,6
7778,0
7779,0
7780,3
7781,0
7782,4
7783,2
7784,0
7785,0
7786,0
7787,1
7788,0
7789,2
7790,2
7791,2
7792,2
7793,2
7794,0
7795,0
7796,0
7797,1
7798,0
7799,2
7800,1
7801,4
7802,6
7803,2
7804,2
7805,1
7806,4
7807,0
7808,0
7809,4
7810,0
7811,1
7812,1
7813,5
7814,2
7815,2
7816,2
7817,5
7818,1
7819,2
7820,2
7821,6
7822,2
7823,5
7824,0
7825,1
7826,2
7827,0
7828,0
7829,0
7830,1
7831,1
7832,2
7833,4
7834,2
7835,2
7836,2
7837,0
7838,2
7839,0
7840,4
7841,2
7842,0
7843,6
7844,5
7845,4
7846,2
7847,2
7848,5
7849,6
7850,6
7851,2
7852,0
7853,2
7854,3
7855,0
7856,2
7857,2
7858,4
7859,0
7860,1
7861,2
7862,2
7863,1
7864,6
7865,0
7866,6
7867,2
7868,2
7869,6
7870,2
7871,1
7872,1
7873,0
7874,1
7875,0
7876,2
7877,6
7878,0
7879,2
7880,2
7881,6
7882,2
7883,2
7884,0
7885,6
7886,2
7887,5
7888,4
7889,0
7890,6
7891,4
7892,4
7893,0
7894,0
7895,5
7896,2
7897,0
7898,2
7899,2
7900,6
7901,2
7902,0
7903,2
7904,6
7905,0
7906,2
7907,0
7908,2
7909,6
7910,0
7911,2
7912,2
7913,2
7914,6
7915,2
7916,0
7917,2
7918,1
7919,3
7920,2
7921,0
7922,4
7923,0
7924,2
7925,0
7926,6
7927,0
7928,4
7929,0
7930,2
7931,1
7932,0
7933,2
7934,2
7935,4
7936,2
7937,2
7938,2
7939,6
7940,0
7941,1
7942,4
7943,0
7944,0
7945,2
7946,0
7947,4
7948,1
7949,3
7950,0
7951,0
7952,4
7953,0
7954,3
7955,2
7956,0
7957,6
7958,0
7959,0
7960,2
7961,2
7962,6
7963,0
7964,0
7965,2
7966,2
7967,2
7968,4
7969,2
7970,0
7971,2
7972,0
7973,2
7974,0
7975,2
7976,6
7977,3
7978,0
7979,2
7980,2
7981,0
7982,2
7983,4
7984,0
7985,0
7986,2
7987,3
7988,6
7989,4
7990,2
7991,4
7992,2
7993,2
7994,0
7995,0
7996,2
7997,4
7998,0
7999,0
8000,0
8001,2
8002,2
8003,0
8004,6
8005,0
8006,0
8007,6
8008,1
8009,2
8010,6
8011,3
8012,6
8013,0
8014,3
8015,0
8016,0
8017,6
8018,0
8019,2
8020,0
8021,2
8022,2
8023,6
8024,2
8025,6
8026,0
8027,4
8028,0
8029,0
8030,3
8031,0
8032,1
8033,0
8034,3
8035,2
8036,0
8037,0
8038,2
8039,4
8040,2
8041,4
8042,2
8043,0
8044,0
8045,4
8046,0
8047,3
8048,2
8049,6
8050,6
8051,2
8052,2
8053,6
8054,3
8055,1
8056,2
8057,0
8058,0
8059,6
8060,6
8061,4
8062,4
8063,2
8064,6
8065,2
8066,2
8067,2
8068,0
8069,3
8070,3
8071,5
8072,2
8073,2
8074,3
8075,2
8076,3
8077,4
8078,4
8079,6
8080,3
8081,2
8082,2
8083,0
8084,2
8085,2
8086,4
8087,2
8088,2
8089,1
8090,0
8091,6
8092,2
8093,3
8094,0
8095,2
8096,2
8097,2
8098,4
8099,2
8100,2
8101,2
8102,5
8103,2
8104,2
8105,2
8106,0
8107,0
8108,0
8109,4
8110,0
8111,2
8112,0
8113,1
8114,0
8115,2
8116,0
8117,2
8118,6
8119,1
8120,0
8121,2
8122,6
8123,6
8124,4
8125,4
8126,1
8127,0
8128,0
8129,6
8130,2
8131,6
8132,2
8133,2
8134,0
8135,0
8136,3
8137,3
8138,2
8139,0
8140,4
8141,2
8142,0
8143,0
8144,2
8145,3
8146,0
8147,6
8148,3
8149,0
8150,3
8151,2
8152,0
8153,2
8154,2
8155,1
8156,2
8157,2
8158,0
8159,4
8160,6
8161,2
8162,0
8163,2
8164,4
8165,0
8166,6
8167,6
8168,5
8169,2
8170,5
8171,0
8172,3
8173,2
8174,4
8175,1
8176,0
8177,5
8178,0
8179,2
8180,3
8181,6
8182,2
8183,6
8184,6
8185,5
8186,2
8187,1
8188,5
8189,2
8190,0
8191,2
8192,0
8193,6
8194,0
8195,3
8196,2
8197,6
8198,2
8199,5
8200,0
8201,0
8202,0
8203,0
8204,6
8205,2
8206,4
8207,3
8208,3
8209,2
8210,6
8211,2
8212,2
8213,2
8214,1
8215,2
8216,2
8217,2
8218,5
8219,2
8220,1
8221,0
8222,0
8223,0
8224,1
8225,2
8226,3
8227,1
8228,4
8229,0
8230,1
8231,6
8232,2
8233,5
8234,6
8235,2
8236,2
8237,2
8238,1
8239,2
8240,6
8241,0
8242,3
8243,2
8244,2
8245,0
8246,6
8247,3
8248,2
8249,0
8250,6
8251,2
8252,6
8253,0
8254,2
8255,3
8256,1
8257,2
8258,0
8259,6
8260,6
8261,0
8262,4
8263,6
8264,5
8265,6
8266,4
8267,2
8268,4
8269,2
8270,4
8271,0
8272,5
8273,0
8274,4
8275,2
8276,0
8277,5
8278,5
8279,1
8280,0
8281,2
8282,2
8283,2
8284,2
8285,0
8286,0
8287,2
8288,0
8289,3
8290,1
8291,0
8292,0
8293,1
8294,0
8295,4
8296,2
8297,6
8298,1
8299,5
8300,3
8301,6
8302,2
8303,5
8304,4
8305,2
8306,4
8307,4
8308,0
8309,6
8310,1
8311,6
8312,6
8313,2
8314,5
8315,0
8316,2
8317,0
8318,2
8319,0
8320,2
8321,3
8322,0
8323,3
8324,6
8325,2
8326,6
8327,1
8328,0
8329,2
8330,1
8331,2
8332,1
8333,3
8334,5
8335,6
8336,1
8337,2
8338,3
8339,6
8340,2
8341,2
8342,0
8343,0
8344,4
8345,6
8346,2
8347,0
8348,2
8349,3
8350,2
8351,3
8352,2
8353,4
8354,1
8355,5
8356,1
8357,0
8358,2
8359,6
8360,4
8361,6
8362,2
8363,2
8364,6
8365,3
8366,2
8367,2
8368,0
8369,2
8370,6
8371,2
8372,4
8373,6
8374,4
8375,2
8376,2
8377,2
8378,2
8379,2
8380,0
8381,2
8382,2
8383,6
8384,0
8385,4
8386,2
8387,6
8388,5
8389,0
8390,2
8391,3
8392,0
8393,1
8394,0
8395,2
8396,0
8397,0
8398,0
8399,6
8400,0
8401,0
8402,2
8403,2
8404,1
8405,4
8406,6
8407,0
8408,0
8409,2
8410,2
8411,2
8412,6
8413,5
8414,3
8415,2
8416,6
8417,0
8418,4
8419,0
8420,5
8421,0
8422,0
8423,2
8424,5
8425,5
8426,2
8427,2
8428,2
8429,2
8430,1
8431,2
8432,2
8433,2
8434,4
8435,6
8436,1
8437,2
8438,0
8439,5
8440,2
8441,1
8442,6
8443,6
8444,0
8445,6
8446,0
8447,6
8448,4
8449,6
8450,1
8451,2
8452,6
8453,2
8454,0
8455,2
8456,0
8457,2
8458,2
8459,2
8460,0
8461,2
8462,4
8463,2
8464,1
8465,2
8466,3
8467,3
8468,0
8469,0
8470,2
8471,4
8472,2
8473,2
8474,2
8475,1
8476,0
8477,2
8478,2
8479,2
8480,2
8481,2
8482,0
8483,1
8484,5
8485,6
8486,6
8487,0
8488,3
8489,2
8490,0
8491,2
8492,5
8493,2
8494,1
8495,2
8496,6
8497,2
8498,0
8499,1
8500,2
8501,2
8502,3
8503,1
8504,2
8505,1
8506,1
8507,0
8508,2
8509,6
8510,2
8511,2
8512,2
8513,2
8514,0
8515,0
8516,0
8517,2
8518,0
8519,2
8520,5
8521,0
8522,3
8523,6
8524,2
8525,2
8526,2
8527,0
8528,0
8529,2
8530,0
8531,2
8532,5
8533,0
8534,4
8535,2
8536,2
8537,2
8538,2
8539,4
8540,1
8541,4
8542,2
8543,2
8544,2
8545,6
8546,4
8547,2
8548,2
8549,0
8550,2
8551,1
8552,6
8553,2
8554,6
8555,6
8556,2
8557,2
8558,4
8559,6
8560,2
8561,0
8562,6
8563,6
8564,2
8565,2
8566,2
8567,4
8568,2
8569,0
8570,6
8571,5
8572,0
8573,2
8574,2
8575,6
8576,2
8577,2
8578,2
8579,0
8580,6
8581,4
8582,2
8583,6
8584,0
8585,0
8586,2
8587,4
8588,1
8589,2
8590,0
8591,2
8592,5
8593,6
8594,0
8595,6
8596,2
8597,5
8598,0
8599,6
8600,6
8601,2
8602,2
8603,2
8604,0
8605,2
8606,2
8607,2
8608,1
8609,6
8610,4
8611,2
8612,0
8613,2
8614,0
8615,0
8616,2
8617,2
8618,0
8619,2
8620,2
8621,5
8622,0
8623,2
8624,0
8625,6
8626,2
8627,2
8628,2
8629,6
8630,6
8631,2
8632,2
8633,2
8634,0
8635,0
8636,2
8637,0
8638,6
8639,2
8640,0
8641,2
8642,1
8643,2
8644,0
8645,0
8646,6
8647,6
8648,0
8649,2
8650,2
8651,0
8652,4
8653,1
8654,3
8655,4
8656,1
8657,0
8658,2
8659,2
8660,2
8661,2
8662,2
8663,6
8664,1
8665,0
8666,2
8667,2
8668,2
8669,2
8670,0
8671,2
8672,2
8673,6
8674,6
8675,2
8676,4
8677,2
8678,2
8679,0
8680,2
8681,2
8682,6
8683,5
8684,1
8685,4
8686,2
8687,2
8688,3
8689,0
8690,5
8691,2
8692,3
8693,2
8694,0
8695,0
8696,0
8697,0
8698,0
8699,4
8700,6
8701,2
8702,2
8703,0
8704,6
8705,1
8706,0
8707,2
8708,6
8709,3
8710,4
8711,0
8712,0
8713,4
8714,0
8715,4
8716,4
8717,2
8718,4
8719,2
8720,0
8721,0
8722,2
8723,0
8724,3
8725,2
8726,1
8727,0
8728,6
8729,0
8730,3
8731,0
8732,0
8733,0
8734,3
8735,2
8736,6
8737,2
8738,2
8739,0
8740,0
8741,0
8742,1
8743,2
8744,4
8745,5
8746,6
8747,2
8748,6
8749,1
8750,2
8751,5
8752,2
8753,0
8754,6
8755,6
8756,2
8757,2
8758,5
8759,0
8760,2
8761,6
8762,4
8763,2
8764,2
8765,0
8766,2
8767,0
8768,4
8769,0
8770,2
8771,2
8772,0
8773,2
8774,0
8775,5
8776,2
8777,2
8778,4
8779,0
8780,2
8781,2
8782,1
8783,5
8784,2
8785,4
8786,2
8787,0
8788,0
8789,6
8790,6
8791,0
8792,2
8793,2
8794,2
8795,2
8796,1
8797,1
8798,2
8799,4
8800,2
8801,3
8802,5
8803,2
8804,2
8805,4
8806,1
8807,2
8808,0
8809,2
8810,5
8811,2
8812,2
8813,2
8814,0
8815,0
8816,6
8817,0
8818,2
8819,4
8820,6
8821,0
8822,2
8823,4
8824,4
8825,2
8826,4
8827,2
8828,0
8829,6
8830,4
8831,0
8832,0
8833,2
8834,2
8835,0
8836,2
8837,2
8838,2
8839,2
8840,2
8841,0
8842,0
8843,0
8844,6
8845,0
8846,2
8847,2
8848,5
8849,6
8850,0
8851,0
8852,0
8853,0
8854,6
8855,1
8856,3
8857,2
8858,1
8859,0
8860,2
8861,2
8862,6
8863,2
8864,6
8865,6
8866,2
8867,2
8868,0
8869,2
8870,3
8871,0
8872,2
8873,2
8874,0
8875,4
8876,4
8877,6
8878,6
8879,2
8880,3
8881,0
8882,2
8883,0
8884,0
8885,0
8886,4
8887,6
8888,4
8889,3
8890,0
8891,6
8892,1
8893,4
8894,4
8895,6
8896,5
8897,4
8898,2
8899,3
8900,6
8901,1
8902,0
8903,6
8904,4
8905,2
8906,0
8907,2
8908,0
8909,2
8910,0
8911,0
8912,2
8913,2
8914,2
8915,2
8916,2
8917,2
8918,2
8919,2
8920,0
8921,6
8922,0
8923,0
8924,3
8925,2
8926,4
8927,2
8928,3
8929,6
8930,2
8931,3
8932,3
8933,2
8934,0
8935,4
8936,2
8937,6
8938,6
8939,0
8940,0
8941,2
8942,0
8943,2
8944,4
8945,2
8946,6
8947,5
8948,2
8949,2
8950,2
8951,0
8952,2
8953,2
8954,5
8955,2
8956,0
8957,2
8958,2
8959,0
8960,2
8961,3
8962,6
8963,0
8964,0
8965,2
8966,2
8967,2
8968,2
8969,2
8970,0
8971,5
8972,3
8973,2
8974,4
8975,0
8976,3
8977,2
8978,4
8979,2
8980,1
8981,0
8982,2
8983,6
8984,2
8985,2
8986,0
8987,6
8988,2
8989,2
8990,6
8991,6
8992,0
8993,1
8994,2
8995,0
8996,0
8997,5
8998,0
8999,5
9000,0
9001,1
9002,2
9003,2
9004,3
9005,0
9006,6
9007,2
9008,2
9009,0
9010,6
9011,2
9012,2
9013,6
9014,0
9015,2
9016,0
9017,6
9018,2
9019,4
9020,2
9021,3
9022,2
9023,2
9024,0
9025,2
9026,2
9027,6
9028,0
9029,5
9030,0
9031,6
9032,2
9033,4
9034,0
9035,2
9036,0
9037,0
9038,2
9039,5
9040,1
9041,6
9042,6
9043,0
9044,0
9045,0
9046,6
9047,6
9048,6
9049,0
9050,5
9051,2
9052,2
9053,0
9054,2
9055,0
9056,2
9057,0
9058,3
9059,4
9060,0
9061,4
9062,1
9063,0
9064,0
9065,3
9066,2
9067,2
9068,0
9069,2
9070,1
9071,6
9072,4
9073,0
9074,2
9075,2
9076,1
9077,2
9078,0
9079,6
9080,6
9081,2
9082,2
9083,5
9084,2
9085,2
9086,0
9087,2
9088,1
9089,6
9090,4
9091,0
9092,0
9093,0
9094,4
9095,4
9096,4
9097,2
9098,6
9099,2
9100,6
9101,2
9102,0
9103,5
9104,2
9105,2
9106,2
9107,6
9108,2
9109,4
9110,4
9111,2
9112,0
9113,5
9114,6
9115,0
9116,6
9117,2
9118,0
9119,6
9120,2
9121,0
9122,6
9123,0
9124,6
9125,6
9126,2
9127,0
9128,5
9129,2
9130,5
9131,2
9132,0
9133,2
9134,6
9135,4
9136,2
9137,5
9138,0
9139,0
9140,2
9141,0
9142,0
9143,0
9144,2
9145,4
9146,2
9147,0
9148,2
9149,4
9150,2
9151,0
9152,6
9153,0
9154,0
9155,2
9156,2
9157,2
9158,3
9159,2
9160,0
9161,2
9162,2
9163,2
9164,4
9165,2
9166,2
9167,4
9168,0
9169,6
9170,0
9171,6
9172,0
9173,2
9174,4
9175,0
9176,6
9177,6
9178,3
9179,2
9180,0
9181,0
9182,2
9183,4
9184,2
9185,0
9186,0
9187,0
9188,0
9189,0
9190,2
9191,4
9192,2
9193,0
9194,2
9195,6
9196,3
9197,1
9198,0
9199,2
9200,0
9201,1
9202,3
9203,2
9204,2
9205,5
9206,2
9207,0
9208,2
9209,0
9210,4
9211,0
9212,6
9213,2
9214,2
9215,6
9216,2
9217,4
9218,2
9219,4
9220,1
9221,0
9222,2
9223,4
9224,2
9225,2
9226,0
9227,0
9228,0
9229,2
9230,2
9231,6
9232,6
9233,2
9234,2
9235,2
9236,2
9237,4
9238,1
9239,2
9240,2
9241,6
9242,4
9243,0
9244,3
9245,2
9246,4
9247,3
9248,0
9249,0
9250,2
9251,1
9252,0
9253,0
9254,2
9255,0
9256,0
9257,0
9258,2
9259,1
9260,0
9261,4
9262,2
9263,4
9264,0
9265,6
9266,2
9267,2
9268,0
9269,6
9270,2
9271,2
9272,0
9273,2
9274,6
9275,1
9276,2
9277,6
9278,2
9279,3
9280,2
9281,0
9282,2
9283,4
9284,6
9285,2
9286,0
9287,2
9288,2
9289,0
9290,4
9291,0
9292,0
9293,4
9294,0
9295,4
9296,5
9297,2
9298,6
9299,0
9300,2
9301,2
9302,5
9303,2
9304,0
9305,6
9306,0
9307,5
9308,0
9309,4
9310,0
9311,0
9312,2
9313,0
9314,0
9315,0
9316,0
9317,5
9318,0
9319,2
9320,6
9321,2
9322,3
9323,0
9324,6
9325,3
9326,2
9327,4
9328,0
9329,0
9330,2
9331,2
9332,0
9333,1
9334,1
9335,2
9336,2
9337,2
9338,0
9339,3
9340,3
9341,2
9342,2
9343,2
9344,4
9345,2
9346,0
9347,6
9348,2
9349,2
9350,2
9351,0
9352,6
9353,2
9354,6
9355,6
9356,0
9357,0
9358,4
9359,1
9360,2
9361,2
9362,4
9363,2
9364,2
9365,1
9366,3
9367,2
9368,6
9369,2
9370,2
9371,2
9372,2
9373,0
9374,0
9375,2
9376,3
9377,6
9378,0
9379,6
9380,6
9381,2
9382,6
9383,2
9384,2
9385,4
9386,4
9387,4
9388,2
9389,2
9390,6
9391,2
9392,3
9393,0
9394,1
9395,2
9396,0
9397,2
9398,0
9399,1
9400,2
9401,2
9402,6
9403,2
9404,0
9405,0
9406,0
9407,6
9408,0
9409,0
9410,0
9411,5
9412,5
9413,5
9414,4
9415,0
9416,6
9417,2
9418,0
9419,4
9420,0
9421,2
9422,2
9423,2
9424,3
9425,4
9426,0
9427,6
9428,2
9429,6
9430,0
9431,5
9432,0
9433,0
9434,2
9435,0
9436,2
9437,2
9438,2
9439,6
9440,6
9441,3
9442,2
9443,2
9444,2
9445,5
9446,2
9447,2
9448,0
9449,0
9450,4
9451,2
9452,6
9453,3
9454,0
9455,1
9456,2
9457,5
9458,6
9459,2
9460,0
9461,0
9462,2
9463,6
9464,2
9465,2
9466,0
9467,2
9468,2
9469,3
9470,2
9471,5
9472,2
9473,5
9474,2
9475,6
9476,5
9477,6
9478,2
9479,3
9480,0
9481,0
9482,0
9483,0
9484,0
9485,6
9486,0
9487,2
9488,2
9489,2
9490,3
9491,2
9492,2
9493,6
9494,2
9495,0
9496,6
9497,2
9498,4
9499,2
9500,4
9501,3
9502,5
9503,0
9504,0
9505,4
9506,4
9507,5
9508,2
9509,2
9510,2
9511,2
9512,6
9513,0
9514,2
9515,2
9516,0
9517,2
9518,6
9519,2
9520,4
9521,6
9522,2
9523,2
9524,4
9525,2
9526,4
9527,0
9528,6
9529,2
9530,2
9531,6
9532,1
9533,2
9534,6
9535,2
9536,0
9537,4
9538,0
9539,4
9540,6
9541,0
9542,5
9543,1
9544,1
9545,2
9546,0
9547,5
9548,6
9549,1
9550,0
9551,0
9552,2
9553,2
9554,2
9555,0
9556,4
9557,4
9558,6
9559,2
9560,2
9561,5
9562,2
9563,0
9564,2
9565,5
9566,0
9567,4
9568,2
9569,6
9570,6
9571,2
9572,2
9573,0
9574,0
9575,0
9576,1
9577,2
9578,2
9579,1
9580,2
9581,6
9582,2
9583,0
9584,0
9585,2
9586,1
9587,0
9588,2
9589,0
9590,0
9591,6
9592,2
9593,2
9594,0
9595,0
9596,2
9597,2
9598,5
9599,0
9600,1
9601,2
9602,1
9603,5
9604,6
9605,2
9606,0
9607,2
9608,0
9609,6
9610,0
9611,6
9612,2
9613,3
9614,6
9615,5
9616,0
9617,0
9618,2
9619,0
9620,4
9621,0
9622,2
9623,6
9624,6
9625,4
9626,3
9627,1
9628,3
9629,4
9630,0
9631,2
9632,2
9633,2
9634,2
9635,1
9636,6
9637,2
9638,6
9639,6
9640,1
9641,2
9642,0
9643,2
9644,2
9645,0
9646,6
9647,0
9648,0
9649,6
9650,0
9651,2
9652,6
9653,0
9654,0
9655,2
9656,2
9657,0
9658,0
9659,0
9660,2
9661,2
9662,2
9663,1
9664,2
9665,0
9666,0
9667,2
9668,4
9669,2
9670,6
9671,6
9672,6
9673,2
9674,4
9675,0
9676,0
9677,0
9678,2
9679,3
9680,2
9681,0
9682,2
9683,0
9684,3
9685,0
9686,2
9687,2
9688,2
9689,1
9690,6
9691,0
9692,6
9693,6
9694,4
9695,2
9696,2
9697,0
9698,2
9699,1
9700,0
9701,6
9702,0
9703,0
9704,6
9705,0
9706,0
9707,2
9708,2
9709,2
9710,3
9711,2
9712,5
9713,1
9714,2
9715,0
9716,2
9717,0
9718,0
9719,0
9720,2
9721,4
9722,2
9723,2
9724,2
9725,2
9726,5
9727,1
9728,0
9729,2
9730,0
9731,2
9732,6
9733,6
9734,6
9735,0
9736,0
9737,2
9738,0
9739,0
9740,0
9741,2
9742,0
9743,6
9744,5
9745,0
9746,2
9747,6
9748,0
9749,2
9750,6
9751,4
9752,6
9753,4
9754,4
9755,3
9756,5
9757,2
9758,2
9759,2
9760,2
9761,2
9762,2
9763,2
9764,1
9765,0
9766,2
9767,6
9768,6
9769,5
9770,0
9771,1
9772,2
9773,2
9774,0
9775,0
9776,2
9777,2
9778,0
9779,5
9780,4
9781,0
9782,2
9783,2
9784,2
9785,2
9786,6
9787,2
9788,6
9789,2
9790,0
9791,6
9792,0
9793,0
9794,2
9795,3
9796,0
9797,0
9798,6
9799,2
9800,2
9801,5
9802,0
9803,0
9804,0
9805,5
9806,4
9807,0
9808,2
9809,4
9810,0
9811,6
9812,2
9813,0
9814,3
9815,2
9816,1
9817,0
9818,3
9819,4
9820,1
9821,5
9822,5
9823,0
9824,2
9825,0
9826,2
9827,4
9828,4
9829,3
9830,0
9831,6
9832,1
9833,4
9834,2
9835,0
9836,2
9837,0
9838,0
9839,0
9840,0
9841,5
9842,5
9843,6
9844,2
9845,0
9846,5
9847,2
9848,4
9849,5
9850,2
9851,0
9852,4
9853,0
9854,2
9855,2
9856,2
9857,1
9858,1
9859,4
9860,0
9861,2
9862,2
9863,0
9864,0
9865,6
9866,2
9867,2
9868,6
9869,1
9870,6
9871,3
9872,3
9873,0
9874,2
9875,6
9876,0
9877,0
9878,0
9879,2
9880,2
9881,4
9882,4
9883,0
9884,2
9885,1
9886,6
9887,2
9888,2
9889,6
9890,2
9891,2
9892,0
9893,2
9894,6
9895,2
9896,3
9897,5
9898,2
9899,4
9900,2
9901,2
9902,6
9903,0
9904,2
9905,4
9906,3
9907,0
9908,0
9909,2
9910,0
9911,2
9912,0
9913,2
9914,2
9915,2
9916,6
9917,4
9918,0
9919,0
9920,6
9921,0
9922,1
9923,6
9924,0
9925,0
9926,5
9927,2
9928,2
9929,2
9930,3
9931,6
9932,2
9933,0
9934,0
9935,5
9936,0
9937,0
9938,0
9939,6
9940,6
9941,2
9942,5
9943,1
9944,0
9945,2
9946,2
9947,5
9948,0
9949,2
9950,6
9951,6
9952,2
9953,2
9954,2
9955,2
9956,1
9957,4
9958,2
9959,2
9960,2
9961,0
9962,4
9963,2
9964,2
9965,1
9966,2
9967,2
9968,4
9969,2
9970,0
9971,4
9972,2
9973,2
9974,0
9975,6
9976,2
9977,6
9978,6
9979,2
9980,2
9981,6
9982,0
9983,2
9984,0
9985,2
9986,0
9987,2
9988,4
9989,6
9990,2
9991,0
9992,2
9993,2
9994,4
9995,0
9996,5
9997,1
9998,2
9999,2
10000,6
10001,0
10002,0
10003,1
10004,2
10005,0
10006,5
10007,2
10008,6
10009,2
10010,0
10011,0
10012,0
10013,0
10014,6
10015,0
10016,4
10017,4
10018,3
10019,2
10020,6
10021,6
10022,4
10023,2
10024,6
10025,0
10026,1
10027,4
10028,2
10029,6
10030,2
10031,5
10032,0
10033,0
10034,2
10035,2
10036,2
10037,2
10038,0
10039,2
10040,6
10041,6
10042,2
10043,2
10044,4
10045,6
10046,4
10047,1
10048,3
10049,2
10050,2
10051,1
10052,3
10053,2
10054,1
10055,0
10056,4
10057,4
10058,4
10059,0
10060,5
10061,2
10062,2
10063,0
10064,1
10065,2
10066,0
10067,0
10068,4
10069,0
10070,2
10071,0
10072,0
10073,0
10074,5
10075,6
10076,1
10077,0
10078,2
10079,0
10080,6
10081,0
10082,2
10083,1
10084,4
10085,4
10086,2
10087,6
10088,3
10089,2
10090,5
10091,6
10092,4
10093,4
10094,6
10095,2
10096,2
10097,1
10098,6
10099,2
10100,2
10101,1
10102,2
10103,2
10104,5
10105,6
10106,2
10107,0
10108,6
10109,6
10110,1
10111,2
10112,6
10113,0
10114,2
10115,2
10116,4
10117,2
10118,0
10119,0
10120,6
10121,2
10122,6
10123,3
10124,0
10125,2
10126,3
10127,2
10128,4
10129,1
10130,2
10131,3
10132,0
10133,6
10134,3
10135,3
10136,2
10137,2
10138,0
10139,0
10140,3
10141,6
10142,2
10143,3
10144,4
10145,6
10146,2
10147,3
10148,2
10149,2
10150,2
10151,2
10152,2
10153,0
10154,0
10155,2
10156,5
10157,2
10158,2
10159,2
10160,2
10161,2
10162,2
10163,0
10164,6
10165,5
10166,2
10167,2
10168,4
10169,1
10170,2
10171,6
10172,2
10173,1
10174,4
10175,4
10176,0
10177,0
10178,2
10179,0
10180,4
10181,1
10182,0
10183,0
10184,2
10185,4
10186,0
10187,0
10188,6
10189,2
10190,2
10191,2
10192,6
10193,2
10194,2
10195,2
10196,1
10197,3
10198,2
10199,1
10200,3
10201,0
10202,6
10203,5
10204,0
10205,2
10206,0
10207,0
10208,1
10209,1
10210,2
10211,6
10212,2
10213,3
10214,1
10215,2
10216,5
10217,0
10218,0
10219,6
10220,0
10221,2
10222,0
10223,2
10224,2
10225,2
10226,0
10227,2
10228,6
10229,0
10230,0
10231,2
10232,2
10233,2
10234,4
10235,2
10236,0
10237,0
10238,2
10239,2
10240,5
10241,4
10242,0
10243,2
10244,0
10245,2
10246,0
10247,2
10248,6
10249,4
10250,6
10251,1
10252,5
10253,6
10254,0
10255,1
10256,0
10257,2
10258,0
10259,6
10260,6
10261,3
10262,0
10263,2
10264,2
10265,0
10266,2
10267,1
10268,1
10269,2
10270,0
10271,0
10272,3
10273,5
10274,6
10275,0
10276,2
10277,1
10278,2
10279,2
10280,0
10281,2
10282,0
10283,2
10284,0
10285,2
10286,0
10287,2
10288,2
10289,2
10290,2
10291,5
10292,0
10293,2
10294,6
10295,0
10296,2
10297,0
10298,2
10299,0
10300,0
10301,2
10302,0
10303,0
10304,2
10305,0
10306,1
10307,0
10308,2
10309,2
10310,0
10311,0
10312,5
10313,2
10314,2
10315,0
10316,0
10317,0
10318,1
10319,0
10320,1
10321,1
10322,2
10323,2
10324,2
10325,2
10326,2
10327,2
10328,2
10329,0
10330,1
10331,6
10332,6
10333,0
10334,2
10335,2
10336,0
10337,2
10338,2
10339,4
10340,2
10341,0
10342,2
10343,0
10344,2
10345,4
10346,4
10347,2
10348,6
10349,0
10350,0
10351,3
10352,0
10353,6
10354,2
10355,0
10356,0
10357,2
10358,2
10359,2
10360,2
10361,2
10362,2
10363,4
10364,2
10365,0
10366,2
10367,2
10368,0
10369,0
10370,0
10371,2
10372,0
10373,0
10374,1
10375,6
10376,1
10377,2
10378,6
10379,0
10380,0
10381,2
10382,2
10383,5
10384,2
10385,2
10386,0
10387,2
10388,0
10389,0
10390,3
10391,0
10392,2
10393,4
10394,0
10395,0
10396,2
10397,6
10398,2
10399,2
10400,2
10401,4
10402,3
10403,4
10404,0
10405,0
10406,1
10407,6
10408,2
10409,2
10410,0
10411,2
10412,6
10413,4
10414,2
10415,0
10416,0
10417,0
10418,1
10419,0
10420,3
10421,2
10422,2
10423,6
10424,2
10425,1
10426,6
10427,6
10428,2
10429,0
10430,2
10431,2
10432,0
10433,6
10434,2
10435,2
10436,6
10437,0
10438,0
10439,6
10440,1
10441,0
10442,6
10443,3
10444,0
10445,2
10446,2
10447,2
10448,6
10449,0
10450,1
10451,0
10452,2
10453,3
10454,6
10455,2
10456,0
10457,1
10458,5
10459,4
10460,2
10461,4
10462,4
10463,2
10464,0
10465,6
10466,0
10467,2
10468,6
10469,0
10470,2
10471,0
10472,2
10473,6
10474,2
10475,4
10476,1
10477,2
10478,0
10479,0
10480,0
10481,2
10482,0
10483,2
10484,5
10485,6
10486,6
10487,2
10488,4
10489,4
10490,4
10491,6
10492,6
10493,2
10494,0
10495,0
10496,0
10497,0
10498,2
10499,2
10500,5
10501,2
10502,0
10503,2
10504,0
10505,2
10506,4
10507,2
10508,2
10509,2
10510,1
10511,6
10512,6
10513,1
10514,1
10515,2
10516,5
10517,2
10518,1
10519,0
10520,0
10521,2
10522,2
10523,0
10524,4
10525,2
10526,1
10527,6
10528,6
10529,2
10530,0
10531,2
10532,4
10533,0
10534,0
10535,6
10536,0
10537,6
10538,2
10539,2
10540,2
10541,0
10542,0
10543,2
10544,4
10545,2
10546,2
10547,4
10548,0
10549,5
10550,2
10551,1
10552,4
10553,0
10554,6
10555,5
10556,2
10557,0
10558,2
10559,6
10560,1
10561,0
10562,4
10563,2
10564,2
10565,0
10566,2
10567,2
10568,1
10569,2
10570,1
10571,2
10572,2
10573,2
10574,2
10575,1
10576,4
10577,4
10578,5
10579,4
10580,6
10581,3
10582,6
10583,2
10584,6
10585,6
10586,2
10587,2
10588,6
10589,4
10590,0
10591,2
10592,2
10593,2
10594,4
10595,4
10596,2
10597,3
10598,0
10599,0
10600,6
10601,5
10602,2
10603,0
10604,0
10605,0
10606,0
10607,1
10608,0
10609,0
10610,0
10611,3
10612,2
10613,5
10614,2
10615,2
10616,5
10617,0
10618,4
10619,2
10620,1
10621,1
10622,2
10623,4
10624,0
10625,1
10626,2
10627,2
10628,4
10629,4
10630,6
10631,1
10632,4
10633,2
10634,1
10635,0
10636,2
10637,2
10638,4
10639,4
10640,0
10641,4
10642,2
10643,0
10644,0
10645,1
10646,2
10647,2
10648,1
10649,2
10650,2
10651,1
10652,2
10653,2
10654,4
10655,3
10656,0
10657,0
10658,5
10659,0
10660,2
10661,2
10662,2
10663,0
10664,1
10665,6
10666,5
10667,2
10668,6
10669,4
10670,2
10671,0
10672,1
10673,1
10674,2
10675,5
10676,0
10677,0
10678,3
10679,2
10680,0
10681,0
10682,3
10683,0
10684,2
10685,4
10686,2
10687,4
10688,2
10689,2
10690,2
10691,0
10692,2
10693,2
10694,4
10695,0
10696,2
10697,2
10698,0
10699,2
10700,2
10701,0
10702,2
10703,2
10704,0
10705,2
10706,0
10707,2
10708,0
10709,6
10710,0
10711,0
10712,3
10713,2
10714,0
10715,0
10716,3
10717,6
10718,6
10719,2
10720,0
10721,6
10722,6
10723,2
10724,1
10725,0
10726,0
10727,0
10728,1
10729,6
10730,0
10731,0
10732,2
10733,0
10734,2
10735,3
10736,4
10737,0
10738,3
10739,3
10740,4
10741,6
10742,0
10743,6
10744,2
10745,5
10746,2
10747,1
10748,0
10749,4
10750,2
10751,2
10752,0
10753,2
10754,3
10755,3
10756,1
10757,2
10758,4
10759,0
10760,0
10761,2
10762,0
10763,6
10764,2
10765,2
10766,0
10767,1
10768,0
10769,0
10770,0
10771,0
10772,4
10773,0
10774,2
10775,6
10776,4
10777,0
10778,0
10779,2
10780,1
10781,5
10782,6
10783,2
10784,5
10785,2
10786,5
10787,0
10788,6
10789,4
10790,4
10791,1
10792,6
10793,6
10794,2
10795,2
10796,3
10797,6
10798,2
10799,4
10800,3
10801,6
10802,1
10803,1
10804,0
10805,2
10806,0
10807,6
10808,2
10809,4
10810,6
10811,6
10812,1
10813,5
10814,2
10815,3
10816,4
10817,1
10818,0
10819,2
10820,6
10821,2
10822,4
10823,1
10824,2
10825,2
10826,6
10827,0
10828,2
10829,2
10830,0
10831,2
10832,6
10833,2
10834,2
10835,0
10836,4
10837,2
10838,2
10839,2
10840,6
10841,1
10842,3
10843,3
10844,4
10845,6
10846,3
10847,0
10848,2
10849,0
10850,0
10851,4
10852,2
10853,4
10854,2
10855,2
10856,6
10857,0
10858,6
10859,2
10860,6
10861,1
10862,1
10863,2
10864,1
10865,1
10866,2
10867,2
10868,0
10869,5
10870,3
10871,2
10872,6
10873,1
10874,2
10875,0
10876,0
10877,5
10878,2
10879,0
10880,2
10881,0
10882,4
10883,0
10884,6
10885,0
10886,0
10887,0
10888,4
10889,2
10890,2
10891,0
10892,4
10893,1
10894,6
10895,0
10896,2
10897,0
10898,0
10899,0
10900,2
10901,6
10902,0
10903,2
10904,2
10905,6
10906,6
10907,1
10908,2
10909,3
10910,2
10911,0
10912,1
10913,2
10914,0
10915,2
10916,5
10917,6
10918,2
10919,2
10920,6
10921,6
10922,2
10923,2
10924,6
10925,2
10926,0
10927,0
10928,2
10929,6
10930,3
10931,1
10932,2
10933,0
10934,0
10935,0
10936,4
10937,6
10938,0
10939,2
10940,0
10941,0
10942,6
10943,2
10944,2
10945,6
10946,0
10947,2
10948,2
10949,0
10950,2
10951,5
10952,2
10953,2
10954,5
10955,0
10956,3
10957,2
10958,2
10959,0
10960,2
10961,1
10962,4
10963,4
10964,0
10965,5
10966,0
10967,4
10968,2
10969,0
10970,2
10971,6
10972,0
10973,2
10974,0
10975,2
10976,2
10977,5
10978,4
10979,2
10980,6
10981,4
10982,0
10983,6
10984,2
10985,6
10986,2
10987,2
10988,1
10989,1
10990,2
10991,0
10992,5
10993,0
10994,3
10995,2
10996,0
10997,4
10998,3
10999,5
11000,2
11001,0
11002,2
11003,0
11004,2
11005,5
11006,6
11007,6
11008,3
11009,1
11010,3
11011,2
11012,2
11013,6
11014,0
11015,2
11016,2
11017,2
11018,0
11019,0
11020,0
11021,4
11022,5
11023,0
11024,2
11025,2
11026,2
11027,0
11028,2
11029,0
11030,2
11031,3
11032,0
11033,3
11034,2
11035,4
11036,1
11037,0
11038,2
11039,2
11040,4
11041,4
11042,3
11043,2
11044,6
11045,2
11046,2
11047,6
11048,0
11049,0
11050,4
11051,6
11052,6
11053,0
11054,0
11055,2
11056,3
11057,0
11058,2
11059,6
11060,1
11061,2
11062,0
11063,1
11064,4
11065,3
11066,3
11067,2
11068,0
11069,2
11070,2
11071,1
11072,2
11073,2
11074,3
11075,2
11076,2
11077,3
11078,2
11079,0
11080,0
11081,6
11082,0
11083,0
11084,6
11085,6
11086,0
11087,2
11088,2
11089,2
11090,3
11091,4
11092,4
11093,0
11094,2
11095,0
11096,4
11097,2
11098,2
11099,2
11100,0
11101,2
11102,0
11103,6
11104,0
11105,5
11106,0
11107,1
11108,2
11109,2
11110,0
11111,3
11112,0
11113,0
11114,4
11115,2
11116,0
11117,0
11118,4
11119,5
11120,2
11121,0
11122,3
11123,3
11124,4
11125,2
11126,2
11127,6
11128,2
11129,2
11130,2
11131,2
11132,0
11133,2
11134,4
11135,5
11136,4
11137,4
11138,2
11139,4
11140,2
11141,2
11142,6
11143,2
11144,2
11145,2
11146,6
11147,1
11148,4
11149,2
11150,6
11151,0
11152,2
11153,2
11154,0
11155,0
11156,2
11157,6
11158,2
11159,4
11160,5
11161,2
11162,6
11163,0
11164,0
11165,2
11166,2
11167,0
11168,2
11169,2
11170,6
11171,2
11172,0
11173,2
11174,4
11175,6
11176,0
11177,6
11178,1
11179,2
11180,4
11181,0
11182,2
11183,0
11184,2
11185,2
11186,0
11187,2
11188,0
11189,0
11190,0
11191,0
11192,6
11193,2
11194,0
11195,0
11196,0
11197,6
11198,2
11199,6
11200,2
11201,2
11202,0
11203,3
11204,6
11205,2
11206,2
11207,4
11208,2
11209,6
11210,2
11211,2
11212,2
11213,4
11214,0
11215,0
11216,2
11217,0
11218,1
11219,2
11220,3
11221,2
11222,0
11223,5
11224,0
11225,6
11226,6
11227,0
11228,2
11229,4
11230,1
11231,2
11232,3
11233,0
11234,2
11235,1
11236,0
11237,2
11238,0
11239,0
11240,4
11241,2
11242,2
11243,2
11244,2
11245,0
11246,4
11247,0
11248,2
11249,5
11250,6
11251,2
11252,2
11253,2
11254,0
11255,5
11256,2
11257,4
11258,0
11259,2
11260,4
11261,2
11262,4
11263,0
11264,2
11265,5
11266,1
11267,0
11268,0
11269,0
11270,2
11271,0
11272,6
11273,5
11274,2
11275,0
11276,5
11277,6
11278,3
11279,6
11280,3
11281,6
11282,0
11283,0
11284,6
11285,1
11286,6
11287,4
11288,3
11289,6
11290,2
11291,2
11292,2
11293,2
11294,0
11295,4
11296,2
11297,6
11298,2
11299,0
11300,6
11301,3
11302,3
11303,2
11304,1
11305,0
11306,5
11307,1
11308,1
11309,4
11310,2
11311,6
11312,2
11313,0
11314,0
11315,3
11316,2
11317,0
11318,5
11319,2
11320,3
11321,0
11322,0
11323,5
11324,4
11325,6
11326,1
11327,0
11328,2
11329,4
11330,2
11331,0
11332,2
11333,2
11334,0
11335,0
11336,4
11337,2
11338,6
11339,4
11340,0
11341,0
11342,2
11343,3
11344,0
11345,2
11346,6
11347,0
11348,2
11349,2
11350,6
11351,4
11352,1
11353,2
11354,1
11355,4
11356,0
11357,2
11358,2
11359,2
11360,0
11361,0
11362,4
11363,0
11364,0
11365,6
11366,0
11367,2
11368,6
11369,2
11370,1
11371,3
11372,1
11373,2
11374,0
11375,2
11376,0
11377,2
11378,1
11379,0
11380,2
11381,2
11382,2
11383,2
11384,0
11385,4
11386,2
11387,2
11388,2
11389,2
11390,6
11391,6
11392,3
11393,4
11394,2
11395,2
11396,0
11397,2
11398,2
11399,6
11400,0
11401,5
11402,2
11403,0
11404,2
11405,0
11406,2
11407,0
11408,2
11409,0
11410,2
11411,5
11412,6
11413,0
11414,6
11415,4
11416,2
11417,2
11418,2
11419,2
11420,0
11421,0
11422,3
11423,2
11424,2
11425,5
11426,0
11427,2
11428,3
11429,6
11430,2
11431,0
11432,0
11433,0
11434,0
11435,0
11436,3
11437,3
11438,2
11439,0
11440,5
11441,2
11442,6
11443,1
11444,0
11445,1
11446,2
11447,0
11448,0
11449,2
11450,1
11451,2
11452,4
11453,2
11454,1
11455,4
11456,3
11457,6
11458,2
11459,4
11460,2
11461,0
11462,6
11463,2
11464,6
11465,4
11466,2
11467,0
11468,3
11469,1
11470,0
11471,0
11472,0
11473,0
11474,0
11475,0
11476,6
11477,2
11478,2
11479,5
11480,0
11481,0
11482,4
11483,2
11484,2
11485,4
11486,0
11487,2
11488,4
11489,2
11490,0
11491,2
11492,3
11493,1
11494,0
11495,3
11496,0
11497,4
11498,2
11499,2
11500,5
11501,5
11502,2
11503,0
11504,2
11505,0
11506,2
11507,2
11508,2
11509,2
11510,0
11511,6
11512,0
11513,2
11514,2
11515,1
11516,2
11517,2
11518,2
11519,0
11520,2
11521,2
11522,0
11523,2
11524,2
11525,1
11526,2
11527,3
11528,4
11529,1
11530,2
11531,0
11532,0
11533,2
11534,1
11535,2
11536,2
11537,0
11538,0
11539,2
11540,0
11541,0
11542,2
11543,0
11544,1
11545,0
11546,3
11547,6
11548,2
11549,4
11550,2
11551,5
11552,0
11553,2
11554,2
11555,2
11556,2
11557,0
11558,3
11559,1
11560,1
11561,2
11562,2
11563,0
11564,6
11565,5
11566,6
11567,0
11568,2
11569,2
11570,3
11571,2
11572,2
11573,0
11574,4
11575,4
11576,0
11577,0
11578,6
11579,2
11580,6
11581,2
11582,0
11583,0
11584,0
11585,2
11586,6
11587,2
11588,2
11589,0
11590,6
11591,0
11592,2
11593,0
11594,4
11595,6
11596,0
11597,6
11598,2
11599,2
11600,3
11601,1
11602,0
11603,5
11604,4
11605,6
11606,0
11607,6
11608,6
11609,1
11610,1
11611,4
11612,6
11613,2
11614,6
11615,6
11616,2
11617,2
11618,4
11619,2
11620,0
11621,5
11622,2
11623,0
11624,1
11625,2
11626,4
11627,0
11628,4
11629,2
11630,2
11631,0
11632,0
11633,2
11634,0
11635,0
11636,2
11637,2
11638,0
11639,0
11640,4
11641,5
11642,2
11643,2
11644,0
11645,2
11646,3
11647,4
11648,6
11649,0
11650,4
11651,4
11652,2
11653,2
11654,0
11655,6
11656,2
11657,0
11658,0
11659,2
11660,2
11661,0
11662,2
11663,3
11664,0
11665,2
11666,0
11667,6
11668,1
11669,2
11670,0
11671,2
11672,5
11673,2
11674,2
11675,5
11676,2
11677,1
11678,0
11679,2
11680,2
11681,0
11682,6
11683,2
11684,1
11685,1
11686,6
11687,2
11688,0
11689,2
11690,0
11691,2
11692,2
11693,6
11694,2
11695,2
11696,2
11697,2
11698,5
11699,0
11700,6
11701,4
11702,2
11703,2
11704,2
11705,2
11706,4
11707,2
11708,2
11709,1
11710,0
11711,0
11712,2
11713,2
11714,6
11715,2
11716,2
11717,4
11718,0
11719,2
11720,2
11721,2
11722,2
11723,1
11724,2
11725,0
11726,1
11727,1
11728,0
11729,2
11730,2
11731,0
11732,0
11733,2
11734,2
11735,3
11736,5
11737,2
11738,5
11739,2
11740,0
11741,0
11742,0
11743,2
11744,2
11745,5
11746,2
11747,5
11748,6
11749,2
11750,0
11751,4
11752,2
11753,2
11754,6
11755,1
11756,1
11757,0
11758,0
11759,0
11760,4
11761,0
11762,2
11763,0
11764,1
11765,2
11766,0
11767,2
11768,2
11769,0
11770,4
11771,0
11772,3
11773,2
11774,0
11775,2
11776,2
11777,2
11778,0
11779,2
11780,2
11781,3
11782,2
11783,5
11784,6
11785,6
11786,1
11787,2
11788,4
11789,4
11790,0
11791,2
11792,0
11793,5
11794,2
11795,4
11796,0
11797,6
11798,4
11799,2
11800,0
11801,0
11802,2
11803,2
11804,2
11805,0
11806,4
11807,6
11808,3
11809,2
11810,2
11811,2
11812,6
11813,2
11814,0
11815,0
11816,5
11817,0
11818,6
11819,6
11820,0
11821,4
11822,0
11823,6
11824,2
11825,2
11826,2
11827,0
11828,2
11829,4
11830,4
11831,3
11832,0
11833,0
11834,3
11835,5
11836,0
11837,2
11838,2
11839,0
11840,4
11841,4
11842,2
11843,2
11844,0
11845,0
11846,2
11847,0
11848,4
11849,0
11850,0
11851,2
11852,0
11853,0
11854,2
11855,2
11856,6
11857,0
11858,6
11859,0
11860,6
11861,6
11862,1
11863,6
11864,6
11865,4
11866,6
11867,2
11868,2
11869,0
11870,2
11871,2
11872,2
11873,1
11874,2
11875,2
11876,5
11877,1
11878,2
11879,2
11880,2
11881,2
11882,1
11883,0
11884,0
11885,0
11886,6
11887,0
11888,6
11889,2
11890,2
11891,6
11892,2
11893,3
11894,2
11895,2
11896,2
11897,2
11898,0
11899,0
11900,2
11901,2
11902,2
11903,1
11904,2
11905,2
11906,0
11907,1
11908,2
11909,0
11910,0
11911,4
11912,0
11913,2
11914,6
11915,4
11916,0
11917,2
11918,1
11919,6
11920,2
11921,4
11922,2
11923,2
11924,2
11925,2
11926,2
11927,2
11928,4
11929,1
11930,5
11931,2
11932,0
11933,0
11934,2
11935,5
11936,2
11937,4
11938,2
11939,0
11940,0
11941,2
11942,5
11943,2
11944,2
11945,6
11946,0
11947,5
11948,0
11949,2
11950,3
11951,2
11952,0
11953,4
11954,2
11955,2
11956,6
11957,0
11958,0
11959,6
11960,4
11961,6
11962,4
11963,0
11964,0
11965,2
11966,1
11967,2
11968,2
11969,2
11970,2
11971,2
11972,0
11973,6
11974,0
11975,5
11976,0
11977,2
11978,2
11979,2
11980,2
11981,2
11982,2
11983,2
11984,5
11985,1
11986,1
11987,3
11988,4
11989,0
11990,6
11991,2
11992,1
11993,2
11994,0
11995,0
11996,0
11997,2
11998,0
11999,0
12000,0
12001,1
12002,6
12003,2
12004,6
12005,0
12006,1
12007,6
12008,3
12009,2
12010,4
12011,6
12012,0
12013,2
12014,2
12015,6
12016,1
12017,2
12018,0
12019,0
12020,2
12021,0
12022,2
12023,4
12024,6
12025,2
12026,2
12027,6
12028,0
12029,3
12030,4
12031,2
12032,2
12033,2
12034,6
12035,2
12036,5
12037,2
12038,0
12039,5
12040,2
12041,5
12042,6
12043,2
12044,5
12045,5
12046,1
12047,2
12048,2
12049,6
12050,2
12051,2
12052,0
12053,0
12054,0
12055,4
12056,6
12057,2
12058,2
12059,3
12060,0
12061,4
12062,2
12063,2
12064,3
12065,2
12066,2
12067,4
12068,0
12069,2
12070,0
12071,3
12072,2
12073,2
12074,2
12075,2
12076,2
12077,2
12078,2
12079,2
12080,2
12081,6
12082,2
12083,2
12084,0
12085,0
12086,6
12087,1
12088,0
12089,2
12090,0
12091,1
12092,0
12093,3
12094,6
12095,5
12096,2
12097,6
12098,6
12099,2
12100,0
12101,4
12102,0
12103,0
12104,2
12105,2
12106,0
12107,2
12108,1
12109,2
12110,0
12111,0
12112,6
12113,1
12114,2
12115,5
12116,2
12117,0
12118,4
12119,1
12120,3
12121,5
12122,4
12123,2
12124,2
12125,2
12126,0
12127,2
12128,5
12129,6
12130,2
12131,2
12132,6
12133,4
12134,4
12135,0
12136,0
12137,0
12138,6
12139,2
12140,2
12141,2
12142,2
12143,4
12144,6
12145,2
12146,2
12147,6
12148,2
12149,1
12150,6
12151,2
12152,0
12153,2
12154,2
12155,0
12156,6
12157,6
12158,6
12159,6
12160,2
12161,0
12162,6
12163,0
12164,5
12165,6
12166,2
12167,4
12168,0
12169,2
12170,3
12171,6
12172,0
12173,2
12174,1
12175,2
12176,0
12177,0
12178,4
12179,2
12180,1
12181,3
12182,6
12183,0
12184,2
12185,2
12186,2
12187,2
12188,4
12189,0
12190,2
12191,0
12192,0
12193,4
12194,3
12195,0
12196,2
12197,0
12198,0
12199,3
12200,2
12201,3
12202,1
12203,0
12204,0
12205,0
12206,0
12207,2
12208,3
12209,1
12210,0
12211,0
12212,2
12213,2
12214,0
12215,6
12216,5
12217,2
12218,0
12219,0
12220,6
12221,5
12222,4
12223,6
12224,0
12225,4
12226,2
12227,2
12228,0
12229,2
12230,2
12231,2
12232,6
12233,0
12234,1
12235,2
12236,0
12237,6
12238,2
12239,2
12240,2
12241,2
12242,1
12243,2
12244,2
12245,0
12246,1
12247,4
12248,5
12249,2
12250,2
12251,6
12252,2
12253,0
12254,4
12255,2
12256,6
12257,4
12258,3
12259,5
12260,0
12261,6
12262,2
12263,2
12264,2
12265,4
12266,0
12267,0
12268,4
12269,0
12270,2
12271,0
12272,3
12273,0
12274,2
12275,0
12276,0
12277,4
12278,1
12279,2
12280,1
12281,2
12282,0
12283,6
12284,3
12285,0
12286,0
12287,2
12288,1
12289,0
12290,4
12291,0
12292,2
12293,2
12294,6
12295,0
12296,0
12297,1
12298,0
12299,2
12300,3
12301,0
12302,0
12303,2
12304,0
12305,6
12306,0
12307,6
12308,6
12309,2
12310,0
12311,0
12312,6
12313,0
12314,2
12315,2
12316,0
12317,4
12318,0
12319,0
12320,6
12321,4
12322,2
12323,0
12324,1
12325,2
12326,0
12327,2
12328,0
12329,6
12330,1
12331,2
12332,3
12333,2
12334,0
12335,1
12336,3
12337,6
12338,2
12339,0
12340,6
12341,6
12342,0
12343,2
12344,2
12345,3
12346,0
12347,0
12348,2
12349,6
12350,2
12351,4
12352,3
12353,5
12354,5
12355,2
12356,0
12357,6
12358,2
12359,6
12360,2
12361,2
12362,2
12363,5
12364,2
12365,6
12366,2
12367,0
12368,4
12369,6
12370,0
12371,2
12372,2
12373,2
12374,4
12375,2
12376,2
12377,2
12378,2
12379,2
12380,0
12381,0
12382,5
12383,6
12384,2
12385,0
12386,2
12387,1
12388,2
12389,2
12390,6
12391,6
12392,0
12393,1
12394,6
12395,2
12396,3
12397,0
12398,0
12399,2
12400,0
12401,6
12402,0
12403,3
12404,1
12405,6
12406,1
12407,5
12408,4
12409,3
12410,0
12411,4
12412,0
12413,2
12414,1
12415,1
12416,0
12417,4
12418,4
12419,2
12420,0
12421,1
12422,2
12423,0
12424,2
12425,2
12426,0
12427,0
12428,2
12429,0
12430,1
12431,6
12432,4
12433,6
12434,2
12435,0
12436,0
12437,2
12438,0
12439,4
12440,0
12441,2
12442,0
12443,2
12444,2
12445,2
12446,0
12447,4
12448,2
12449,4
12450,6
12451,0
12452,2
12453,0
12454,2
12455,0
12456,6
12457,2
12458,0
12459,6
12460,6
12461,2
12462,2
12463,2
12464,6
12465,0
12466,2
12467,5
12468,6
12469,0
12470,1
12471,0
12472,4
12473,5
12474,0
12475,4
12476,0
12477,4
12478,2
12479,2
12480,3
12481,2
12482,2
12483,2
12484,2
12485,0
12486,5
12487,4
12488,2
12489,4
12490,4
12491,2
12492,2
12493,2
12494,2
12495,0
12496,0
12497,4
12498,6
12499,3
12500,1
12501,6
12502,5
12503,4
12504,6
12505,6
12506,6
12507,2
12508,4
12509,6
12510,0
12511,3
12512,6
12513,2
12514,1
12515,2
12516,4
12517,6
12518,2
12519,6
12520,2
12521,2
12522,0
12523,0
12524,1
12525,2
12526,2
12527,2
12528,2
12529,2
12530,5
12531,4
12532,2
12533,2
12534,2
12535,0
12536,5
12537,2
12538,0
12539,2
12540,0
12541,0
12542,0
12543,2
12544,0
12545,2
12546,2
12547,2
12548,0
12549,0
12550,4
12551,6
12552,0
12553,5
12554,6
12555,1
12556,2
12557,0
12558,6
12559,2
12560,2
12561,4
12562,2
12563,5
12564,1
12565,4
12566,0
12567,1
12568,6
12569,2
12570,6
12571,2
12572,0
12573,0
12574,2
12575,6
12576,0
12577,2
12578,1
12579,5
12580,2
12581,2
12582,2
12583,1
12584,6
12585,4
12586,0
12587,2
12588,3
12589,2
12590,4
12591,2
12592,2
12593,2
12594,2
12595,0
12596,0
12597,4
12598,4
12599,0
12600,4
12601,0
12602,2
12603,4
12604,2
12605,0
12606,2
12607,0
12608,4
12609,2
12610,1
12611,1
12612,0
12613,2
12614,0
12615,5
12616,0
12617,4
12618,4
12619,6
12620,6
12621,1
12622,2
12623,4
12624,6
12625,2
12626,2
12627,0
12628,2
12629,2
12630,2
12631,0
12632,0
12633,0
12634,0
12635,6
12636,6
12637,2
12638,1
12639,0
12640,2
12641,2
12642,4
12643,2
12644,5
12645,2
12646,2
12647,0
12648,0
12649,6
12650,2
12651,2
12652,0
12653,1
12654,3
12655,2
12656,0
12657,2
12658,4
12659,4
12660,2
12661,0
12662,2
12663,3
12664,2
12665,2
12666,2
12667,0
12668,6
12669,0
12670,2
12671,2
12672,5
12673,2
12674,0
12675,1
12676,6
12677,2
12678,0
12679,0
12680,4
12681,0
12682,2
12683,0
12684,6
12685,3
12686,2
12687,1
12688,2
12689,2
12690,2
12691,6
12692,6
12693,2
12694,2
12695,0
12696,2
12697,2
12698,6
12699,0
12700,0
12701,0
12702,1
12703,2
12704,2
12705,6
12706,2
12707,0
12708,2
12709,2
12710,2
12711,2
12712,1
12713,2
12714,6
12715,0
12716,2
12717,5
12718,5
12719,2
12720,2
12721,0
12722,6
12723,2
12724,0
12725,2
12726,2
12727,0
12728,6
12729,6
12730,5
12731,2
12732,2
12733,6
12734,2
12735,3
12736,0
12737,2
12738,2
12739,2
12740,2
12741,2
12742,0
12743,6
12744,3
12745,1
12746,2
12747,2
12748,2
12749,0
12750,0
12751,0
12752,6
12753,1
12754,2
12755,3
12756,2
12757,0
12758,2
12759,2
12760,5
12761,2
12762,2
12763,0
12764,0
12765,1
12766,2
12767,2
12768,2
12769,0
12770,2
12771,2
12772,0
12773,2
12774,1
12775,0
12776,0
12777,1
12778,1
12779,2
12780,4
12781,6
12782,6
12783,0
12784,0
12785,2
12786,5
12787,2
12788,2
12789,2
12790,6
12791,6
12792,2
12793,1
12794,5
12795,2
12796,4
12797,6
12798,6
12799,6
12800,3
12801,2
12802,6
12803,2
12804,6
12805,2
12806,0
12807,1
12808,0
12809,6
12810,6
12811,0
12812,0
12813,2
12814,1
12815,2
12816,2
12817,0
12818,2
12819,6
12820,1
12821,0
12822,0
12823,2
12824,1
12825,0
12826,2
12827,0
12828,5
12829,2
12830,5
12831,2
12832,4
12833,2
12834,2
12835,2
12836,2
12837,2
12838,0
12839,6
12840,2
12841,4
12842,2
12843,0
12844,2
12845,0
12846,2
12847,1
12848,0
12849,0
12850,2
12851,3
12852,0
12853,1
12854,0
12855,6
12856,4
12857,0
12858,6
12859,2
12860,0
12861,6
12862,2
12863,2
12864,2
12865,2
12866,2
12867,6
12868,2
12869,0
12870,1
12871,0
12872,2
12873,0
12874,0
12875,4
12876,3
12877,6
12878,2
12879,6
12880,0
12881,5
12882,2
12883,0
12884,4
12885,6
12886,2
12887,1
12888,0
12889,4
12890,2
12891,2
12892,6
12893,6
12894,0
12895,3
12896,4
12897,2
12898,2
12899,6
12900,0
12901,0
12902,2
12903,2
12904,3
12905,0
12906,2
12907,2
12908,0
12909,0
12910,2
12911,0
12912,2
12913,4
12914,2
12915,3
12916,1
12917,6
12918,2
12919,0
12920,0
12921,4
12922,2
12923,2
12924,2
12925,2
12926,0
12927,3
12928,0
12929,4
12930,2
12931,2
12932,6
12933,0
12934,4
12935,0
12936,0
12937,4
12938,0
12939,2
12940,5
12941,4
12942,0
12943,0
12944,2
12945,2
12946,1
12947,2
12948,0
12949,6
12950,5
12951,1
12952,2
12953,2
12954,2
12955,0
12956,2
12957,1
12958,0
12959,1
12960,0
12961,2
12962,4
12963,2
12964,2
12965,2
12966,2
12967,2
12968,2
12969,2
12970,3
12971,6
12972,2
12973,0
12974,3
12975,6
12976,5
12977,6
12978,2
12979,1
12980,0
12981,0
12982,4
12983,4
12984,3
12985,2
12986,0
12987,0
12988,2
12989,2
12990,5
12991,0
12992,2
12993,2
12994,0
12995,2
12996,0
12997,1
12998,2
12999,2
13000,0
13001,6
13002,4
13003,2
13004,0
13005,1
13006,6
13007,2
13008,3
13009,0
13010,2
13011,0
13012,4
13013,3
13014,6
13015,2
13016,1
13017,2
13018,2
13019,0
13020,2
13021,3
13022,1
13023,6
13024,0
13025,2
13026,2
13027,2
13028,2
13029,2
13030,0
13031,6
13032,3
13033,2
13034,0
13035,2
13036,0
13037,2
13038,0
13039,4
13040,0
13041,2
13042,0
13043,2
13044,6
13045,2
13046,2
13047,1
13048,2
13049,0
13050,2
13051,2
13052,0
13053,0
13054,0
13055,0
13056,5
13057,2
13058,4
13059,6
13060,0
13061,6
13062,3
13063,4
13064,2
13065,1
13066,1
13067,6
13068,2
13069,2
13070,0
13071,2
13072,4
13073,5
13074,2
13075,4
13076,2
13077,0
13078,0
13079,1
13080,2
13081,2
13082,0
13083,5
13084,2
13085,0
13086,3
13087,2
13088,2
13089,0
13090,6
13091,3
13092,2
13093,2
13094,4
13095,0
13096,2
13097,0
13098,6
13099,4
13100,4
13101,6
13102,0
13103,2
13104,2
13105,2
13106,0
13107,0
13108,0
13109,0
13110,3
13111,2
13112,2
13113,2
13114,1
13115,0
13116,4
13117,1
13118,5
13119,2
13120,2
13121,1
13122,0
13123,0
13124,4
13125,1
13126,2
13127,2
13128,0
13129,0
13130,1
13131,6
13132,4
13133,2
13134,2
13135,2
13136,2
13137,2
13138,0
13139,0
13140,0
13141,0
13142,4
13143,6
13144,0
13145,4
13146,0
13147,2
13148,4
13149,1
13150,0
13151,5
13152,6
13153,0
13154,0
13155,4
13156,2
13157,0
13158,0
13159,2
13160,4
13161,0
13162,0
13163,4
13164,0
13165,0
13166,2
13167,2
13168,5
13169,0
13170,4
13171,6
13172,0
13173,0
13174,6
13175,2
13176,2
13177,1
13178,2
13179,0
13180,2
13181,6
13182,2
13183,1
13184,0
13185,0
13186,0
13187,2
13188,5
13189,0
13190,0
13191,6
13192,2
13193,2
13194,6
13195,6
13196,0
13197,0
13198,0
13199,2
13200,0
13201,4
13202,2
13203,4
13204,2
13205,0
13206,1
13207,4
13208,3
13209,2
13210,2
13211,0
13212,1
13213,2
13214,0
13215,3
13216,1
13217,6
13218,2
13219,5
13220,0
13221,3
13222,0
13223,2
13224,6
13225,2
13226,2
13227,0
13228,6
13229,0
13230,6
13231,4
13232,2
13233,1
13234,2
13235,0
13236,2
13237,2
13238,0
13239,2
13240,3
13241,6
13242,6
13243,0
13244,0
13245,2
13246,5
13247,0
13248,2
13249,2
13250,0
13251,0
13252,6
13253,1
13254,4
13255,2
13256,2
13257,1
13258,0
13259,4
13260,2
13261,6
13262,4
13263,2
13264,5
13265,2
13266,2
13267,2
13268,2
13269,2
13270,2
13271,0
13272,6
13273,6
13274,2
13275,2
13276,4
13277,0
13278,0
13279,0
13280,1
13281,2
13282,2
13283,0
13284,0
13285,0
13286,4
13287,2
13288,2
13289,0
13290,0
13291,0
13292,4
13293,1
13294,0
13295,2
13296,2
13297,1
13298,0
13299,2
13300,6
13301,2
13302,6
13303,0
13304,2
13305,0
13306,2
13307,6
13308,4
13309,3
13310,2
13311,0
13312,2
13313,5
13314,2
13315,2
13316,2
13317,3
13318,6
13319,0
13320,2
13321,2
13322,2
13323,1
13324,0
13325,2
13326,0
13327,6
13328,0
13329,6
13330,0
13331,2
13332,0
13333,4
13334,2
13335,5
13336,0
13337,2
13338,2
13339,4
13340,6
13341,6
13342,6
13343,2
13344,4
13345,2
13346,0
13347,6
13348,0
13349,4
13350,4
13351,4
13352,6
13353,2
13354,1
13355,2
13356,0
13357,2
13358,5
13359,4
13360,2
13361,6
13362,3
13363,0
13364,6
13365,6
13366,2
13367,6
13368,2
13369,3
13370,4
13371,0
13372,2
13373,6
13374,2
13375,2
13376,4
13377,0
13378,2
13379,0
13380,2
13381,0
13382,2
13383,0
13384,2
13385,6
13386,6
13387,6
13388,3
13389,0
13390,2
13391,4
13392,0
13393,2
13394,2
13395,6
13396,2
13397,0
13398,0
13399,2
13400,5
13401,3
13402,1
13403,2
13404,0
13405,3
13406,2
13407,6
13408,1
13409,0
13410,2
13411,6
13412,6
13413,2
13414,2
13415,4
13416,1
13417,0
13418,0
13419,2
13420,3
13421,2
13422,0
13423,0
13424,0
13425,1
13426,0
13427,6
13428,3
13429,1
13430,2
13431,2
13432,4
13433,6
13434,0
13435,2
13436,6
13437,2
13438,4
13439,1
13440,2
13441,0
13442,2
13443,6
13444,4
13445,0
13446,2
13447,0
13448,1
13449,0
13450,4
13451,6
13452,0
13453,1
13454,2
13455,6
13456,2
13457,0
13458,5
13459,4
13460,2
13461,0
13462,0
13463,4
13464,2
13465,6
13466,0
13467,0
13468,4
13469,4
13470,2
13471,2
13472,6
13473,2
13474,2
13475,3
13476,2
13477,2
13478,1
13479,0
13480,0
13481,0
13482,0
13483,2
13484,2
13485,6
13486,2
13487,0
13488,2
13489,6
13490,6
13491,2
13492,3
13493,2
13494,2
13495,4
13496,0
13497,0
13498,2
13499,1
13500,2
13501,2
13502,0
13503,0
13504,0
13505,0
13506,0
13507,1
13508,5
13509,3
13510,6
13511,2
13512,2
13513,1
13514,1
13515,0
13516,0
13517,0
13518,2
13519,2
13520,5
13521,0
13522,0
13523,4
13524,2
13525,2
13526,2
13527,2
13528,2
13529,0
13530,0
13531,0
13532,0
13533,2
13534,2
13535,4
13536,0
13537,2
13538,5
13539,0
13540,6
13541,2
13542,2
13543,2
13544,0
13545,3
13546,2
13547,6
13548,1
13549,1
13550,0
13551,4
13552,6
13553,2
13554,0
13555,2
13556,0
13557,0
13558,0
13559,2
13560,2
13561,3
13562,2
13563,0
13564,3
13565,2
13566,2
13567,0
13568,2
13569,0
13570,0
13571,2
13572,2
13573,6
13574,2
13575,4
13576,0
13577,4
13578,2
13579,2
13580,4
13581,0
13582,2
13583,2
13584,4
13585,2
13586,2
13587,4
13588,3
13589,0
13590,2
13591,2
13592,2
13593,3
13594,2
13595,0
13596,2
13597,2
13598,6
13599,0
13600,2
13601,2
13602,6
13603,4
13604,1
13605,4
13606,0
13607,0
13608,2
13609,2
13610,2
13611,2
13612,4
13613,2
13614,2
13615,2
13616,2
13617,2
13618,0
13619,0
13620,2
13621,4
13622,2
13623,2
13624,0
13625,2
13626,4
13627,2
13628,6
13629,2
13630,3
13631,5
13632,0
13633,1
13634,0
13635,6
13636,2
13637,3
13638,1
13639,2
13640,0
13641,0
13642,2
13643,2
13644,4
13645,6
13646,2
13647,0
13648,2
13649,0
13650,5
13651,3
13652,1
13653,1
13654,2
13655,0
13656,6
13657,2
13658,6
13659,2
13660,0
13661,0
13662,2
13663,4
13664,0
13665,0
13666,0
13667,1
13668,5
13669,2
13670,2
13671,2
13672,2
13673,0
13674,2
13675,4
13676,2
13677,4
13678,1
13679,0
13680,2
13681,2
13682,2
13683,0
13684,0
13685,0
13686,0
13687,6
13688,0
13689,2
13690,1
13691,0
13692,4
13693,0
13694,1
13695,0
13696,2
13697,0
13698,2
13699,1
13700,5
13701,5
13702,2
13703,0
13704,0
13705,2
13706,2
13707,6
13708,4
13709,2
13710,1
13711,2
13712,4
13713,2
13714,2
13715,2
13716,2
13717,4
13718,5
13719,4
13720,6
13721,6
13722,0
13723,4
13724,6
13725,2
13726,2
13727,2
13728,3
13729,0
13730,2
13731,2
13732,0
13733,2
13734,2
13735,6
13736,0
13737,0
13738,6
13739,5
13740,4
13741,4
13742,2
13743,1
13744,2
13745,0
13746,3
13747,0
13748,6
13749,6
13750,4
13751,0
13752,6
13753,2
13754,1
13755,2
13756,2
13757,2
13758,0
13759,0
13760,3
13761,2
13762,0
13763,2
13764,3
13765,2
13766,2
13767,2
13768,2
13769,1
13770,5
13771,6
13772,2
13773,4
13774,2
13775,5
13776,4
13777,6
13778,2
13779,2
13780,2
13781,4
13782,0
13783,2
13784,5
13785,0
13786,0
13787,0
13788,2
13789,4
13790,0
13791,6
13792,2
13793,4
13794,2
13795,2
13796,2
13797,2
13798,0
13799,6
13800,2
13801,0
13802,2
13803,1
13804,3
13805,6
13806,0
13807,6
13808,6
13809,0
13810,3
13811,2
13812,2
13813,0
13814,0
13815,0
13816,2
13817,0
13818,0
13819,0
13820,2
13821,2
13822,5
13823,4
13824,0
13825,0
13826,4
13827,2
13828,2
13829,6
13830,4
13831,0
13832,2
13833,2
13834,2
13835,5
13836,0
13837,2
13838,1
13839,0
13840,4
13841,6
13842,2
13843,2
13844,2
13845,0
13846,0
13847,2
13848,2
13849,0
13850,6
13851,2
13852,0
13853,3
13854,2
13855,6
13856,0
13857,2
13858,6
13859,0
13860,0
13861,0
13862,6
13863,4
13864,3
13865,4
13866,2
13867,0
13868,2
13869,0
13870,4
13871,1
13872,4
13873,2
13874,2
13875,2
13876,5
13877,2
13878,2
13879,2
13880,0
13881,2
13882,5
13883,1
13884,0
13885,4
13886,5
13887,6
13888,2
13889,2
13890,0
13891,2
13892,2
13893,6
13894,6
13895,2
13896,2
13897,6
13898,4
13899,2
13900,0
13901,0
13902,1
13903,0
13904,2
13905,0
13906,2
13907,2
13908,6
13909,2
13910,6
13911,0
13912,2
13913,2
13914,2
13915,6
13916,5
13917,2
13918,2
13919,4
13920,2
13921,0
13922,5
13923,6
13924,0
13925,2
13926,6
13927,0
13928,0
13929,0
13930,1
13931,2
13932,2
13933,3
13934,1
13935,4
13936,5
13937,1
13938,0
13939,6
13940,5
13941,0
13942,2
13943,2
13944,3
13945,0
13946,2
13947,6
13948,0
13949,0
13950,6
13951,1
13952,2
13953,2
13954,2
13955,0
13956,3
13957,5
13958,2
13959,2
13960,0
13961,0
13962,2
13963,1
13964,0
13965,2
13966,1
13967,4
13968,2
13969,0
13970,2
13971,2
13972,0
13973,0
13974,2
13975,2
13976,3
13977,6
13978,2
13979,1
13980,0
13981,0
13982,6
13983,2
13984,3
13985,2
13986,5
13987,2
13988,1
13989,1
13990,6
13991,3
13992,6
13993,0
13994,0
13995,2
13996,0
13997,2
13998,2
13999,2
14000,2
14001,6
14002,4
14003,0
14004,0
14005,2
14006,1
14007,3
14008,4
14009,0
14010,0
14011,2
14012,2
14013,6
14014,4
14015,2
14016,2
14017,2
14018,4
14019,6
14020,6
14021,2
14022,5
14023,6
14024,6
14025,2
14026,4
14027,6
14028,4
14029,5
14030,0
14031,6
14032,1
14033,2
14034,2
14035,4
14036,0
14037,0
14038,0
14039,2
14040,6
14041,4
14042,2
14043,2
14044,2
14045,0
14046,0
14047,0
14048,0
14049,2
14050,2
14051,0
14052,2
14053,2
14054,0
14055,0
14056,2
14057,4
14058,0
14059,2
14060,6
14061,3
14062,2
14063,0
14064,4
14065,2
14066,1
14067,6
14068,0
14069,0
14070,2
14071,2
14072,2
14073,2
14074,0
14075,0
14076,2
14077,0
14078,0
14079,1
14080,2
14081,2
14082,0
14083,2
14084,2
14085,1
14086,2
14087,3
14088,0
14089,6
14090,2
14091,1
14092,2
14093,0
14094,1
14095,6
14096,4
14097,0
14098,2
14099,1
14100,6
14101,4
14102,2
14103,4
14104,0
14105,6
14106,6
14107,6
14108,0
14109,0
14110,5
14111,0
14112,0
14113,0
14114,2
14115,4
14116,0
14117,6
14118,2
14119,1
14120,0
14121,0
14122,2
14123,0
14124,0
14125,1
14126,0
14127,6
14128,2
14129,0
14130,2
14131,2
14132,2
14133,1
14134,4
14135,2
14136,0
14137,6
14138,4
14139,1
14140,0
14141,4
14142,0
14143,2
14144,2
14145,5
14146,3
14147,6
14148,2
14149,4
14150,2
14151,1
14152,2
14153,1
14154,4
14155,1
14156,0
14157,2
14158,2
14159,2
14160,4
14161,0
14162,1
14163,4
14164,0
14165,6
14166,2
14167,0
14168,1
14169,2
14170,0
14171,6
14172,0
14173,0
14174,0
14175,4
14176,0
14177,2
14178,1
14179,0
14180,1
14181,1
14182,2
14183,2
14184,6
14185,2
14186,0
14187,0
14188,0
14189,0
14190,2
14191,1
14192,6
14193,0
14194,4
14195,0
14196,2
14197,6
14198,0
14199,0
14200,2
14201,2
14202,2
14203,4
14204,4
14205,2
14206,4
14207,2
14208,0
14209,1
14210,1
14211,6
14212,0
14213,0
14214,6
14215,4
14216,1
14217,5
14218,5
14219,0
14220,0
14221,6
14222,2
14223,2
14224,4
14225,4
14226,2
14227,0
14228,0
14229,2
14230,6
14231,0
14232,0
14233,2
14234,2
14235,0
14236,0
14237,0
14238,6
14239,1
14240,5
14241,2
14242,2
14243,6
14244,0
14245,3
14246,2
14247,6
14248,0
14249,0
14250,1
14251,2
14252,0
14253,2
14254,4
14255,0
14256,4
14257,0
14258,2
14259,1
14260,6
14261,0
14262,2
14263,2
14264,2
14265,0
14266,3
14267,2
14268,3
14269,2
14270,2
14271,0
14272,6
14273,5
14274,6
14275,1
14276,6
14277,2
14278,0
14279,0
14280,2
14281,6
14282,2
14283,6
14284,6
14285,2
14286,6
14287,0
14288,5
14289,6
14290,1
14291,4
14292,4
14293,2
14294,4
14295,2
14296,6
14297,0
14298,2
14299,0
14300,2
14301,1
14302,2
14303,0
14304,4
14305,6
14306,6
14307,2
14308,0
14309,2
14310,0
14311,3
14312,2
14313,0
14314,4
14315,4
14316,2
14317,1
14318,0
14319,2
14320,0
14321,0
14322,3
14323,2
14324,6
14325,5
14326,3
14327,2
14328,2
14329,2
14330,6
14331,4
14332,0
14333,2
14334,2
14335,2
14336,2
14337,0
14338,0
14339,2
14340,2
14341,0
14342,3
14343,2
14344,0
14345,0
14346,0
14347,4
14348,6
14349,6
14350,2
14351,2
14352,1
14353,1
14354,2
14355,0
14356,2
14357,0
14358,0
14359,1
14360,0
14361,3
14362,2
14363,2
14364,0
14365,0
14366,0
14367,6
14368,0
14369,0
14370,6
14371,2
14372,1
14373,2
14374,4
14375,0
14376,0
14377,3
14378,2
14379,1
14380,3
14381,1
14382,0
14383,2
14384,0
14385,5
14386,3
14387,0
14388,2
14389,2
14390,1
14391,3
14392,2
14393,6
14394,0
14395,3
14396,6
14397,2
14398,6
14399,3
14400,3
14401,1
14402,4
14403,6
14404,2
14405,2
14406,0
14407,2
14408,0
14409,6
14410,6
14411,4
14412,2
14413,0
14414,4
14415,4
14416,0
14417,6
14418,2
14419,0
14420,2
14421,2
14422,3
14423,6
14424,0
14425,2
14426,0
14427,4
14428,0
14429,2
14430,2
14431,6
14432,2
14433,2
14434,1
14435,0
14436,0
14437,2
14438,0
14439,0
14440,0
14441,6
14442,5
14443,2
14444,0
14445,4
14446,2
14447,2
14448,0
14449,5
14450,2
14451,0
14452,0
14453,6
14454,0
14455,6
14456,4
14457,6
14458,2
14459,2
14460,4
14461,0
14462,4
14463,0
14464,3
14465,0
14466,2
14467,2
14468,2
14469,0
14470,2
14471,0
14472,4
14473,4
14474,2
14475,1
14476,4
14477,5
14478,0
14479,4
14480,2
14481,0
14482,2
14483,6
14484,0
14485,6
14486,6
14487,1
14488,2
14489,2
14490,0
14491,2
14492,2
14493,4
14494,0
14495,2
14496,1
14497,1
14498,4
14499,2
14500,6
14501,4
14502,0
14503,2
14504,6
14505,2
14506,2
14507,4
14508,0
14509,0
14510,6
14511,6
14512,6
14513,2
14514,2
14515,0
14516,0
14517,2
14518,2
14519,0
14520,4
14521,0
14522,0
14523,2
14524,0
14525,5
14526,4
14527,2
14528,2
14529,1
14530,2
14531,2
14532,5
14533,2
14534,4
14535,0
14536,0
14537,2
14538,2
14539,0
14540,0
14541,4
14542,0
14543,1
14544,2
14545,2
14546,2
14547,4
14548,1
14549,4
14550,0
14551,0
14552,0
14553,6
14554,6
14555,3
14556,6
14557,6
14558,6
14559,2
14560,0
14561,1
14562,2
14563,1
14564,3
14565,0
14566,2
14567,6
14568,1
14569,2
14570,2
14571,0
14572,0
14573,0
14574,4
14575,0
14576,2
14577,2
14578,0
14579,0
14580,2
14581,0
14582,2
14583,0
14584,0
14585,3
14586,6
14587,2
14588,2
14589,0
14590,2
14591,2
14592,6
14593,6
14594,0
14595,6
14596,0
14597,2
14598,0
14599,4
14600,2
14601,0
14602,0
14603,2
14604,2
14605,0
14606,0
14607,2
14608,5
14609,2
14610,0
14611,2
14612,1
14613,2
14614,1
14615,3
14616,1
14617,3
14618,4
14619,2
14620,4
14621,2
14622,2
14623,2
14624,0
14625,2
14626,2
14627,2
14628,2
14629,0
14630,2
14631,0
14632,6
14633,0
14634,0
14635,5
14636,2
14637,6
14638,2
14639,4
14640,2
14641,0
14642,2
14643,6
14644,2
14645,6
14646,6
14647,2
14648,4
14649,2
14650,3
14651,0
14652,4
14653,0
14654,2
14655,2
14656,5
14657,0
14658,0
14659,6
14660,6
14661,5
14662,0
14663,1
14664,2
14665,5
14666,6
14667,2
14668,2
14669,2
14670,2
14671,2
14672,2
14673,2
14674,4
14675,2
14676,6
14677,2
14678,6
14679,2
14680,5
14681,6
14682,0
14683,4
14684,4
14685,2
14686,4
14687,2
14688,2
14689,2
14690,0
14691,3
14692,0
14693,2
14694,1
14695,0
14696,2
14697,1
14698,0
14699,4
14700,2
14701,4
14702,2
14703,0
14704,6
14705,1
14706,5
14707,2
14708,6
14709,0
14710,2
14711,0
14712,2
14713,2
14714,6
14715,0
14716,0
14717,2
14718,6
14719,5
14720,2
14721,2
14722,6
14723,0
14724,2
14725,2
14726,2
14727,1
14728,2
14729,2
14730,0
14731,2
14732,0
14733,5
14734,0
14735,6
14736,0
14737,0
14738,1
14739,0
14740,0
14741,2
14742,2
14743,0
14744,3
14745,3
14746,4
14747,2
14748,2
14749,6
14750,0
14751,3
14752,2
14753,0
14754,0
14755,2
14756,2
14757,2
14758,6
14759,0
14760,0
14761,0
14762,2
14763,3
14764,2
14765,4
14766,1
14767,2
14768,6
14769,2
14770,2
14771,4
14772,0
14773,6
14774,0
14775,6
14776,2
14777,0
14778,2
14779,0
14780,0
14781,0
14782,4
14783,0
14784,2
14785,6
14786,2
14787,4
14788,6
14789,0
14790,0
14791,4
14792,2
14793,0
14794,0
14795,0
14796,0
14797,1
14798,4
14799,2
14800,2
14801,6
14802,0
14803,2
14804,6
14805,0
14806,2
14807,0
14808,0
14809,3
14810,0
14811,6
14812,3
14813,0
14814,4
14815,2
14816,4
14817,2
14818,1
14819,2
14820,1
14821,2
14822,2
14823,1
14824,0
14825,0
14826,2
14827,1
14828,2
14829,0
14830,0
14831,1
14832,2
14833,0
14834,0
14835,2
14836,0
14837,0
14838,4
14839,5
14840,6
14841,2
14842,2
14843,2
14844,2
14845,5
14846,1
14847,2
14848,0
14849,3
14850,3
14851,2
14852,0
14853,2
14854,0
14855,4
14856,4
14857,6
14858,6
14859,4
14860,2
14861,2
14862,0
14863,6
14864,2
14865,2
14866,2
14867,2
14868,6
14869,2
14870,2
14871,2
14872,0
14873,0
14874,0
14875,1
14876,2
14877,2
14878,2
14879,1
14880,3
14881,1
14882,2
14883,0
14884,0
14885,2
14886,6
14887,0
14888,0
14889,2
14890,6
14891,2
14892,2
14893,2
14894,0
14895,2
14896,6
14897,5
14898,6
14899,4
14900,2
14901,0
14902,0
14903,2
14904,0
14905,6
14906,1
14907,0
14908,0
14909,2
14910,0
14911,3
14912,0
14913,2
14914,0
14915,3
14916,4
14917,2
14918,2
14919,2
14920,1
14921,2
14922,0
14923,0
14924,2
14925,2
14926,1
14927,6
14928,0
14929,5
14930,6
14931,2
14932,1
14933,0
14934,2
14935,2
14936,2
14937,2
14938,0
14939,2
14940,0
14941,2
14942,2
14943,1
14944,2
14945,0
14946,6
14947,2
14948,6
14949,2
14950,0
14951,0
14952,2
14953,6
14954,0
14955,1
14956,0
14957,2
14958,3
14959,6
14960,2
14961,2
14962,1
14963,0
14964,0
14965,0
14966,5
14967,4
14968,2
14969,2
14970,6
14971,3
14972,2
14973,6
14974,5
14975,4
14976,3
14977,2
14978,0
14979,0
14980,2
14981,2
14982,2
14983,0
14984,2
14985,1
14986,2
14987,0
14988,0
14989,0
14990,0
14991,2
14992,2
14993,4
14994,0
14995,2
14996,0
14997,2
14998,0
14999,2
15000,4
15001,4
15002,0
15003,5
15004,0
15005,4
15006,2
15007,2
15008,0
15009,0
15010,0
15011,2
15012,2
15013,4
15014,2
15015,2
15016,4
15017,1
15018,2
15019,2
15020,2
15021,2
15022,5
15023,2
15024,2
15025,5
15026,2
15027,0
15028,0
15029,1
15030,0
15031,1
15032,0
15033,2
15034,0
15035,1
15036,0
15037,0
15038,1
15039,6
15040,1
15041,2
15042,1
15043,2
15044,4
15045,2
15046,2
15047,1
15048,2
15049,6
15050,2
15051,4
15052,0
15053,4
15054,6
15055,4
15056,0
15057,2
15058,0
15059,2
15060,2
15061,1
15062,2
15063,1
15064,0
15065,2
15066,3
15067,2
15068,0
15069,2
15070,0
15071,2
15072,1
15073,2
15074,5
15075,5
15076,2
15077,2
15078,1
15079,0
15080,2
15081,2
15082,0
15083,1
15084,6
15085,6
15086,0
15087,4
15088,2
15089,3
15090,4
15091,4
15092,0
15093,2
15094,2
15095,2
15096,2
15097,1
15098,6
15099,2
15100,1
15101,2
15102,5
15103,0
15104,2
15105,6
15106,2
15107,0
15108,2
15109,6
15110,6
15111,0
15112,2
15113,2
15114,2
15115,2
15116,0
15117,0
15118,4
15119,0
15120,5
15121,0
15122,4
15123,0
15124,4
15125,2
15126,0
15127,0
15128,6
15129,2
15130,2
15131,6
15132,0
15133,0
15134,5
15135,4
15136,0
15137,0
15138,4
15139,6
15140,0
15141,6
15142,2
15143,4
15144,2
15145,3
15146,2
15147,2
15148,2
15149,1
15150,2
15151,2
15152,1
15153,1
15154,6
15155,2
15156,6
15157,2
15158,0
15159,4
15160,6
15161,2
15162,0
15163,2
15164,6
15165,2
15166,0
15167,0
15168,1
15169,6
15170,2
15171,6
15172,2
15173,0
15174,2
15175,0
15176,2
15177,0
15178,6
15179,2
15180,0
15181,4
15182,6
15183,2
15184,2
15185,6
15186,0
15187,4
15188,0
15189,6
15190,2
15191,2
15192,2
15193,5
15194,1
15195,2
15196,0
15197,0
15198,2
15199,2
15200,0
15201,0
15202,0
15203,2
15204,6
15205,0
15206,2
15207,2
15208,4
15209,6
15210,2
15211,0
15212,0
15213,2
15214,3
15215,5
15216,0
15217,2
15218,2
15219,2
15220,2
15221,0
15222,0
15223,1
15224,2
15225,6
15226,0
15227,1
15228,6
15229,0
15230,5
15231,6
15232,4
15233,0
15234,1
15235,6
15236,1
15237,2
15238,2
15239,2
15240,5
15241,0
15242,0
15243,0
15244,1
15245,2
15246,0
15247,2
15248,2
15249,6
15250,6
15251,0
15252,0
15253,0
15254,1
15255,2
15256,4
15257,0
15258,2
15259,6
15260,2
15261,2
15262,6
15263,6
15264,2
15265,0
15266,2
15267,2
15268,2
15269,2
15270,2
15271,1
15272,0
15273,2
15274,2
15275,6
15276,4
15277,1
15278,0
15279,0
15280,3
15281,0
15282,1
15283,2
15284,2
15285,2
15286,0
15287,6
15288,2
15289,2
15290,0
15291,0
15292,2
15293,6
15294,2
15295,0
15296,5
15297,0
15298,0
15299,2
15300,2
15301,0
15302,2
15303,2
15304,2
15305,4
15306,1
15307,0
15308,0
15309,0
15310,6
15311,2
15312,2
15313,2
15314,0
15315,2
15316,5
15317,2
15318,0
15319,2
15320,2
15321,2
15322,2
15323,3
15324,0
15325,2
15326,1
15327,6
15328,6
15329,5
15330,3
15331,5
15332,4
15333,6
15334,0
15335,4
15336,6
15337,6
15338,2
15339,2
15340,0
15341,2
15342,2
15343,0
15344,0
15345,2
15346,2
15347,0
15348,4
15349,3
15350,0
15351,2
15352,6
15353,2
15354,5
15355,4
15356,6
15357,2
15358,2
15359,0
15360,6
15361,0
15362,2
15363,1
15364,3
15365,4
15366,3
15367,0
15368,2
15369,6
15370,2
15371,0
15372,0
15373,6
15374,2
15375,0
15376,2
15377,1
15378,3
15379,2
15380,2
15381,2
15382,2
15383,4
15384,0
15385,2
15386,2
15387,4
15388,6
15389,2
15390,4
15391,1
15392,2
15393,2
15394,0
15395,2
15396,4
15397,2
15398,0
15399,6
15400,0
15401,2
15402,0
15403,1
15404,0
15405,4
15406,6
15407,1
15408,2
15409,4
15410,2
15411,6
15412,4
15413,0
15414,1
15415,2
15416,2
15417,4
15418,6
15419,0
15420,2
15421,1
15422,2
15423,6
15424,4
15425,2
15426,4
15427,2
15428,5
15429,2
15430,0
15431,2
15432,2
15433,3
15434,2
15435,2
15436,0
15437,0
15438,2
15439,3
15440,0
15441,0
15442,0
15443,0
15444,4
15445,6
15446,0
15447,2
15448,0
15449,4
15450,2
15451,0
15452,2
15453,0
15454,2
15455,0
15456,2
15457,5
15458,6
15459,0
15460,0
15461,2
15462,6
15463,6
15464,5
15465,4
15466,2
15467,0
15468,2
15469,2
15470,3
15471,2
15472,1
15473,3
15474,1
15475,0
15476,2
15477,2
15478,2
15479,6
15480,5
15481,0
15482,0
15483,6
15484,2
15485,0
15486,4
15487,0
15488,2
15489,2
15490,1
15491,0
15492,6
15493,2
15494,6
15495,0
15496,3
15497,0
15498,6
15499,2
15500,0
15501,6
15502,3
15503,3
15504,2
15505,0
15506,0
15507,0
15508,0
15509,2
15510,6
15511,4
15512,0
15513,6
15514,2
15515,0
15516,4
15517,0
15518,5
15519,2
15520,3
15521,2
15522,3
15523,0
15524,1
15525,2
15526,6
15527,2
15528,6
15529,2
15530,2
15531,6
15532,2
15533,0
15534,0
15535,0
15536,2
15537,2
15538,2
15539,0
15540,2
15541,1
15542,5
15543,0
15544,2
15545,2
15546,6
15547,0
15548,2
15549,6
15550,6
15551,2
15552,6
15553,3
15554,2
15555,2
15556,0
15557,0
15558,2
15559,2
15560,2
15561,2
15562,0
15563,2
15564,2
15565,3
15566,6
15567,0
15568,2
15569,2
15570,2
15571,2
15572,0
15573,0
15574,5
15575,0
15576,6
15577,2
15578,4
15579,0
15580,0
15581,1
15582,3
15583,1
15584,2
15585,2
15586,2
15587,2
15588,2
15589,0
15590,0
15591,2
15592,2
15593,1
15594,0
15595,1
15596,2
15597,0
15598,0
15599,6
15600,4
15601,4
15602,6
15603,6
15604,2
15605,0
15606,5
15607,3
15608,2
15609,2
15610,1
15611,6
15612,2
15613,2
15614,0
15615,0
15616,2
15617,0
15618,6
15619,0
15620,6
15621,0
15622,6
15623,1
15624,0
15625,0
15626,1
15627,2
15628,6
15629,2
15630,5
15631,2
15632,0
15633,0
15634,0
15635,4
15636,2
15637,4
15638,3
15639,6
15640,2
15641,4
15642,2
15643,0
15644,2
15645,0
15646,0
15647,6
15648,2
15649,6
15650,4
15651,0
15652,2
15653,2
15654,0
15655,0
15656,0
15657,2
15658,0
15659,2
15660,2
15661,2
15662,2
15663,2
15664,4
15665,2
15666,2
15667,0
15668,0
15669,2
15670,2
15671,0
15672,1
15673,5
15674,2
15675,6
15676,0
15677,2
15678,2
15679,0
15680,0
15681,6
15682,4
15683,5
15684,2
15685,2
15686,3
15687,6
15688,2
15689,0
15690,3
15691,2
15692,4
15693,0
15694,4
15695,2
15696,3
15697,6
15698,0
15699,6
15700,0
15701,2
15702,4
15703,0
15704,0
15705,6
15706,0
15707,2
15708,0
15709,5
15710,1
15711,0
15712,2
15713,2
15714,0
15715,2
15716,0
15717,0
15718,4
15719,6
15720,2
15721,0
15722,0
15723,1
15724,3
15725,2
15726,6
15727,1
15728,2
15729,2
15730,2
15731,2
15732,2
15733,0
15734,0
15735,3
15736,3
15737,0
15738,5
15739,0
15740,2
15741,0
15742,2
15743,4
15744,1
15745,6
15746,2
15747,2
15748,5
15749,0
15750,2
15751,4
15752,2
15753,6
15754,0
15755,2
15756,6
15757,1
15758,6
15759,6
15760,2
15761,0
15762,2
15763,2
15764,2
15765,0
15766,0
15767,2
15768,6
15769,4
15770,2
15771,6
15772,5
15773,2
15774,2
15775,0
15776,0
15777,0
15778,6
15779,6
15780,2
15781,3
15782,4
15783,6
15784,6
15785,4
15786,2
15787,1
15788,0
15789,0
15790,6
15791,4
15792,0
15793,2
15794,2
15795,4
15796,5
15797,6
15798,0
15799,2
15800,2
15801,2
15802,0
15803,2
15804,2
15805,6
15806,4
15807,2
15808,2
15809,2
15810,0
15811,0
15812,2
15813,2
15814,2
15815,3
15816,2
15817,2
15818,0
15819,0
15820,2
15821,2
15822,2
15823,0
15824,0
15825,0
15826,0
15827,2
15828,0
15829,6
15830,2
15831,6
15832,2
15833,2
15834,4
15835,2
15836,2
15837,6
15838,0
15839,5
15840,0
15841,0
15842,2
15843,0
15844,6
15845,5
15846,2
15847,2
15848,6
15849,2
15850,2
15851,2
15852,2
15853,6
15854,3
15855,2
15856,1
15857,5
15858,4
15859,5
15860,2
15861,2
15862,4
15863,2
15864,0
15865,2
15866,5
15867,2
15868,1
15869,5
15870,4
15871,2
15872,0
15873,2
15874,2
15875,0
15876,3
15877,3
15878,0
15879,2
15880,2
15881,2
15882,6
15883,0
15884,2
15885,6
15886,2
15887,0
15888,2
15889,2
15890,0
15891,0
15892,0
15893,6
15894,0
15895,0
15896,0
15897,2
15898,0
15899,2
15900,1
15901,5
15902,5
15903,2
15904,2
15905,3
15906,2
15907,1
15908,0
15909,1
15910,0
15911,0
15912,0
15913,4
15914,2
15915,0
15916,6
15917,6
15918,2
15919,4
15920,2
15921,3
15922,2
15923,1
15924,1
15925,3
15926,2
15927,0
15928,0
15929,2
15930,1
15931,6
15932,0
15933,2
15934,0
15935,0
15936,2
15937,2
15938,0
15939,0
15940,0
15941,0
15942,0
15943,2
15944,0
15945,2
15946,4
15947,0
15948,0
15949,2
15950,1
15951,0
15952,4
15953,5
15954,6
15955,4
15956,0
15957,2
15958,6
15959,0
15960,2
15961,4
15962,2
15963,2
15964,1
15965,6
15966,1
15967,2
15968,2
15969,0
15970,2
15971,0
15972,3
15973,2
15974,6
15975,2
15976,0
15977,6
15978,0
15979,5
15980,3
15981,2
15982,0
15983,4
15984,0
15985,2
15986,2
15987,2
15988,2
15989,3
15990,0
15991,6
15992,2
15993,2
15994,2
15995,2
15996,2
15997,1
15998,0
15999,4
16000,2
16001,1
16002,2
16003,0
16004,2
16005,2
16006,0
16007,4
16008,0
16009,2
16010,2
16011,2
16012,0
16013,0
16014,0
16015,5
16016,6
16017,0
16018,4
16019,2
16020,0
16021,6
16022,2
16023,0
16024,2
16025,3
16026,0
16027,0
16028,6
16029,4
16030,0
16031,2
16032,0
16033,0
16034,1
16035,2
16036,6
16037,0
16038,0
16039,1
16040,2
16041,0
16042,2
16043,0
16044,6
16045,2
16046,1
16047,2
16048,1
16049,0
16050,0
16051,0
16052,1
16053,0
16054,2
16055,0
16056,0
16057,5
16058,0
16059,2
16060,0
16061,4
16062,0
16063,0
16064,2
16065,3
16066,2
16067,0
16068,6
16069,5
16070,2
16071,2
16072,6
16073,4
16074,2
16075,6
16076,2
16077,2
16078,0
16079,2
16080,2
16081,2
16082,6
16083,0
16084,1
16085,2
16086,2
16087,2
16088,6
16089,2
16090,2
16091,6
16092,2
16093,1
16094,3
16095,6
16096,2
16097,5
16098,6
16099,6
16100,6
16101,2
16102,4
16103,0
16104,1
16105,2
16106,0
16107,4
16108,0
16109,0
16110,2
16111,1
16112,0
16113,2
16114,6
16115,6
16116,2
16117,1
16118,2
16119,0
16120,1
16121,1
16122,2
16123,0
16124,0
16125,1
16126,2
16127,5
16128,0
16129,6
16130,2
16131,3
16132,2
16133,2
16134,2
16135,1
16136,2
16137,2
16138,0
16139,2
16140,6
16141,0
16142,4
16143,2
16144,2
16145,2
16146,4
16147,1
16148,4
16149,0
16150,3
16151,6
16152,2
16153,5
16154,2
16155,2
16156,2
16157,0
16158,6
16159,0
16160,6
16161,0
16162,0
16163,2
16164,2
16165,2
16166,2
16167,2
16168,3
16169,3
16170,0
16171,2
16172,1
16173,0
16174,3
16175,0
16176,5
16177,6
16178,2
16179,2
16180,1
16181,4
16182,0
16183,0
16184,6
16185,3
16186,1
16187,5
16188,4
16189,4
16190,2
16191,4
16192,0
16193,0
16194,2
16195,1
16196,2
16197,2
16198,2
16199,2
16200,6
16201,6
16202,6
16203,2
16204,5
16205,2
16206,4
16207,6
16208,2
16209,2
16210,4
16211,0
16212,0
16213,2
16214,0
16215,0
16216,2
16217,4
16218,2
16219,4
16220,6
16221,0
16222,5
16223,2
16224,0
16225,2
16226,2
16227,2
16228,3
16229,2
16230,2
16231,0
16232,2
16233,1
16234,6
16235,2
16236,5
16237,0
16238,0
16239,2
16240,2
16241,1
16242,5
16243,2
16244,2
16245,6
16246,2
16247,6
16248,6
16249,2
16250,4
16251,0
16252,2
16253,2
16254,0
16255,2
16256,2
16257,2
16258,0
16259,0
16260,6
16261,0
16262,1
16263,0
16264,6
16265,6
16266,2
16267,2
16268,2
16269,2
16270,2
16271,1
16272,0
16273,0
16274,6
16275,2
16276,1
16277,0
16278,0
16279,5
16280,2
16281,0
16282,1
16283,0
16284,1
16285,2
16286,4
16287,0
16288,5
16289,3
16290,6
16291,2
16292,6
16293,0
16294,0
16295,0
16296,2
16297,5
16298,2
16299,3
16300,4
16301,2
16302,2
16303,6
16304,0
16305,3
16306,0
16307,0
16308,0
16309,2
16310,5
16311,0
16312,4
16313,0
16314,2
16315,4
16316,4
16317,2
16318,6
16319,2
16320,0
16321,2
16322,2
16323,4
16324,0
16325,6
16326,0
16327,1
16328,4
16329,0
16330,3
16331,6
16332,2
16333,2
16334,4
16335,5
16336,1
16337,2
16338,0
16339,1
16340,3
16341,4
16342,0
16343,0
16344,0
16345,6
16346,2
16347,0
16348,2
16349,6
16350,1
16351,2
16352,0
16353,1
16354,2
16355,3
16356,6
16357,0
16358,2
16359,2
16360,2
16361,6
16362,6
16363,0
16364,2
16365,0
16366,2
16367,0
16368,0
16369,0
16370,0
16371,6
16372,6
16373,0
16374,2
16375,2
16376,4
16377,6
16378,6
16379,6
16380,1
16381,4
16382,2
16383,5
16384,2
16385,2
16386,2
16387,4
16388,5
16389,0
16390,0
16391,2
16392,6
16393,6
16394,4
16395,2
16396,2
16397,5
16398,2
16399,2
16400,0
16401,6
16402,2
16403,0
16404,1
16405,2
16406,0
16407,2
16408,2
16409,6
16410,1
16411,2
16412,4
16413,2
16414,5
16415,2
16416,6
16417,2
16418,2
16419,4
16420,2
16421,1
16422,2
16423,6
16424,5
16425,6
16426,0
16427,2
16428,3
16429,2
16430,2
16431,2
16432,1
16433,0
16434,6
16435,0
16436,4
16437,4
16438,6
16439,2
16440,2
16441,5
16442,2
16443,2
16444,2
16445,4
16446,2
16447,6
16448,2
16449,2
16450,2
16451,3
16452,0
16453,6
16454,0
16455,0
16456,1
16457,6
16458,0
16459,1
16460,4
16461,0
16462,2
16463,1
16464,6
16465,6
16466,2
16467,0
16468,2
16469,4
16470,5
16471,3
16472,1
16473,1
16474,0
16475,2
16476,2
16477,2
16478,0
16479,0
16480,0
16481,2
16482,2
16483,6
16484,6
16485,0
16486,3
16487,0
16488,2
16489,5
16490,1
16491,5
16492,4
16493,2
16494,2
16495,4
16496,6
16497,6
16498,2
16499,2
16500,4
16501,2
16502,3
16503,2
16504,2
16505,0
16506,2
16507,0
16508,4
16509,0
16510,2
16511,4
16512,4
16513,2
16514,2
16515,0
16516,4
16517,2
16518,4
16519,2
16520,1
16521,0
16522,4
16523,0
16524,2
16525,6
16526,2
16527,4
16528,4
16529,6
16530,1
16531,1
16532,6
16533,4
16534,2
16535,4
16536,1
16537,2
16538,4
16539,2
16540,0
16541,2
16542,2
16543,2
16544,4
16545,2
16546,4
16547,0
16548,2
16549,4
16550,0
16551,1
16552,0
16553,0
16554,0
16555,6
16556,2
16557,1
16558,2
16559,6
16560,2
16561,2
16562,3
16563,0
16564,5
16565,0
16566,0
16567,0
16568,2
16569,2
16570,2
16571,2
16572,2
16573,1
16574,0
16575,2
16576,0
16577,0
16578,4
16579,5
16580,5
16581,6
16582,2
16583,2
16584,0
16585,1
16586,0
16587,2
16588,6
16589,0
16590,0
16591,0
16592,0
16593,4
16594,2
16595,2
16596,4
16597,2
16598,2
16599,1
16600,6
16601,2
16602,0
16603,5
16604,4
16605,2
16606,2
16607,0
16608,6
16609,2
16610,6
16611,2
16612,0
16613,2
16614,0
16615,2
16616,6
16617,1
16618,2
16619,2
16620,0
16621,0
16622,2
16623,2
16624,0
16625,2
16626,0
16627,0
16628,2
16629,0
16630,5
16631,3
16632,1
16633,6
16634,2
16635,2
16636,2
16637,6
16638,6
16639,4
16640,2
16641,2
16642,2
16643,2
16644,2
16645,0
16646,6
16647,2
16648,6
16649,4
16650,0
16651,1
16652,4
16653,4
16654,2
16655,0
16656,2
16657,1
16658,2
16659,2
16660,0
16661,3
16662,0
16663,2
16664,0
16665,4
16666,2
16667,0
16668,0
16669,2
16670,2
16671,0
16672,6
16673,5
16674,6
16675,2
16676,0
16677,2
16678,2
16679,6
16680,0
16681,2
16682,5
16683,4
16684,2
16685,2
16686,0
16687,0
16688,2
16689,2
16690,0
16691,0
16692,3
16693,1
16694,0
16695,6
16696,2
16697,6
16698,1
16699,2
16700,2
16701,2
16702,0
16703,6
16704,1
16705,4
16706,0
16707,6
16708,0
16709,2
16710,0
16711,2
16712,0
16713,2
16714,2
16715,2
16716,2
16717,2
16718,4
16719,4
16720,3
16721,2
16722,4
16723,2
16724,2
16725,6
16726,2
16727,2
16728,6
16729,3
16730,0
16731,3
16732,1
16733,2
16734,4
16735,4
16736,0
16737,2
16738,0
16739,4
16740,2
16741,2
16742,2
16743,0
16744,3
16745,1
16746,5
16747,2
16748,4
16749,2
16750,0
16751,4
16752,1
16753,2
16754,0
16755,0
16756,6
16757,0
16758,2
16759,0
16760,5
16761,1
16762,4
16763,0
16764,2
16765,2
16766,2
16767,2
16768,4
16769,2
16770,0
16771,0
16772,0
16773,2
16774,6
16775,0
16776,3
16777,2
16778,0
16779,0
16780,2
16781,2
16782,2
16783,6
16784,0
16785,2
16786,0
16787,2
16788,2
16789,0
16790,6
16791,0
16792,0
16793,2
16794,6
16795,2
16796,4
16797,0
16798,0
16799,2
16800,6
16801,0
16802,0
16803,1
16804,2
16805,1
16806,2
16807,2
16808,2
16809,6
16810,2
16811,4
16812,0
16813,2
16814,2
16815,2
16816,1
16817,2
16818,0
16819,2
16820,4
16821,2
16822,2
16823,2
16824,2
16825,5
16826,2
16827,6
16828,0
16829,2
16830,4
16831,0
16832,3
16833,0
16834,2
16835,6
16836,2
16837,2
16838,0
16839,0
16840,2
16841,6
16842,2
16843,2
16844,6
16845,2
16846,0
16847,2
16848,4
16849,2
16850,2
16851,5
16852,0
16853,0
16854,4
16855,0
16856,1
16857,0
16858,1
16859,0
16860,0
16861,2
16862,2
16863,0
16864,5
16865,1
16866,0
16867,2
16868,2
16869,2
16870,5
16871,6
16872,5
16873,0
16874,2
16875,0
16876,4
16877,6
16878,2
16879,1
16880,4
16881,0
16882,2
16883,6
16884,2
16885,2
16886,2
16887,6
16888,1
16889,2
16890,2
16891,2
16892,6
16893,2
16894,0
16895,4
16896,2
16897,6
16898,0
16899,0
16900,3
16901,2
16902,4
16903,6
16904,6
16905,2
16906,0
16907,2
16908,2
16909,2
16910,2
16911,0
16912,2
16913,0
16914,4
16915,2
16916,2
16917,0
16918,6
16919,2
16920,4
16921,2
16922,2
16923,1
16924,6
16925,0
16926,2
16927,0
16928,4
16929,2
16930,2
16931,0
16932,4
16933,5
16934,0
16935,2
16936,2
16937,3
16938,6
16939,2
16940,2
16941,4
16942,6
16943,4
16944,2
16945,0
16946,2
16947,2
16948,6
16949,6
16950,0
16951,6
16952,2
16953,6
16954,2
16955,1
16956,6
16957,6
16958,5
16959,3
16960,4
16961,0
16962,0
16963,0
16964,2
16965,2
16966,0
16967,2
16968,0
16969,2
16970,2
16971,6
16972,2
16973,2
16974,4
16975,2
16976,0
16977,2
16978,2
16979,0
16980,6
16981,0
16982,0
16983,3
16984,0
16985,0
16986,0
16987,0
16988,2
16989,6
16990,0
16991,1
16992,0
16993,2
16994,2
16995,2
16996,0
16997,3
16998,6
16999,6
17000,2
17001,6
17002,1
17003,2
17004,0
17005,3
17006,0
17007,5
17008,6
17009,2
17010,2
17011,1
17012,6
17013,1
17014,2
17015,3
17016,3
17017,0
17018,5
17019,1
17020,6
17021,2
17022,0
17023,2
17024,6
17025,2
17026,2
17027,0
17028,6
17029,2
17030,2
17031,2
17032,2
17033,1
17034,0
17035,4
17036,5
17037,5
17038,3
17039,6
17040,2
17041,2
17042,2
17043,6
17044,2
17045,2
17046,0
17047,0
17048,0
17049,0
17050,2
17051,0
17052,2
17053,2
17054,6
17055,2
17056,6
17057,2
17058,5
17059,1
17060,2
17061,2
17062,1
17063,1
17064,0
17065,4
17066,4
17067,1
17068,6
17069,2
17070,0
17071,2
17072,1
17073,0
17074,0
17075,0
17076,5
17077,2
17078,6
17079,2
17080,0
17081,3
17082,4
17083,2
17084,2
17085,2
17086,6
17087,2
17088,2
17089,5
17090,5
17091,4
17092,2
17093,6
17094,0
17095,0
17096,2
17097,0
17098,2
17099,6
17100,2
17101,4
17102,0
17103,2
17104,5
17105,1
17106,2
17107,1
17108,2
17109,6
17110,2
17111,2
17112,4
17113,6
17114,0
17115,0
17116,4
17117,2
17118,2
17119,6
17120,4
17121,0
17122,2
17123,2
17124,2
17125,1
17126,1
17127,6
17128,2
17129,2
17130,6
17131,2
17132,3
17133,2
17134,0
17135,6
17136,0
17137,6
17138,2
17139,0
17140,6
17141,2
17142,2
17143,2
17144,2
17145,0
17146,6
17147,2
17148,2
17149,4
17150,0
17151,2
17152,0
17153,3
17154,2
17155,2
17156,2
17157,4
17158,1
17159,2
17160,2
17161,1
17162,0
17163,2
17164,0
17165,1
17166,3
17167,0
17168,6
17169,2
17170,0
17171,4
17172,0
17173,6
17174,6
17175,6
17176,2
17177,4
17178,2
17179,2
17180,2
17181,2
17182,2
17183,4
17184,0
17185,0
17186,2
17187,0
17188,1
17189,0
17190,2
17191,1
17192,0
17193,1
17194,4
17195,1
17196,2
17197,1
17198,2
17199,6
17200,6
17201,5
17202,2
17203,4
17204,2
17205,2
17206,0
17207,0
17208,2
17209,0
17210,0
17211,0
17212,2
17213,6
17214,0
17215,2
17216,2
17217,2
17218,2
17219,5
17220,0
17221,3
17222,2
17223,1
17224,2
17225,1
17226,4
17227,6
17228,0
17229,4
17230,0
17231,2
17232,6
17233,2
17234,5
17235,2
17236,2
17237,6
17238,2
17239,0
17240,0
17241,2
17242,6
17243,4
17244,0
17245,2
17246,2
17247,6
17248,2
17249,6
17250,2
17251,2
17252,6
17253,0
17254,6
17255,4
17256,0
17257,2
17258,6
17259,6
17260,4
17261,1
17262,3
17263,2
17264,6
17265,2
17266,0
17267,2
17268,2
17269,2
17270,2
17271,0
17272,0
17273,6
17274,6
17275,2
17276,2
17277,4
17278,6
17279,0
17280,1
17281,2
17282,1
17283,2
17284,2
17285,5
17286,6
17287,0
17288,2
17289,0
17290,2
17291,2
17292,0
17293,6
17294,0
17295,2
17296,2
17297,0
17298,3
17299,2
17300,2
17301,0
17302,3
17303,0
17304,2
17305,2
17306,4
17307,6
17308,4
17309,2
17310,4
17311,0
17312,1
17313,5
17314,0
17315,0
17316,1
17317,2
17318,2
17319,4
17320,2
17321,6
17322,0
17323,2
17324,2
17325,4
17326,2
17327,2
17328,4
17329,2
17330,0
17331,2
17332,2
17333,0
17334,4
17335,6
17336,0
17337,2
17338,0
17339,2
17340,0
17341,0
17342,4
17343,3
17344,0
17345,2
17346,4
17347,2
17348,5
17349,0
17350,2
17351,5
17352,6
17353,4
17354,0
17355,4
17356,0
17357,2
17358,6
17359,6
17360,0
17361,3
17362,2
17363,2
17364,4
17365,2
17366,2
17367,2
17368,4
17369,0
17370,4
17371,2
17372,2
17373,1
17374,2
17375,1
17376,4
17377,5
17378,0
17379,0
17380,3
17381,1
17382,0
17383,0
17384,1
17385,0
17386,2
17387,2
17388,0
17389,4
17390,4
17391,1
17392,2
17393,2
17394,0
17395,0
17396,6
17397,4
17398,2
17399,0
17400,3
17401,2
17402,3
17403,2
17404,0
17405,2
17406,2
17407,0
17408,0
17409,1
17410,2
17411,0
17412,2
17413,1
17414,2
17415,2
17416,2
17417,6
17418,4
17419,0
17420,1
17421,6
17422,1
17423,0
17424,1
17425,0
17426,0
17427,2
17428,6
17429,1
17430,6
17431,6
17432,5
17433,3
17434,2
17435,2
17436,6
17437,2
17438,1
17439,2
17440,2
17441,2
17442,6
17443,2
17444,2
17445,4
17446,0
17447,0
17448,2
17449,2
17450,6
17451,0
17452,0
17453,2
17454,5
17455,2
17456,0
17457,0
17458,3
17459,2
17460,6
17461,1
17462,2
17463,0
17464,6
17465,2
17466,3
17467,2
17468,6
17469,0
17470,5
17471,6
17472,4
17473,2
17474,2
17475,2
17476,0
17477,6
17478,6
17479,2
17480,2
17481,1
17482,2
17483,5
17484,2
17485,6
17486,0
17487,5
17488,0
17489,2
17490,1
17491,2
17492,0
17493,6
17494,2
17495,2
17496,0
17497,2
17498,2
17499,3
17500,2
17501,2
17502,1
17503,2
17504,4
17505,0
17506,2
17507,2
17508,6
17509,0
17510,5
17511,5
17512,0
17513,2
17514,1
17515,0
17516,5
17517,0
17518,2
17519,2
17520,6
17521,0
17522,2
17523,1
17524,0
17525,0
17526,3
17527,2
17528,1
17529,0
17530,6
17531,0
17532,3
17533,2
17534,6
17535,4
17536,0
17537,4
17538,2
17539,2
17540,0
17541,2
17542,5
17543,5
17544,4
17545,2
17546,0
17547,1
17548,1
17549,0
17550,2
17551,5
17552,0
17553,6
17554,6
17555,6
17556,2
17557,4
17558,2
17559,5
17560,0
17561,0
17562,2
17563,2
17564,6
17565,2
17566,2
17567,6
17568,5
17569,2
17570,6
17571,0
17572,2
17573,2
17574,6
17575,0
17576,2
17577,0
17578,6
17579,2
17580,2
17581,4
17582,2
17583,3
17584,4
17585,3
17586,1
17587,0
17588,2
17589,2
17590,2
17591,0
17592,0
17593,4
17594,2
17595,4
17596,2
17597,4
17598,4
17599,0
17600,2
17601,2
17602,5
17603,0
17604,2
17605,1
17606,4
17607,0
17608,2
17609,5
17610,5
17611,5
17612,2
17613,2
17614,2
17615,2
17616,2
17617,2
17618,2
17619,1
17620,2
17621,0
17622,4
17623,2
17624,3
17625,0
17626,6
17627,5
17628,0
17629,3
17630,0
17631,5
17632,5
17633,2
17634,2
17635,0
17636,0
17637,2
17638,2
17639,2
17640,2
17641,0
17642,1
17643,1
17644,2
17645,6
17646,0
17647,1
17648,2
17649,0
17650,2
17651,6
17652,0
17653,2
17654,2
17655,6
17656,2
17657,2
17658,0
17659,2
17660,5
17661,4
17662,0
17663,2
17664,0
17665,3
17666,4
17667,2
17668,6
17669,2
17670,2
17671,6
17672,2
17673,2
17674,2
17675,6
17676,0
17677,2
17678,2
17679,1
17680,0
17681,4
17682,2
17683,1
17684,4
17685,2
17686,4
17687,2
17688,2
17689,2
17690,2
17691,5
17692,1
17693,0
17694,2
17695,1
17696,6
17697,0
17698,6
17699,6
17700,0
17701,2
17702,6
17703,0
17704,4
17705,2
17706,5
17707,6
17708,2
17709,0
17710,6
17711,4
17712,0
17713,6
17714,0
17715,4
17716,2
17717,0
17718,3
17719,2
17720,2
17721,6
17722,4
17723,0
17724,2
17725,2
17726,0
17727,0
17728,6
17729,6
17730,2
17731,2
17732,0
17733,6
17734,0
17735,0
17736,3
17737,0
17738,0
17739,3
17740,2
17741,4
17742,6
17743,4
17744,0
17745,2
17746,0
17747,6
17748,0
17749,0
17750,1
17751,2
17752,6
17753,2
17754,6
17755,3
17756,0
17757,2
17758,5
17759,2
17760,0
17761,4
17762,6
17763,0
17764,3
17765,5
17766,0
17767,6
17768,4
17769,2
17770,3
17771,0
17772,4
17773,0
17774,2
17775,5
17776,1
17777,0
17778,6
17779,1
17780,6
17781,2
17782,2
17783,0
17784,2
17785,3
17786,1
17787,0
17788,0
17789,0
17790,5
17791,0
17792,6
17793,2
17794,0
17795,0
17796,4
17797,3
17798,2
17799,6
17800,2
17801,6
17802,6
17803,5
17804,2
17805,2
17806,6
17807,4
17808,2
17809,6
17810,2
17811,6
17812,3
17813,2
17814,1
17815,4
17816,2
17817,0
17818,2
17819,2
17820,2
17821,2
17822,4
17823,5
17824,4
17825,1
17826,6
17827,2
17828,2
17829,2
17830,0
17831,2
17832,3
17833,0
17834,2
17835,0
17836,2
17837,6
17838,5
17839,0
17840,0
17841,6
17842,2
17843,2
17844,2
17845,2
17846,0
17847,4
17848,2
17849,6
17850,5
17851,0
17852,1
17853,5
17854,1
17855,2
17856,0
17857,2
17858,6
17859,4
17860,0
17861,2
17862,0
17863,2
17864,2
17865,3
17866,2
17867,2
17868,2
17869,5
17870,0
17871,4
17872,0
17873,0
17874,2
17875,1
17876,5
17877,6
17878,6
17879,6
17880,2
17881,4
17882,2
17883,2
17884,2
17885,2
17886,2
17887,2
17888,4
17889,2
17890,2
17891,2
17892,0
17893,4
17894,6
17895,3
17896,0
17897,0
17898,4
17899,2
17900,0
17901,0
17902,4
17903,1
17904,6
17905,5
17906,2
17907,2
17908,0
17909,0
17910,4
17911,0
17912,3
17913,0
17914,0
17915,0
17916,0
17917,0
17918,0
17919,1
17920,1
17921,0
17922,5
17923,4
17924,1
17925,2
17926,6
17927,6
17928,2
17929,6
17930,1
17931,2
17932,2
17933,0
17934,0
17935,2
17936,2
17937,2
17938,2
17939,0
17940,6
17941,2
17942,5
17943,0
17944,0
17945,2
17946,0
17947,4
17948,4
17949,6
17950,5
17951,6
17952,2
17953,5
17954,2
17955,6
17956,2
17957,0
17958,6
17959,6
17960,0
17961,2
17962,6
17963,0
17964,2
17965,0
17966,5
17967,1
17968,2
17969,5
17970,2
17971,6
17972,2
17973,0
17974,4
17975,2
17976,3
17977,6
17978,2
17979,2
17980,2
17981,1
17982,2
17983,0
17984,2
17985,2
17986,0
17987,0
17988,4
17989,2
17990,0
17991,2
17992,3
17993,2
17994,2
17995,4
17996,1
17997,2
17998,2
17999,6
18000,0
18001,2
18002,0
18003,2
18004,2
18005,0
18006,2
18007,6
18008,2
18009,0
18010,4
18011,2
18012,0
18013,6
18014,2
18015,4
18016,2
18017,2
18018,2
18019,2
18020,4
18021,6
18022,2
18023,2
18024,2
18025,4
18026,6
18027,2
18028,3
18029,2
18030,6
18031,6
18032,4
18033,2
18034,0
18035,2
18036,0
18037,2
18038,0
18039,2
18040,2
18041,3
18042,3
18043,3
18044,0
18045,2
18046,0
18047,1
18048,6
18049,4
18050,0
18051,6
18052,0
18053,6
18054,0
18055,2
18056,0
18057,0
18058,2
18059,0
18060,0
18061,2
18062,2
18063,0
18064,0
18065,4
18066,5
18067,0
18068,0
18069,2
18070,2
18071,2
18072,2
18073,6
18074,0
18075,2
18076,1
18077,0
18078,2
18079,0
18080,5
18081,2
18082,2
18083,3
18084,0
18085,0
18086,2
18087,6
18088,2
18089,6
18090,3
18091,4
18092,0
18093,1
18094,0
18095,1
18096,0
18097,0
18098,5
18099,6
18100,5
18101,2
18102,1
18103,0
18104,2
18105,0
18106,4
18107,1
18108,0
18109,3
18110,0
18111,2
18112,2
18113,2
18114,2
18115,2
18116,0
18117,2
18118,6
18119,6
18120,2
18121,6
18122,2
18123,0
18124,2
18125,2
18126,1
18127,0
18128,0
18129,2
18130,2
18131,6
18132,5
18133,2
18134,2
18135,2
18136,4
18137,6
18138,0
18139,5
18140,2
18141,0
18142,4
18143,4
18144,4
18145,0
18146,2
18147,0
18148,6
18149,2
18150,5
18151,1
18152,0
18153,1
18154,6
18155,6
18156,4
18157,1
18158,6
18159,2
18160,0
18161,2
18162,3
18163,1
18164,5
18165,2
18166,5
18167,1
18168,2
18169,4
18170,6
18171,2
18172,0
18173,0
18174,2
18175,0
18176,3
18177,2
18178,0
18179,0
18180,2
18181,3
18182,2
18183,6
18184,0
18185,2
18186,2
18187,0
18188,1
18189,6
18190,2
18191,5
18192,2
18193,4
18194,1
18195,2
18196,2
18197,0
18198,2
18199,2
18200,2
18201,0
18202,2
18203,1
18204,0
18205,5
18206,4
18207,0
18208,6
18209,0
18210,2
18211,0
18212,2
18213,0
18214,4
18215,0
18216,1
18217,0
18218,2
18219,0
18220,2
18221,0
18222,5
18223,2
18224,1
18225,2
18226,2
18227,0
18228,2
18229,1
18230,1
18231,3
18232,0
18233,0
18234,6
18235,1
18236,0
18237,2
18238,4
18239,6
18240,6
18241,5
18242,2
18243,4
18244,2
18245,0
18246,0
18247,4
18248,5
18249,2
18250,0
18251,0
18252,3
18253,4
18254,0
18255,2
18256,4
18257,2
18258,2
18259,0
18260,2
18261,2
18262,0
18263,6
18264,3
18265,0
18266,6
18267,3
18268,5
18269,6
18270,0
18271,2
18272,3
18273,1
18274,2
18275,4
18276,4
18277,2
18278,1
18279,0
18280,4
18281,1
18282,2
18283,2
18284,2
18285,2
18286,2
18287,2
18288,2
18289,0
18290,6
18291,4
18292,2
18293,5
18294,3
18295,2
18296,6
18297,2
18298,3
18299,2
18300,1
18301,1
18302,0
18303,2
18304,2
18305,1
18306,1
18307,3
18308,0
18309,2
18310,2
18311,0
18312,2
18313,2
18314,5
18315,2
18316,3
18317,3
18318,0
18319,4
18320,0
18321,2
18322,0
18323,6
18324,1
18325,0
18326,1
18327,3
18328,4
18329,2
18330,4
18331,1
18332,2
18333,2
18334,3
18335,0
18336,0
18337,1
18338,0
18339,3
18340,0
18341,2
18342,2
18343,2
18344,2
18345,2
18346,6
18347,0
18348,0
18349,6
18350,0
18351,2
18352,2
18353,0
18354,0
18355,0
18356,2
18357,4
18358,4
18359,0
18360,6
18361,2
18362,0
18363,1
18364,3
18365,2
18366,5
18367,0
18368,6
18369,6
18370,2
18371,2
18372,2
18373,1
18374,2
18375,0
18376,6
18377,2
18378,2
18379,0
18380,0
18381,2
18382,2
18383,2
18384,3
18385,4
18386,0
18387,3
18388,0
18389,0
18390,2
18391,4
18392,0
18393,4
18394,2
18395,4
18396,6
18397,4
18398,1
18399,3
18400,2
18401,2
18402,1
18403,1
18404,1
18405,0
18406,6
18407,0
18408,2
18409,0
18410,0
18411,2
18412,0
18413,4
18414,0
18415,1
18416,2
18417,5
18418,2
18419,4
18420,0
18421,2
18422,5
18423,2
18424,6
18425,6
18426,6
18427,2
18428,6
18429,4
18430,2
18431,4
18432,2
18433,0
18434,0
18435,0
18436,2
18437,0
18438,2
18439,2
18440,0
18441,1
18442,2
18443,0
18444,2
18445,2
18446,6
18447,0
18448,4
18449,0
18450,2
18451,6
18452,2
18453,2
18454,2
18455,2
18456,6
18457,2
18458,6
18459,0
18460,1
18461,6
18462,2
18463,2
18464,2
18465,5
18466,1
18467,5
18468,0
18469,0
18470,6
18471,3
18472,5
18473,0
18474,2
18475,2
18476,2
18477,2
18478,2
18479,4
18480,6
18481,0
18482,2
18483,2
18484,4
18485,2
18486,2
18487,5
18488,1
18489,0
18490,0
18491,1
18492,0
18493,0
18494,2
18495,3
18496,3
18497,2
18498,1
18499,6
18500,3
18501,0
18502,0
18503,4
18504,6
18505,0
18506,2
18507,5
18508,0
18509,2
18510,4
18511,2
18512,4
18513,5
18514,0
18515,0
18516,2
18517,6
18518,2
18519,0
18520,2
18521,0
18522,6
18523,2
18524,0
18525,1
18526,2
18527,2
18528,0
18529,2
18530,2
18531,0
18532,6
18533,4
18534,1
18535,2
18536,2
18537,4
18538,2
18539,1
18540,2
18541,0
18542,2
18543,6
18544,1
18545,2
18546,4
18547,0
18548,0
18549,0
18550,6
18551,1
18552,0
18553,6
18554,2
18555,0
18556,2
18557,0
18558,2
18559,2
18560,2
18561,6
18562,1
18563,0
18564,0
18565,2
18566,2
18567,2
18568,2
18569,0
18570,2
18571,1
18572,6
18573,0
18574,2
18575,4
18576,2
18577,2
18578,0
18579,6
18580,2
18581,2
18582,2
18583,1
18584,1
18585,4
18586,0
18587,4
18588,0
18589,6
18590,1
18591,2
18592,0
18593,2
18594,2
18595,2
18596,0
18597,0
18598,4
18599,5
18600,1
18601,2
18602,2
18603,0
18604,2
18605,3
18606,2
18607,2
18608,1
18609,2
18610,1
18611,0
18612,2
18613,2
18614,0
18615,4
18616,2
18617,2
18618,0
18619,2
18620,2
18621,0
18622,0
18623,6
18624,2
18625,5
18626,6
18627,0
18628,1
18629,0
18630,2
18631,0
18632,2
18633,2
18634,2
18635,1
18636,2
18637,0
18638,6
18639,0
18640,0
18641,0
18642,0
18643,2
18644,4
18645,2
18646,0
18647,0
18648,4
18649,5
18650,1
18651,0
18652,2
18653,5
18654,0
18655,4
18656,0
18657,0
18658,2
18659,2
18660,6
18661,0
18662,5
18663,2
18664,0
18665,2
18666,2
18667,4
18668,2
18669,1
18670,4
18671,0
18672,1
18673,0
18674,6
18675,5
18676,1
18677,0
18678,0
18679,2
18680,2
18681,0
18682,4
18683,3
18684,0
18685,6
18686,5
18687,6
18688,5
18689,4
18690,0
18691,6
18692,2
18693,6
18694,0
18695,2
18696,4
18697,1
18698,6
18699,2
18700,2
18701,0
18702,4
18703,0
18704,6
18705,6
18706,2
18707,4
18708,6
18709,6
18710,0
18711,2
18712,2
18713,2
18714,4
18715,2
18716,1
18717,2
18718,6
18719,2
18720,0
18721,2
18722,6
18723,5
18724,5
18725,2
18726,4
18727,6
18728,2
18729,2
18730,0
18731,2
18732,2
18733,0
18734,6
18735,0
18736,0
18737,2
18738,1
18739,2
18740,1
18741,2
18742,6
18743,0
18744,2
18745,6
18746,2
18747,0
18748,0
18749,4
18750,2
18751,0
18752,6
18753,2
18754,0
18755,3
18756,0
18757,4
18758,0
18759,6
18760,2
18761,2
18762,4
18763,2
18764,2
18765,0
18766,0
18767,5
18768,4
18769,5
18770,0
18771,2
18772,4
18773,4
18774,2
18775,1
18776,6
18777,6
18778,0
18779,0
18780,2
18781,4
18782,2
18783,0
18784,0
18785,1
18786,6
18787,0
18788,4
18789,2
18790,0
18791,2
18792,0
18793,6
18794,4
18795,0
18796,0
18797,2
18798,0
18799,2
18800,0
18801,1
18802,0
18803,2
18804,2
18805,5
18806,0
18807,6
18808,2
18809,2
18810,0
18811,0
18812,4
18813,0
18814,2
18815,2
18816,2
18817,4
18818,0
18819,3
18820,0
18821,4
18822,0
18823,0
18824,4
18825,2
18826,6
18827,0
18828,0
18829,6
18830,2
18831,5
18832,0
18833,6
18834,1
18835,2
18836,6
18837,6
18838,6
18839,2
18840,4
18841,0
18842,0
18843,6
18844,0
18845,4
18846,2
18847,2
18848,6
18849,2
18850,0
18851,2
18852,2
18853,4
18854,0
18855,0
18856,0
18857,2
18858,0
18859,2
18860,2
18861,0
18862,2
18863,2
18864,1
18865,0
18866,4
18867,0
18868,2
18869,6
18870,2
18871,0
18872,6
18873,2
18874,2
18875,3
18876,2
18877,5
18878,4
18879,2
18880,0
18881,6
18882,6
18883,2
18884,0
18885,2
18886,1
18887,0
18888,2
18889,6
18890,2
18891,2
18892,4
18893,6
18894,1
18895,3
18896,2
18897,6
18898,2
18899,0
18900,2
18901,0
18902,2
18903,0
18904,0
18905,2
18906,6
18907,1
18908,0
18909,0
18910,2
18911,0
18912,0
18913,4
18914,2
18915,6
18916,6
18917,6
18918,2
18919,2
18920,2
18921,2
18922,1
18923,5
18924,1
18925,0
18926,6
18927,2
18928,5
18929,1
18930,6
18931,4
18932,4
18933,0
18934,0
18935,2
18936,0
18937,0
18938,2
18939,6
18940,0
18941,1
18942,1
18943,2
18944,2
18945,0
18946,5
18947,0
18948,0
18949,2
18950,5
18951,2
18952,0
18953,2
18954,5
18955,1
18956,4
18957,2
18958,5
18959,4
18960,2
18961,2
18962,5
18963,2
18964,0
18965,2
18966,4
18967,2
18968,6
18969,1
18970,2
18971,0
18972,2
18973,0
18974,0
18975,0
18976,0
18977,4
18978,6
18979,3
18980,6
18981,6
18982,4
18983,2
18984,0
18985,1
18986,2
18987,0
18988,3
18989,0
18990,0
18991,2
18992,2
18993,4
18994,2
18995,2
18996,4
18997,2
18998,2
18999,6
19000,1
19001,0
19002,0
19003,0
19004,2
19005,2
19006,4
19007,2
19008,2
19009,1
19010,2
19011,3
19012,2
19013,0
19014,2
19015,3
19016,3
19017,2
19018,0
19019,4
19020,6
19021,2
19022,2
19023,4
19024,3
19025,2
19026,2
19027,2
19028,2
19029,1
19030,0
19031,1
19032,1
19033,0
19034,6
19035,3
19036,2
19037,2
19038,5
19039,2
19040,0
19041,3
19042,6
19043,2
19044,0
19045,3
19046,6
19047,6
19048,2
19049,3
19050,1
19051,2
19052,0
19053,2
19054,2
19055,6
19056,0
19057,5
19058,2
19059,2
19060,2
19061,6
19062,2
19063,0
19064,0
19065,2
19066,2
19067,2
19068,2
19069,1
19070,2
19071,4
19072,2
19073,2
19074,0
19075,2
19076,2
19077,4
19078,6
19079,2
19080,2
19081,5
19082,2
19083,3
19084,2
19085,2
19086,2
19087,2
19088,2
19089,3
19090,0
19091,6
19092,2
19093,0
19094,2
19095,1
19096,2
19097,2
19098,4
19099,0
19100,5
19101,6
19102,5
19103,2
19104,2
19105,0
19106,5
19107,0
19108,0
19109,0
19110,2
19111,2
19112,4
19113,2
19114,0
19115,6
19116,2
19117,0
19118,6
19119,0
19120,2
19121,2
19122,3
19123,2
19124,0
19125,0
19126,0
19127,0
19128,2
19129,0
19130,0
19131,6
19132,1
19133,2
19134,2
19135,0
19136,2
19137,2
19138,0
19139,0
19140,2
19141,0
19142,2
19143,1
19144,4
19145,2
19146,0
19147,0
19148,2
19149,2
19150,2
19151,0
19152,0
19153,0
19154,0
19155,4
19156,2
19157,1
19158,3
19159,2
19160,2
19161,0
19162,4
19163,6
19164,2
19165,2
19166,2
19167,6
19168,2
19169,0
19170,2
19171,2
19172,2
19173,0
19174,6
19175,2
19176,0
19177,6
19178,2
19179,0
19180,2
19181,2
19182,0
19183,2
19184,0
19185,2
19186,2
19187,2
19188,6
19189,5
19190,4
19191,1
19192,6
19193,2
19194,6
19195,4
19196,3
19197,1
19198,1
19199,1
19200,2
19201,1
19202,6
19203,5
19204,6
19205,5
19206,0
19207,2
19208,6
19209,2
19210,2
19211,0
19212,2
19213,0
19214,2
19215,2
19216,5
19217,2
19218,3
19219,2
19220,2
19221,1
19222,0
19223,0
19224,2
19225,2
19226,2
19227,2
19228,2
19229,5
19230,5
19231,1
19232,3
19233,1
19234,1
19235,3
19236,0
19237,0
19238,6
19239,2
19240,0
19241,0
19242,0
19243,0
19244,2
19245,2
19246,2
19247,2
19248,2
19249,1
19250,6
19251,0
19252,3
19253,2
19254,5
19255,1
19256,0
19257,6
19258,5
19259,2
19260,2
19261,0
19262,6
19263,6
19264,4
19265,1
19266,2
19267,2
19268,2
19269,0
19270,0
19271,0
19272,6
19273,0
19274,2
19275,0
19276,2
19277,2
19278,2
19279,4
19280,1
19281,2
19282,1
19283,2
19284,2
19285,2
19286,1
19287,4
19288,0
19289,6
19290,4
19291,2
19292,6
19293,0
19294,0
19295,1
19296,6
19297,2
19298,0
19299,2
19300,0
19301,0
19302,6
19303,0
19304,2
19305,3
19306,2
19307,2
19308,2
19309,0
19310,0
19311,0
19312,1
19313,5
19314,3
19315,1
19316,0
19317,6
19318,5
19319,0
19320,6
19321,2
19322,0
19323,0
19324,0
19325,0
19326,0
19327,3
19328,0
19329,2
19330,2
19331,6
19332,0
19333,0
19334,2
19335,2
19336,0
19337,0
19338,2
19339,4
19340,2
19341,5
19342,0
19343,0
19344,6
19345,2
19346,2
19347,5
19348,3
19349,2
19350,4
19351,2
19352,6
19353,2
19354,3
19355,6
19356,2
19357,2
19358,1
19359,0
19360,2
19361,2
19362,0
19363,0
19364,6
19365,6
19366,0
19367,0
19368,6
19369,2
19370,6
19371,4
19372,2
19373,0
19374,0
19375,6
19376,0
19377,2
19378,2
19379,2
19380,4
19381,0
19382,2
19383,2
19384,6
19385,6
19386,6
19387,2
19388,3
19389,2
19390,0
19391,0
19392,0
19393,0
19394,2
19395,2
19396,0
19397,0
19398,2
19399,1
19400,2
19401,2
19402,5
19403,2
19404,1
19405,2
19406,2
19407,0
19408,6
19409,6
19410,3
19411,2
19412,1
19413,6
19414,0
19415,0
19416,2
19417,0
19418,0
19419,0
19420,0
19421,2
19422,0
19423,2
19424,0
19425,2
19426,2
19427,0
19428,0
19429,0
19430,0
19431,6
19432,2
19433,0
19434,6
19435,1
19436,4
19437,3
19438,2
19439,1
19440,2
19441,1
19442,2
19443,2
19444,0
19445,2
19446,6
19447,6
19448,0
19449,0
19450,4
19451,2
19452,4
19453,2
19454,2
19455,0
19456,2
19457,1
19458,4
19459,2
19460,4
19461,1
19462,2
19463,6
19464,1
19465,2
19466,6
19467,2
19468,4
19469,2
19470,2
19471,2
19472,0
19473,2
19474,0
19475,2
19476,4
19477,1
19478,0
19479,4
19480,6
19481,0
19482,2
19483,0
19484,2
19485,2
19486,0
19487,3
19488,5
19489,2
19490,0
19491,0
19492,4
19493,2
19494,3
19495,2
19496,2
19497,2
19498,4
19499,4
19500,6
19501,6
19502,2
19503,2
19504,5
19505,2
19506,0
19507,0
19508,2
19509,6
19510,0
19511,6
19512,2
19513,0
19514,0
19515,3
19516,2
19517,2
19518,6
19519,6
19520,2
19521,2
19522,6
19523,6
19524,5
19525,1
19526,2
19527,1
19528,0
19529,4
19530,6
19531,0
19532,2
19533,1
19534,0
19535,0
19536,0
19537,0
19538,6
19539,6
19540,6
19541,2
19542,1
19543,0
19544,6
19545,2
19546,6
19547,2
19548,0
19549,2
19550,6
19551,2
19552,0
19553,4
19554,0
19555,2
19556,5
19557,3
19558,0
19559,0
19560,2
19561,4
19562,0
19563,1
19564,3
19565,0
19566,0
19567,0
19568,0
19569,2
19570,4
19571,2
19572,2
19573,6
19574,4
19575,2
19576,2
19577,0
19578,2
19579,2
19580,2
19581,2
19582,2
19583,1
19584,2
19585,0
19586,3
19587,0
19588,6
19589,1
19590,6
19591,3
19592,0
19593,2
19594,4
19595,5
19596,0
19597,6
19598,2
19599,6
19600,6
19601,0
19602,6
19603,1
19604,6
19605,3
19606,0
19607,0
19608,2
19609,0
19610,2
19611,0
19612,3
19613,0
19614,2
19615,2
19616,2
19617,6
19618,0
19619,2
19620,0
19621,2
19622,0
19623,4
19624,0
19625,2
19626,0
19627,0
19628,2
19629,4
19630,1
19631,3
19632,2
19633,2
19634,5
19635,0
19636,2
19637,2
19638,2
19639,1
19640,1
19641,6
19642,0
19643,6
19644,4
19645,0
19646,2
19647,2
19648,2
19649,0
19650,1
19651,3
19652,6
19653,0
19654,6
19655,2
19656,3
19657,2
19658,6
19659,6
19660,0
19661,2
19662,2
19663,1
19664,2
19665,2
19666,0
19667,0
19668,2
19669,0
19670,2
19671,0
19672,0
19673,0
19674,3
19675,6
19676,0
19677,4
19678,0
19679,0
19680,4
19681,3
19682,0
19683,1
19684,3
19685,6
19686,6
19687,6
19688,1
19689,4
19690,3
19691,2
19692,2
19693,1
19694,2
19695,2
19696,1
19697,2
19698,2
19699,1
19700,0
19701,2
19702,4
19703,2
19704,2
19705,4
19706,2
19707,0
19708,2
19709,6
19710,4
19711,2
19712,6
19713,2
19714,6
19715,0
19716,1
19717,0
19718,2
19719,2
19720,5
19721,0
19722,1
19723,0
19724,2
19725,0
19726,0
19727,2
19728,2
19729,3
19730,2
19731,6
19732,2
19733,6
19734,0
19735,0
19736,0
19737,2
19738,6
19739,1
19740,0
19741,1
19742,0
19743,2
19744,2
19745,0
19746,2
19747,3
19748,4
19749,6
19750,0
19751,3
19752,2
19753,6
19754,1
19755,0
19756,6
19757,2
19758,2
19759,2
19760,0
19761,3
19762,2
19763,4
19764,4
19765,4
19766,2
19767,6
19768,2
19769,2
19770,2
19771,4
19772,0
19773,1
19774,2
19775,6
19776,6
19777,5
19778,2
19779,2
19780,1
19781,1
19782,2
19783,0
19784,3
19785,0
19786,0
19787,0
19788,0
19789,2
19790,6
19791,1
19792,0
19793,0
19794,0
19795,0
19796,6
19797,2
19798,4
19799,4
19800,0
19801,0
19802,2
19803,2
19804,3
19805,0
19806,4
19807,2
19808,2
19809,2
19810,6
19811,3
19812,4
19813,0
19814,2
19815,2
19816,2
19817,3
19818,0
19819,2
19820,6
19821,0
19822,6
19823,5
19824,5
19825,2
19826,1
19827,0
19828,2
19829,0
19830,4
19831,4
19832,0
19833,2
19834,5
19835,2
19836,0
19837,1
19838,2
19839,0
19840,2
19841,0
19842,2
19843,5
19844,6
19845,6
19846,2
19847,3
19848,0
19849,6
19850,2
19851,2
19852,2
19853,0
19854,2
19855,2
19856,0
19857,5
19858,1
19859,0
19860,3
19861,2
19862,2
19863,2
19864,2
19865,0
19866,0
19867,0
19868,4
19869,5
19870,2
19871,2
19872,2
19873,2
19874,2
19875,6
19876,3
19877,2
19878,0
19879,6
19880,1
19881,0
19882,2
19883,6
19884,4
19885,0
19886,0
19887,2
19888,2
19889,6
19890,2
19891,2
19892,2
19893,4
19894,4
19895,0
19896,1
19897,2
19898,0
19899,4
19900,0
19901,2
19902,6
19903,0
19904,2
19905,1
19906,4
19907,2
19908,5
19909,2
19910,0
19911,0
19912,0
19913,2
19914,6
19915,6
19916,4
19917,2
19918,2
19919,6
19920,6
19921,6
19922,5
19923,1
19924,2
19925,4
19926,6
19927,2
19928,2
19929,6
19930,0
19931,2
19932,0
19933,6
19934,4
19935,4
19936,0
19937,2
19938,6
19939,2
19940,5
19941,2
19942,1
19943,4
19944,0
19945,0
19946,1
19947,2
19948,2
19949,2
19950,0
19951,6
19952,4
19953,4
19954,2
19955,0
19956,2
19957,2
19958,3
19959,3
19960,2
19961,0
19962,2
19963,0
19964,0
19965,5
19966,0
19967,0
19968,0
19969,2
19970,4
19971,0
19972,2
19973,2
19974,2
19975,1
19976,6
19977,0
19978,5
19979,6
19980,6
19981,0
19982,0
19983,3
19984,0
19985,1
19986,2
19987,4
19988,6
19989,2
19990,2
19991,2
19992,1
19993,4
19994,2
19995,2
19996,0
19997,2
19998,2
19999,0
20000,2
20001,0
20002,0
20003,6
20004,2
20005,2
20006,1
20007,0
20008,6
20009,2
20010,4
20011,2
20012,4
20013,6
20014,2
20015,6
20016,4
20017,6
20018,2
20019,4
20020,2
20021,2
20022,1
20023,6
20024,6
20025,1
20026,0
20027,0
20028,0
20029,2
20030,4
20031,2
20032,0
20033,0
20034,0
20035,2
20036,6
20037,6
20038,2
20039,5
20040,2
20041,1
20042,4
20043,3
20044,2
20045,2
20046,3
20047,0
20048,2
20049,2
20050,1
20051,4
20052,6
20053,2
20054,6
20055,2
20056,6
20057,2
20058,4
20059,1
20060,1
20061,0
20062,2
20063,0
20064,0
20065,1
20066,0
20067,0
20068,0
20069,4
20070,2
20071,2
20072,1
20073,2
20074,4
20075,2
20076,0
20077,2
20078,0
20079,4
20080,0
20081,0
20082,0
20083,2
20084,6
20085,2
20086,2
20087,2
20088,2
20089,2
20090,6
20091,0
20092,2
20093,0
20094,2
20095,2
20096,5
20097,2
20098,2
20099,2
20100,1
20101,2
20102,6
20103,2
20104,5
20105,2
20106,2
20107,4
20108,1
20109,3
20110,2
20111,4
20112,2
20113,0
20114,4
20115,5
20116,5
20117,5
20118,0
20119,6
20120,4
20121,2
20122,0
20123,2
20124,6
20125,2
20126,3
20127,2
20128,0
20129,2
20130,6
20131,2
20132,6
20133,2
20134,0
20135,4
20136,2
20137,0
20138,6
20139,0
20140,2
20141,6
20142,6
20143,0
20144,0
20145,6
20146,0
20147,6
20148,0
20149,2
20150,4
20151,0
20152,6
20153,0
20154,6
20155,4
20156,4
20157,0
20158,6
20159,0
20160,2
20161,2
20162,2
20163,4
20164,6
20165,4
20166,2
20167,1
20168,6
20169,6
20170,0
20171,2
20172,1
20173,0
20174,6
20175,5
20176,0
20177,6
20178,1
20179,2
20180,2
20181,3
20182,2
20183,0
20184,2
20185,0
20186,6
20187,6
20188,2
20189,5
20190,6
20191,2
20192,0
20193,1
20194,0
20195,2
20196,1
20197,0
20198,2
20199,6
20200,2
20201,5
20202,1
20203,2
20204,1
20205,0
20206,0
20207,4
20208,0
20209,1
20210,6
20211,5
20212,2
20213,6
20214,0
20215,2
20216,1
20217,6
20218,4
20219,2
20220,0
20221,1
20222,1
20223,1
20224,2
20225,0
20226,1
20227,1
20228,1
20229,0
20230,4
20231,3
20232,2
20233,3
20234,2
20235,2
20236,0
20237,2
20238,0
20239,4
20240,2
20241,2
20242,4
20243,3
20244,2
20245,2
20246,1
20247,0
20248,6
20249,0
20250,0
20251,6
20252,5
20253,1
20254,0
20255,2
20256,0
20257,0
20258,4
20259,2
20260,1
20261,4
20262,6
20263,0
20264,0
20265,4
20266,1
20267,2
20268,6
20269,6
20270,0
20271,0
20272,2
20273,2
20274,4
20275,2
20276,4
20277,0
20278,2
20279,3
20280,0
20281,0
20282,0
20283,2
20284,0
20285,0
20286,2
20287,2
20288,6
20289,6
20290,2
20291,2
20292,1
20293,6
20294,6
20295,0
20296,2
20297,3
20298,2
20299,0
20300,0
20301,0
20302,0
20303,1
20304,2
20305,0
20306,2
20307,1
20308,2
20309,0
20310,2
20311,4
20312,2
20313,0
20314,5
20315,2
20316,2
20317,0
20318,0
20319,6
20320,0
20321,6
20322,2
20323,2
20324,0
20325,0
20326,2
20327,3
20328,2
20329,0
20330,0
20331,6
20332,2
20333,4
20334,4
20335,3
20336,0
20337,6
20338,2
20339,0
20340,0
20341,1
20342,4
20343,0
20344,3
20345,5
20346,0
20347,2
20348,1
20349,2
20350,2
20351,2
20352,4
20353,0
20354,6
20355,5
20356,2
20357,6
20358,2
20359,6
20360,2
20361,6
20362,2
20363,2
20364,2
20365,6
20366,0
20367,2
20368,1
20369,0
20370,2
20371,2
20372,2
20373,6
20374,3
20375,1
20376,0
20377,2
20378,0
20379,1
20380,0
20381,2
20382,0
20383,5
20384,5
20385,0
20386,4
20387,2
20388,6
20389,2
20390,4
20391,0
20392,0
20393,0
20394,6
20395,0
20396,0
20397,0
20398,0
20399,2
20400,0
20401,2
20402,1
20403,3
20404,0
20405,6
20406,5
20407,0
20408,2
20409,0
20410,2
20411,2
20412,2
20413,0
20414,1
20415,6
20416,2
20417,6
20418,2
20419,2
20420,0
20421,0
20422,0
20423,0
20424,6
20425,2
20426,6
20427,2
20428,0
20429,2
20430,2
20431,2
20432,6
20433,2
20434,2
20435,6
20436,2
20437,0
20438,2
20439,3
20440,4
20441,2
20442,0
20443,0
20444,4
20445,2
20446,1
20447,4
20448,2
20449,2
20450,2
20451,2
20452,2
20453,2
20454,0
20455,2
20456,2
20457,2
20458,0
20459,0
20460,0
20461,0
20462,0
20463,2
20464,1
20465,1
20466,2
20467,2
20468,0
20469,3
20470,2
20471,1
20472,6
20473,6
20474,2
20475,1
20476,2
20477,0
20478,1
20479,2
20480,5
20481,6
20482,5
20483,5
20484,1
20485,4
20486,4
20487,0
20488,2
20489,0
20490,0
20491,0
20492,2
20493,1
20494,4
20495,2
20496,2
20497,6
20498,6
20499,5
20500,6
20501,0
20502,6
20503,0
20504,5
20505,5
20506,2
20507,4
20508,2
20509,1
20510,0
20511,0
20512,2
20513,6
20514,0
20515,2
20516,2
20517,2
20518,6
20519,0
20520,6
20521,5
20522,1
20523,1
20524,6
20525,2
20526,4
20527,2
20528,2
20529,6
20530,4
20531,5
20532,2
20533,3
20534,2
20535,4
20536,6
20537,3
20538,0
20539,6
20540,6
20541,2
20542,2
20543,2
20544,0
20545,6
20546,5
20547,2
20548,0
20549,2
20550,2
20551,2
20552,0
20553,6
20554,0
20555,2
20556,2
20557,1
20558,3
20559,2
20560,2
20561,2
20562,2
20563,0
20564,6
20565,4
20566,1
20567,0
20568,2
20569,2
20570,2
20571,5
20572,2
20573,1
20574,0
20575,2
20576,2
20577,3
20578,2
20579,4
20580,2
20581,2
20582,1
20583,2
20584,2
20585,0
20586,4
20587,2
20588,5
20589,6
20590,2
20591,0
20592,0
20593,1
20594,6
20595,2
20596,5
20597,4
20598,2
20599,2
20600,1
20601,0
20602,6
20603,3
20604,4
20605,2
20606,0
20607,3
20608,4
20609,6
20610,2
20611,0
20612,4
20613,0
20614,2
20615,2
20616,4
20617,2
20618,2
20619,6
20620,2
20621,2
20622,0
20623,0
20624,2
20625,1
20626,0
20627,2
20628,0
20629,1
20630,2
20631,4
20632,6
20633,0
20634,0
20635,0
20636,3
20637,0
20638,2
20639,4
20640,2
20641,4
20642,2
20643,0
20644,2
20645,6
20646,2
20647,3
20648,6
20649,3
20650,2
20651,0
20652,2
20653,2
20654,0
20655,2
20656,3
20657,2
20658,5
20659,2
20660,1
20661,5
20662,0
20663,2
20664,5
20665,1
20666,2
20667,2
20668,2
20669,2
20670,2
20671,0
20672,6
20673,0
20674,0
20675,6
20676,2
20677,4
20678,2
20679,0
20680,0
20681,2
20682,6
20683,0
20684,2
20685,2
20686,2
20687,2
20688,0
20689,2
20690,6
20691,3
20692,3
20693,1
20694,0
20695,0
20696,4
20697,0
20698,5
20699,6
20700,2
20701,2
20702,4
20703,1
20704,2
20705,2
20706,0
20707,2
20708,2
20709,2
20710,2
20711,5
20712,2
20713,0
20714,6
20715,2
20716,3
20717,2
20718,0
20719,2
20720,2
20721,2
20722,5
20723,2
20724,2
20725,0
20726,2
20727,6
20728,5
20729,0
20730,2
20731,6
20732,0
20733,0
20734,2
20735,2
20736,2
20737,2
20738,0
20739,2
20740,2
20741,6
20742,6
20743,1
20744,3
20745,0
20746,2
20747,1
20748,0
20749,0
20750,0
20751,2
20752,4
20753,2
20754,6
20755,6
20756,2
20757,2
20758,5
20759,4
20760,5
20761,0
20762,1
20763,2
20764,0
20765,2
20766,5
20767,1
20768,2
20769,6
20770,3
20771,3
20772,4
20773,2
20774,6
20775,0
20776,0
20777,2
20778,4
20779,6
20780,2
20781,0
20782,6
20783,6
20784,5
20785,4
20786,2
20787,3
20788,0
20789,1
20790,0
20791,3
20792,2
20793,5
20794,6
20795,1
20796,0
20797,6
20798,2
20799,2
20800,5
20801,1
20802,4
20803,2
20804,2
20805,6
20806,6
20807,0
20808,0
20809,2
20810,2
20811,6
20812,1
20813,2
20814,0
20815,2
20816,2
20817,4
20818,2
20819,6
20820,0
20821,2
20822,2
20823,2
20824,2
20825,2
20826,2
20827,0
20828,0
20829,2
20830,2
20831,1
20832,2
20833,6
20834,2
20835,0
20836,2
20837,2
20838,0
20839,2
20840,2
20841,0
20842,2
20843,0
20844,4
20845,2
20846,2
20847,1
20848,1
20849,0
20850,2
20851,0
20852,4
20853,4
20854,0
20855,0
20856,2
20857,0
20858,2
20859,1
20860,3
20861,0
20862,0
20863,0
20864,1
20865,3
20866,3
20867,0
20868,2
20869,2
20870,2
20871,0
20872,3
20873,1
20874,2
20875,2
20876,2
20877,4
20878,2
20879,4
20880,0
20881,2
20882,4
20883,0
20884,1
20885,2
20886,2
20887,2
20888,6
20889,1
20890,6
20891,2
20892,3
20893,0
20894,2
20895,2
20896,1
20897,6
20898,0
20899,0
20900,4
20901,0
20902,2
20903,2
20904,2
20905,4
20906,2
20907,1
20908,0
20909,2
20910,2
20911,6
20912,2
20913,6
20914,5
20915,1
20916,0
20917,1
20918,4
20919,2
20920,1
20921,0
20922,6
20923,2
20924,2
20925,6
20926,0
20927,5
20928,2
20929,2
20930,2
20931,0
20932,0
20933,2
20934,0
20935,1
20936,2
20937,1
20938,1
20939,1
20940,5
20941,2
20942,5
20943,6
20944,0
20945,0
20946,6
20947,2
20948,2
20949,1
20950,0
20951,2
20952,4
20953,2
20954,4
20955,0
20956,1
20957,0
20958,4
20959,2
20960,1
20961,2
20962,3
20963,6
20964,4
20965,2
20966,6
20967,6
20968,4
20969,0
20970,1
20971,2
20972,5
20973,2
20974,6
20975,2
20976,5
20977,2
20978,4
20979,0
20980,5
20981,2
20982,5
20983,0
20984,2
20985,2
20986,0
20987,0
20988,2
20989,2
20990,0
20991,6
20992,0
20993,0
20994,2
20995,0
20996,2
20997,2
20998,3
20999,2
21000,2
21001,0
21002,6
21003,1
21004,0
21005,1
21006,0
21007,2
21008,0
21009,0
21010,0
21011,2
21012,4
21013,5
21014,0
21015,2
21016,4
21017,0
21018,1
21019,6
21020,3
21021,2
21022,2
21023,2
21024,2
21025,6
21026,6
21027,4
21028,2
21029,0
21030,0
21031,6
21032,0
21033,4
21034,0
21035,2
21036,2
21037,6
21038,2
21039,2
21040,4
21041,6
21042,2
21043,4
21044,1
21045,1
21046,2
21047,0
21048,2
21049,0
21050,0
21051,2
21052,0
21053,2
21054,0
21055,4
21056,6
21057,0
21058,2
21059,3
21060,0
21061,1
21062,2
21063,2
21064,2
21065,2
21066,6
21067,0
21068,0
21069,6
21070,2
21071,2
21072,0
21073,0
21074,0
21075,5
21076,0
21077,2
21078,2
21079,2
21080,0
21081,0
21082,2
21083,2
21084,2
21085,2
21086,0
21087,6
21088,6
21089,0
21090,2
21091,2
21092,0
21093,1
21094,4
21095,2
21096,0
21097,2
21098,2
21099,0
21100,2
21101,0
21102,2
21103,2
21104,0
21105,1
21106,2
21107,2
21108,3
21109,2
21110,6
21111,0
21112,0
21113,5
21114,0
21115,6
21116,6
21117,4
21118,2
21119,6
21120,2
21121,2
21122,3
21123,2
21124,0
21125,0
21126,6
21127,1
21128,0
21129,0
21130,4
21131,3
21132,5
21133,2
21134,2
21135,2
21136,2
21137,0
21138,3
21139,0
21140,6
21141,2
21142,1
21143,4
21144,6
21145,5
21146,0
21147,3
21148,0
21149,0
21150,0
21151,4
21152,2
21153,2
21154,6
21155,2
21156,0
21157,0
21158,4
21159,2
21160,1
21161,0
21162,2
21163,0
21164,6
21165,2
21166,1
21167,2
21168,1
21169,0
21170,0
21171,0
21172,3
21173,2
21174,2
21175,2
21176,0
21177,0
21178,2
21179,4
21180,2
21181,2
21182,3
21183,4
21184,2
21185,2
21186,0
21187,6
21188,5
21189,1
21190,0
21191,3
21192,1
21193,2
21194,4
21195,0
21196,5
21197,2
21198,2
21199,1
21200,2
21201,4
21202,5
21203,2
21204,2
21205,0
21206,4
21207,0
21208,2
21209,6
21210,6
21211,2
21212,2
21213,6
21214,2
21215,6
21216,2
21217,0
21218,5
21219,3
21220,6
21221,6
21222,1
21223,2
21224,2
21225,0
21226,6
21227,2
21228,2
21229,0
21230,4
21231,6
21232,4
21233,0
21234,2
21235,6
21236,0
21237,2
21238,2
21239,2
21240,4
21241,1
21242,2
21243,0
21244,5
21245,3
21246,2
21247,2
21248,3
21249,0
21250,6
21251,6
21252,0
21253,2
21254,2
21255,2
21256,1
21257,2
21258,0
21259,6
21260,2
21261,4
21262,6
21263,3
21264,2
21265,2
21266,2
21267,0
21268,2
21269,0
21270,4
21271,6
21272,6
21273,0
21274,2
21275,2
21276,2
21277,2
21278,4
21279,2
21280,3
21281,6
21282,3
21283,0
21284,0
21285,5
21286,0
21287,2
21288,3
21289,0
21290,2
21291,2
21292,4
21293,1
21294,0
21295,0
21296,2
21297,0
21298,0
21299,1
21300,0
21301,0
21302,0
21303,0
21304,2
21305,4
21306,6
21307,2
21308,0
21309,2
21310,1
21311,5
21312,3
21313,2
21314,1
21315,2
21316,2
21317,4
21318,3
21319,1
21320,6
21321,4
21322,0
21323,2
21324,2
21325,1
21326,2
21327,2
21328,2
21329,4
21330,0
21331,2
21332,4
21333,1
21334,2
21335,0
21336,4
21337,2
21338,4
21339,6
21340,2
21341,1
21342,6
21343,1
21344,2
21345,3
21346,0
21347,2
21348,2
21349,2
21350,0
21351,1
21352,2
21353,2
21354,0
21355,1
21356,0
21357,2
21358,2
21359,0
21360,0
21361,2
21362,2
21363,6
21364,1
21365,6
21366,3
21367,4
21368,2
21369,2
21370,2
21371,2
21372,6
21373,2
21374,1
21375,1
21376,5
21377,0
21378,6
21379,0
21380,2
21381,4
21382,4
21383,0
21384,0
21385,2
21386,5
21387,0
21388,0
21389,2
21390,4
21391,6
21392,0
21393,2
21394,0
21395,3
21396,2
21397,2
21398,2
21399,0
21400,2
21401,0
21402,0
21403,5
21404,2
21405,2
21406,2
21407,0
21408,2
21409,2
21410,2
21411,0
21412,0
21413,0
21414,2
21415,2
21416,0
21417,3
21418,2
21419,0
21420,6
21421,2
21422,2
21423,6
21424,0
21425,0
21426,4
21427,2
21428,6
21429,2
21430,0
21431,2
21432,0
21433,0
21434,0
21435,6
21436,3
21437,2
21438,6
21439,2
21440,2
21441,3
21442,0
21443,1
21444,5
21445,0
21446,0
21447,0
21448,0
21449,2
21450,0
21451,5
21452,1
21453,2
21454,0
21455,6
21456,0
21457,3
21458,5
21459,0
21460,5
21461,0
21462,2
21463,0
21464,0
21465,6
21466,6
21467,2
21468,0
21469,0
21470,0
21471,0
21472,3
21473,0
21474,1
21475,0
21476,2
21477,2
21478,1
21479,6
21480,2
21481,2
21482,3
21483,2
21484,2
21485,2
21486,5
21487,2
21488,2
21489,2
21490,2
21491,2
21492,6
21493,2
21494,2
21495,2
21496,6
21497,2
21498,3
21499,6
21500,0
21501,2
21502,2
21503,6
21504,0
21505,1
21506,2
21507,6
21508,0
21509,6
21510,2
21511,3
21512,2
21513,1
21514,0
21515,6
21516,2
21517,0
21518,2
21519,2
21520,6
21521,2
21522,6
21523,1
21524,2
21525,2
21526,4
21527,0
21528,4
21529,0
21530,2
21531,0
21532,2
21533,2
21534,2
21535,2
21536,4
21537,0
21538,0
21539,6
21540,4
21541,1
21542,0
21543,1
21544,2
21545,3
21546,4
21547,2
21548,0
21549,0
21550,0
21551,3
21552,0
21553,6
21554,0
21555,3
21556,1
21557,2
21558,4
21559,0
21560,4
21561,0
21562,3
21563,1
21564,2
21565,2
21566,6
21567,0
21568,4
21569,2
21570,2
21571,5
21572,6
21573,4
21574,2
21575,1
21576,2
21577,1
21578,6
21579,6
21580,6
21581,4
21582,0
21583,2
21584,2
21585,0
21586,2
21587,1
21588,1
21589,2
21590,6
21591,0
21592,4
21593,6
21594,1
21595,2
21596,1
21597,2
21598,2
21599,2
21600,2
21601,2
21602,0
21603,3
21604,0
21605,2
21606,0
21607,3
21608,4
21609,0
21610,3
21611,5
21612,0
21613,4
21614,6
21615,6
21616,0
21617,1
21618,2
21619,2
21620,2
21621,2
21622,0
21623,6
21624,2
21625,6
21626,0
21627,5
21628,1
21629,2
21630,3
21631,3
21632,2
21633,6
21634,6
21635,2
21636,4
21637,0
21638,0
21639,2
21640,0
21641,0
21642,4
21643,2
21644,4
21645,0
21646,4
21647,1
21648,0
21649,0
21650,2
21651,6
21652,0
21653,2
21654,0
21655,1
21656,2
21657,5
21658,2
21659,1
21660,2
21661,6
21662,0
21663,6
21664,0
21665,2
21666,2
21667,6
21668,2
21669,2
21670,1
21671,2
21672,2
21673,1
21674,4
21675,2
21676,6
21677,6
21678,2
21679,2
21680,4
21681,5
21682,2
21683,2
21684,3
21685,0
21686,4
21687,6
21688,2
21689,6
21690,6
21691,6
21692,4
21693,2
21694,0
21695,2
21696,0
21697,3
21698,2
21699,1
21700,1
21701,2
21702,1
21703,2
21704,2
21705,2
21706,2
21707,2
21708,2
21709,6
21710,0
21711,2
21712,2
21713,0
21714,2
21715,2
21716,3
21717,1
21718,4
21719,4
21720,4
21721,2
21722,0
21723,2
21724,2
21725,0
21726,2
21727,6
21728,1
21729,2
21730,0
21731,2
21732,1
21733,2
21734,2
21735,0
21736,2
21737,2
21738,0
21739,4
21740,0
21741,0
21742,2
21743,0
21744,2
21745,2
21746,2
21747,2
21748,4
21749,2
21750,2
21751,5
21752,2
21753,2
21754,4
21755,2
21756,0
21757,0
21758,2
21759,4
21760,3
21761,0
21762,0
21763,6
21764,0
21765,1
21766,6
21767,2
21768,6
21769,2
21770,2
21771,2
21772,6
21773,3
21774,2
21775,2
21776,0
21777,0
21778,6
21779,4
21780,2
21781,4
21782,6
21783,2
21784,0
21785,6
21786,3
21787,2
21788,0
21789,2
21790,4
21791,6
21792,2
21793,2
21794,1
21795,0
21796,5
21797,1
21798,2
21799,6
21800,0
21801,2
21802,2
21803,4
21804,2
21805,2
21806,2
21807,0
21808,2
21809,6
21810,4
21811,0
21812,2
21813,0
21814,6
21815,4
21816,2
21817,2
21818,0
21819,2
21820,0
21821,5
21822,6
21823,2
21824,2
21825,2
21826,6
21827,1
21828,6
21829,4
21830,4
21831,5
21832,0
21833,2
21834,2
21835,6
21836,6
21837,3
21838,5
21839,0
21840,2
21841,2
21842,0
21843,4
21844,4
21845,0
21846,2
21847,4
21848,2
21849,0
21850,0
21851,4
21852,2
21853,0
21854,2
21855,6
21856,5
21857,2
21858,4
21859,2
21860,2
21861,5
21862,1
21863,0
21864,1
21865,3
21866,2
21867,2
21868,6
21869,3
21870,2
21871,2
21872,0
21873,2
21874,5
21875,1
21876,0
21877,2
21878,3
21879,2
21880,2
21881,2
21882,2
21883,2
21884,2
21885,2
21886,0
21887,2
21888,6
21889,5
21890,0
21891,5
21892,1
21893,1
21894,0
21895,2
21896,1
21897,2
21898,1
21899,2
21900,4
21901,2
21902,2
21903,4
21904,1
21905,2
21906,4
21907,1
21908,5
21909,2
21910,2
21911,0
21912,2
21913,2
21914,3
21915,6
21916,0
21917,1
21918,2
21919,0
21920,4
21921,0
21922,2
21923,2
21924,2
21925,1
21926,6
21927,2
21928,1
21929,2
21930,6
21931,0
21932,5
21933,6
21934,0
21935,6
21936,2
21937,6
21938,2
21939,0
21940,0
21941,2
21942,0
21943,0
21944,2
21945,0
21946,3
21947,0
21948,2
21949,0
21950,6
21951,0
21952,0
21953,2
21954,2
21955,6
21956,1
21957,2
21958,1
21959,4
21960,2
21961,4
21962,2
21963,0
21964,2
21965,6
21966,3
21967,4
21968,0
21969,3
21970,2
21971,2
21972,6
21973,0
21974,0
21975,2
21976,2
21977,2
21978,1
21979,0
21980,4
21981,1
21982,2
21983,6
21984,0
21985,4
21986,2
21987,4
21988,4
21989,2
21990,1
21991,2
21992,0
21993,2
21994,2
21995,6
21996,2
21997,1
21998,2
21999,2
22000,2
22001,0
22002,2
22003,1
22004,2
22005,2
22006,2
22007,2
22008,5
22009,0
22010,0
22011,4
22012,2
22013,3
22014,1
22015,3
22016,2
22017,6
22018,2
22019,2
22020,1
22021,2
22022,1
22023,1
22024,0
22025,2
22026,0
22027,2
22028,4
22029,0
22030,0
22031,0
22032,4
22033,2
22034,4
22035,0
22036,4
22037,1
22038,0
22039,2
22040,4
22041,6
22042,6
22043,1
22044,0
22045,6
22046,2
22047,2
22048,0
22049,5
22050,3
22051,4
22052,0
22053,4
22054,2
22055,2
22056,0
22057,2
22058,2
22059,6
22060,6
22061,0
22062,0
22063,2
22064,2
22065,2
22066,2
22067,3
22068,5
22069,0
22070,0
22071,0
22072,4
22073,2
22074,2
22075,3
22076,4
22077,2
22078,2
22079,0
22080,0
22081,2
22082,0
22083,0
22084,0
22085,6
22086,5
22087,6
22088,4
22089,2
22090,4
22091,2
22092,2
22093,2
22094,2
22095,2
22096,0
22097,4
22098,5
22099,5
22100,1
22101,0
22102,0
22103,6
22104,6
22105,0
22106,4
22107,2
22108,2
22109,6
22110,6
22111,0
22112,4
22113,6
22114,2
22115,2
22116,2
22117,2
22118,5
22119,2
22120,2
22121,2
22122,4
22123,0
22124,6
22125,1
22126,2
22127,5
22128,0
22129,2
22130,6
22131,1
22132,4
22133,2
22134,4
22135,5
22136,5
22137,1
22138,2
22139,2
22140,0
22141,1
22142,0
22143,3
22144,2
22145,0
22146,0
22147,3
22148,0
22149,4
22150,2
22151,0
22152,0
22153,0
22154,0
22155,2
22156,1
22157,0
22158,0
22159,2
22160,2
22161,2
22162,6
22163,2
22164,0
22165,2
22166,2
22167,1
22168,5
22169,2
22170,0
22171,6
22172,1
22173,2
22174,1
22175,2
22176,0
22177,4
22178,2
22179,0
22180,6
22181,2
22182,0
22183,2
22184,3
22185,4
22186,4
22187,2
22188,2
22189,5
22190,3
22191,4
22192,0
22193,0
22194,3
22195,2
22196,4
22197,2
22198,0
22199,1
22200,0
22201,0
22202,0
22203,0
22204,0
22205,0
22206,0
22207,0
22208,6
22209,2
22210,0
22211,2
22212,6
22213,0
22214,4
22215,2
22216,2
22217,2
22218,0
22219,0
22220,0
22221,2
22222,2
22223,2
22224,2
22225,2
22226,0
22227,6
22228,1
22229,0
22230,2
22231,6
22232,2
22233,0
22234,3
22235,0
22236,2
22237,5
22238,4
22239,0
22240,3
22241,2
22242,6
22243,0
22244,5
22245,3
22246,2
22247,0
22248,2
22249,6
22250,2
22251,2
22252,2
22253,0
22254,5
22255,6
22256,0
22257,0
22258,0
22259,6
22260,6
22261,0
22262,0
22263,3
22264,2
22265,1
22266,0
22267,0
22268,5
22269,2
22270,2
22271,2
22272,6
22273,2
22274,4
22275,5
22276,5
22277,0
22278,2
22279,0
22280,4
22281,0
22282,1
22283,2
22284,2
22285,0
22286,2
22287,2
22288,0
22289,2
22290,3
22291,2
22292,2
22293,2
22294,2
22295,2
22296,0
22297,0
22298,0
22299,4
22300,2
22301,2
22302,6
22303,4
22304,2
22305,2
22306,0
22307,5
22308,0
22309,2
22310,2
22311,0
22312,6
22313,2
22314,6
22315,1
22316,2
22317,5
22318,3
22319,2
22320,2
22321,4
22322,1
22323,1
22324,2
22325,0
22326,2
22327,0
22328,4
22329,2
22330,2
22331,2
22332,6
22333,0
22334,6
22335,1
22336,0
22337,2
22338,2
22339,6
22340,2
22341,6
22342,5
22343,5
22344,3
22345,0
22346,3
22347,1
22348,2
22349,3
22350,2
22351,0
22352,0
22353,0
22354,2
22355,0
22356,2
22357,2
22358,2
22359,4
22360,1
22361,2
22362,0
22363,3
22364,0
22365,0
22366,0
22367,6
22368,0
22369,0
22370,2
22371,6
22372,2
22373,2
22374,4
22375,2
22376,0
22377,4
22378,2
22379,4
22380,6
22381,0
22382,2
22383,2
22384,6
22385,6
22386,2
22387,6
22388,6
22389,0
22390,4
22391,0
22392,2
22393,0
22394,1
22395,2
22396,0
22397,0
22398,0
22399,0
22400,5
22401,2
22402,1
22403,1
22404,1
22405,0
22406,5
22407,2
22408,4
22409,2
22410,2
22411,3
22412,4
22413,0
22414,0
22415,0
22416,0
22417,1
22418,2
22419,4
22420,1
22421,1
22422,0
22423,4
22424,3
22425,4
22426,4
22427,2
22428,0
22429,4
22430,1
22431,2
22432,2
22433,2
22434,2
22435,2
22436,4
22437,0
22438,0
22439,2
22440,6
22441,0
22442,2
22443,2
22444,2
22445,2
22446,2
22447,2
22448,0
22449,2
22450,2
22451,6
22452,4
22453,6
22454,0
22455,4
22456,6
22457,4
22458,0
22459,2
22460,5
22461,2
22462,2
22463,2
22464,0
22465,0
22466,0
22467,0
22468,2
22469,0
22470,2
22471,2
22472,2
22473,2
22474,6
22475,2
22476,2
22477,2
22478,0
22479,6
22480,1
22481,2
22482,6
22483,2
22484,4
22485,0
22486,0
22487,0
22488,6
22489,2
22490,2
22491,2
22492,3
22493,0
22494,0
22495,2
22496,2
22497,0
22498,0
22499,2
22500,0
22501,2
22502,6
22503,6
22504,2
22505,6
22506,6
22507,2
22508,2
22509,2
22510,2
22511,2
22512,2
22513,6
22514,2
22515,3
22516,2
22517,0
22518,0
22519,6
22520,5
22521,3
22522,3
22523,0
22524,6
22525,0
22526,4
22527,5
22528,2
22529,2
22530,2
22531,6
22532,2
22533,2
22534,0
22535,2
22536,2
22537,2
22538,4
22539,2
22540,2
22541,6
22542,1
22543,2
22544,0
22545,2
22546,0
22547,6
22548,0
22549,6
22550,2
22551,4
22552,5
22553,0
22554,2
22555,2
22556,0
22557,6
22558,0
22559,0
22560,4
22561,6
22562,6
22563,0
22564,0
22565,2
22566,1
22567,2
22568,3
22569,2
22570,6
22571,0
22572,0
22573,0
22574,6
22575,2
22576,5
22577,4
22578,6
22579,2
22580,2
22581,4
22582,4
22583,0
22584,4
22585,0
22586,5
22587,5
22588,0
22589,2
22590,0
22591,0
22592,0
22593,0
22594,5
22595,2
22596,0
22597,4
22598,5
22599,4
22600,2
22601,5
22602,4
22603,0
22604,2
22605,0
22606,0
22607,6
22608,2
22609,6
22610,0
22611,2
22612,2
22613,0
22614,2
22615,6
22616,3
22617,0
22618,2
22619,2
22620,0
22621,4
22622,6
22623,2
22624,2
22625,2
22626,0
22627,0
22628,2
22629,2
22630,6
22631,2
22632,0
22633,1
22634,0
22635,2
22636,6
22637,0
22638,1
22639,0
22640,4
22641,2
22642,2
22643,4
22644,0
22645,4
22646,0
22647,0
22648,0
22649,4
22650,2
22651,0
22652,1
22653,2
22654,2
22655,0
22656,0
22657,4
22658,0
22659,2
22660,0
22661,5
22662,3
22663,3
22664,2
22665,0
22666,6
22667,1
22668,4
22669,2
22670,0
22671,4
22672,4
22673,6
22674,6
22675,2
22676,2
22677,2
22678,0
22679,2
22680,2
22681,2
22682,2
22683,0
22684,2
22685,3
22686,2
22687,2
22688,2
22689,2
22690,4
22691,2
22692,6
22693,2
22694,2
22695,6
22696,2
22697,0
22698,6
22699,2
22700,2
22701,0
22702,4
22703,0
22704,2
22705,2
22706,1
22707,2
22708,3
22709,2
22710,4
22711,4
22712,0
22713,1
22714,0
22715,0
22716,2
22717,2
22718,2
22719,2
22720,0
22721,2
22722,2
22723,1
22724,2
22725,4
22726,4
22727,2
22728,2
22729,2
22730,0
22731,0
22732,0
22733,0
22734,6
22735,0
22736,0
22737,0
22738,0
22739,2
22740,0
22741,2
22742,6
22743,2
22744,2
22745,0
22746,2
22747,1
22748,4
22749,4
22750,2
22751,0
22752,6
22753,6
22754,2
22755,4
22756,2
22757,6
22758,3
22759,6
22760,2
22761,0
22762,0
22763,0
22764,1
22765,2
22766,0
22767,6
22768,0
22769,2
22770,2
22771,0
22772,2
22773,4
22774,2
22775,0
22776,0
22777,2
22778,1
22779,6
22780,0
22781,2
22782,2
22783,1
22784,0
22785,2
22786,2
22787,2
22788,1
22789,2
22790,1
22791,1
22792,2
22793,0
22794,0
22795,0
22796,2
22797,1
22798,1
22799,1
22800,6
22801,6
22802,0
22803,0
22804,1
22805,4
22806,2
22807,0
22808,0
22809,0
22810,3
22811,2
22812,2
22813,6
22814,2
22815,2
22816,1
22817,0
22818,2
22819,2
22820,5
22821,3
22822,0
22823,4
22824,0
22825,6
22826,2
22827,6
22828,6
22829,3
22830,1
22831,2
22832,6
22833,0
22834,0
22835,1
22836,2
22837,0
22838,2
22839,1
22840,2
22841,0
22842,2
22843,0
22844,1
22845,1
22846,2
22847,6
22848,5
22849,1
22850,0
22851,1
22852,3
22853,0
22854,2
22855,2
22856,6
22857,4
22858,1
22859,6
22860,6
22861,6
22862,2
22863,2
22864,5
22865,2
22866,5
22867,6
22868,6
22869,5
22870,2
22871,2
22872,2
22873,0
22874,6
22875,2
22876,2
22877,0
22878,5
22879,2
22880,6
22881,6
22882,6
22883,0
22884,2
22885,2
22886,2
22887,1
22888,5
22889,3
22890,0
22891,2
22892,0
22893,2
22894,0
22895,2
22896,0
22897,0
22898,1
22899,0
22900,4
22901,6
22902,2
22903,1
22904,0
22905,4
22906,2
22907,0
22908,0
22909,1
22910,5
22911,0
22912,0
22913,0
22914,0
22915,2
22916,2
22917,0
22918,0
22919,1
22920,1
22921,1
22922,2
22923,0
22924,6
22925,6
22926,0
22927,2
22928,0
22929,2
22930,0
22931,5
22932,2
22933,2
22934,0
22935,2
22936,2
22937,2
22938,0
22939,2
22940,0
22941,2
22942,6
22943,5
22944,1
22945,4
22946,4
22947,2
22948,0
22949,6
22950,2
22951,2
22952,6
22953,6
22954,2
22955,0
22956,2
22957,1
22958,2
22959,0
22960,2
22961,0
22962,2
22963,6
22964,2
22965,2
22966,2
22967,2
22968,5
22969,0
22970,2
22971,5
22972,0
22973,2
22974,1
22975,2
22976,6
22977,0
22978,1
22979,2
22980,6
22981,6
22982,6
22983,0
22984,0
22985,6
22986,0
22987,0
22988,6
22989,4
22990,4
22991,5
22992,0
22993,1
22994,2
22995,2
22996,2
22997,5
22998,5
22999,2
23000,2
23001,2
23002,5
23003,2
23004,2
23005,2
23006,1
23007,2
23008,2
23009,4
23010,2
23011,5
23012,2
23013,5
23014,2
23015,4
23016,5
23017,0
23018,3
23019,2
23020,0
23021,2
23022,2
23023,2
23024,2
23025,2
23026,5
23027,0
23028,2
23029,0
23030,5
23031,2
23032,0
23033,2
23034,1
23035,1
23036,4
23037,0
23038,2
23039,2
23040,0
23041,0
23042,3
23043,5
23044,2
23045,0
23046,4
23047,0
23048,6
23049,0
23050,1
23051,0
23052,2
23053,2
23054,2
23055,0
23056,2
23057,0
23058,0
23059,2
23060,3
23061,2
23062,0
23063,4
23064,0
23065,2
23066,2
23067,2
23068,0
23069,2
23070,0
23071,1
23072,0
23073,2
23074,2
23075,1
23076,6
23077,3
23078,2
23079,6
23080,2
23081,1
23082,6
23083,6
23084,0
23085,6
23086,0
23087,4
23088,2
23089,2
23090,2
23091,2
23092,1
23093,0
23094,1
23095,2
23096,3
23097,2
23098,4
23099,2
23100,2
23101,2
23102,1
23103,0
23104,1
23105,2
23106,1
23107,2
23108,5
23109,1
23110,0
23111,0
23112,0
23113,2
23114,0
23115,0
23116,2
23117,2
23118,0
23119,2
23120,2
23121,6
23122,2
23123,2
23124,0
23125,2
23126,6
23127,2
23128,6
23129,3
23130,2
23131,4
23132,3
23133,2
23134,4
23135,2
23136,0
23137,6
23138,4
23139,0
23140,0
23141,1
23142,2
23143,0
23144,0
23145,1
23146,2
23147,1
23148,2
23149,6
23150,1
23151,5
23152,6
23153,2
23154,2
23155,2
23156,0
23157,6
23158,0
23159,2
23160,2
23161,2
23162,2
23163,4
23164,0
23165,2
23166,2
23167,2
23168,2
23169,6
23170,1
23171,6
23172,4
23173,2
23174,2
23175,6
23176,2
23177,2
23178,2
23179,5
23180,2
23181,2
23182,0
23183,2
23184,5
23185,2
23186,0
23187,2
23188,0
23189,5
23190,0
23191,6
23192,6
23193,0
23194,0
23195,2
23196,0
23197,0
23198,6
23199,2
23200,2
23201,0
23202,3
23203,1
23204,2
23205,0
23206,5
23207,2
23208,2
23209,3
23210,0
23211,0
23212,0
23213,0
23214,2
23215,6
23216,0
23217,6
23218,2
23219,2
23220,0
23221,0
23222,0
23223,2
23224,2
23225,2
23226,6
23227,2
23228,2
23229,3
23230,6
23231,4
23232,2
23233,3
23234,3
23235,6
23236,1
23237,2
23238,2
23239,4
23240,0
23241,5
23242,4
23243,2
23244,6
23245,2
23246,2
23247,6
23248,0
23249,2
23250,6
23251,5
23252,2
23253,0
23254,2
23255,5
23256,2
23257,0
23258,2
23259,2
23260,6
23261,3
23262,4
23263,0
23264,3
23265,2
23266,5
23267,5
23268,0
23269,5
23270,4
23271,6
23272,2
23273,0
23274,1
23275,2
23276,3
23277,2
23278,2
23279,1
23280,1
23281,1
23282,2
23283,4
23284,2
23285,6
23286,2
23287,0
23288,0
23289,0
23290,2
23291,4
23292,2
23293,0
23294,6
23295,6
23296,1
23297,0
23298,6
23299,2
23300,1
23301,6
23302,4
23303,6
23304,0
23305,0
23306,3
23307,0
23308,2
23309,1
23310,2
23311,5
23312,1
23313,5
23314,4
23315,2
23316,0
23317,1
23318,0
23319,0
23320,1
23321,3
23322,2
23323,3
23324,4
23325,2
23326,5
23327,2
23328,2
23329,0
23330,1
23331,2
23332,0
23333,0
23334,6
23335,6
23336,3
23337,6
23338,0
23339,6
23340,2
23341,2
23342,3
23343,0
23344,2
23345,3
23346,2
23347,0
23348,2
23349,1
23350,0
23351,3
23352,0
23353,2
23354,0
23355,6
23356,2
23357,6
23358,2
23359,3
23360,2
23361,2
23362,4
23363,2
23364,3
23365,2
23366,6
23367,4
23368,1
23369,0
23370,2
23371,2
23372,2
23373,2
23374,3
23375,1
23376,6
23377,2
23378,6
23379,0
23380,0
23381,2
23382,2
23383,0
23384,2
23385,3
23386,2
23387,2
23388,0
23389,0
23390,3
23391,0
23392,2
23393,4
23394,5
23395,2
23396,0
23397,0
23398,0
23399,2
23400,2
23401,2
23402,6
23403,4
23404,2
23405,5
23406,2
23407,0
23408,0
23409,2
23410,2
23411,6
23412,5
23413,2
23414,2
23415,0
23416,2
23417,0
23418,0
23419,0
23420,3
23421,4
23422,4
23423,0
23424,2
23425,1
23426,4
23427,2
23428,2
23429,0
23430,0
23431,1
23432,2
23433,1
23434,4
23435,2
23436,0
23437,2
23438,6
23439,2
23440,0
23441,6
23442,2
23443,3
23444,1
23445,6
23446,3
23447,2
23448,2
23449,2
23450,2
23451,6
23452,2
23453,2
23454,1
23455,5
23456,0
23457,2
23458,2
23459,2
23460,6
23461,3
23462,2
23463,4
23464,2
23465,0
23466,6
23467,2
23468,5
23469,2
23470,2
23471,2
23472,2
23473,0
23474,2
23475,2
23476,2
23477,1
23478,3
23479,0
23480,2
23481,2
23482,2
23483,2
23484,1
23485,0
23486,2
23487,1
23488,0
23489,6
23490,0
23491,0
23492,2
23493,0
23494,0
23495,2
23496,2
23497,4
23498,2
23499,4
23500,6
23501,2
23502,4
23503,0
23504,5
23505,2
23506,0
23507,1
23508,4
23509,5
23510,0
23511,2
23512,4
23513,4
23514,6
23515,2
23516,2
23517,2
23518,5
23519,0
23520,6
23521,2
23522,2
23523,6
23524,2
23525,6
23526,6
23527,5
23528,2
23529,5
23530,2
23531,6
23532,3
23533,0
23534,0
23535,2
23536,0
23537,2
23538,0
23539,2
23540,2
23541,0
23542,4
23543,2
23544,2
23545,2
23546,5
23547,0
23548,6
23549,2
23550,0
23551,0
23552,0
23553,2
23554,1
23555,4
23556,2
23557,6
23558,0
23559,2
23560,0
23561,2
23562,2
23563,2
23564,6
23565,2
23566,2
23567,2
23568,2
23569,3
23570,0
23571,1
23572,3
23573,6
23574,2
23575,0
23576,0
23577,5
23578,2
23579,4
23580,0
23581,2
23582,2
23583,5
23584,5
23585,0
23586,2
23587,2
23588,0
23589,6
23590,0
23591,1
23592,0
23593,0
23594,4
23595,2
23596,6
23597,2
23598,0
23599,1
23600,0
23601,5
23602,2
23603,1
23604,6
23605,2
23606,0
23607,2
23608,6
23609,2
23610,4
23611,0
23612,0
23613,0
23614,2
23615,0
23616,1
23617,1
23618,6
23619,0
23620,1
23621,4
23622,2
23623,0
23624,6
23625,6
23626,2
23627,0
23628,6
23629,5
23630,6
23631,2
23632,5
23633,6
23634,2
23635,6
23636,3
23637,6
23638,2
23639,4
23640,2
23641,4
23642,2
23643,0
23644,0
23645,2
23646,2
23647,6
23648,3
23649,0
23650,0
23651,6
23652,5
23653,2
23654,5
23655,0
23656,3
23657,0
23658,4
23659,0
23660,6
23661,0
23662,4
23663,6
23664,4
23665,6
23666,2
23667,5
23668,0
23669,2
23670,0
23671,2
23672,1
23673,0
23674,0
23675,2
23676,2
23677,0
23678,2
23679,6
23680,2
23681,2
23682,3
23683,2
23684,1
23685,2
23686,2
23687,1
23688,6
23689,0
23690,1
23691,6
23692,2
23693,2
23694,2
23695,6
23696,2
23697,2
23698,2
23699,5
23700,0
23701,2
23702,0
23703,2
23704,2
23705,2
23706,2
23707,0
23708,4
23709,2
23710,0
23711,4
23712,2
23713,0
23714,6
23715,6
23716,6
23717,6
23718,0
23719,0
23720,2
23721,6
23722,0
23723,3
23724,0
23725,6
23726,6
23727,0
23728,2
23729,2
23730,2
23731,0
23732,0
23733,4
23734,5
23735,6
23736,3
23737,2
23738,0
23739,1
23740,0
23741,2
23742,1
23743,2
23744,2
23745,6
23746,3
23747,2
23748,2
23749,0
23750,2
23751,2
23752,6
23753,2
23754,5
23755,6
23756,5
23757,2
23758,2
23759,3
23760,2
23761,0
23762,3
23763,2
23764,6
23765,0
23766,0
23767,4
23768,0
23769,6
23770,1
23771,0
23772,6
23773,0
23774,0
23775,4
23776,2
23777,2
23778,2
23779,1
23780,1
23781,4
23782,6
23783,2
23784,5
23785,2
23786,5
23787,2
23788,2
23789,2
23790,4
23791,2
23792,6
23793,0
23794,2
23795,0
23796,0
23797,5
23798,6
23799,2
23800,4
23801,6
23802,6
23803,0
23804,2
23805,6
23806,0
23807,0
23808,6
23809,2
23810,4
23811,2
23812,0
23813,2
23814,0
23815,5
23816,6
23817,0
23818,2
23819,0
23820,2
23821,6
23822,0
23823,2
23824,1
23825,3
23826,0
23827,2
23828,2
23829,0
23830,0
23831,6
23832,0
23833,6
23834,2
23835,6
23836,2
23837,2
23838,0
23839,6
23840,0
23841,3
23842,0
23843,6
23844,2
23845,2
23846,0
23847,6
23848,6
23849,2
23850,1
23851,2
23852,0
23853,2
23854,4
23855,1
23856,2
23857,2
23858,6
23859,0
23860,0
23861,1
23862,1
23863,0
23864,1
23865,0
23866,2
23867,0
23868,6
23869,6
23870,2
23871,3
23872,2
23873,2
23874,6
23875,2
23876,2
23877,6
23878,4
23879,2
23880,2
23881,0
23882,4
23883,5
23884,0
23885,3
23886,2
23887,6
23888,6
23889,2
23890,4
23891,0
23892,2
23893,6
23894,1
23895,2
23896,2
23897,0
23898,4
23899,6
23900,4
23901,2
23902,2
23903,2
23904,2
23905,6
23906,0
23907,2
23908,2
23909,2
23910,2
23911,2
23912,2
23913,0
23914,2
23915,2
23916,2
23917,2
23918,0
23919,0
23920,2
23921,5
23922,1
23923,0
23924,0
23925,1
23926,0
23927,1
23928,2
23929,0
23930,2
23931,6
23932,2
23933,6
23934,0
23935,6
23936,0
23937,5
23938,0
23939,6
23940,2
23941,2
23942,6
23943,2
23944,5
23945,0
23946,0
23947,2
23948,0
23949,6
23950,2
23951,2
23952,0
23953,6
23954,2
23955,6
23956,2
23957,6
23958,2
23959,5
23960,0
23961,0
23962,1
23963,6
23964,0
23965,2
23966,2
23967,6
23968,3
23969,6
23970,1
23971,1
23972,2
23973,6
23974,2
23975,6
23976,0
23977,2
23978,4
23979,2
23980,0
23981,1
23982,2
23983,1
23984,4
23985,0
23986,2
23987,6
23988,2
23989,2
23990,5
23991,1
23992,4
23993,0
23994,4
23995,0
23996,0
23997,1
23998,6
23999,2
24000,2
24001,2
24002,2
24003,2
24004,2
24005,2
24006,4
24007,6
24008,2
24009,3
24010,6
24011,2
24012,2
24013,2
24014,4
24015,2
24016,0
24017,4
24018,3
24019,4
24020,0
24021,2
24022,4
24023,0
24024,0
24025,0
24026,2
24027,6
24028,2
24029,2
24030,2
24031,1
24032,2
24033,2
24034,2
24035,2
24036,0
24037,0
24038,4
24039,6
24040,6
24041,2
24042,2
24043,2
24044,1
24045,2
24046,0
24047,2
24048,4
24049,1
24050,2
24051,6
24052,0
24053,5
24054,2
24055,2
24056,2
24057,1
24058,1
24059,6
24060,2
24061,0
24062,4
24063,2
24064,4
24065,2
24066,6
24067,2
24068,3
24069,4
24070,3
24071,2
24072,2
24073,0
24074,0
24075,2
24076,0
24077,5
24078,2
24079,2
24080,1
24081,0
24082,2
24083,4
24084,3
24085,2
24086,0
24087,2
24088,1
24089,2
24090,4
24091,0
24092,0
24093,1
24094,2
24095,4
24096,2
24097,4
24098,1
24099,0
24100,6
24101,4
24102,3
24103,0
24104,6
24105,1
24106,6
24107,0
24108,0
24109,6
24110,4
24111,4
24112,2
24113,0
24114,2
24115,2
24116,2
24117,2
24118,2
24119,0
24120,2
24121,2
24122,2
24123,2
24124,0
24125,4
24126,1
24127,5
24128,6
24129,0
24130,4
24131,2
24132,2
24133,3
24134,0
24135,2
24136,5
24137,1
24138,6
24139,2
24140,0
24141,4
24142,5
24143,3
24144,2
24145,2
24146,2
24147,0
24148,4
24149,2
24150,6
24151,2
24152,0
24153,0
24154,0
24155,0
24156,2
24157,3
24158,5
24159,2
24160,2
24161,1
24162,0
24163,1
24164,2
24165,0
24166,2
24167,6
24168,0
24169,3
24170,5
24171,4
24172,3
24173,3
24174,2
24175,6
24176,1
24177,0
24178,5
24179,1
24180,2
24181,3
24182,2
24183,6
24184,0
24185,6
24186,2
24187,1
24188,2
24189,4
24190,6
24191,4
24192,4
24193,2
24194,3
24195,0
24196,2
24197,2
24198,2
24199,2
24200,0
24201,2
24202,4
24203,0
24204,0
24205,1
24206,6
24207,6
24208,1
24209,0
24210,2
24211,6
24212,1
24213,2
24214,1
24215,6
24216,3
24217,0
24218,6
24219,0
24220,0
24221,1
24222,0
24223,6
24224,6
24225,0
24226,0
24227,2
24228,4
24229,1
24230,0
24231,6
24232,2
24233,2
24234,5
24235,3
24236,0
24237,1
24238,1
24239,0
24240,2
24241,3
24242,0
24243,2
24244,2
24245,0
24246,0
24247,0
24248,0
24249,2
24250,3
24251,0
24252,2
24253,0
24254,1
24255,2
24256,0
24257,0
24258,0
24259,6
24260,5
24261,1
24262,2
24263,2
24264,2
24265,0
24266,5
24267,2
24268,2
24269,2
24270,3
24271,2
24272,2
24273,2
24274,0
24275,0
24276,0
24277,0
24278,6
24279,3
24280,0
24281,2
24282,0
24283,3
24284,0
24285,2
24286,2
24287,4
24288,2
24289,4
24290,0
24291,2
24292,3
24293,2
24294,0
24295,1
24296,6
24297,1
24298,2
24299,2
24300,0
24301,2
24302,6
24303,6
24304,1
24305,1
24306,2
24307,6
24308,2
24309,2
24310,3
24311,2
24312,6
24313,2
24314,2
24315,2
24316,2
24317,4
24318,6
24319,2
24320,5
24321,6
24322,1
24323,3
24324,2
24325,2
24326,0
24327,2
24328,2
24329,0
24330,0
24331,0
24332,0
24333,2
24334,2
24335,2
24336,0
24337,0
24338,4
24339,4
24340,2
24341,4
24342,6
24343,0
24344,6
24345,2
24346,2
24347,6
24348,2
24349,0
24350,2
24351,5
24352,1
24353,6
24354,0
24355,0
24356,6
24357,2
24358,4
24359,4
24360,0
24361,2
24362,0
24363,2
24364,2
24365,1
24366,2
24367,0
24368,3
24369,2
24370,2
24371,2
24372,4
24373,0
24374,0
24375,2
24376,0
24377,1
24378,2
24379,2
24380,2
24381,5
24382,2
24383,6
24384,0
24385,0
24386,0
24387,1
24388,1
24389,5
24390,2
24391,2
24392,2
24393,5
24394,5
24395,0
24396,4
24397,2
24398,2
24399,0
24400,2
24401,6
24402,2
24403,2
24404,5
24405,2
24406,2
24407,0
24408,4
24409,0
24410,0
24411,0
24412,2
24413,2
24414,6
24415,2
24416,0
24417,2
24418,0
24419,2
24420,3
24421,0
24422,0
24423,4
24424,2
24425,0
24426,2
24427,2
24428,6
24429,2
24430,2
24431,1
24432,0
24433,2
24434,1
24435,6
24436,2
24437,6
24438,2
24439,2
24440,1
24441,2
24442,2
24443,0
24444,0
24445,2
24446,1
24447,0
24448,2
24449,2
24450,4
24451,2
24452,2
24453,2
24454,6
24455,2
24456,2
24457,0
24458,6
24459,2
24460,0
24461,0
24462,2
24463,2
24464,4
24465,2
24466,3
24467,0
24468,1
24469,0
24470,2
24471,2
24472,0
24473,2
24474,6
24475,0
24476,2
24477,1
24478,2
24479,1
24480,3
24481,3
24482,2
24483,2
24484,6
24485,0
24486,4
24487,0
24488,0
24489,0
24490,3
24491,2
24492,2
24493,6
24494,1
24495,2
24496,2
24497,6
24498,2
24499,6
24500,2
24501,2
24502,6
24503,4
24504,2
24505,4
24506,0
24507,0
24508,2
24509,2
24510,0
24511,2
24512,2
24513,0
24514,0
24515,6
24516,2
24517,2
24518,0
24519,1
24520,5
24521,2
24522,2
24523,0
24524,6
24525,2
24526,5
24527,2
24528,0
24529,3
24530,2
24531,2
24532,6
24533,0
24534,0
24535,6
24536,2
24537,2
24538,0
24539,2
24540,0
24541,1
24542,0
24543,6
24544,0
24545,2
24546,1
24547,0
24548,2
24549,1
24550,4
24551,2
24552,6
24553,2
24554,2
24555,3
24556,2
24557,0
24558,2
24559,2
24560,0
24561,0
24562,3
24563,2
24564,2
24565,2
24566,0
24567,3
24568,0
24569,2
24570,0
24571,2
24572,0
24573,2
24574,3
24575,4
24576,1
24577,2
24578,6
24579,0
24580,2
24581,4
24582,2
24583,6
24584,5
24585,2
24586,6
24587,4
24588,2
24589,0
24590,6
24591,2
24592,6
24593,0
24594,5
24595,0
24596,0
24597,3
24598,5
24599,4
24600,6
24601,2
24602,2
24603,2
24604,2
24605,6
24606,2
24607,2
24608,6
24609,0
24610,2
24611,0
24612,2
24613,2
24614,3
24615,1
24616,2
24617,2
24618,2
24619,0
24620,2
24621,5
24622,2
24623,2
24624,2
24625,2
24626,2
24627,0
24628,2
24629,0
24630,1
24631,4
24632,0
24633,4
24634,2
24635,0
24636,2
24637,4
24638,2
24639,2
24640,6
24641,2
24642,5
24643,2
24644,5
24645,6
24646,0
24647,0
24648,0
24649,2
24650,3
24651,3
24652,2
24653,5
24654,2
24655,0
24656,0
24657,0
24658,6
24659,2
24660,0
24661,2
24662,2
24663,0
24664,2
24665,0
24666,6
24667,2
24668,1
24669,0
24670,6
24671,6
24672,2
24673,5
24674,5
24675,0
24676,2
24677,2
24678,5
24679,6
24680,0
24681,6
24682,2
24683,2
24684,2
24685,2
24686,2
24687,2
24688,4
24689,2
24690,2
24691,2
24692,2
24693,4
24694,5
24695,0
24696,2
24697,6
24698,0
24699,0
24700,0
24701,0
24702,0
24703,3
24704,6
24705,6
24706,0
24707,0
24708,6
24709,0
24710,0
24711,3
24712,2
24713,2
24714,0
24715,0
24716,2
24717,0
24718,4
24719,1
24720,5
24721,6
24722,6
24723,6
24724,5
24725,1
24726,0
24727,2
24728,0
24729,4
24730,1
24731,2
24732,0
24733,2
24734,2
24735,2
24736,2
24737,0
24738,2
24739,2
24740,0
24741,6
24742,0
24743,0
24744,5
24745,2
24746,0
24747,0
24748,2
24749,2
24750,2
24751,6
24752,4
24753,2
24754,0
24755,1
24756,2
24757,6
24758,5
24759,2
24760,2
24761,4
24762,2
24763,6
24764,0
24765,2
24766,0
24767,6
24768,0
24769,2
24770,2
24771,0
24772,2
24773,2
24774,4
24775,2
24776,4
24777,2
24778,4
24779,0
24780,2
24781,4
24782,3
24783,2
24784,4
24785,0
24786,1
24787,6
24788,6
24789,0
24790,6
24791,2
24792,2
24793,2
24794,0
24795,2
24796,3
24797,1
24798,3
24799,2
24800,6
24801,1
24802,6
24803,2
24804,2
24805,6
24806,2
24807,2
24808,2
24809,6
24810,6
24811,2
24812,0
24813,2
24814,1
24815,2
24816,0
24817,6
24818,2
24819,0
24820,4
24821,2
24822,0
24823,4
24824,2
24825,0
24826,2
24827,4
24828,1
24829,4
24830,2
24831,3
24832,3
24833,2
24834,2
24835,5
24836,1
24837,2
24838,2
24839,2
24840,2
24841,0
24842,6
24843,0
24844,1
24845,2
24846,2
24847,4
24848,0
24849,4
24850,2
24851,0
24852,2
24853,6
24854,4
24855,6
24856,0
24857,6
24858,0
24859,2
24860,4
24861,4
24862,5
24863,0
24864,2
24865,4
24866,2
24867,0
24868,4
24869,2
24870,0
24871,3
24872,0
24873,2
24874,6
24875,0
24876,6
24877,0
24878,2
24879,6
24880,4
24881,2
24882,0
24883,2
24884,2
24885,2
24886,6
24887,2
24888,6
24889,0
24890,3
24891,0
24892,0
24893,1
24894,2
24895,2
24896,2
24897,3
24898,1
24899,4
24900,2
24901,0
24902,2
24903,4
24904,0
24905,0
24906,2
24907,4
24908,1
24909,2
24910,6
24911,0
24912,2
24913,0
24914,1
24915,2
24916,2
24917,2
24918,2
24919,2
24920,0
24921,2
24922,6
24923,2
24924,1
24925,0
24926,6
24927,3
24928,4
24929,3
24930,0
24931,2
24932,0
24933,2
24934,2
24935,6
24936,0
24937,0
24938,0
24939,6
24940,0
24941,0
24942,5
24943,2
24944,0
24945,0
24946,0
24947,0
24948,0
24949,4
24950,2
24951,3
24952,2
24953,6
24954,2
24955,2
24956,5
24957,0
24958,2
24959,2
24960,2
24961,6
24962,6
24963,0
24964,0
24965,6
24966,1
24967,6
24968,2
24969,2
24970,2
24971,5
24972,1
24973,6
24974,6
24975,6
24976,0
24977,0
24978,2
24979,2
24980,6
24981,4
24982,1
24983,3
24984,2
24985,0
24986,2
24987,0
24988,0
24989,2
24990,6
24991,0
24992,1
24993,0
24994,6
24995,2
24996,0
24997,2
24998,2
24999,6
25000,1
25001,6
25002,2
25003,3
25004,2
25005,2
25006,4
25007,2
25008,0
25009,6
25010,4
25011,1
25012,1
25013,0
25014,0
25015,6
25016,2
25017,0
25018,2
25019,4
25020,0
25021,2
25022,2
25023,0
25024,6
25025,2
25026,5
25027,4
25028,6
25029,2
25030,2
25031,2
25032,4
25033,2
25034,2
25035,2
25036,2
25037,6
25038,6
25039,2
25040,0
25041,6
25042,6
25043,6
25044,3
25045,1
25046,2
25047,2
25048,2
25049,0
25050,2
25051,0
25052,1
25053,3
25054,2
25055,0
25056,3
25057,4
25058,3
25059,2
25060,2
25061,2
25062,0
25063,2
25064,2
25065,0
25066,0
25067,1
25068,2
25069,2
25070,5
25071,6
25072,0
25073,2
25074,2
25075,1
25076,2
25077,3
25078,2
25079,0
25080,4
25081,3
25082,2
25083,2
25084,5
25085,5
25086,2
25087,0
25088,2
25089,6
25090,6
25091,0
25092,1
25093,2
25094,4
25095,0
25096,1
25097,4
25098,6
25099,2
25100,3
25101,2
25102,0
25103,0
25104,2
25105,2
25106,1
25107,2
25108,0
25109,6
25110,2
25111,0
25112,0
25113,0
25114,2
25115,6
25116,0
25117,5
25118,4
25119,5
25120,2
25121,3
25122,2
25123,4
25124,2
25125,2
25126,4
25127,0
25128,2
25129,2
25130,4
25131,0
25132,2
25133,5
25134,2
25135,2
25136,2
25137,4
25138,0
25139,3
25140,0
25141,2
25142,0
25143,2
25144,2
25145,2
25146,0
25147,2
25148,2
25149,6
25150,6
25151,0
25152,2
25153,2
25154,2
25155,2
25156,6
25157,2
25158,4
25159,2
25160,2
25161,0
25162,0
25163,2
25164,1
25165,4
25166,2
25167,2
25168,2
25169,6
25170,2
25171,4
25172,1
25173,2
25174,4
25175,1
25176,0
25177,0
25178,2
25179,2
25180,1
25181,0
25182,0
25183,2
25184,0
25185,6
25186,2
25187,2
25188,5
25189,3
25190,2
25191,2
25192,0
25193,3
25194,2
25195,0
25196,2
25197,0
25198,6
25199,0
25200,4
25201,6
25202,2
25203,4
25204,3
25205,2
25206,2
25207,2
25208,2
25209,6
25210,0
25211,0
25212,2
25213,0
25214,2
25215,2
25216,4
25217,2
25218,4
25219,1
25220,0
25221,2
25222,2
25223,5
25224,4
25225,2
25226,2
25227,3
25228,2
25229,2
25230,2
25231,2
25232,0
25233,2
25234,2
25235,2
25236,2
25237,3
25238,6
25239,0
25240,2
25241,0
25242,2
25243,6
25244,4
25245,2
25246,5
25247,0
25248,4
25249,0
25250,6
25251,5
25252,6
25253,2
25254,0
25255,1
25256,4
25257,0
25258,6
25259,2
25260,4
25261,4
25262,2
25263,0
25264,2
25265,0
25266,6
25267,1
25268,0
25269,2
25270,2
25271,0
25272,0
25273,2
25274,2
25275,2
25276,0
25277,2
25278,2
25279,2
25280,6
25281,2
25282,2
25283,0
25284,2
25285,2
25286,0
25287,0
25288,1
25289,1
25290,2
25291,2
25292,0
25293,2
25294,1
25295,0
25296,2
25297,0
25298,6
25299,0
25300,2
25301,2
25302,3
25303,5
25304,4
25305,2
25306,1
25307,1
25308,1
25309,1
25310,0
25311,2
25312,0
25313,6
25314,2
25315,3
25316,4
25317,3
25318,1
25319,0
25320,2
25321,2
25322,6
25323,0
25324,2
25325,0
25326,1
25327,2
25328,6
25329,5
25330,2
25331,2
25332,2
25333,0
25334,0
25335,2
25336,0
25337,6
25338,6
25339,1
25340,0
25341,6
25342,0
25343,6
25344,2
25345,2
25346,6
25347,3
25348,2
25349,0
25350,0
25351,2
25352,2
25353,2
25354,6
25355,2
25356,2
25357,2
25358,6
25359,2
25360,0
25361,1
25362,4
25363,0
25364,2
25365,2
25366,2
25367,2
25368,2
25369,6
25370,2
25371,6
25372,2
25373,6
25374,0
25375,2
25376,2
25377,2
25378,2
25379,2
25380,0
25381,0
25382,0
25383,6
25384,1
25385,1
25386,1
25387,2
25388,2
25389,6
25390,0
25391,1
25392,0
25393,3
25394,2
25395,1
25396,6
25397,2
25398,0
25399,0
25400,2
25401,2
25402,2
25403,2
25404,2
25405,0
25406,1
25407,3
25408,4
25409,2
25410,2
25411,0
25412,2
25413,2
25414,0
25415,2
25416,6
25417,6
25418,6
25419,0
25420,0
25421,1
25422,6
25423,0
25424,2
25425,2
25426,0
25427,2
25428,0
25429,6
25430,0
25431,0
25432,2
25433,0
25434,2
25435,2
25436,2
25437,5
25438,2
25439,2
25440,6
25441,6
25442,1
25443,2
25444,0
25445,2
25446,0
25447,0
25448,2
25449,4
25450,2
25451,0
25452,2
25453,2
25454,2
25455,5
25456,2
25457,2
25458,0
25459,2
25460,0
25461,0
25462,2
25463,2
25464,2
25465,6
25466,0
25467,1
25468,2
25469,0
25470,3
25471,1
25472,0
25473,2
25474,5
25475,0
25476,1
25477,4
25478,0
25479,0
25480,3
25481,2
25482,0
25483,2
25484,0
25485,3
25486,4
25487,2
25488,0
25489,0
25490,4
25491,0
25492,2
25493,2
25494,6
25495,0
25496,2
25497,5
25498,6
25499,0
25500,0
25501,0
25502,2
25503,6
25504,2
25505,6
25506,0
25507,0
25508,2
25509,2
25510,1
25511,2
25512,2
25513,2
25514,6
25515,1
25516,1
25517,5
25518,6
25519,4
25520,0
25521,6
25522,2
25523,3
25524,6
25525,4
25526,2
25527,0
25528,0
25529,6
25530,2
25531,2
25532,2
25533,2
25534,6
25535,5
25536,2
25537,2
25538,0
25539,0
25540,2
25541,6
25542,0
25543,2
25544,6
25545,2
25546,2
25547,3
25548,2
25549,2
25550,0
25551,3
25552,6
25553,6
25554,2
25555,6
25556,6
25557,3
25558,2
25559,4
25560,4
25561,2
25562,6
25563,0
25564,6
25565,2
25566,6
25567,2
25568,1
25569,2
25570,0
25571,3
25572,0
25573,0
25574,2
25575,0
25576,0
25577,6
25578,5
25579,0
25580,0
25581,6
25582,2
25583,4
25584,2
25585,2
25586,1
25587,5
25588,1
25589,0
25590,1
25591,0
25592,1
25593,4
25594,2
25595,0
25596,2
25597,0
25598,2
25599,3
25600,0
25601,0
25602,5
25603,1
25604,0
25605,1
25606,6
25607,2
25608,2
25609,0
25610,2
25611,2
25612,2
25613,6
25614,2
25615,2
25616,0
25617,0
25618,5
25619,4
25620,0
25621,2
25622,2
25623,0
25624,1
25625,2
25626,6
25627,1
25628,0
25629,0
25630,2
25631,2
25632,0
25633,2
25634,2
25635,0
25636,4
25637,1
25638,2
25639,1
25640,1
25641,0
25642,6
25643,1
25644,2
25645,4
25646,4
25647,2
25648,2
25649,0
25650,6
25651,2
25652,2
25653,2
25654,0
25655,2
25656,0
25657,0
25658,2
25659,6
25660,2
25661,2
25662,2
25663,2
25664,0
25665,4
25666,0
25667,2
25668,2
25669,6
25670,2
25671,2
25672,3
25673,0
25674,3
25675,3
25676,2
25677,4
25678,2
25679,0
25680,2
25681,6
25682,0
25683,2
25684,4
25685,2
25686,2
25687,2
25688,0
25689,4
25690,0
25691,2
25692,6
25693,0
25694,2
25695,4
25696,1
25697,0
25698,0
25699,2
25700,0
25701,6
25702,1
25703,0
25704,2
25705,2
25706,2
25707,1
25708,6
25709,6
25710,0
25711,2
25712,2
25713,1
25714,2
25715,2
25716,6
25717,2
25718,6
25719,6
25720,6
25721,2
25722,4
25723,2
25724,2
25725,1
25726,5
25727,0
25728,5
25729,3
25730,6
25731,6
25732,0
25733,2
25734,2
25735,4
25736,2
25737,0
25738,0
25739,4
25740,1
25741,2
25742,0
25743,2
25744,3
25745,0
25746,2
25747,2
25748,0
25749,0
25750,1
25751,6
25752,6
25753,0
25754,0
25755,2
25756,6
25757,0
25758,1
25759,6
25760,0
25761,6
25762,0
25763,4
25764,2
25765,6
25766,5
25767,0
25768,2
25769,2
25770,3
25771,0
25772,0
25773,0
25774,0
25775,2
25776,0
25777,0
25778,2
25779,0
25780,2
25781,1
25782,3
25783,4
25784,6
25785,0
25786,2
25787,0
25788,4
25789,5
25790,2
25791,2
25792,0
25793,6
25794,3
25795,4
25796,6
25797,2
25798,2
25799,2
25800,0
25801,0
25802,2
25803,1
25804,2
25805,2
25806,6
25807,2
25808,0
25809,4
25810,2
25811,1
25812,0
25813,0
25814,2
25815,0
25816,0
25817,2
25818,2
25819,2
25820,6
25821,2
25822,2
25823,5
25824,2
25825,0
25826,4
25827,0
25828,0
25829,2
25830,6
25831,3
25832,2
25833,6
25834,2
25835,2
25836,0
25837,1
25838,1
25839,0
25840,4
25841,2
25842,2
25843,3
25844,3
25845,2
25846,6
25847,2
25848,6
25849,2
25850,0
25851,0
25852,2
25853,0
25854,2
25855,0
25856,6
25857,6
25858,6
25859,0
25860,4
25861,2
25862,2
25863,6
25864,2
25865,2
25866,4
25867,0
25868,0
25869,2
25870,4
25871,2
25872,0
25873,2
25874,2
25875,6
25876,4
25877,4
25878,2
25879,2
25880,2
25881,2
25882,0
25883,2
25884,2
25885,0
25886,2
25887,2
25888,2
25889,2
25890,3
25891,2
25892,0
25893,4
25894,2
25895,2
25896,0
25897,0
25898,2
25899,5
25900,4
25901,2
25902,3
25903,0
25904,0
25905,6
25906,0
25907,2
25908,2
25909,4
25910,4
25911,1
25912,2
25913,4
25914,2
25915,5
25916,2
25917,0
25918,0
25919,2
25920,1
25921,2
25922,0
25923,6
25924,2
25925,6
25926,3
25927,6
25928,4
25929,3
25930,2
25931,6
25932,2
25933,2
25934,0
25935,2
25936,2
25937,0
25938,4
25939,6
25940,2
25941,2
25942,6
25943,4
25944,2
25945,0
25946,1
25947,2
25948,6
25949,2
25950,2
25951,2
25952,2
25953,2
25954,2
25955,4
25956,2
25957,1
25958,2
25959,2
25960,4
25961,4
25962,6
25963,0
25964,2
25965,2
25966,4
25967,0
25968,6
25969,0
25970,0
25971,2
25972,1
25973,4
25974,6
25975,2
25976,6
25977,4
25978,1
25979,0
25980,2
25981,2
25982,3
25983,5
25984,2
25985,2
25986,2
25987,5
25988,2
25989,0
25990,2
25991,2
25992,2
25993,2
25994,0
25995,2
25996,2
25997,4
25998,2
25999,6
26000,5
26001,2
26002,2
26003,0
26004,0
26005,4
26006,2
26007,1
26008,2
26009,3
26010,2
26011,2
26012,0
26013,2
26014,6
26015,6
26016,2
26017,0
26018,0
26019,0
26020,0
26021,6
26022,0
26023,1
26024,2
26025,6
26026,0
26027,2
26028,2
26029,0
26030,0
26031,2
26032,4
26033,2
26034,5
26035,0
26036,2
26037,2
26038,0
26039,2
26040,6
26041,0
26042,0
26043,2
26044,5
26045,2
26046,3
26047,0
26048,4
26049,0
26050,2
26051,0
26052,2
26053,2
26054,2
26055,0
26056,6
26057,1
26058,0
26059,2
26060,2
26061,4
26062,2
26063,2
26064,0
26065,1
26066,0
26067,0
26068,2
26069,1
26070,6
26071,1
26072,0
26073,4
26074,0
26075,0
26076,2
26077,0
26078,5
26079,6
26080,0
26081,6
26082,3
26083,5
26084,2
26085,0
26086,6
26087,0
26088,2
26089,2
26090,3
26091,5
26092,2
26093,2
26094,2
26095,0
26096,2
26097,0
26098,0
26099,0
26100,2
26101,2
26102,0
26103,0
26104,0
26105,2
26106,3
26107,2
26108,2
26109,2
26110,1
26111,6
26112,2
26113,5
26114,0
26115,0
26116,1
26117,2
26118,3
26119,2
26120,2
26121,3
26122,6
26123,0
26124,2
26125,2
26126,2
26127,4
26128,6
26129,2
26130,1
26131,2
26132,0
26133,0
26134,0
26135,3
26136,2
26137,2
26138,2
26139,5
26140,4
26141,0
26142,2
26143,0
26144,0
26145,0
26146,0
26147,2
26148,2
26149,2
26150,2
26151,4
26152,4
26153,6
26154,0
26155,0
26156,0
26157,5
26158,4
26159,0
26160,0
26161,0
26162,2
26163,6
26164,2
26165,2
26166,4
26167,3
26168,3
26169,6
26170,3
26171,3
26172,1
26173,0
26174,0
26175,2
26176,5
26177,0
26178,0
26179,2
26180,2
26181,3
26182,6
26183,2
26184,0
26185,2
26186,0
26187,2
26188,0
26189,4
26190,2
26191,1
26192,2
26193,6
26194,2
26195,0
26196,5
26197,2
26198,6
26199,0
26200,1
26201,2
26202,2
26203,1
26204,0
26205,4
26206,6
26207,4
26208,2
26209,6
26210,2
26211,1
26212,5
26213,1
26214,0
26215,2
26216,2
26217,4
26218,2
26219,2
26220,0
26221,0
26222,0
26223,0
26224,2
26225,0
26226,0
26227,5
26228,2
26229,6
26230,0
26231,3
26232,6
26233,2
26234,1
26235,6
26236,0
26237,2
26238,1
26239,0
26240,1
26241,2
26242,2
26243,0
26244,1
26245,0
26246,2
26247,2
26248,0
26249,5
26250,1
26251,2
26252,4
26253,0
26254,0
26255,0
26256,2
26257,2
26258,1
26259,2
26260,6
26261,6
26262,4
26263,0
26264,0
26265,2
26266,6
26267,1
26268,5
26269,4
26270,1
26271,4
26272,0
26273,2
26274,2
26275,6
26276,0
26277,2
26278,0
26279,0
26280,2
26281,0
26282,6
26283,5
26284,1
26285,2
26286,2
26287,5
26288,6
26289,2
26290,0
26291,2
26292,1
26293,0
26294,0
26295,2
26296,2
26297,2
26298,2
26299,0
26300,2
26301,2
26302,1
26303,4
26304,0
26305,0
26306,6
26307,4
26308,0
26309,1
26310,3
26311,6
26312,2
26313,2
26314,4
26315,0
26316,2
26317,3
26318,2
26319,0
26320,2
26321,0
26322,2
26323,6
26324,3
26325,1
26326,2
26327,3
26328,2
26329,2
26330,6
26331,6
26332,6
26333,2
26334,2
26335,3
26336,2
26337,1
26338,0
26339,2
26340,4
26341,0
26342,6
26343,0
26344,0
26345,0
26346,6
26347,6
26348,1
26349,2
26350,4
26351,2
26352,2
26353,2
26354,4
26355,4
26356,1
26357,2
26358,4
26359,1
26360,5
26361,2
26362,4
26363,6
26364,4
26365,1
26366,0
26367,4
26368,5
26369,1
26370,5
26371,2
26372,2
26373,2
26374,0
26375,3
26376,2
26377,4
26378,0
26379,2
26380,0
26381,2
26382,2
26383,2
26384,4
26385,0
26386,2
26387,2
26388,4
26389,6
26390,0
26391,2
26392,0
26393,0
26394,0
26395,2
26396,2
26397,6
26398,4
26399,5
26400,5
26401,0
26402,2
26403,0
26404,2
26405,0
26406,3
26407,2
26408,1
26409,2
26410,5
26411,5
26412,2
26413,0
26414,0
26415,1
26416,0
26417,4
26418,0
26419,6
26420,0
26421,0
26422,2
26423,0
26424,0
26425,2
26426,3
26427,2
26428,3
26429,6
26430,2
26431,0
26432,4
26433,1
26434,2
26435,0
26436,6
26437,0
26438,2
26439,0
26440,0
26441,2
26442,1
26443,2
26444,4
26445,6
26446,4
26447,4
26448,0
26449,3
26450,0
26451,6
26452,2
26453,2
26454,4
26455,2
26456,6
26457,2
26458,5
26459,2
26460,2
26461,1
26462,2
26463,0
26464,2
26465,0
26466,0
26467,3
26468,3
26469,1
26470,2
26471,2
26472,2
26473,0
26474,2
26475,0
26476,0
26477,0
26478,3
26479,5
26480,4
26481,6
26482,0
26483,4
26484,5
26485,4
26486,0
26487,1
26488,6
26489,2
26490,3
26491,0
26492,2
26493,6
26494,2
26495,2
26496,1
26497,2
26498,6
26499,6
26500,0
26501,2
26502,2
26503,0
26504,2
26505,1
26506,2
26507,6
26508,2
26509,2
26510,4
26511,3
26512,6
26513,2
26514,2
26515,2
26516,6
26517,3
26518,4
26519,3
26520,1
26521,2
26522,2
26523,0
26524,0
26525,2
26526,4
26527,6
26528,0
26529,6
26530,0
26531,0
26532,0
26533,2
26534,2
26535,2
26536,5
26537,0
26538,0
26539,0
26540,0
26541,2
26542,0
26543,2
26544,1
26545,2
26546,2
26547,6
26548,4
26549,2
26550,6
26551,2
26552,2
26553,2
26554,4
26555,5
26556,1
26557,2
26558,2
26559,5
26560,6
26561,2
26562,2
26563,2
26564,6
26565,2
26566,2
26567,0
26568,0
26569,2
26570,2
26571,0
26572,2
26573,2
26574,6
26575,2
26576,2
26577,6
26578,4
26579,0
26580,6
26581,2
26582,2
26583,0
26584,0
26585,3
26586,2
26587,4
26588,4
26589,2
26590,2
26591,2
26592,4
26593,0
26594,3
26595,2
26596,0
26597,5
26598,0
26599,2
26600,2
26601,6
26602,2
26603,0
26604,2
26605,6
26606,4
26607,1
26608,2
26609,6
26610,2
26611,5
26612,0
26613,6
26614,6
26615,1
26616,2
26617,0
26618,2
26619,2
26620,0
26621,4
26622,2
26623,4
26624,0
26625,2
26626,2
26627,4
26628,0
26629,6
26630,2
26631,2
26632,0
26633,0
26634,2
26635,4
26636,2
26637,1
26638,6
26639,4
26640,2
26641,2
26642,0
26643,0
26644,0
26645,0
26646,4
26647,2
26648,6
26649,2
26650,0
26651,4
26652,1
26653,0
26654,2
26655,5
26656,4
26657,0
26658,6
26659,4
26660,2
26661,5
26662,3
26663,2
26664,2
26665,0
26666,6
26667,2
26668,2
26669,0
26670,0
26671,2
26672,6
26673,0
26674,1
26675,0
26676,3
26677,0
26678,0
26679,6
26680,2
26681,0
26682,0
26683,4
26684,0
26685,2
26686,2
26687,3
26688,1
26689,3
26690,2
26691,0
26692,6
26693,2
26694,2
26695,2
26696,0
26697,6
26698,5
26699,0
26700,2
26701,2
26702,2
26703,0
26704,0
26705,2
26706,2
26707,4
26708,0
26709,6
26710,2
26711,2
26712,2
26713,2
26714,5
26715,2
26716,0
26717,3
26718,2
26719,0
26720,6
26721,0
26722,5
26723,2
26724,0
26725,3
26726,2
26727,0
26728,6
26729,4
26730,2
26731,6
26732,0
26733,3
26734,2
26735,6
26736,6
26737,4
26738,6
26739,2
26740,5
26741,4
26742,0
26743,4
26744,4
26745,2
26746,4
26747,0
26748,1
26749,0
26750,2
26751,1
26752,4
26753,4
26754,4
26755,0
26756,4
26757,2
26758,2
26759,6
26760,4
26761,4
26762,4
26763,2
26764,4
26765,5
26766,4
26767,1
26768,2
26769,0
26770,6
26771,2
26772,0
26773,3
26774,6
26775,4
26776,0
26777,2
26778,2
26779,0
26780,5
26781,6
26782,2
26783,5
26784,2
26785,1
26786,2
26787,1
26788,4
26789,0
26790,6
26791,3
26792,2
26793,0
26794,0
26795,5
26796,5
26797,2
26798,5
26799,6
26800,0
26801,2
26802,1
26803,0
26804,0
26805,0
26806,2
26807,2
26808,0
26809,6
26810,2
26811,2
26812,4
26813,6
26814,3
26815,2
26816,0
26817,4
26818,2
26819,0
26820,4
26821,0
26822,2
26823,2
26824,0
26825,2
26826,0
26827,2
26828,0
26829,0
26830,1
26831,1
26832,3
26833,2
26834,2
26835,4
26836,0
26837,2
26838,0
26839,4
26840,3
26841,0
26842,2
26843,2
26844,2
26845,2
26846,0
26847,2
26848,4
26849,2
26850,2
26851,0
26852,6
26853,2
26854,2
26855,0
26856,4
26857,4
26858,2
26859,0
26860,0
26861,1
26862,4
26863,6
26864,2
26865,6
26866,6
26867,2
26868,6
26869,3
26870,2
26871,2
26872,6
26873,2
26874,0
26875,1
26876,1
26877,2
26878,1
26879,6
26880,4
26881,2
26882,4
26883,6
26884,3
26885,3
26886,3
26887,0
26888,0
26889,0
26890,2
26891,0
26892,4
26893,3
26894,5
26895,2
26896,2
26897,1
26898,2
26899,2
26900,2
26901,2
26902,0
26903,5
26904,2
26905,2
26906,2
26907,4
26908,6
26909,3
26910,2
26911,2
26912,5
26913,5
26914,4
26915,1
26916,2
26917,0
26918,5
26919,3
26920,6
26921,1
26922,5
26923,1
26924,2
26925,6
26926,2
26927,1
26928,1
26929,4
26930,2
26931,2
26932,6
26933,2
26934,2
26935,0
26936,0
26937,0
26938,0
26939,6
26940,2
26941,0
26942,0
26943,2
26944,0
26945,0
26946,2
26947,1
26948,3
26949,1
26950,0
26951,0
26952,6
26953,4
26954,4
26955,5
26956,0
26957,2
26958,3
26959,2
26960,0
26961,6
26962,2
26963,0
26964,5
26965,6
26966,0
26967,2
26968,1
26969,6
26970,1
26971,2
26972,0
26973,3
26974,4
26975,6
26976,1
26977,2
26978,5
26979,2
26980,2
26981,2
26982,2
26983,3
26984,2
26985,3
26986,0
26987,6
26988,0
26989,2
26990,3
26991,1
26992,2
26993,5
26994,1
26995,5
26996,2
26997,2
26998,1
26999,0
27000,0
27001,2
27002,4
27003,0
27004,0
27005,2
27006,4
27007,2
27008,0
27009,2
27010,0
27011,5
27012,4
27013,2
27014,0
27015,0
27016,0
27017,4
27018,1
27019,0
27020,0
27021,2
27022,0
27023,2
27024,2
27025,6
27026,6
27027,4
27028,0
27029,0
27030,2
27031,2
27032,0
27033,2
27034,2
27035,6
27036,2
27037,0
27038,2
27039,0
27040,2
27041,6
27042,1
27043,2
27044,0
27045,6
27046,4
27047,0
27048,2
27049,0
27050,1
27051,0
27052,1
27053,1
27054,1
27055,0
27056,0
27057,6
27058,3
27059,0
27060,2
27061,2
27062,2
27063,2
27064,2
27065,2
27066,0
27067,2
27068,0
27069,0
27070,2
27071,0
27072,6
27073,4
27074,2
27075,0
27076,5
27077,0
27078,6
27079,1
27080,0
27081,2
27082,0
27083,0
27084,2
27085,2
27086,0
27087,0
27088,1
27089,0
27090,0
27091,2
27092,3
27093,1
27094,2
27095,2
27096,3
27097,6
27098,6
27099,6
27100,0
27101,4
27102,5
27103,0
27104,2
27105,4
27106,0
27107,2
27108,0
27109,0
27110,2
27111,0
27112,6
27113,0
27114,0
27115,2
27116,2
27117,2
27118,2
27119,2
27120,5
27121,6
27122,2
27123,0
27124,0
27125,1
27126,4
27127,2
27128,2
27129,6
27130,0
27131,0
27132,0
27133,6
27134,2
27135,0
27136,0
27137,0
27138,4
27139,0
27140,1
27141,2
27142,0
27143,0
27144,2
27145,2
27146,0
27147,5
27148,6
27149,2
27150,0
27151,2
27152,2
27153,0
27154,2
27155,0
27156,2
27157,1
27158,6
27159,2
27160,2
27161,0
27162,3
27163,2
27164,0
27165,2
27166,6
27167,3
27168,2
27169,1
27170,2
27171,2
27172,2
27173,4
27174,4
27175,3
27176,2
27177,0
27178,4
27179,6
27180,2
27181,4
27182,2
27183,2
27184,4
27185,6
27186,0
27187,0
27188,6
27189,6
27190,0
27191,0
27192,1
27193,2
27194,0
27195,2
27196,0
27197,2
27198,0
27199,2
27200,3
27201,2
27202,2
27203,2
27204,2
27205,6
27206,2
27207,2
27208,0
27209,0
27210,0
27211,2
27212,4
27213,5
27214,2
27215,2
27216,5
27217,0
27218,0
27219,2
27220,2
27221,2
27222,0
27223,2
27224,2
27225,4
27226,4
27227,2
27228,2
27229,2
27230,0
27231,2
27232,3
27233,6
27234,6
27235,3
27236,0
27237,0
27238,2
27239,2
27240,5
27241,0
27242,2
27243,2
27244,2
27245,6
27246,2
27247,0
27248,2
27249,2
27250,4
27251,0
27252,2
27253,0
27254,2
27255,0
27256,2
27257,0
27258,2
27259,0
27260,2
27261,0
27262,3
27263,2
27264,2
27265,1
27266,3
27267,2
27268,0
27269,2
27270,0
27271,0
27272,6
27273,0
27274,6
27275,0
27276,1
27277,0
27278,2
27279,2
27280,2
27281,6
27282,2
27283,2
27284,2
27285,2
27286,2
27287,1
27288,6
27289,2
27290,2
27291,2
27292,6
27293,2
27294,0
27295,2
27296,5
27297,2
27298,0
27299,0
27300,2
27301,2
27302,4
27303,0
27304,0
27305,6
27306,2
27307,6
27308,0
27309,0
27310,2
27311,0
27312,0
27313,2
27314,0
27315,2
27316,2
27317,2
27318,2
27319,5
27320,0
27321,6
27322,2
27323,2
27324,6
27325,6
27326,2
27327,2
27328,6
27329,2
27330,2
27331,0
27332,0
27333,2
27334,2
27335,0
27336,2
27337,2
27338,1
27339,6
27340,6
27341,2
27342,1
27343,6
27344,2
27345,4
27346,6
27347,0
27348,0
27349,2
27350,6
27351,6
27352,3
27353,2
27354,2
27355,6
27356,2
27357,1
27358,4
27359,2
27360,2
27361,2
27362,2
27363,0
27364,2
27365,2
27366,4
27367,4
27368,2
27369,2
27370,0
27371,2
27372,6
27373,2
27374,0
27375,0
27376,2
27377,6
27378,0
27379,4
27380,0
27381,0
27382,0
27383,6
27384,6
27385,2
27386,4
27387,2
27388,2
27389,2
27390,2
27391,5
27392,3
27393,0
27394,1
27395,0
27396,2
27397,2
27398,2
27399,2
27400,0
27401,5
27402,5
27403,2
27404,1
27405,6
27406,4
27407,2
27408,0
27409,1
27410,2
27411,0
27412,0
27413,2
27414,5
27415,2
27416,2
27417,0
27418,0
27419,2
27420,0
27421,6
27422,2
27423,0
27424,2
27425,2
27426,2
27427,2
27428,2
27429,0
27430,2
27431,2
27432,0
27433,2
27434,2
27435,6
27436,2
27437,1
27438,0
27439,2
27440,0
27441,3
27442,2
27443,0
27444,5
27445,6
27446,3
27447,6
27448,3
27449,6
27450,0
27451,5
27452,2
27453,2
27454,6
27455,2
27456,4
27457,1
27458,2
27459,0
27460,1
27461,1
27462,0
27463,1
27464,2
27465,6
27466,4
27467,4
27468,0
27469,0
27470,3
27471,2
27472,0
27473,4
27474,2
27475,0
27476,4
27477,2
27478,3
27479,2
27480,2
27481,0
27482,5
27483,2
27484,6
27485,2
27486,2
27487,2
27488,2
27489,6
27490,2
27491,2
27492,4
27493,4
27494,0
27495,2
27496,0
27497,2
27498,3
27499,2
27500,0
27501,0
27502,2
27503,6
27504,2
27505,2
27506,2
27507,2
27508,0
27509,2
27510,0
27511,0
27512,2
27513,2
27514,1
27515,1
27516,5
27517,2
27518,0
27519,6
27520,2
27521,2
27522,2
27523,2
27524,0
27525,0
27526,2
27527,6
27528,6
27529,0
27530,2
27531,2
27532,3
27533,4
27534,3
27535,0
27536,0
27537,1
27538,0
27539,4
27540,2
27541,2
27542,0
27543,0
27544,0
27545,2
27546,2
27547,2
27548,0
27549,2
27550,2
27551,2
27552,2
27553,2
27554,4
27555,0
27556,2
27557,0
27558,0
27559,0
27560,2
27561,2
27562,1
27563,2
27564,6
27565,3
27566,2
27567,0
27568,1
27569,0
27570,2
27571,2
27572,2
27573,2
27574,6
27575,2
27576,2
27577,6
27578,4
27579,2
27580,2
27581,6
27582,2
27583,3
27584,2
27585,2
27586,5
27587,2
27588,2
27589,4
27590,6
27591,4
27592,2
27593,0
27594,0
27595,4
27596,2
27597,4
27598,0
27599,2
27600,6
27601,5
27602,1
27603,2
27604,1
27605,6
27606,0
27607,2
27608,2
27609,0
27610,6
27611,4
27612,0
27613,6
27614,0
27615,4
27616,0
27617,1
27618,0
27619,2
27620,0
27621,0
27622,0
27623,0
27624,0
27625,0
27626,2
27627,4
27628,0
27629,0
27630,0
27631,1
27632,2
27633,0
27634,2
27635,4
27636,3
27637,5
27638,0
27639,5
27640,2
27641,4
27642,2
27643,2
27644,0
27645,0
27646,0
27647,0
27648,2
27649,6
27650,2
27651,4
27652,0
27653,6
27654,0
27655,3
27656,0
27657,2
27658,3
27659,0
27660,4
27661,2
27662,1
27663,6
27664,2
27665,2
27666,2
27667,1
27668,0
27669,0
27670,6
27671,5
27672,6
27673,2
27674,2
27675,2
27676,2
27677,4
27678,2
27679,0
27680,6
27681,0
27682,0
27683,4
27684,0
27685,3
27686,2
27687,1
27688,2
27689,4
27690,2
27691,2
27692,6
27693,6
27694,2
27695,6
27696,5
27697,0
27698,0
27699,4
27700,2
27701,4
27702,2
27703,2
27704,0
27705,0
27706,4
27707,5
27708,2
27709,4
27710,3
27711,2
27712,2
27713,1
27714,6
27715,5
27716,2
27717,0
27718,2
27719,3
27720,0
27721,4
27722,1
27723,6
27724,3
27725,4
27726,0
27727,0
27728,2
27729,6
27730,6
27731,0
27732,5
27733,0
27734,1
27735,0
27736,2
27737,0
27738,4
27739,1
27740,6
27741,2
27742,0
27743,2
27744,2
27745,0
27746,4
27747,0
27748,3
27749,0
27750,6
27751,2
27752,0
27753,2
27754,0
27755,0
27756,1
27757,1
27758,0
27759,2
27760,4
27761,0
27762,2
27763,0
27764,2
27765,0
27766,0
27767,6
27768,4
27769,0
27770,0
27771,6
27772,6
27773,0
27774,0
27775,2
27776,0
27777,0
27778,3
27779,0
27780,2
27781,0
27782,0
27783,1
27784,4
27785,2
27786,6
27787,0
27788,5
27789,6
27790,3
27791,2
27792,4
27793,0
27794,0
27795,3
27796,3
27797,4
27798,2
27799,1
27800,2
27801,2
27802,4
27803,1
27804,4
27805,0
27806,2
27807,5
27808,0
27809,0
27810,4
27811,5
27812,2
27813,1
27814,3
27815,4
27816,2
27817,6
27818,1
27819,2
27820,2
27821,2
27822,1
27823,2
27824,2
27825,2
27826,4
27827,0
27828,5
27829,2
27830,2
27831,6
27832,6
27833,0
27834,2
27835,2
27836,0
27837,0
27838,2
27839,0
27840,2
27841,4
27842,0
27843,2
27844,2
27845,2
27846,0
27847,2
27848,2
27849,6
27850,2
27851,4
27852,2
27853,6
27854,4
27855,6
27856,2
27857,1
27858,6
27859,2
27860,0
27861,4
27862,0
27863,2
27864,4
27865,0
27866,2
27867,0
27868,2
27869,6
27870,0
27871,2
27872,0
27873,0
27874,0
27875,2
27876,4
27877,1
27878,2
27879,0
27880,2
27881,4
27882,2
27883,4
27884,3
27885,2
27886,2
27887,6
27888,4
27889,2
27890,4
27891,4
27892,1
27893,6
27894,0
27895,6
27896,5
27897,2
27898,4
27899,1
27900,5
27901,0
27902,1
27903,0
27904,6
27905,0
27906,0
27907,4
27908,1
27909,2
27910,2
27911,6
27912,3
27913,0
27914,0
27915,6
27916,0
27917,2
27918,6
27919,2
27920,4
27921,4
27922,5
27923,2
27924,2
27925,1
27926,0
27927,2
27928,5
27929,0
27930,6
27931,2
27932,3
27933,0
27934,0
27935,6
27936,0
27937,0
27938,3
27939,4
27940,6
27941,4
27942,2
27943,2
27944,1
27945,0
27946,0
27947,2
27948,2
27949,6
27950,6
27951,6
27952,0
27953,2
27954,5
27955,1
27956,4
27957,2
27958,2
27959,6
27960,6
27961,4
27962,1
27963,0
27964,0
27965,5
27966,0
27967,2
27968,5
27969,2
27970,2
27971,2
27972,2
27973,4
27974,6
27975,5
27976,6
27977,6
27978,2
27979,2
27980,0
27981,2
27982,0
27983,4
27984,0
27985,0
27986,6
27987,2
27988,2
27989,2
27990,0
27991,0
27992,6
27993,1
27994,0
27995,1
27996,0
27997,2
27998,0
27999,2
28000,6
28001,4
28002,2
28003,3
28004,0
28005,2
28006,5
28007,2
28008,3
28009,0
28010,1
28011,0
28012,6
28013,0
28014,4
28015,6
28016,4
28017,0
28018,2
28019,2
28020,2
28021,2
28022,2
28023,2
28024,4
28025,2
28026,2
28027,2
28028,6
28029,0
28030,0
28031,0
28032,0
28033,6
28034,0
28035,1
28036,6
28037,4
28038,0
28039,2
28040,3
28041,1
28042,0
28043,6
28044,2
28045,0
28046,2
28047,2
28048,2
28049,2
28050,2
28051,3
28052,2
28053,0
28054,2
28055,4
28056,6
28057,2
28058,0
28059,2
28060,0
28061,2
28062,2
28063,0
28064,2
28065,0
28066,3
28067,2
28068,0
28069,3
28070,1
28071,2
28072,1
28073,6
28074,2
28075,0
28076,6
28077,0
28078,0
28079,6
28080,2
28081,2
28082,2
28083,3
28084,6
28085,0
28086,6
28087,6
28088,2
28089,1
28090,3
28091,1
28092,0
28093,2
28094,0
28095,2
28096,2
28097,6
28098,2
28099,0
28100,0
28101,0
28102,0
28103,6
28104,6
28105,2
28106,0
28107,0
28108,4
28109,2
28110,0
28111,6
28112,2
28113,3
28114,0
28115,5
28116,2
28117,0
28118,6
28119,0
28120,0
28121,2
28122,1
28123,2
28124,2
28125,4
28126,2
28127,0
28128,4
28129,0
28130,6
28131,0
28132,6
28133,2
28134,2
28135,1
28136,6
28137,1
28138,0
28139,2
28140,0
28141,2
28142,4
28143,2
28144,1
28145,2
28146,2
28147,0
28148,2
28149,0
28150,0
28151,2
28152,0
28153,2
28154,0
28155,1
28156,0
28157,1
28158,6
28159,2
28160,2
28161,2
28162,2
28163,0
28164,2
28165,2
28166,0
28167,1
28168,2
28169,0
28170,4
28171,1
28172,6
28173,4
28174,4
28175,4
28176,0
28177,0
28178,0
28179,2
28180,0
28181,0
28182,6
28183,2
28184,0
28185,2
28186,0
28187,2
28188,0
28189,2
28190,2
28191,0
28192,6
28193,4
28194,6
28195,1
28196,0
28197,2
28198,4
28199,2
28200,2
28201,2
28202,4
28203,2
28204,2
28205,5
28206,2
28207,2
28208,2
28209,2
28210,2
28211,3
28212,2
28213,2
28214,2
28215,2
28216,6
28217,6
28218,0
28219,2
28220,4
28221,4
28222,5
28223,4
28224,2
28225,5
28226,1
28227,2
28228,2
28229,4
28230,2
28231,6
28232,0
28233,2
28234,2
28235,0
28236,0
28237,3
28238,2
28239,6
28240,0
28241,0
28242,2
28243,6
28244,6
28245,0
28246,1
28247,2
28248,1
28249,2
28250,0
28251,2
28252,2
28253,2
28254,6
28255,2
28256,5
28257,2
28258,2
28259,2
28260,0
28261,4
28262,4
28263,2
28264,6
28265,6
28266,2
28267,0
28268,6
28269,2
28270,2
28271,2
28272,0
28273,0
28274,2
28275,4
28276,0
28277,1
28278,2
28279,3
28280,6
28281,4
28282,2
28283,1
28284,0
28285,5
28286,4
28287,2
28288,2
28289,0
28290,2
28291,2
28292,0
28293,1
28294,2
28295,2
28296,2
28297,0
28298,2
28299,6
28300,2
28301,0
28302,0
28303,6
28304,0
28305,5
28306,3
28307,2
28308,0
28309,2
28310,1
28311,6
28312,0
28313,0
28314,2
28315,2
28316,2
28317,0
28318,0
28319,6
28320,2
28321,2
28322,4
28323,2
28324,2
28325,0
28326,2
28327,1
28328,6
28329,0
28330,4
28331,4
28332,0
28333,0
28334,0
28335,0
28336,5
28337,2
28338,6
28339,2
28340,2
28341,2
28342,4
28343,2
28344,2
28345,5
28346,4
28347,1
28348,2
28349,6
28350,1
28351,2
28352,2
28353,0
28354,6
28355,0
28356,6
28357,3
28358,2
28359,2
28360,0
28361,0
28362,2
28363,2
28364,4
28365,0
28366,0
28367,2
28368,6
28369,2
28370,6
28371,2
28372,0
28373,0
28374,4
28375,1
28376,3
28377,0
28378,0
28379,6
28380,2
28381,1
28382,2
28383,0
28384,6
28385,0
28386,4
28387,0
28388,6
28389,2
28390,5
28391,0
28392,0
28393,0
28394,1
28395,0
28396,2
28397,2
28398,2
28399,2
28400,3
28401,2
28402,2
28403,2
28404,5
28405,2
28406,6
28407,3
28408,5
28409,3
28410,1
28411,6
28412,5
28413,0
28414,2
28415,5
28416,6
28417,3
28418,2
28419,0
28420,1
28421,4
28422,2
28423,0
28424,2
28425,3
28426,2
28427,6
28428,0
28429,0
28430,1
28431,4
28432,1
28433,4
28434,0
28435,2
28436,2
28437,2
28438,2
28439,1
28440,0
28441,0
28442,4
28443,2
28444,2
28445,2
28446,6
28447,6
28448,0
28449,0
28450,5
28451,6
28452,1
28453,6
28454,2
28455,6
28456,5
28457,4
28458,0
28459,2
28460,2
28461,1
28462,0
28463,0
28464,3
28465,0
28466,1
28467,0
28468,2
28469,5
28470,0
28471,2
28472,2
28473,4
28474,2
28475,2
28476,2
28477,5
28478,1
28479,1
28480,0
28481,5
28482,6
28483,6
28484,0
28485,2
28486,4
28487,5
28488,1
28489,2
28490,0
28491,6
28492,4
28493,0
28494,6
28495,2
28496,2
28497,6
28498,2
28499,6
28500,6
28501,0
28502,0
28503,0
28504,0
28505,0
28506,0
28507,1
28508,2
28509,2
28510,2
28511,0
28512,6
28513,2
28514,6
28515,2
28516,2
28517,6
28518,2
28519,2
28520,1
28521,0
28522,2
28523,0
28524,3
28525,4
28526,4
28527,6
28528,2
28529,2
28530,6
28531,2
28532,6
28533,5
28534,1
28535,3
28536,2
28537,3
28538,2
28539,3
28540,2
28541,2
28542,0
28543,2
28544,2
28545,6
28546,1
28547,6
28548,0
28549,0
28550,2
28551,4
28552,2
28553,5
28554,2
28555,6
28556,6
28557,4
28558,2
28559,2
28560,2
28561,3
28562,2
28563,0
28564,2
28565,4
28566,0
28567,2
28568,2
28569,0
28570,4
28571,5
28572,0
28573,3
28574,2
28575,2
28576,0
28577,0
28578,6
28579,5
28580,4
28581,2
28582,0
28583,2
28584,0
28585,5
28586,2
28587,3
28588,5
28589,3
28590,0
28591,3
28592,2
28593,0
28594,0
28595,3
28596,5
28597,2
28598,2
28599,0
28600,4
28601,2
28602,2
28603,2
28604,0
28605,5
28606,0
28607,2
28608,6
28609,0
28610,2
28611,2
28612,2
28613,2
28614,6
28615,5
28616,0
28617,1
28618,5
28619,2
28620,1
28621,6
28622,0
28623,2
28624,4
28625,6
28626,0
28627,2
28628,0
28629,4
28630,2
28631,2
28632,3
28633,0
28634,2
28635,2
28636,0
28637,0
28638,4
28639,2
28640,1
28641,2
28642,0
28643,6
28644,2
28645,2
28646,0
28647,2
28648,2
28649,2
28650,6
28651,2
28652,2
28653,5
28654,2
28655,4
28656,0
28657,4
28658,0
28659,2
28660,4
28661,1
28662,5
28663,2
28664,0
28665,1
28666,2
28667,2
28668,2
28669,2
28670,0
28671,1
28672,5
28673,5
28674,6
28675,6
28676,6
28677,5
28678,0
28679,1
28680,0
28681,0
28682,0
28683,0
28684,1
28685,0
28686,6
28687,5
28688,1
28689,4
28690,0
28691,2
28692,2
28693,0
28694,3
28695,2
28696,4
28697,0
28698,0
28699,1
28700,2
28701,4
28702,0
28703,0
28704,2
28705,1
28706,6
28707,2
28708,0
28709,1
28710,2
28711,2
28712,0
28713,2
28714,0
28715,4
28716,6
28717,1
28718,0
28719,2
28720,2
28721,4
28722,1
28723,2
28724,6
28725,1
28726,0
28727,2
28728,4
28729,4
28730,1
28731,0
28732,0
28733,2
28734,0
28735,2
28736,0
28737,2
28738,6
28739,0
28740,4
28741,2
28742,2
28743,6
28744,2
28745,0
28746,6
28747,6
28748,2
28749,1
28750,6
28751,6
28752,0
28753,4
28754,2
28755,1
28756,2
28757,6
28758,0
28759,2
28760,0
28761,1
28762,4
28763,4
28764,2
28765,2
28766,2
28767,4
28768,0
28769,4
28770,6
28771,2
28772,3
28773,4
28774,4
28775,4
28776,2
28777,2
28778,2
28779,4
28780,0
28781,1
28782,4
28783,4
28784,5
28785,2
28786,2
28787,2
28788,2
28789,0
28790,0
28791,0
28792,6
28793,2
28794,0
28795,3
28796,6
28797,5
28798,2
28799,5
28800,0
28801,4
28802,2
28803,6
28804,0
28805,3
28806,6
28807,2
28808,6
28809,2
28810,5
28811,0
28812,4
28813,2
28814,2
28815,2
28816,2
28817,3
28818,2
28819,3
28820,0
28821,2
28822,3
28823,2
28824,4
28825,0
28826,4
28827,6
28828,2
28829,6
28830,2
28831,0
28832,2
28833,2
28834,6
28835,5
28836,2
28837,2
28838,2
28839,5
28840,6
28841,0
28842,5
28843,2
28844,4
28845,2
28846,1
28847,2
28848,2
28849,2
28850,6
28851,2
28852,6
28853,2
28854,2
28855,1
28856,0
28857,6
28858,1
28859,0
28860,6
28861,0
28862,2
28863,0
28864,2
28865,2
28866,0
28867,2
28868,6
28869,2
28870,5
28871,6
28872,0
28873,4
28874,0
28875,2
28876,4
28877,5
28878,6
28879,2
28880,2
28881,6
28882,2
28883,5
28884,2
28885,5
28886,5
28887,0
28888,0
28889,4
28890,0
28891,6
28892,2
28893,0
28894,2
28895,2
28896,4
28897,5
28898,2
28899,2
28900,5
28901,2
28902,0
28903,2
28904,4
28905,2
28906,2
28907,0
28908,4
28909,0
28910,2
28911,1
28912,0
28913,1
28914,2
28915,6
28916,2
28917,0
28918,6
28919,2
28920,2
28921,2
28922,6
28923,5
28924,6
28925,6
28926,2
28927,0
28928,1
28929,6
28930,6
28931,6
28932,6
28933,0
28934,2
28935,2
28936,6
28937,2
28938,2
28939,0
28940,2
28941,5
28942,2
28943,4
28944,0
28945,2
28946,2
28947,2
28948,2
28949,2
28950,0
28951,4
28952,2
28953,3
28954,0
28955,0
28956,1
28957,4
28958,0
28959,2
28960,2
28961,2
28962,4
28963,1
28964,2
28965,1
28966,0
28967,0
28968,0
28969,2
28970,6
28971,0
28972,2
28973,0
28974,2
28975,2
28976,0
28977,6
28978,2
28979,2
28980,1
28981,0
28982,2
28983,0
28984,0
28985,0
28986,0
28987,4
28988,2
28989,4
28990,0
28991,2
28992,0
28993,0
28994,0
28995,0
28996,1
28997,2
28998,6
28999,1
29000,4
29001,3
29002,2
29003,5
29004,6
29005,0
29006,3
29007,0
29008,2
29009,2
29010,2
29011,0
29012,2
29013,0
29014,0
29015,0
29016,2
29017,6
29018,5
29019,0
29020,1
29021,2
29022,2
29023,4
29024,0
29025,3
29026,2
29027,3
29028,0
29029,0
29030,0
29031,0
29032,2
29033,0
29034,2
29035,2
29036,2
29037,2
29038,2
29039,0
29040,4
29041,4
29042,2
29043,0
29044,5
29045,6
29046,0
29047,0
29048,0
29049,0
29050,2
29051,0
29052,4
29053,5
29054,1
29055,0
29056,2
29057,6
29058,6
29059,2
29060,3
29061,6
29062,2
29063,2
29064,2
29065,2
29066,0
29067,2
29068,1
29069,5
29070,4
29071,5
29072,6
29073,4
29074,2
29075,2
29076,0
29077,0
29078,2
29079,6
29080,0
29081,4
29082,6
29083,2
29084,6
29085,2
29086,2
29087,4
29088,6
29089,2
29090,1
29091,2
29092,2
29093,4
29094,2
29095,0
29096,0
29097,5
29098,2
29099,3
29100,0
29101,1
29102,6
29103,0
29104,0
29105,4
29106,0
29107,2
29108,6
29109,1
29110,0
29111,2
29112,2
29113,0
29114,2
29115,6
29116,6
29117,4
29118,0
29119,6
29120,2
29121,0
29122,1
29123,0
29124,2
29125,5
29126,0
29127,3
29128,2
29129,2
29130,2
29131,0
29132,0
29133,6
29134,6
29135,2
29136,0
29137,6
29138,1
29139,5
29140,3
29141,2
29142,2
29143,2
29144,6
29145,4
29146,0
29147,0
29148,2
29149,4
29150,6
29151,4
29152,2
29153,6
29154,1
29155,2
29156,6
29157,1
29158,1
29159,0
29160,0
29161,4
29162,2
29163,6
29164,2
29165,1
29166,6
29167,4
29168,0
29169,6
29170,4
29171,2
29172,2
29173,0
29174,2
29175,2
29176,0
29177,6
29178,2
29179,0
29180,5
29181,4
29182,2
29183,1
29184,2
29185,0
29186,0
29187,4
29188,6
29189,2
29190,2
29191,0
29192,2
29193,2
29194,4
29195,1
29196,2
29197,2
29198,3
29199,0
29200,2
29201,3
29202,2
29203,4
29204,2
29205,0
29206,5
29207,0
29208,0
29209,4
29210,4
29211,2
29212,4
29213,0
29214,4
29215,0
29216,2
29217,2
29218,1
29219,2
29220,2
29221,2
29222,2
29223,0
29224,2
29225,4
29226,0
29227,2
29228,2
29229,0
29230,0
29231,0
29232,5
29233,4
29234,0
29235,6
29236,6
29237,0
29238,6
29239,0
29240,2
29241,0
29242,2
29243,1
29244,0
29245,2
29246,2
29247,0
29248,5
29249,3
29250,4
29251,3
29252,2
29253,6
29254,0
29255,0
29256,2
29257,0
29258,4
29259,0
29260,2
29261,4
29262,2
29263,0
29264,6
29265,0
29266,6
29267,2
29268,0
29269,1
29270,3
29271,1
29272,0
29273,2
29274,6
29275,3
29276,0
29277,6
29278,2
29279,2
29280,0
29281,0
29282,6
29283,0
29284,0
29285,1
29286,2
29287,2
29288,2
29289,6
29290,0
29291,2
29292,2
29293,2
29294,0
29295,1
29296,0
29297,2
29298,1
29299,3
29300,0
29301,0
29302,6
29303,4
29304,0
29305,2
29306,0
29307,2
29308,0
29309,0
29310,4
29311,4
29312,6
29313,2
29314,6
29315,6
29316,1
29317,2
29318,2
29319,2
29320,0
29321,6
29322,0
29323,6
29324,4
29325,2
29326,3
29327,4
29328,0
29329,1
29330,1
29331,3
29332,3
29333,0
29334,0
29335,3
29336,0
29337,1
29338,1
29339,0
29340,2
29341,2
29342,2
29343,0
29344,5
29345,3
29346,0
29347,5
29348,6
29349,2
29350,0
29351,2
29352,4
29353,0
29354,0
29355,4
29356,2
29357,6
29358,2
29359,2
29360,2
29361,2
29362,6
29363,0
29364,0
29365,3
29366,4
29367,0
29368,0
29369,6
29370,2
29371,1
29372,4
29373,2
29374,2
29375,0
29376,3
29377,2
29378,1
29379,4
29380,0
29381,2
29382,2
29383,0
29384,0
29385,0
29386,5
29387,5
29388,1
29389,0
29390,4
29391,2
29392,1
29393,6
29394,2
29395,6
29396,0
29397,2
29398,4
29399,2
29400,2
29401,0
29402,0
29403,0
29404,2
29405,0
29406,0
29407,0
29408,2
29409,6
29410,2
29411,0
29412,2
29413,2
29414,6
29415,0
29416,4
29417,1
29418,5
29419,2
29420,6
29421,2
29422,2
29423,0
29424,2
29425,0
29426,0
29427,1
29428,0
29429,4
29430,3
29431,3
29432,3
29433,2
29434,6
29435,2
29436,0
29437,2
29438,1
29439,2
29440,2
29441,2
29442,2
29443,6
29444,0
29445,2
29446,0
29447,6
29448,0
29449,0
29450,0
29451,6
29452,3
29453,6
29454,6
29455,3
29456,6
29457,2
29458,2
29459,2
29460,2
29461,2
29462,2
29463,2
29464,2
29465,2
29466,6
29467,4
29468,0
29469,6
29470,5
29471,3
29472,6
29473,0
29474,2
29475,0
29476,2
29477,0
29478,0
29479,0
29480,0
29481,5
29482,2
29483,6
29484,5
29485,2
29486,4
29487,2
29488,6
29489,2
29490,1
29491,3
29492,2
29493,6
29494,0
29495,0
29496,0
29497,4
29498,2
29499,0
29500,6
29501,4
29502,1
29503,0
29504,0
29505,2
29506,2
29507,2
29508,5
29509,4
29510,2
29511,1
29512,0
29513,0
29514,2
29515,1
29516,2
29517,1
29518,6
29519,2
29520,0
29521,0
29522,0
29523,2
29524,0
29525,0
29526,5
29527,2
29528,1
29529,6
29530,2
29531,0
29532,6
29533,2
29534,1
29535,0
29536,2
29537,4
29538,2
29539,0
29540,2
29541,5
29542,6
29543,2
29544,6
29545,2
29546,2
29547,5
29548,6
29549,0
29550,2
29551,2
29552,0
29553,6
29554,2
29555,2
29556,2
29557,2
29558,3
29559,2
29560,6
29561,0
29562,0
29563,2
29564,0
29565,2
29566,5
29567,0
29568,2
29569,1
29570,2
29571,5
29572,2
29573,4
29574,4
29575,2
29576,6
29577,2
29578,1
29579,0
29580,0
29581,5
29582,2
29583,3
29584,3
29585,2
29586,0
29587,2
29588,0
29589,0
29590,0
29591,2
29592,5
29593,3
29594,2
29595,2
29596,4
29597,0
29598,2
29599,2
29600,2
29601,0
29602,2
29603,2
29604,0
29605,2
29606,6
29607,0
29608,6
29609,0
29610,6
29611,2
29612,3
29613,0
29614,2
29615,4
29616,2
29617,0
29618,0
29619,2
29620,0
29621,6
29622,4
29623,6
29624,0
29625,0
29626,2
29627,6
29628,2
29629,6
29630,4
29631,5
29632,5
29633,1
29634,2
29635,0
29636,0
29637,2
29638,4
29639,6
29640,4
29641,5
29642,1
29643,4
29644,2
29645,0
29646,1
29647,1
29648,4
29649,0
29650,0
29651,6
29652,0
29653,3
29654,2
29655,6
29656,2
29657,0
29658,2
29659,3
29660,1
29661,4
29662,3
29663,5
29664,0
29665,0
29666,2
29667,1
29668,6
29669,6
29670,2
29671,2
29672,2
29673,2
29674,2
29675,2
29676,0
29677,2
29678,2
29679,2
29680,1
29681,2
29682,6
29683,1
29684,2
29685,0
29686,2
29687,6
29688,3
29689,2
29690,2
29691,2
29692,4
29693,2
29694,6
29695,2
29696,3
29697,6
29698,6
29699,0
29700,2
29701,6
29702,0
29703,3
29704,4
29705,0
29706,4
29707,2
29708,0
29709,1
29710,5
29711,0
29712,0
29713,6
29714,2
29715,2
29716,2
29717,2
29718,6
29719,0
29720,6
29721,2
29722,2
29723,1
29724,3
29725,2
29726,6
29727,0
29728,0
29729,0
29730,2
29731,0
29732,6
29733,5
29734,6
29735,2
29736,2
29737,6
29738,2
29739,2
29740,2
29741,2
29742,2
29743,5
29744,0
29745,6
29746,0
29747,3
29748,4
29749,1
29750,2
29751,2
29752,2
29753,0
29754,4
29755,2
29756,0
29757,6
29758,0
29759,3
29760,6
29761,2
29762,1
29763,2
29764,5
29765,2
29766,3
29767,0
29768,6
29769,2
29770,0
29771,5
29772,0
29773,2
29774,2
29775,2
29776,6
29777,2
29778,2
29779,5
29780,6
29781,5
29782,2
29783,3
29784,1
29785,3
29786,1
29787,2
29788,1
29789,0
29790,4
29791,0
29792,0
29793,0
29794,0
29795,2
29796,0
29797,5
29798,1
29799,0
29800,2
29801,0
29802,2
29803,0
29804,0
29805,5
29806,0
29807,5
29808,4
29809,2
29810,2
29811,1
29812,2
29813,3
29814,2
29815,2
29816,6
29817,6
29818,2
29819,4
29820,6
29821,4
29822,0
29823,1
29824,2
29825,0
29826,1
29827,5
29828,0
29829,6
29830,2
29831,6
29832,0
29833,0
29834,2
29835,0
29836,2
29837,0
29838,0
29839,2
29840,2
29841,4
29842,2
29843,2
29844,2
29845,6
29846,0
29847,2
29848,0
29849,0
29850,0
29851,0
29852,0
29853,4
29854,4
29855,6
29856,2
29857,2
29858,4
29859,0
29860,2
29861,2
29862,0
29863,0
29864,5
29865,5
29866,5
29867,0
29868,2
29869,2
29870,0
29871,1
29872,2
29873,1
29874,6
29875,5
29876,2
29877,2
29878,2
29879,4
29880,0
29881,2
29882,4
29883,2
29884,1
29885,0
29886,0
29887,0
29888,0
29889,5
29890,2
29891,2
29892,3
29893,6
29894,6
29895,0
29896,3
29897,2
29898,2
29899,2
29900,2
29901,0
29902,2
29903,2
29904,2
29905,0
29906,2
29907,0
29908,2
29909,2
29910,4
29911,2
29912,6
29913,2
29914,0
29915,3
29916,2
29917,0
29918,6
29919,2
29920,2
29921,2
29922,0
29923,4
29924,0
29925,0
29926,4
29927,2
29928,5
29929,0
29930,3
29931,2
29932,2
29933,0
29934,0
29935,2
29936,0
29937,6
29938,4
29939,2
29940,6
29941,6
29942,0
29943,4
29944,6
29945,0
29946,0
29947,0
29948,2
29949,4
29950,4
29951,2
29952,4
29953,2
29954,0
29955,1
29956,1
29957,4
29958,0
29959,2
29960,0
29961,6
29962,6
29963,2
29964,2
29965,0
29966,2
29967,1
29968,2
29969,2
29970,2
29971,2
29972,2
29973,0
29974,0
29975,2
29976,0
29977,2
29978,0
29979,2
29980,4
29981,2
29982,2
29983,0
29984,3
29985,4
29986,2
29987,5
29988,2
29989,0
29990,0
29991,2
29992,2
29993,3
29994,0
29995,0
29996,1
29997,6
29998,4
29999,2
30000,0
30001,0
30002,4
30003,0
30004,2
30005,2
30006,0
30007,6
30008,0
30009,2
30010,0
30011,6
30012,1
30013,2
30014,2
30015,4
30016,2
30017,6
30018,4
30019,2
30020,6
30021,0
30022,5
30023,2
30024,6
30025,1
30026,2
30027,0
30028,0
30029,0
30030,2
30031,2
30032,2
30033,2
30034,2
30035,4
30036,0
30037,0
30038,2
30039,2
30040,4
30041,3
30042,4
30043,3
30044,4
30045,2
30046,2
30047,0
30048,2
30049,2
30050,2
30051,0
30052,0
30053,6
30054,2
30055,4
30056,2
30057,6
30058,2
30059,0
30060,6
30061,4
30062,3
30063,0
30064,2
30065,6
30066,2
30067,5
30068,2
30069,3
30070,2
30071,2
30072,2
30073,4
30074,2
30075,2
30076,2
30077,0
30078,0
30079,4
30080,2
30081,2
30082,0
30083,0
30084,2
30085,6
30086,2
30087,1
30088,2
30089,0
30090,2
30091,2
30092,0
30093,2
30094,3
30095,0
30096,1
30097,2
30098,2
30099,2
30100,6
30101,0
30102,2
30103,0
30104,1
30105,0
30106,2
30107,2
30108,2
30109,4
30110,0
30111,4
30112,2
30113,5
30114,4
30115,0
30116,6
30117,6
30118,2
30119,3
30120,0
30121,0
30122,0
30123,2
30124,6
30125,0
30126,3
30127,2
30128,0
30129,0
30130,1
30131,1
30132,0
30133,6
30134,0
30135,2
30136,3
30137,4
30138,4
30139,0
30140,2
30141,2
30142,0
30143,2
30144,0
30145,0
30146,2
30147,0
30148,0
30149,1
30150,2
30151,2
30152,6
30153,2
30154,0
30155,6
30156,2
30157,0
30158,2
30159,2
30160,6
30161,1
30162,6
30163,2
30164,2
30165,2
30166,2
30167,2
30168,2
30169,0
30170,0
30171,6
30172,2
30173,2
30174,2
30175,2
30176,0
30177,5
30178,2
30179,2
30180,1
30181,2
30182,6
30183,2
30184,4
30185,0
30186,0
30187,0
30188,2
30189,2
30190,5
30191,2
30192,4
30193,2
30194,1
30195,0
30196,0
30197,2
30198,5
30199,0
30200,5
30201,0
30202,2
30203,2
30204,2
30205,1
30206,2
30207,2
30208,5
30209,4
30210,2
30211,2
30212,6
30213,2
30214,2
30215,2
30216,4
30217,6
30218,4
30219,2
30220,0
30221,2
30222,2
30223,0
30224,0
30225,0
30226,2
30227,2
30228,2
30229,4
30230,2
30231,2
30232,2
30233,2
30234,0
30235,2
30236,0
30237,3
30238,0
30239,0
30240,0
30241,0
30242,2
30243,6
30244,2
30245,6
30246,2
30247,2
30248,1
30249,3
30250,6
30251,2
30252,0
30253,2
30254,4
30255,4
30256,1
30257,2
30258,2
30259,2
30260,2
30261,2
30262,0
30263,0
30264,2
30265,0
30266,4
30267,6
30268,1
30269,2
30270,2
30271,2
30272,4
30273,2
30274,0
30275,2
30276,0
30277,6
30278,2
30279,1
30280,0
30281,6
30282,0
30283,2
30284,0
30285,4
30286,2
30287,5
30288,2
30289,1
30290,2
30291,2
30292,2
30293,6
30294,0
30295,6
30296,5
30297,6
30298,4
30299,0
30300,6
30301,2
30302,2
30303,0
30304,2
30305,0
30306,0
30307,0
30308,2
30309,0
30310,2
30311,3
30312,6
30313,2
30314,3
30315,3
30316,0
30317,2
30318,2
30319,2
30320,2
30321,0
30322,4
30323,0
30324,2
30325,2
30326,4
30327,2
30328,2
30329,2
30330,3
30331,6
30332,0
30333,0
30334,2
30335,6
30336,3
30337,0
30338,6
30339,2
30340,6
30341,2
30342,1
30343,0
30344,1
30345,2
30346,2
30347,1
30348,4
30349,4
30350,0
30351,6
30352,2
30353,1
30354,0
30355,3
30356,3
30357,6
30358,0
30359,2
30360,2
30361,6
30362,6
30363,0
30364,2
30365,4
30366,2
30367,2
30368,5
30369,6
30370,6
30371,0
30372,2
30373,0
30374,1
30375,2
30376,0
30377,6
30378,4
30379,6
30380,2
30381,2
30382,6
30383,1
30384,1
30385,5
30386,0
30387,0
30388,2
30389,6
30390,2
30391,0
30392,2
30393,2
30394,2
30395,2
30396,5
30397,2
30398,0
30399,0
30400,1
30401,4
30402,6
30403,2
30404,1
30405,1
30406,4
30407,2
30408,5
30409,0
30410,4
30411,0
30412,2
30413,1
30414,2
30415,2
30416,0
30417,0
30418,2
30419,0
30420,2
30421,2
30422,0
30423,3
30424,0
30425,1
30426,2
30427,2
30428,0
30429,0
30430,2
30431,6
30432,0
30433,2
30434,2
30435,0
30436,1
30437,0
30438,2
30439,2
30440,2
30441,2
30442,4
30443,2
30444,2
30445,2
30446,4
30447,6
30448,5
30449,2
30450,6
30451,2
30452,2
30453,2
30454,1
30455,4
30456,0
30457,2
30458,2
30459,0
30460,3
30461,2
30462,2
30463,2
30464,2
30465,2
30466,1
30467,2
30468,1
30469,0
30470,4
30471,0
30472,4
30473,2
30474,2
30475,1
30476,2
30477,6
30478,0
30479,5
30480,2
30481,2
30482,1
30483,2
30484,1
30485,0
30486,4
30487,2
30488,0
30489,2
30490,4
30491,4
30492,0
30493,2
30494,6
30495,2
30496,6
30497,3
30498,0
30499,3
30500,6
30501,2
30502,2
30503,2
30504,0
30505,6
30506,1
30507,6
30508,6
30509,2
30510,2
30511,4
30512,5
30513,2
30514,2
30515,2
30516,0
30517,0
30518,2
30519,6
30520,0
30521,2
30522,4
30523,2
30524,1
30525,2
30526,0
30527,2
30528,6
30529,6
30530,0
30531,0
30532,4
30533,6
30534,4
30535,2
30536,0
30537,2
30538,2
30539,0
30540,2
30541,2
30542,6
30543,0
30544,4
30545,0
30546,2
30547,0
30548,0
30549,0
30550,1
30551,6
30552,2
30553,0
30554,0
30555,0
30556,6
30557,0
30558,6
30559,6
30560,4
30561,3
30562,2
30563,2
30564,2
30565,4
30566,2
30567,2
30568,2
30569,3
30570,2
30571,0
30572,2
30573,2
30574,0
30575,1
30576,0
30577,6
30578,2
30579,0
30580,2
30581,2
30582,2
30583,2
30584,2
30585,0
30586,3
30587,2
30588,2
30589,2
30590,2
30591,3
30592,0
30593,0
30594,2
30595,2
30596,2
30597,2
30598,2
30599,2
30600,0
30601,1
30602,0
30603,6
30604,3
30605,2
30606,2
30607,2
30608,2
30609,4
30610,5
30611,2
30612,0
30613,4
30614,2
30615,4
30616,2
30617,0
30618,6
30619,2
30620,4
30621,2
30622,4
30623,1
30624,2
30625,0
30626,3
30627,2
30628,6
30629,2
30630,1
30631,6
30632,0
30633,0
30634,4
30635,5
30636,2
30637,2
30638,2
30639,0
30640,2
30641,2
30642,6
30643,2
30644,2
30645,2
30646,2
30647,6
30648,4
30649,2
30650,5
30651,2
30652,0
30653,6
30654,2
30655,4
30656,0
30657,0
30658,2
30659,0
30660,4
30661,4
30662,0
30663,2
30664,0
30665,4
30666,0
30667,2
30668,0
30669,2
30670,3
30671,2
30672,5
30673,2
30674,0
30675,2
30676,5
30677,6
30678,6
30679,2
30680,2
30681,2
30682,2
30683,2
30684,6
30685,2
30686,4
30687,4
30688,0
30689,0
30690,0
30691,5
30692,4
30693,2
30694,2
30695,1
30696,0
30697,2
30698,3
30699,5
30700,0
30701,2
30702,0
30703,4
30704,0
30705,0
30706,2
30707,1
30708,2
30709,0
30710,4
30711,2
30712,2
30713,2
30714,6
30715,4
30716,2
30717,3
30718,0
30719,4
30720,6
30721,2
30722,0
30723,1
30724,2
30725,2
30726,3
30727,4
30728,4
30729,2
30730,6
30731,0
30732,2
30733,0
30734,0
30735,4
30736,2
30737,2
30738,2
30739,0
30740,2
30741,3
30742,2
30743,6
30744,4
30745,5
30746,2
30747,6
30748,6
30749,2
30750,6
30751,1
30752,2
30753,0
30754,2
30755,2
30756,1
30757,4
30758,0
30759,2
30760,0
30761,6
30762,4
30763,0
30764,0
30765,0
30766,2
30767,2
30768,0
30769,1
30770,4
30771,2
30772,4
30773,0
30774,4
30775,1
30776,6
30777,4
30778,0
30779,2
30780,2
30781,6
30782,2
30783,1
30784,2
30785,1
30786,5
30787,2
30788,2
30789,0
30790,2
30791,6
30792,2
30793,2
30794,2
30795,0
30796,0
30797,4
30798,4
30799,2
30800,0
30801,4
30802,0
30803,0
30804,2
30805,2
30806,6
30807,3
30808,6
30809,2
30810,6
30811,0
30812,2
30813,4
30814,0
30815,0
30816,0
30817,5
30818,6
30819,6
30820,0
30821,0
30822,2
30823,2
30824,2
30825,2
30826,1
30827,2
30828,0
30829,4
30830,3
30831,3
30832,0
30833,0
30834,4
30835,0
30836,6
30837,0
30838,2
30839,0
30840,2
30841,6
30842,0
30843,1
30844,2
30845,0
30846,2
30847,0
30848,4
30849,2
30850,2
30851,2
30852,2
30853,0
30854,6
30855,3
30856,4
30857,3
30858,0
30859,2
30860,0
30861,2
30862,2
30863,2
30864,6
30865,4
30866,2
30867,0
30868,5
30869,2
30870,6
30871,2
30872,2
30873,5
30874,2
30875,1
30876,6
30877,2
30878,0
30879,0
30880,6
30881,4
30882,6
30883,4
30884,2
30885,1
30886,2
30887,0
30888,4
30889,2
30890,2
30891,1
30892,2
30893,6
30894,4
30895,6
30896,2
30897,6
30898,6
30899,2
30900,2
30901,2
30902,5
30903,6
30904,6
30905,2
30906,2
30907,0
30908,6
30909,4
30910,0
30911,5
30912,0
30913,2
30914,4
30915,1
30916,0
30917,2
30918,0
30919,2
30920,0
30921,1
30922,2
30923,2
30924,2
30925,1
30926,2
30927,5
30928,1
30929,5
30930,0
30931,1
30932,2
30933,6
30934,0
30935,2
30936,2
30937,2
30938,0
30939,2
30940,6
30941,1
30942,6
30943,2
30944,3
30945,6
30946,6
30947,2
30948,2
30949,0
30950,2
30951,2
30952,4
30953,2
30954,0
30955,3
30956,2
30957,2
30958,0
30959,2
30960,2
30961,0
30962,2
30963,2
30964,0
30965,5
30966,5
30967,3
30968,2
30969,6
30970,2
30971,6
30972,0
30973,2
30974,0
30975,4
30976,0
30977,3
30978,2
30979,2
30980,4
30981,2
30982,3
30983,4
30984,2
30985,2
30986,0
30987,2
30988,2
30989,4
30990,2
30991,6
30992,0
30993,0
30994,2
30995,2
30996,4
30997,3
30998,6
30999,4
31000,0
31001,6
31002,3
31003,2
31004,6
31005,2
31006,2
31007,3
31008,0
31009,4
31010,3
31011,2
31012,2
31013,2
31014,1
31015,2
31016,2
31017,2
31018,1
31019,1
31020,4
31021,0
31022,0
31023,2
31024,2
31025,4
31026,6
31027,2
31028,0
31029,0
31030,1
31031,4
31032,6
31033,3
31034,0
31035,0
31036,0
31037,2
31038,2
31039,6
31040,6
31041,2
31042,0
31043,2
31044,2
31045,2
31046,2
31047,6
31048,4
31049,0
31050,5
31051,1
31052,2
31053,2
31054,2
31055,2
31056,2
31057,0
31058,6
31059,4
31060,3
31061,0
31062,2
31063,2
31064,0
31065,1
31066,2
31067,1
31068,6
31069,0
31070,5
31071,4
31072,6
31073,6
31074,6
31075,2
31076,4
31077,2
31078,2
31079,4
31080,6
31081,4
31082,2
31083,2
31084,2
31085,3
31086,2
31087,4
31088,2
31089,2
31090,0
31091,0
31092,3
31093,1
31094,2
31095,0
31096,2
31097,2
31098,2
31099,2
31100,2
31101,2
31102,2
31103,2
31104,6
31105,6
31106,2
31107,2
31108,2
31109,0
31110,0
31111,2
31112,0
31113,4
31114,6
31115,2
31116,3
31117,1
31118,2
31119,4
31120,1
31121,0
31122,2
31123,2
31124,0
31125,2
31126,0
31127,2
31128,0
31129,2
31130,0
31131,2
31132,0
31133,0
31134,0
31135,2
31136,2
31137,2
31138,2
31139,2
31140,0
31141,2
31142,2
31143,0
31144,5
31145,2
31146,2
31147,0
31148,4
31149,0
31150,2
31151,2
31152,2
31153,4
31154,2
31155,0
31156,2
31157,6
31158,0
31159,0
31160,0
31161,2
31162,0
31163,2
31164,2
31165,0
31166,2
31167,0
31168,5
31169,2
31170,3
31171,0
31172,0
31173,2
31174,2
31175,2
31176,2
31177,2
31178,6
31179,6
31180,6
31181,0
31182,2
31183,0
31184,6
31185,4
31186,0
31187,5
31188,2
31189,2
31190,2
31191,2
31192,1
31193,0
31194,2
31195,2
31196,0
31197,2
31198,6
31199,6
31200,4
31201,4
31202,2
31203,2
31204,0
31205,5
31206,6
31207,6
31208,2
31209,0
31210,2
31211,4
31212,2
31213,1
31214,2
31215,0
31216,2
31217,6
31218,2
31219,2
31220,2
31221,1
31222,0
31223,5
31224,0
31225,2
31226,2
31227,0
31228,0
31229,6
31230,0
31231,1
31232,0
31233,0
31234,2
31235,2
31236,6
31237,2
31238,2
31239,0
31240,2
31241,3
31242,2
31243,2
31244,2
31245,0
31246,4
31247,4
31248,2
31249,0
31250,0
31251,4
31252,2
31253,2
31254,4
31255,2
31256,2
31257,6
31258,4
31259,6
31260,2
31261,2
31262,2
31263,0
31264,6
31265,2
31266,2
31267,0
31268,2
31269,2
31270,6
31271,0
31272,3
31273,2
31274,2
31275,6
31276,1
31277,1
31278,2
31279,6
31280,2
31281,0
31282,2
31283,2
31284,6
31285,0
31286,6
31287,6
31288,4
31289,1
31290,2
31291,6
31292,2
31293,2
31294,5
31295,0
31296,4
31297,0
31298,4
31299,4
31300,2
31301,5
31302,4
31303,1
31304,2
31305,2
31306,1
31307,4
31308,6
31309,2
31310,4
31311,6
31312,2
31313,0
31314,2
31315,4
31316,0
31317,2
31318,2
31319,2
31320,0
31321,2
31322,0
31323,2
31324,2
31325,0
31326,2
31327,2
31328,6
31329,0
31330,2
31331,2
31332,2
31333,2
31334,2
31335,0
31336,5
31337,0
31338,0
31339,0
31340,0
31341,0
31342,2
31343,1
31344,0
31345,2
31346,0
31347,0
31348,2
31349,0
31350,1
31351,2
31352,3
31353,2
31354,1
31355,0
31356,3
31357,2
31358,2
31359,6
31360,6
31361,0
31362,6
31363,0
31364,5
31365,0
31366,4
31367,0
31368,4
31369,2
31370,4
31371,1
31372,2
31373,2
31374,2
31375,0
31376,0
31377,2
31378,2
31379,0
31380,1
31381,1
31382,4
31383,0
31384,0
31385,2
31386,6
31387,0
31388,2
31389,5
31390,2
31391,4
31392,4
31393,5
31394,2
31395,6
31396,6
31397,2
31398,0
31399,0
31400,0
31401,2
31402,4
31403,1
31404,2
31405,0
31406,2
31407,2
31408,2
31409,2
31410,2
31411,6
31412,0
31413,0
31414,0
31415,0
31416,2
31417,0
31418,6
31419,2
31420,0
31421,0
31422,0
31423,2
31424,1
31425,2
31426,2
31427,4
31428,2
31429,6
31430,0
31431,3
31432,2
31433,2
31434,2
31435,6
31436,0
31437,4
31438,1
31439,2
31440,2
31441,1
31442,6
31443,4
31444,1
31445,0
31446,0
31447,0
31448,0
31449,4
31450,3
31451,2
31452,2
31453,1
31454,2
31455,0
31456,0
31457,6
31458,2
31459,6
31460,5
31461,2
31462,0
31463,2
31464,3
31465,6
31466,0
31467,0
31468,4
31469,2
31470,0
31471,2
31472,0
31473,6
31474,2
31475,5
31476,0
31477,2
31478,2
31479,2
31480,0
31481,2
31482,0
31483,1
31484,6
31485,0
31486,6
31487,0
31488,2
31489,2
31490,2
31491,1
31492,0
31493,0
31494,0
31495,2
31496,0
31497,0
31498,2
31499,2
31500,1
31501,0
31502,6
31503,2
31504,2
31505,2
31506,5
31507,6
31508,2
31509,2
31510,0
31511,4
31512,0
31513,3
31514,0
31515,1
31516,2
31517,2
31518,6
31519,0
31520,1
31521,0
31522,2
31523,2
31524,1
31525,3
31526,2
31527,3
31528,2
31529,3
31530,2
31531,6
31532,2
31533,6
31534,2
31535,6
31536,2
31537,2
31538,6
31539,0
31540,6
31541,2
31542,6
31543,0
31544,4
31545,2
31546,2
31547,0
31548,5
31549,2
31550,2
31551,6
31552,0
31553,1
31554,2
31555,6
31556,0
31557,0
31558,2
31559,6
31560,0
31561,1
31562,6
31563,2
31564,6
31565,4
31566,0
31567,6
31568,2
31569,4
31570,4
31571,0
31572,6
31573,5
31574,4
31575,2
31576,6
31577,0
31578,0
31579,0
31580,4
31581,0
31582,0
31583,2
31584,5
31585,0
31586,0
31587,2
31588,0
31589,0
31590,4
31591,2
31592,0
31593,0
31594,0
31595,2
31596,2
31597,2
31598,1
31599,2
31600,0
31601,2
31602,6
31603,0
31604,2
31605,2
31606,2
31607,2
31608,0
31609,0
31610,2
31611,0
31612,2
31613,2
31614,2
31615,3
31616,0
31617,2
31618,4
31619,1
31620,0
31621,2
31622,0
31623,6
31624,1
31625,0
31626,2
31627,0
31628,4
31629,2
31630,2
31631,2
31632,2
31633,0
31634,2
31635,4
31636,0
31637,0
31638,0
31639,2
31640,6
31641,2
31642,0
31643,2
31644,2
31645,2
31646,2
31647,6
31648,2
31649,0
31650,0
31651,0
31652,6
31653,2
31654,2
31655,1
31656,5
31657,2
31658,2
31659,0
31660,4
31661,2
31662,4
31663,3
31664,2
31665,6
31666,2
31667,2
31668,2
31669,0
31670,2
31671,2
31672,4
31673,2
31674,2
31675,2
31676,6
31677,0
31678,0
31679,2
31680,2
31681,3
31682,4
31683,6
31684,6
31685,3
31686,4
31687,0
31688,2
31689,0
31690,5
31691,1
31692,3
31693,0
31694,0
31695,2
31696,2
31697,2
31698,1
31699,0
31700,4
31701,2
31702,2
31703,2
31704,2
31705,0
31706,0
31707,2
31708,2
31709,2
31710,2
31711,2
31712,6
31713,2
31714,2
31715,3
31716,0
31717,5
31718,1
31719,0
31720,4
31721,6
31722,2
31723,6
31724,4
31725,2
31726,2
31727,0
31728,6
31729,2
31730,6
31731,0
31732,6
31733,0
31734,2
31735,0
31736,0
31737,6
31738,6
31739,4
31740,2
31741,0
31742,0
31743,2
31744,6
31745,0
31746,2
31747,2
31748,1
31749,6
31750,2
31751,0
31752,2
31753,0
31754,3
31755,5
31756,2
31757,1
31758,4
31759,2
31760,6
31761,6
31762,0
31763,2
31764,1
31765,2
31766,0
31767,0
31768,2
31769,4
31770,2
31771,2
31772,2
31773,1
31774,2
31775,2
31776,0
31777,2
31778,2
31779,1
31780,6
31781,2
31782,6
31783,2
31784,0
31785,0
31786,5
31787,6
31788,0
31789,2
31790,4
31791,2
31792,0
31793,2
31794,2
31795,0
31796,2
31797,1
31798,4
31799,2
31800,2
31801,2
31802,2
31803,0
31804,0
31805,2
31806,2
31807,1
31808,4
31809,0
31810,6
31811,6
31812,2
31813,4
31814,2
31815,2
31816,2
31817,2
31818,0
31819,0
31820,0
31821,0
31822,2
31823,4
31824,1
31825,4
31826,0
31827,2
31828,0
31829,2
31830,5
31831,4
31832,3
31833,2
31834,6
31835,0
31836,2
31837,2
31838,2
31839,0
31840,6
31841,2
31842,1
31843,6
31844,6
31845,2
31846,2
31847,0
31848,0
31849,0
31850,3
31851,2
31852,0
31853,4
31854,0
31855,6
31856,6
31857,5
31858,0
31859,3
31860,4
31861,0
31862,0
31863,1
31864,0
31865,2
31866,6
31867,2
31868,2
31869,3
31870,2
31871,3
31872,1
31873,0
31874,4
31875,4
31876,3
31877,5
31878,2
31879,4
31880,6
31881,4
31882,0
31883,0
31884,0
31885,6
31886,4
31887,2
31888,2
31889,2
31890,2
31891,4
31892,2
31893,2
31894,2
31895,2
31896,6
31897,2
31898,4
31899,2
31900,2
31901,0
31902,0
31903,2
31904,4
31905,4
31906,1
31907,2
31908,2
31909,2
31910,0
31911,1
31912,2
31913,4
31914,6
31915,2
31916,2
31917,5
31918,2
31919,2
31920,1
31921,2
31922,2
31923,2
31924,4
31925,6
31926,3
31927,0
31928,0
31929,2
31930,2
31931,4
31932,5
31933,4
31934,2
31935,2
31936,0
31937,0
31938,4
31939,4
31940,5
31941,2
31942,2
31943,2
31944,2
31945,0
31946,2
31947,6
31948,0
31949,1
31950,6
31951,2
31952,6
31953,2
31954,0
31955,2
31956,2
31957,4
31958,2
31959,4
31960,2
31961,3
31962,0
31963,2
31964,6
31965,1
31966,3
31967,6
31968,0
31969,0
31970,5
31971,1
31972,2
31973,5
31974,2
31975,2
31976,1
31977,2
31978,1
31979,0
31980,2
31981,2
31982,2
31983,4
31984,2
31985,2
31986,4
31987,2
31988,6
31989,6
31990,2
31991,0
31992,3
31993,2
31994,4
31995,4
31996,2
31997,1
31998,6
31999,4
32000,2
32001,1
32002,3
32003,5
32004,2
32005,3
32006,2
32007,2
32008,2
32009,0
32010,6
32011,4
32012,0
32013,2
32014,1
32015,2
32016,0
32017,2
32018,2
32019,0
32020,6
32021,0
32022,2
32023,2
32024,1
32025,6
32026,3
32027,0
32028,2
32029,0
32030,1
32031,3
32032,0
32033,0
32034,2
32035,0
32036,6
32037,2
32038,6
32039,2
32040,0
32041,0
32042,1
32043,4
32044,2
32045,0
32046,2
32047,2
32048,4
32049,0
32050,1
32051,3
32052,5
32053,2
32054,0
32055,2
32056,2
32057,0
32058,2
32059,2
32060,1
32061,6
32062,2
32063,2
32064,2
32065,0
32066,0
32067,6
32068,2
32069,0
32070,2
32071,0
32072,6
32073,4
32074,2
32075,0
32076,0
32077,6
32078,2
32079,2
32080,2
32081,0
32082,1
32083,1
32084,2
32085,0
32086,6
32087,6
32088,0
32089,2
32090,3
32091,2
32092,2
32093,2
32094,6
32095,2
32096,0
32097,0
32098,3
32099,2
32100,0
32101,6
32102,0
32103,6
32104,0
32105,2
32106,2
32107,2
32108,0
32109,1
32110,5
32111,1
32112,0
32113,0
32114,2
32115,2
32116,0
32117,0
32118,0
32119,4
32120,2
32121,2
32122,4
32123,6
32124,6
32125,1
32126,0
32127,4
32128,2
32129,2
32130,2
32131,2
32132,0
32133,0
32134,1
32135,3
32136,3
32137,0
32138,0
32139,0
32140,2
32141,0
32142,2
32143,3
32144,6
32145,0
32146,4
32147,6
32148,4
32149,6
32150,2
32151,2
32152,2
32153,2
32154,0
32155,6
32156,0
32157,6
32158,2
32159,2
32160,2
32161,4
32162,2
32163,0
32164,1
32165,0
32166,0
32167,2
32168,6
32169,4
32170,2
32171,0
32172,2
32173,5
32174,2
32175,5
32176,4
32177,0
32178,6
32179,3
32180,3
32181,0
32182,3
32183,2
32184,1
32185,0
32186,2
32187,4
32188,6
32189,4
32190,3
32191,6
32192,0
32193,2
32194,6
32195,2
32196,2
32197,0
32198,0
32199,2
32200,6
32201,0
32202,2
32203,2
32204,0
32205,0
32206,1
32207,0
32208,2
32209,0
32210,1
32211,2
32212,0
32213,0
32214,0
32215,0
32216,6
32217,6
32218,2
32219,3
32220,2
32221,2
32222,0
32223,2
32224,1
32225,0
32226,4
32227,0
32228,2
32229,0
32230,2
32231,5
32232,2
32233,2
32234,6
32235,6
32236,5
32237,6
32238,0
32239,6
32240,4
32241,0
32242,0
32243,5
32244,0
32245,2
32246,2
32247,0
32248,0
32249,0
32250,2
32251,2
32252,2
32253,3
32254,5
32255,1
32256,2
32257,5
32258,2
32259,5
32260,2
32261,4
32262,2
32263,2
32264,6
32265,0
32266,0
32267,4
32268,6
32269,2
32270,2
32271,4
32272,2
32273,1
32274,2
32275,5
32276,4
32277,2
32278,0
32279,0
32280,2
32281,0
32282,0
32283,2
32284,0
32285,0
32286,6
32287,0
32288,0
32289,0
32290,2
32291,6
32292,2
32293,2
32294,0
32295,0
32296,2
32297,0
32298,2
32299,5
32300,0
32301,0
32302,2
32303,4
32304,2
32305,1
32306,0
32307,2
32308,2
32309,2
32310,5
32311,1
32312,2
32313,3
32314,2
32315,2
32316,4
32317,0
32318,6
32319,4
32320,6
32321,2
32322,0
32323,5
32324,0
32325,0
32326,2
32327,2
32328,2
32329,2
32330,5
32331,6
32332,4
32333,6
32334,2
32335,0
32336,2
32337,3
32338,0
32339,0
32340,3
32341,0
32342,6
32343,4
32344,2
32345,0
32346,5
32347,2
32348,0
32349,2
32350,2
32351,2
32352,5
32353,4
32354,3
32355,4
32356,2
32357,0
32358,6
32359,1
32360,2
32361,2
32362,2
32363,2
32364,6
32365,2
32366,2
32367,0
32368,0
32369,2
32370,6
32371,3
32372,2
32373,6
32374,6
32375,4
32376,2
32377,6
32378,2
32379,0
32380,3
32381,2
32382,3
32383,2
32384,2
32385,6
32386,2
32387,1
32388,6
32389,0
32390,1
32391,6
32392,2
32393,5
32394,4
32395,6
32396,0
32397,2
32398,2
32399,1
32400,2
32401,0
32402,2
32403,0
32404,2
32405,6
32406,6
32407,5
32408,2
32409,5
32410,0
32411,1
32412,6
32413,2
32414,3
32415,2
32416,2
32417,2
32418,2
32419,0
32420,4
32421,0
32422,0
32423,0
32424,0
32425,1
32426,0
32427,5
32428,0
32429,6
32430,5
32431,2
32432,2
32433,2
32434,6
32435,4
32436,6
32437,2
32438,1
32439,2
32440,0
32441,0
32442,6
32443,2
32444,0
32445,2
32446,6
32447,5
32448,2
32449,1
32450,2
32451,0
32452,0
32453,2
32454,4
32455,6
32456,1
32457,4
32458,0
32459,0
32460,0
32461,0
32462,6
32463,6
32464,6
32465,2
32466,0
32467,2
32468,1
32469,6
32470,3
32471,0
32472,2
32473,0
32474,0
32475,2
32476,2
32477,0
32478,0
32479,3
32480,2
32481,6
32482,4
32483,6
32484,6
32485,5
32486,6
32487,0
32488,6
32489,0
32490,2
32491,2
32492,0
32493,2
32494,6
32495,0
32496,1
32497,1
32498,6
32499,4
32500,0
32501,0
32502,0
32503,1
32504,2
32505,4
32506,2
32507,2
32508,0
32509,2
32510,1
32511,0
32512,2
32513,2
32514,2
32515,2
32516,2
32517,2
32518,0
32519,1
32520,6
32521,0
32522,2
32523,3
32524,2
32525,2
32526,2
32527,2
32528,1
32529,2
32530,6
32531,2
32532,0
32533,2
32534,2
32535,0
32536,4
32537,0
32538,6
32539,2
32540,0
32541,2
32542,3
32543,0
32544,0
32545,2
32546,2
32547,2
32548,6
32549,2
32550,2
32551,5
32552,6
32553,2
32554,0
32555,4
32556,0
32557,0
32558,0
32559,1
32560,4
32561,2
32562,6
32563,0
32564,4
32565,1
32566,2
32567,0
32568,2
32569,1
32570,2
32571,2
32572,5
32573,2
32574,2
32575,2
32576,2
32577,0
32578,2
32579,5
32580,1
32581,2
32582,0
32583,5
32584,0
32585,2
32586,1
32587,2
32588,0
32589,4
32590,0
32591,0
32592,2
32593,6
32594,0
32595,1
32596,2
32597,2
32598,0
32599,0
32600,1
32601,0
32602,1
32603,0
32604,0
32605,0
32606,2
32607,6
32608,6
32609,6
32610,3
32611,4
32612,2
32613,6
32614,2
32615,0
32616,2
32617,6
32618,2
32619,6
32620,6
32621,4
32622,2
32623,4
32624,2
32625,2
32626,0
32627,4
32628,6
32629,2
32630,0
32631,0
32632,2
32633,4
32634,6
32635,2
32636,0
32637,0
32638,2
32639,2
32640,0
32641,0
32642,0
32643,0
32644,2
32645,0
32646,2
32647,0
32648,5
32649,2
32650,6
32651,6
32652,0
32653,2
32654,6
32655,4
32656,4
32657,5
32658,4
32659,4
32660,3
32661,6
32662,4
32663,2
32664,3
32665,2
32666,2
32667,4
32668,4
32669,2
32670,2
32671,2
32672,2
32673,3
32674,2
32675,1
32676,4
32677,6
32678,2
32679,0
32680,4
32681,2
32682,2
32683,2
32684,5
32685,0
32686,6
32687,2
32688,5
32689,0
32690,6
32691,2
32692,2
32693,1
32694,0
32695,0
32696,2
32697,6
32698,0
32699,1
32700,2
32701,2
32702,2
32703,0
32704,4
32705,4
32706,2
32707,4
32708,0
32709,6
32710,4
32711,2
32712,6
32713,4
32714,3
32715,2
32716,0
32717,2
32718,6
32719,4
32720,2
32721,2
32722,2
32723,5
32724,2
32725,1
32726,2
32727,2
32728,0
32729,2
32730,2
32731,2
32732,0
32733,0
32734,6
32735,2
32736,2
32737,3
32738,6
32739,1
32740,2
32741,2
32742,6
32743,2
32744,6
32745,2
32746,2
32747,6
32748,2
32749,2
32750,2
32751,2
32752,2
32753,0
32754,2
32755,4
32756,2
32757,4
32758,2
32759,0
32760,1
32761,5
32762,2
32763,0
32764,2
32765,0
32766,0
32767,4
32768,0
32769,2
32770,0
32771,0
32772,2
32773,1
32774,6
32775,4
32776,2
32777,2
32778,0
32779,0
32780,0
32781,0
32782,2
32783,0
32784,2
32785,2
32786,2
32787,2
32788,2
32789,5
32790,0
32791,3
32792,6
32793,4
32794,2
32795,2
32796,2
32797,3
32798,4
32799,2
32800,1
32801,1
32802,0
32803,2
32804,1
32805,0
32806,1
32807,2
32808,6
32809,2
32810,3
32811,0
32812,6
32813,6
32814,6
32815,2
32816,2
32817,0
32818,5
32819,2
32820,2
32821,2
32822,6
32823,0
32824,6
32825,2
32826,2
32827,2
32828,1
32829,1
32830,2
32831,2
32832,2
32833,6
32834,0
32835,2
32836,6
32837,2
32838,1
32839,5
32840,4
32841,0
32842,0
32843,6
32844,2
32845,2
32846,2
32847,2
32848,6
32849,6
32850,2
32851,2
32852,2
32853,6
32854,6
32855,6
32856,0
32857,2
32858,2
32859,1
32860,0
32861,2
32862,2
32863,0
32864,6
32865,1
32866,2
32867,1
32868,6
32869,1
32870,2
32871,6
32872,4
32873,0
32874,2
32875,1
32876,2
32877,2
32878,2
32879,3
32880,2
32881,2
32882,6
32883,2
32884,0
32885,0
32886,6
32887,2
32888,0
32889,6
32890,0
32891,0
32892,2
32893,0
32894,2
32895,5
32896,6
32897,2
32898,1
32899,6
32900,4
32901,2
32902,2
32903,5
32904,0
32905,2
32906,0
32907,4
32908,0
32909,5
32910,0
32911,2
32912,6
32913,0
32914,0
32915,2
32916,0
32917,2
32918,3
32919,2
32920,0
32921,0
32922,2
32923,2
32924,2
32925,6
32926,2
32927,3
32928,2
32929,2
32930,4
32931,2
32932,5
32933,5
32934,2
32935,0
32936,2
32937,5
32938,6
32939,2
32940,1
32941,0
32942,6
32943,2
32944,2
32945,0
32946,2
32947,3
32948,3
32949,2
32950,6
32951,1
32952,6
32953,6
32954,1
32955,3
32956,2
32957,6
32958,2
32959,0
32960,2
32961,0
32962,0
32963,2
32964,5
32965,2
32966,4
32967,2
32968,2
32969,4
32970,1
32971,0
32972,2
32973,0
32974,2
32975,2
32976,0
32977,6
32978,2
32979,2
32980,6
32981,1
32982,6
32983,4
32984,2
32985,3
32986,2
32987,2
32988,6
32989,2
32990,4
32991,0
32992,2
32993,2
32994,2
32995,2
32996,6
32997,2
32998,2
32999,4
33000,0
33001,6
33002,2
33003,6
33004,6
33005,6
33006,0
33007,6
33008,2
33009,2
33010,2
33011,2
33012,2
33013,0
33014,2
33015,4
33016,2
33017,6
33018,1
33019,2
33020,2
33021,3
33022,6
33023,2
33024,2
33025,2
33026,3
33027,6
33028,0
33029,0
33030,1
33031,1
33032,1
33033,2
33034,2
33035,6
33036,4
33037,0
33038,2
33039,2
33040,0
33041,2
33042,0
33043,6
33044,2
33045,2
33046,2
33047,0
33048,2
33049,2
33050,5
33051,2
33052,2
33053,5
33054,0
33055,4
33056,2
33057,4
33058,5
33059,0
33060,2
33061,0
33062,2
33063,3
33064,6
33065,0
33066,4
33067,2
33068,3
33069,1
33070,2
33071,2
33072,6
33073,1
33074,0
33075,0
33076,0
33077,6
33078,6
33079,5
33080,3
33081,4
33082,6
33083,4
33084,4
33085,4
33086,1
33087,0
33088,2
33089,5
33090,2
33091,2
33092,0
33093,4
33094,0
33095,0
33096,2
33097,5
33098,0
33099,0
33100,0
33101,0
33102,5
33103,2
33104,0
33105,6
33106,2
33107,1
33108,2
33109,4
33110,0
33111,4
33112,0
33113,6
33114,1
33115,2
33116,2
33117,2
33118,2
33119,0
33120,1
33121,2
33122,2
33123,6
33124,2
33125,2
33126,2
33127,0
33128,3
33129,5
33130,0
33131,5
33132,2
33133,0
33134,1
33135,2
33136,2
33137,6
33138,2
33139,5
33140,0
33141,1
33142,1
33143,4
33144,2
33145,3
33146,2
33147,2
33148,0
33149,3
33150,0
33151,1
33152,2
33153,1
33154,2
33155,0
33156,0
33157,0
33158,2
33159,6
33160,2
33161,2
33162,6
33163,2
33164,2
33165,2
33166,3
33167,6
33168,2
33169,2
33170,0
33171,2
33172,2
33173,2
33174,2
33175,2
33176,0
33177,2
33178,2
33179,2
33180,0
33181,0
33182,2
33183,1
33184,0
33185,6
33186,0
33187,0
33188,4
33189,2
33190,2
33191,6
33192,0
33193,2
33194,2
33195,6
33196,0
33197,2
33198,6
33199,4
33200,2
33201,5
33202,0
33203,2
33204,1
33205,1
33206,2
33207,2
33208,1
33209,2
33210,1
33211,2
33212,1
33213,4
33214,2
33215,5
33216,6
33217,1
33218,4
33219,4
33220,4
33221,6
33222,3
33223,2
33224,4
33225,0
33226,0
33227,2
33228,2
33229,2
33230,4
33231,2
33232,0
33233,6
33234,0
33235,0
33236,1
33237,2
33238,4
33239,0
33240,1
33241,2
33242,1
33243,2
33244,2
33245,2
33246,6
33247,0
33248,2
33249,2
33250,6
33251,2
33252,2
33253,0
33254,2
33255,0
33256,3
33257,2
33258,2
33259,2
33260,4
33261,2
33262,1
33263,2
33264,1
33265,6
33266,6
33267,0
33268,2
33269,1
33270,2
33271,0
33272,2
33273,6
33274,0
33275,2
33276,0
33277,6
33278,1
33279,6
33280,3
33281,0
33282,2
33283,0
33284,2
33285,3
33286,0
33287,2
33288,0
33289,5
33290,2
33291,5
33292,2
33293,4
33294,0
33295,0
33296,0
33297,4
33298,6
33299,6
33300,2
33301,0
33302,6
33303,6
33304,5
33305,0
33306,2
33307,2
33308,2
33309,0
33310,0
33311,0
33312,6
33313,1
33314,2
33315,2
33316,2
33317,4
33318,2
33319,2
33320,2
33321,0
33322,0
33323,2
33324,2
33325,1
33326,2
33327,2
33328,2
33329,0
33330,0
33331,2
33332,2
33333,6
33334,2
33335,0
33336,2
33337,6
33338,0
33339,0
33340,2
33341,2
33342,4
33343,0
33344,2
33345,2
33346,4
33347,0
33348,2
33349,2
33350,6
33351,2
33352,2
33353,2
33354,2
33355,1
33356,2
33357,3
33358,2
33359,0
33360,4
33361,1
33362,5
33363,1
33364,1
33365,0
33366,4
33367,2
33368,1
33369,0
33370,0
33371,2
33372,2
33373,6
33374,2
33375,1
33376,2
33377,2
33378,0
33379,2
33380,0
33381,6
33382,3
33383,6
33384,4
33385,6
33386,0
33387,2
33388,2
33389,0
33390,0
33391,6
33392,5
33393,1
33394,1
33395,4
33396,4
33397,1
33398,4
33399,4
33400,0
33401,4
33402,2
33403,0
33404,0
33405,2
33406,2
33407,4
33408,6
33409,2
33410,2
33411,6
33412,1
33413,6
33414,0
33415,6
33416,5
33417,2
33418,2
33419,2
33420,0
33421,2
33422,2
33423,0
33424,6
33425,2
33426,1
33427,2
33428,6
33429,0
33430,6
33431,0
33432,2
33433,2
33434,0
33435,0
33436,1
33437,2
33438,3
33439,6
33440,6
33441,6
33442,1
33443,2
33444,0
33445,2
33446,6
33447,3
33448,2
33449,4
33450,2
33451,2
33452,2
33453,2
33454,0
33455,2
33456,2
33457,1
33458,6
33459,0
33460,2
33461,5
33462,2
33463,6
33464,2
33465,2
33466,4
33467,2
33468,0
33469,6
33470,3
33471,2
33472,4
33473,3
33474,2
33475,2
33476,4
33477,2
33478,2
33479,3
33480,2
33481,0
33482,2
33483,2
33484,2
33485,6
33486,2
33487,0
33488,2
33489,0
33490,2
33491,4
33492,0
33493,2
33494,2
33495,6
33496,6
33497,2
33498,4
33499,0
33500,2
33501,3
33502,6
33503,4
33504,2
33505,2
33506,2
33507,5
33508,6
33509,0
33510,2
33511,2
33512,4
33513,2
33514,2
33515,0
33516,2
33517,0
33518,3
33519,2
33520,6
33521,2
33522,5
33523,3
33524,2
33525,2
33526,2
33527,4
33528,0
33529,2
33530,0
33531,0
33532,0
33533,1
33534,2
33535,6
33536,0
33537,3
33538,0
33539,1
33540,6
33541,4
33542,2
33543,3
33544,0
33545,2
33546,0
33547,2
33548,0
33549,3
33550,2
33551,1
33552,2
33553,2
33554,4
33555,5
33556,2
33557,0
33558,2
33559,1
33560,0
33561,2
33562,2
33563,0
33564,3
33565,0
33566,0
33567,0
33568,0
33569,6
33570,6
33571,4
33572,2
33573,6
33574,0
33575,2
33576,0
33577,6
33578,6
33579,2
33580,0
33581,0
33582,0
33583,0
33584,2
33585,0
33586,2
33587,2
33588,0
33589,2
33590,6
33591,2
33592,2
33593,4
33594,6
33595,2
33596,0
33597,6
33598,0
33599,2
33600,0
33601,2
33602,2
33603,0
33604,4
33605,6
33606,2
33607,5
33608,0
33609,0
33610,0
33611,2
33612,3
33613,2
33614,3
33615,1
33616,2
33617,2
33618,2
33619,0
33620,2
33621,2
33622,0
33623,2
33624,2
33625,4
33626,2
33627,2
33628,3
33629,0
33630,1
33631,1
33632,4
33633,4
33634,2
33635,2
33636,0
33637,4
33638,1
33639,2
33640,3
33641,2
33642,2
33643,1
33644,5
33645,4
33646,0
33647,2
33648,2
33649,5
33650,2
33651,6
33652,5
33653,2
33654,6
33655,2
33656,6
33657,4
33658,2
33659,6
33660,2
33661,2
33662,2
33663,6
33664,2
33665,4
33666,2
33667,2
33668,5
33669,2
33670,6
33671,2
33672,0
33673,2
33674,1
33675,2
33676,6
33677,0
33678,0
33679,2
33680,0
33681,2
33682,2
33683,0
33684,2
33685,6
33686,6
33687,0
33688,0
33689,6
33690,2
33691,2
33692,2
33693,0
33694,2
33695,4
33696,0
33697,2
33698,2
33699,4
33700,0
33701,3
33702,2
33703,0
33704,2
33705,3
33706,0
33707,2
33708,6
33709,5
33710,0
33711,3
33712,2
33713,0
33714,2
33715,4
33716,6
33717,2
33718,2
33719,2
33720,6
33721,3
33722,4
33723,4
33724,0
33725,2
33726,4
33727,0
33728,0
33729,1
33730,2
33731,5
33732,2
33733,4
33734,6
33735,0
33736,2
33737,2
33738,2
33739,0
33740,2
33741,6
33742,4
33743,2
33744,4
33745,0
33746,0
33747,4
33748,1
33749,2
33750,2
33751,5
33752,4
33753,1
33754,4
33755,2
33756,0
33757,6
33758,4
33759,2
33760,2
33761,0
33762,4
33763,3
33764,0
33765,2
33766,2
33767,0
33768,0
33769,1
33770,1
33771,6
33772,4
33773,2
33774,4
33775,0
33776,0
33777,2
33778,1
33779,2
33780,0
33781,0
33782,2
33783,0
33784,2
33785,2
33786,6
33787,0
33788,0
33789,6
33790,0
33791,6
33792,2
33793,2
33794,2
33795,0
33796,0
33797,3
33798,2
33799,6
33800,1
33801,2
33802,0
33803,2
33804,2
33805,2
33806,2
33807,0
33808,2
33809,0
33810,4
33811,0
33812,2
33813,0
33814,1
33815,6
33816,4
33817,2
33818,2
33819,0
33820,2
33821,2
33822,0
33823,0
33824,0
33825,2
33826,2
33827,2
33828,3
33829,2
33830,0
33831,1
33832,0
33833,6
33834,2
33835,6
33836,0
33837,3
33838,2
33839,2
33840,0
33841,2
33842,5
33843,2
33844,0
33845,0
33846,2
33847,0
33848,0
33849,2
33850,2
33851,6
33852,5
33853,0
33854,0
33855,2
33856,2
33857,0
33858,0
33859,0
33860,0
33861,3
33862,6
33863,2
33864,2
33865,2
33866,4
33867,3
33868,2
33869,2
33870,2
33871,2
33872,0
33873,2
33874,3
33875,2
33876,6
33877,0
33878,2
33879,2
33880,2
33881,2
33882,2
33883,2
33884,0
33885,3
33886,0
33887,2
33888,2
33889,4
33890,1
33891,2
33892,2
33893,0
33894,6
33895,4
33896,2
33897,2
33898,2
33899,0
33900,0
33901,2
33902,2
33903,6
33904,2
33905,2
33906,0
33907,0
33908,6
33909,2
33910,0
33911,2
33912,3
33913,3
33914,0
33915,1
33916,6
33917,0
33918,3
33919,0
33920,2
33921,6
33922,0
33923,0
33924,3
33925,0
33926,6
33927,6
33928,2
33929,2
33930,6
33931,2
33932,2
33933,0
33934,2
33935,1
33936,0
33937,0
33938,0
33939,0
33940,0
33941,1
33942,5
33943,1
33944,2
33945,2
33946,0
33947,6
33948,1
33949,2
33950,2
33951,3
33952,6
33953,2
33954,0
33955,4
33956,2
33957,2
33958,2
33959,0
33960,0
33961,0
33962,2
33963,0
33964,6
33965,0
33966,0
33967,6
33968,2
33969,0
33970,2
33971,2
33972,0
33973,0
33974,2
33975,2
33976,2
33977,2
33978,2
33979,2
33980,2
33981,2
33982,5
33983,2
33984,2
33985,6
33986,2
33987,2
33988,6
33989,0
33990,2
33991,2
33992,2
33993,6
33994,0
33995,2
33996,2
33997,4
33998,2
33999,2
34000,2
34001,4
34002,2
34003,2
34004,0
34005,6
34006,2
34007,0
34008,0
34009,4
34010,6
34011,6
34012,0
34013,2
34014,0
34015,2
34016,2
34017,6
34018,2
34019,0
34020,0
34021,2
34022,2
34023,6
34024,2
34025,0
34026,1
34027,3
34028,0
34029,5
34030,2
34031,0
34032,3
34033,2
34034,2
34035,2
34036,2
34037,2
34038,2
34039,2
34040,2
34041,5
34042,2
34043,0
34044,2
34045,2
34046,6
34047,0
34048,0
34049,2
34050,0
34051,2
34052,2
34053,0
34054,5
34055,1
34056,0
34057,4
34058,2
34059,6
34060,4
34061,2
34062,2
34063,2
34064,0
34065,0
34066,3
34067,2
34068,0
34069,4
34070,5
34071,6
34072,2
34073,0
34074,1
34075,0
34076,3
34077,1
34078,2
34079,6
34080,2
34081,2
34082,0
34083,0
34084,1
34085,4
34086,2
34087,2
34088,4
34089,6
34090,6
34091,0
34092,2
34093,2
34094,0
34095,0
34096,2
34097,2
34098,0
34099,2
34100,1
34101,2
34102,2
34103,0
34104,6
34105,5
34106,2
34107,2
34108,2
34109,2
34110,4
34111,4
34112,0
34113,6
34114,6
34115,0
34116,2
34117,2
34118,0
34119,2
34120,5
34121,3
34122,0
34123,2
34124,2
34125,1
34126,5
34127,0
34128,0
34129,6
34130,2
34131,2
34132,3
34133,0
34134,4
34135,3
34136,2
34137,2
34138,2
34139,2
34140,0
34141,2
34142,2
34143,2
34144,5
34145,6
34146,2
34147,1
34148,2
34149,0
34150,2
34151,2
34152,6
34153,0
34154,0
34155,2
34156,1
34157,3
34158,0
34159,1
34160,2
34161,2
34162,5
34163,0
34164,2
34165,0
34166,2
34167,0
34168,2
34169,1
34170,1
34171,0
34172,5
34173,2
34174,0
34175,3
34176,0
34177,2
34178,2
34179,2
34180,0
34181,0
34182,6
34183,0
34184,2
34185,3
34186,3
34187,0
34188,2
34189,2
34190,2
34191,0
34192,3
34193,0
34194,4
34195,2
34196,3
34197,2
34198,2
34199,2
34200,4
34201,5
34202,2
34203,2
34204,2
34205,5
34206,2
34207,0
34208,6
34209,2
34210,1
34211,3
34212,4
34213,3
34214,1
34215,2
34216,6
34217,2
34218,2
34219,1
34220,2
34221,2
34222,0
34223,2
34224,2
34225,2
34226,2
34227,6
34228,2
34229,0
34230,2
34231,2
34232,4
34233,2
34234,3
34235,2
34236,1
34237,4
34238,6
34239,5
34240,4
34241,2
34242,2
34243,6
34244,2
34245,1
34246,5
34247,1
34248,2
34249,2
34250,2
34251,4
34252,3
34253,2
34254,0
34255,6
34256,6
34257,2
34258,6
34259,0
34260,4
34261,2
34262,2
34263,0
34264,0
34265,4
34266,2
34267,0
34268,2
34269,3
34270,0
34271,2
34272,2
34273,0
34274,0
34275,0
34276,4
34277,2
34278,1
34279,6
34280,6
34281,6
34282,1
34283,0
34284,2
34285,0
34286,2
34287,3
34288,6
34289,1
34290,2
34291,2
34292,2
34293,0
34294,2
34295,6
34296,1
34297,2
34298,4
34299,2
34300,0
34301,5
34302,2
34303,1
34304,3
34305,1
34306,0
34307,3
34308,0
34309,3
34310,0
34311,0
34312,0
34313,0
34314,0
34315,0
34316,0
34317,0
34318,2
34319,2
34320,2
34321,0
34322,6
34323,4
34324,2
34325,1
34326,6
34327,6
34328,4
34329,6
34330,0
34331,0
34332,0
34333,2
34334,6
34335,2
34336,0
34337,2
34338,0
34339,4
34340,0
34341,6
34342,2
34343,2
34344,4
34345,2
34346,2
34347,2
34348,0
34349,1
34350,0
34351,2
34352,1
34353,4
34354,0
34355,0
34356,0
34357,2
34358,6
34359,2
34360,6
34361,2
34362,6
34363,2
34364,0
34365,6
34366,2
34367,6
34368,2
34369,2
34370,2
34371,2
34372,2
34373,2
34374,6
34375,1
34376,2
34377,2
34378,6
34379,2
34380,2
34381,4
34382,3
34383,0
34384,0
34385,2
34386,4
34387,2
34388,6
34389,0
34390,2
34391,5
34392,6
34393,0
34394,2
34395,6
34396,2
34397,0
34398,0
34399,2
34400,2
34401,2
34402,2
34403,2
34404,4
34405,5
34406,2
34407,0
34408,1
34409,0
34410,2
34411,4
34412,1
34413,0
34414,5
34415,0
34416,2
34417,4
34418,5
34419,2
34420,2
34421,2
34422,0
34423,6
34424,0
34425,2
34426,1
34427,2
34428,3
34429,2
34430,4
34431,2
34432,0
34433,0
34434,4
34435,2
34436,2
34437,2
34438,0
34439,6
34440,2
34441,2
34442,0
34443,3
34444,2
34445,1
34446,2
34447,2
34448,0
34449,4
34450,2
34451,2
34452,0
34453,0
34454,2
34455,2
34456,0
34457,0
34458,3
34459,6
34460,0
34461,2
34462,2
34463,6
34464,1
34465,2
34466,2
34467,4
34468,0
34469,0
34470,2
34471,0
34472,2
34473,0
34474,3
34475,4
34476,3
34477,6
34478,2
34479,5
34480,2
34481,2
34482,2
34483,0
34484,2
34485,5
34486,0
34487,2
34488,0
34489,0
34490,6
34491,5
34492,2
34493,0
34494,2
34495,5
34496,0
34497,0
34498,0
34499,2
34500,2
34501,2
34502,4
34503,4
34504,5
34505,0
34506,0
34507,2
34508,2
34509,4
34510,2
34511,2
34512,5
34513,0
34514,2
34515,2
34516,4
34517,2
34518,2
34519,6
34520,2
34521,2
34522,0
34523,0
34524,0
34525,0
34526,2
34527,1
34528,5
34529,2
34530,6
34531,4
34532,3
34533,2
34534,0
34535,6
34536,6
34537,0
34538,4
34539,2
34540,0
34541,4
34542,2
34543,4
34544,0
34545,2
34546,6
34547,0
34548,2
34549,6
34550,0
34551,0
34552,0
34553,2
34554,3
34555,2
34556,3
34557,0
34558,1
34559,2
34560,6
34561,0
34562,4
34563,6
34564,6
34565,6
34566,2
34567,0
34568,2
34569,2
34570,0
34571,2
34572,3
34573,4
34574,2
34575,4
34576,0
34577,0
34578,2
34579,2
34580,0
34581,0
34582,2
34583,5
34584,4
34585,2
34586,6
34587,2
34588,2
34589,6
34590,6
34591,2
34592,0
34593,2
34594,2
34595,6
34596,0
34597,2
34598,3
34599,6
34600,2
34601,2
34602,0
34603,3
34604,0
34605,2
34606,2
34607,6
34608,0
34609,2
34610,3
34611,0
34612,2
34613,0
34614,4
34615,6
34616,0
34617,3
34618,2
34619,1
34620,2
34621,5
34622,6
34623,2
34624,2
34625,4
34626,0
34627,2
34628,4
34629,2
34630,3
34631,1
34632,6
34633,5
34634,0
34635,0
34636,2
34637,6
34638,2
34639,2
34640,0
34641,4
34642,4
34643,4
34644,5
34645,4
34646,0
34647,6
34648,6
34649,2
34650,2
34651,6
34652,0
34653,1
34654,1
34655,0
34656,2
34657,4
34658,0
34659,5
34660,4
34661,0
34662,0
34663,6
34664,6
34665,2
34666,2
34667,6
34668,4
34669,2
34670,2
34671,5
34672,0
34673,4
34674,2
34675,3
34676,0
34677,6
34678,2
34679,2
34680,2
34681,2
34682,0
34683,0
34684,2
34685,2
34686,5
34687,1
34688,1
34689,6
34690,4
34691,0
34692,2
34693,0
34694,2
34695,2
34696,0
34697,2
34698,2
34699,2
34700,2
34701,0
34702,0
34703,4
34704,2
34705,0
34706,6
34707,0
34708,2
34709,4
34710,2
34711,0
34712,5
34713,4
34714,0
34715,2
34716,0
34717,0
34718,2
34719,6
34720,2
34721,1
34722,0
34723,0
34724,2
34725,4
34726,2
34727,4
34728,0
34729,2
34730,0
34731,0
34732,4
34733,1
34734,0
34735,2
34736,1
34737,0
34738,1
34739,0
34740,4
34741,2
34742,0
34743,5
34744,0
34745,1
34746,5
34747,0
34748,5
34749,5
34750,2
34751,1
34752,2
34753,0
34754,2
34755,0
34756,4
34757,2
34758,5
34759,4
34760,2
34761,4
34762,2
34763,2
34764,0
34765,5
34766,5
34767,2
34768,2
34769,0
34770,2
34771,2
34772,0
34773,2
34774,2
34775,2
34776,2
34777,6
34778,2
34779,2
34780,6
34781,2
34782,0
34783,0
34784,5
34785,2
34786,3
34787,1
34788,4
34789,6
34790,6
34791,0
34792,1
34793,4
34794,0
34795,2
34796,2
34797,3
34798,2
34799,6
34800,2
34801,2
34802,2
34803,2
34804,1
34805,2
34806,2
34807,2
34808,0
34809,3
34810,2
34811,5
34812,6
34813,0
34814,0
34815,0
34816,0
34817,2
34818,4
34819,2
34820,0
34821,2
34822,0
34823,2
34824,5
34825,0
34826,1
34827,0
34828,0
34829,4
34830,2
34831,0
34832,2
34833,0
34834,0
34835,6
34836,0
34837,3
34838,2
34839,0
34840,3
34841,2
34842,2
34843,1
34844,1
34845,6
34846,2
34847,3
34848,0
34849,2
34850,0
34851,6
34852,2
34853,2
34854,4
34855,2
34856,0
34857,2
34858,6
34859,2
34860,4
34861,3
34862,0
34863,0
34864,0
34865,2
34866,1
34867,2
34868,6
34869,2
34870,6
34871,2
34872,0
34873,0
34874,2
34875,2
34876,6
34877,1
34878,4
34879,2
34880,2
34881,6
34882,0
34883,0
34884,6
34885,2
34886,2
34887,6
34888,0
34889,2
34890,4
34891,6
34892,2
34893,2
34894,6
34895,0
34896,0
34897,2
34898,0
34899,0
34900,0
34901,1
34902,4
34903,2
34904,2
34905,2
34906,0
34907,2
34908,0
34909,4
34910,2
34911,2
34912,1
34913,0
34914,0
34915,0
34916,2
34917,5
34918,2
34919,3
34920,0
34921,2
34922,6
34923,0
34924,2
34925,6
34926,6
34927,2
34928,5
34929,4
34930,6
34931,4
34932,6
34933,6
34934,2
34935,0
34936,5
34937,2
34938,6
34939,2
34940,0
34941,2
34942,6
34943,0
34944,6
34945,2
34946,0
34947,2
34948,2
34949,0
34950,0
34951,0
34952,2
34953,1
34954,2
34955,2
34956,5
34957,2
34958,2
34959,4
34960,5
34961,4
34962,0
34963,0
34964,2
34965,2
34966,0
34967,2
34968,2
34969,5
34970,2
34971,0
34972,6
34973,2
34974,1
34975,0
34976,2
34977,0
34978,6
34979,4
34980,0
34981,3
34982,0
34983,4
34984,2
34985,2
34986,1
34987,2
34988,0
34989,2
34990,1
34991,4
34992,1
34993,0
34994,6
34995,2
34996,2
34997,0
34998,3
34999,6
35000,0
35001,0
35002,6
35003,2
35004,2
35005,6
35006,1
35007,2
35008,2
35009,6
35010,2
35011,4
35012,2
35013,0
35014,6
35015,2
35016,0
35017,0
35018,2
35019,0
35020,0
35021,0
35022,2
35023,4
35024,0
35025,2
35026,4
35027,0
35028,1
35029,2
35030,5
35031,0
35032,2
35033,3
35034,1
35035,0
35036,0
35037,6
35038,2
35039,1
35040,2
35041,0
35042,1
35043,2
35044,2
35045,4
35046,2
35047,5
35048,0
35049,0
35050,1
35051,2
35052,0
35053,6
35054,2
35055,2
35056,4
35057,2
35058,0
35059,1
35060,2
35061,4
35062,0
35063,0
35064,1
35065,0
35066,0
35067,0
35068,3
35069,0
35070,5
35071,2
35072,3
35073,6
35074,0
35075,2
35076,3
35077,0
35078,2
35079,2
35080,2
35081,2
35082,2
35083,0
35084,2
35085,1
35086,0
35087,2
35088,4
35089,6
35090,6
35091,2
35092,0
35093,0
35094,6
35095,4
35096,2
35097,0
35098,2
35099,2
35100,2
35101,2
35102,0
35103,0
35104,6
35105,0
35106,0
35107,2
35108,0
35109,5
35110,2
35111,6
35112,2
35113,4
35114,0
35115,0
35116,5
35117,0
35118,6
35119,3
35120,3
35121,0
35122,0
35123,2
35124,2
35125,4
35126,0
35127,2
35128,2
35129,0
35130,0
35131,6
35132,2
35133,2
35134,4
35135,2
35136,0
35137,5
35138,1
35139,4
35140,0
35141,3
35142,2
35143,5
35144,2
35145,0
35146,2
35147,0
35148,2
35149,5
35150,1
35151,0
35152,0
35153,0
35154,6
35155,2
35156,2
35157,2
35158,2
35159,1
35160,4
35161,1
35162,0
35163,2
35164,2
35165,1
35166,6
35167,6
35168,1
35169,0
35170,3
35171,4
35172,0
35173,2
35174,2
35175,2
35176,2
35177,2
35178,0
35179,2
35180,2
35181,2
35182,0
35183,4
35184,0
35185,1
35186,2
35187,0
35188,0
35189,5
35190,6
35191,0
35192,6
35193,2
35194,2
35195,6
35196,0
35197,3
35198,2
35199,2
35200,2
35201,6
35202,2
35203,0
35204,0
35205,0
35206,2
35207,2
35208,0
35209,2
35210,2
35211,2
35212,5
35213,4
35214,0
35215,2
35216,6
35217,0
35218,0
35219,2
35220,2
35221,0
35222,1
35223,2
35224,0
35225,2
35226,0
35227,3
35228,4
35229,2
35230,0
35231,0
35232,0
35233,6
35234,6
35235,2
35236,2
35237,4
35238,2
35239,2
35240,6
35241,2
35242,6
35243,2
35244,4
35245,4
35246,2
35247,6
35248,2
35249,1
35250,5
35251,6
35252,2
35253,1
35254,2
35255,6
35256,0
35257,3
35258,5
35259,2
35260,2
35261,4
35262,3
35263,2
35264,2
35265,2
35266,6
35267,4
35268,4
35269,6
35270,2
35271,2
35272,0
35273,0
35274,0
35275,1
35276,5
35277,0
35278,2
35279,2
35280,2
35281,1
35282,0
35283,2
35284,0
35285,0
35286,6
35287,3
35288,6
35289,2
35290,6
35291,1
35292,1
35293,0
35294,2
35295,6
35296,6
35297,0
35298,6
35299,4
35300,2
35301,2
35302,1
35303,2
35304,0
35305,0
35306,2
35307,3
35308,5
35309,2
35310,2
35311,5
35312,5
35313,3
35314,2
35315,0
35316,0
35317,0
35318,2
35319,2
35320,6
35321,0
35322,6
35323,1
35324,1
35325,6
35326,2
35327,6
35328,2
35329,2
35330,2
35331,1
35332,2
35333,6
35334,3
35335,2
35336,0
35337,2
35338,4
35339,2
35340,2
35341,6
35342,2
35343,2
35344,6
35345,6
35346,4
35347,2
35348,0
35349,4
35350,2
35351,2
35352,2
35353,0
35354,3
35355,6
35356,2
35357,0
35358,2
35359,2
35360,0
35361,2
35362,5
35363,2
35364,6
35365,5
35366,2
35367,0
35368,2
35369,2
35370,1
35371,0
35372,6
35373,2
35374,2
35375,5
35376,6
35377,3
35378,4
35379,2
35380,2
35381,5
35382,2
35383,6
35384,0
35385,0
35386,2
35387,0
35388,2
35389,2
35390,2
35391,1
35392,2
35393,5
35394,6
35395,0
35396,2
35397,0
35398,0
35399,2
35400,2
35401,0
35402,4
35403,0
35404,5
35405,1
35406,2
35407,6
35408,3
35409,4
35410,1
35411,0
35412,1
35413,2
35414,2
35415,2
35416,6
35417,0
35418,6
35419,4
35420,5
35421,0
35422,6
35423,2
35424,2
35425,1
35426,0
35427,2
35428,2
35429,0
35430,0
35431,0
35432,0
35433,0
35434,2
35435,4
35436,0
35437,0
35438,2
35439,2
35440,2
35441,3
35442,5
35443,0
35444,5
35445,1
35446,2
35447,2
35448,2
35449,0
35450,6
35451,2
35452,6
35453,2
35454,2
35455,3
35456,2
35457,0
35458,0
35459,0
35460,6
35461,1
35462,6
35463,4
35464,2
35465,6
35466,6
35467,2
35468,1
35469,0
35470,2
35471,2
35472,4
35473,0
35474,0
35475,3
35476,2
35477,2
35478,0
35479,4
35480,1
35481,1
35482,2
35483,1
35484,3
35485,2
35486,4
35487,1
35488,4
35489,2
35490,2
35491,2
35492,0
35493,2
35494,0
35495,5
35496,2
35497,0
35498,6
35499,0
35500,2
35501,0
35502,2
35503,2
35504,5
35505,5
35506,2
35507,6
35508,1
35509,4
35510,1
35511,2
35512,0
35513,0
35514,2
35515,6
35516,2
35517,2
35518,2
35519,0
35520,0
35521,6
35522,0
35523,2
35524,2
35525,4
35526,2
35527,4
35528,2
35529,2
35530,2
35531,3
35532,2
35533,2
35534,0
35535,3
35536,0
35537,0
35538,2
35539,0
35540,1
35541,2
35542,0
35543,2
35544,2
35545,6
35546,2
35547,4
35548,2
35549,0
35550,6
35551,2
35552,2
35553,2
35554,2
35555,1
35556,0
35557,1
35558,4
35559,2
35560,0
35561,2
35562,0
35563,2
35564,2
35565,0
35566,2
35567,2
35568,0
35569,2
35570,1
35571,6
35572,2
35573,2
35574,4
35575,2
35576,6
35577,6
35578,2
35579,0
35580,1
35581,2
35582,2
35583,4
35584,2
35585,5
35586,1
35587,2
35588,0
35589,0
35590,2
35591,1
35592,6
35593,2
35594,0
35595,0
35596,6
35597,0
35598,2
35599,0
35600,0
35601,2
35602,2
35603,3
35604,0
35605,6
35606,5
35607,4
35608,6
35609,5
35610,0
35611,2
35612,4
35613,4
35614,2
35615,1
35616,6
35617,6
35618,2
35619,2
35620,2
35621,2
35622,0
35623,0
35624,2
35625,1
35626,2
35627,2
35628,2
35629,4
35630,6
35631,0
35632,6
35633,2
35634,2
35635,0
35636,2
35637,2
35638,2
35639,0
35640,0
35641,2
35642,2
35643,2
35644,2
35645,6
35646,3
35647,4
35648,1
35649,4
35650,4
35651,6
35652,6
35653,0
35654,0
35655,2
35656,0
35657,3
35658,0
35659,5
35660,0
35661,6
35662,2
35663,3
35664,5
35665,0
35666,0
35667,0
35668,2
35669,2
35670,1
35671,2
35672,0
35673,0
35674,2
35675,2
35676,4
35677,6
35678,2
35679,2
35680,1
35681,5
35682,0
35683,3
35684,2
35685,2
35686,2
35687,2
35688,6
35689,0
35690,0
35691,0
35692,6
35693,6
35694,6
35695,4
35696,4
35697,0
35698,5
35699,6
35700,5
35701,6
35702,2
35703,6
35704,5
35705,6
35706,6
35707,2
35708,2
35709,1
35710,2
35711,4
35712,3
35713,2
35714,2
35715,6
35716,5
35717,2
35718,2
35719,4
35720,2
35721,0
35722,0
35723,2
35724,2
35725,4
35726,6
35727,4
35728,6
35729,4
35730,2
35731,0
35732,0
35733,0
35734,4
35735,0
35736,6
35737,2
35738,6
35739,6
35740,0
35741,2
35742,2
35743,2
35744,2
35745,5
35746,1
35747,6
35748,2
35749,1
35750,4
35751,3
35752,6
35753,2
35754,0
35755,0
35756,2
35757,2
35758,2
35759,2
35760,5
35761,2
35762,6
35763,0
35764,2
35765,2
35766,0
35767,2
35768,2
35769,2
35770,2
35771,0
35772,0
35773,0
35774,4
35775,2
35776,2
35777,6
35778,2
35779,0
35780,6
35781,2
35782,2
35783,6
35784,0
35785,2
35786,2
35787,4
35788,1
35789,4
35790,0
35791,2
35792,2
35793,4
35794,4
35795,6
35796,5
35797,2
35798,6
35799,2
35800,4
35801,4
35802,4
35803,0
35804,6
35805,3
35806,0
35807,2
35808,3
35809,0
35810,0
35811,6
35812,2
35813,4
35814,2
35815,2
35816,2
35817,3
35818,6
35819,5
35820,0
35821,2
35822,5
35823,5
35824,2
35825,0
35826,2
35827,0
35828,0
35829,1
35830,6
35831,5
35832,2
35833,0
35834,3
35835,2
35836,2
35837,2
35838,5
35839,3
35840,6
35841,2
35842,0
35843,4
35844,0
35845,6
35846,4
35847,2
35848,6
35849,0
35850,2
35851,2
35852,2
35853,2
35854,5
35855,2
35856,6
35857,0
35858,6
35859,0
35860,0
35861,6
35862,5
35863,2
35864,4
35865,2
35866,2
35867,0
35868,0
35869,2
35870,6
35871,4
35872,0
35873,2
35874,2
35875,2
35876,2
35877,0
35878,0
35879,2
35880,2
35881,4
35882,0
35883,4
35884,3
35885,6
35886,0
35887,1
35888,0
35889,0
35890,6
35891,2
35892,0
35893,0
35894,2
35895,6
35896,1
35897,0
35898,6
35899,0
35900,0
35901,1
35902,2
35903,2
35904,2
35905,4
35906,6
35907,2
35908,0
35909,5
35910,2
35911,4
35912,2
35913,0
35914,0
35915,2
35916,6
35917,6
35918,4
35919,2
35920,3
35921,2
35922,6
35923,5
35924,0
35925,6
35926,4
35927,2
35928,6
35929,4
35930,0
35931,6
35932,2
35933,0
35934,2
35935,0
35936,6
35937,4
35938,0
35939,0
35940,0
35941,3
35942,0
35943,3
35944,2
35945,2
35946,2
35947,2
35948,2
35949,2
35950,3
35951,4
35952,4
35953,6
35954,1
35955,2
35956,3
35957,2
35958,2
35959,0
35960,1
35961,2
35962,2
35963,4
35964,1
35965,4
35966,0
35967,2
35968,4
35969,2
35970,0
35971,2
35972,2
35973,2
35974,6
35975,5
35976,6
35977,0
35978,5
35979,2
35980,0
35981,4
35982,3
35983,2
35984,0
35985,2
35986,2
35987,0
35988,6
35989,2
35990,2
35991,2
35992,4
35993,2
35994,4
35995,4
35996,0
35997,1
35998,4
35999,0
36000,2
36001,0
36002,2
36003,2
36004,2
36005,2
36006,4
36007,2
36008,2
36009,2
36010,4
36011,2
36012,6
36013,0
36014,2
36015,0
36016,6
36017,2
36018,6
36019,2
36020,6
36021,2
36022,0
36023,2
36024,2
36025,2
36026,2
36027,2
36028,0
36029,6
36030,6
36031,1
36032,2
36033,1
36034,6
36035,2
36036,2
36037,0
36038,2
36039,4
36040,2
36041,3
36042,6
36043,2
36044,2
36045,0
36046,0
36047,2
36048,0
36049,6
36050,0
36051,2
36052,2
36053,0
36054,2
36055,2
36056,2
36057,0
36058,2
36059,0
36060,2
36061,0
36062,2
36063,1
36064,2
36065,2
36066,2
36067,0
36068,0
36069,1
36070,2
36071,0
36072,2
36073,0
36074,0
36075,2
36076,1
36077,5
36078,6
36079,2
36080,5
36081,2
36082,3
36083,2
36084,2
36085,0
36086,2
36087,2
36088,6
36089,5
36090,2
36091,2
36092,6
36093,2
36094,6
36095,6
36096,2
36097,0
36098,0
36099,1
36100,2
36101,2
36102,2
36103,2
36104,0
36105,3
36106,0
36107,6
36108,1
36109,1
36110,0
36111,0
36112,2
36113,6
36114,3
36115,6
36116,6
36117,1
36118,2
36119,0
36120,2
36121,4
36122,2
36123,5
36124,4
36125,4
36126,1
36127,1
36128,0
36129,0
36130,2
36131,1
36132,4
36133,6
36134,6
36135,2
36136,2
36137,2
36138,0
36139,0
36140,6
36141,0
36142,0
36143,2
36144,0
36145,2
36146,2
36147,2
36148,6
36149,2
36150,4
36151,6
36152,0
36153,2
36154,0
36155,6
36156,2
36157,0
36158,4
36159,0
36160,1
36161,0
36162,2
36163,4
36164,2
36165,2
36166,2
36167,0
36168,2
36169,2
36170,2
36171,2
36172,2
36173,2
36174,6
36175,2
36176,0
36177,0
36178,0
36179,6
36180,6
36181,3
36182,0
36183,4
36184,6
36185,2
36186,1
36187,2
36188,1
36189,2
36190,0
36191,2
36192,0
36193,0
36194,2
36195,3
36196,0
36197,2
36198,4
36199,1
36200,2
36201,4
36202,1
36203,2
36204,1
36205,2
36206,0
36207,0
36208,2
36209,0
36210,2
36211,5
36212,1
36213,2
36214,0
36215,1
36216,2
36217,2
36218,0
36219,2
36220,1
36221,2
36222,0
36223,6
36224,0
36225,5
36226,0
36227,2
36228,2
36229,3
36230,5
36231,0
36232,2
36233,6
36234,6
36235,6
36236,2
36237,2
36238,2
36239,6
36240,4
36241,0
36242,6
36243,5
36244,6
36245,6
36246,2
36247,6
36248,2
36249,0
36250,0
36251,0
36252,2
36253,2
36254,0
36255,2
36256,6
36257,3
36258,6
36259,0
36260,2
36261,2
36262,4
36263,1
36264,2
36265,2
36266,0
36267,2
36268,4
36269,6
36270,2
36271,6
36272,6
36273,2
36274,3
36275,5
36276,6
36277,2
36278,2
36279,4
36280,2
36281,0
36282,5
36283,6
36284,6
36285,6
36286,2
36287,0
36288,0
36289,0
36290,6
36291,5
36292,4
36293,6
36294,4
36295,6
36296,0
36297,0
36298,2
36299,0
36300,2
36301,2
36302,2
36303,2
36304,2
36305,2
36306,6
36307,2
36308,2
36309,2
36310,2
36311,2
36312,0
36313,2
36314,6
36315,4
36316,2
36317,2
36318,6
36319,0
36320,0
36321,1
36322,4
36323,3
36324,6
36325,0
36326,4
36327,6
36328,2
36329,2
36330,2
36331,2
36332,2
36333,3
36334,0
36335,6
36336,3
36337,2
36338,2
36339,4
36340,0
36341,1
36342,5
36343,0
36344,4
36345,0
36346,6
36347,2
36348,2
36349,1
36350,4
36351,2
36352,1
36353,0
36354,2
36355,0
36356,2
36357,2
36358,2
36359,0
36360,2
36361,0
36362,0
36363,2
36364,0
36365,6
36366,2
36367,2
36368,4
36369,2
36370,2
36371,2
36372,2
36373,0
36374,2
36375,6
36376,1
36377,0
36378,5
36379,6
36380,5
36381,2
36382,6
36383,0
36384,0
36385,0
36386,3
36387,2
36388,1
36389,1
36390,2
36391,0
36392,2
36393,2
36394,4
36395,2
36396,2
36397,2
36398,1
36399,2
36400,1
36401,0
36402,0
36403,6
36404,0
36405,2
36406,6
36407,2
36408,2
36409,0
36410,2
36411,0
36412,6
36413,1
36414,6
36415,2
36416,4
36417,0
36418,0
36419,2
36420,0
36421,0
36422,5
36423,6
36424,0
36425,4
36426,4
36427,0
36428,5
36429,3
36430,0
36431,5
36432,4
36433,2
36434,0
36435,2
36436,2
36437,2
36438,6
36439,3
36440,2
36441,2
36442,2
36443,2
36444,5
36445,0
36446,0
36447,0
36448,0
36449,5
36450,2
36451,0
36452,2
36453,6
36454,0
36455,0
36456,3
36457,0
36458,2
36459,2
36460,2
36461,2
36462,6
36463,0
36464,5
36465,1
36466,2
36467,6
36468,0
36469,6
36470,2
36471,5
36472,2
36473,2
36474,2
36475,2
36476,2
36477,6
36478,0
36479,0
36480,0
36481,5
36482,0
36483,6
36484,2
36485,0
36486,2
36487,2
36488,1
36489,5
36490,1
36491,6
36492,1
36493,6
36494,2
36495,3
36496,0
36497,0
36498,0
36499,0
36500,4
36501,2
36502,5
36503,3
36504,0
36505,2
36506,0
36507,4
36508,2
36509,0
36510,2
36511,0
36512,0
36513,3
36514,0
36515,0
36516,0
36517,2
36518,2
36519,2
36520,2
36521,3
36522,2
36523,2
36524,0
36525,6
36526,0
36527,0
36528,1
36529,0
36530,2
36531,2
36532,2
36533,6
36534,2
36535,0
36536,0
36537,0
36538,5
36539,0
36540,0
36541,4
36542,2
36543,4
36544,2
36545,5
36546,0
36547,2
36548,2
36549,5
36550,2
36551,2
36552,0
36553,6
36554,0
36555,4
36556,2
36557,2
36558,0
36559,0
36560,2
36561,2
36562,6
36563,5
36564,4
36565,4
36566,2
36567,0
36568,3
36569,0
36570,2
36571,3
36572,2
36573,2
36574,2
36575,0
36576,3
36577,0
36578,2
36579,2
36580,1
36581,0
36582,4
36583,4
36584,0
36585,6
36586,4
36587,4
36588,0
36589,0
36590,2
36591,6
36592,0
36593,0
36594,2
36595,6
36596,3
36597,6
36598,2
36599,0
36600,0
36601,6
36602,5
36603,2
36604,2
36605,6
36606,2
36607,2
36608,1
36609,0
36610,2
36611,0
36612,2
36613,2
36614,3
36615,0
36616,0
36617,2
36618,0
36619,4
36620,1
36621,0
36622,2
36623,0
36624,5
36625,4
36626,3
36627,6
36628,0
36629,4
36630,0
36631,3
36632,3
36633,0
36634,2
36635,0
36636,2
36637,2
36638,0
36639,2
36640,2
36641,6
36642,4
36643,0
36644,2
36645,2
36646,0
36647,4
36648,2
36649,3
36650,2
36651,0
36652,4
36653,0
36654,2
36655,2
36656,0
36657,6
36658,2
36659,2
36660,2
36661,0
36662,4
36663,0
36664,0
36665,4
36666,2
36667,1
36668,0
36669,0
36670,6
36671,6
36672,2
36673,2
36674,1
36675,2
36676,0
36677,1
36678,4
36679,6
36680,0
36681,0
36682,2
36683,0
36684,0
36685,2
36686,0
36687,1
36688,0
36689,1
36690,2
36691,2
36692,4
36693,6
36694,2
36695,0
36696,6
36697,6
36698,0
36699,6
36700,2
36701,2
36702,6
36703,2
36704,2
36705,5
36706,4
36707,2
36708,4
36709,1
36710,0
36711,5
36712,2
36713,2
36714,6
36715,2
36716,4
36717,2
36718,2
36719,2
36720,2
36721,4
36722,0
36723,1
36724,0
36725,2
36726,1
36727,2
36728,2
36729,2
36730,0
36731,2
36732,2
36733,0
36734,6
36735,0
36736,0
36737,6
36738,2
36739,4
36740,2
36741,0
36742,0
36743,2
36744,0
36745,6
36746,0
36747,2
36748,2
36749,0
36750,2
36751,1
36752,2
36753,1
36754,2
36755,0
36756,0
36757,0
36758,2
36759,6
36760,5
36761,2
36762,4
36763,2
36764,2
36765,1
36766,3
36767,2
36768,1
36769,0
36770,3
36771,2
36772,2
36773,2
36774,5
36775,2
36776,2
36777,5
36778,0
36779,2
36780,1
36781,0
36782,2
36783,2
36784,0
36785,2
36786,0
36787,6
36788,6
36789,2
36790,2
36791,4
36792,2
36793,0
36794,2
36795,0
36796,2
36797,0
36798,2
36799,2
36800,0
36801,0
36802,4
36803,0
36804,2
36805,2
36806,4
36807,2
36808,2
36809,0
36810,4
36811,0
36812,6
36813,6
36814,2
36815,4
36816,0
36817,0
36818,0
36819,6
36820,4
36821,0
36822,2
36823,6
36824,2
36825,0
36826,0
36827,0
36828,6
36829,3
36830,2
36831,0
36832,2
36833,5
36834,1
36835,5
36836,6
36837,2
36838,2
36839,4
36840,6
36841,0
36842,1
36843,6
36844,0
36845,6
36846,6
36847,0
36848,6
36849,0
36850,1
36851,6
36852,6
36853,2
36854,5
36855,2
36856,6
36857,6
36858,5
36859,4
36860,0
36861,2
36862,2
36863,0
36864,0
36865,2
36866,0
36867,0
36868,1
36869,0
36870,0
36871,2
36872,2
36873,2
36874,2
36875,4
36876,0
36877,3
36878,3
36879,2
36880,0
36881,2
36882,4
36883,2
36884,2
36885,2
36886,2
36887,1
36888,2
36889,6
36890,5
36891,2
36892,0
36893,2
36894,0
36895,2
36896,0
36897,0
36898,0
36899,3
36900,6
36901,3
36902,6
36903,0
36904,4
36905,2
36906,0
36907,2
36908,1
36909,2
36910,2
36911,4
36912,2
36913,0
36914,1
36915,2
36916,2
36917,2
36918,2
36919,6
36920,6
36921,0
36922,2
36923,0
36924,4
36925,4
36926,4
36927,2
36928,2
36929,6
36930,6
36931,6
36932,5
36933,0
36934,4
36935,2
36936,6
36937,2
36938,6
36939,0
36940,4
36941,1
36942,0
36943,2
36944,6
36945,4
36946,0
36947,6
36948,4
36949,4
36950,6
36951,2
36952,2
36953,6
36954,5
36955,4
36956,0
36957,4
36958,5
36959,5
36960,0
36961,3
36962,0
36963,5
36964,2
36965,2
36966,4
36967,6
36968,2
36969,6
36970,2
36971,0
36972,0
36973,6
36974,0
36975,0
36976,4
36977,2
36978,2
36979,2
36980,0
36981,2
36982,2
36983,4
36984,1
36985,0
36986,6
36987,2
36988,5
36989,0
36990,0
36991,0
36992,1
36993,6
36994,2
36995,1
36996,2
36997,0
36998,2
36999,0
37000,3
37001,2
37002,2
37003,2
37004,0
37005,0
37006,0
37007,2
37008,0
37009,2
37010,6
37011,0
37012,2
37013,4
37014,0
37015,0
37016,3
37017,2
37018,0
37019,0
37020,2
37021,0
37022,6
37023,4
37024,3
37025,0
37026,4
37027,1
37028,6
37029,0
37030,2
37031,2
37032,0
37033,0
37034,4
37035,6
37036,5
37037,2
37038,6
37039,2
37040,2
37041,3
37042,6
37043,0
37044,3
37045,2
37046,0
37047,0
37048,2
37049,0
37050,2
37051,1
37052,6
37053,2
37054,6
37055,2
37056,2
37057,3
37058,1
37059,0
37060,0
37061,2
37062,0
37063,3
37064,6
37065,2
37066,1
37067,6
37068,2
37069,3
37070,6
37071,2
37072,6
37073,0
37074,2
37075,3
37076,0
37077,2
37078,2
37079,0
37080,0
37081,0
37082,0
37083,2
37084,2
37085,2
37086,6
37087,6
37088,4
37089,0
37090,2
37091,0
37092,0
37093,0
37094,2
37095,6
37096,6
37097,4
37098,2
37099,0
37100,2
37101,4
37102,2
37103,2
37104,2
37105,1
37106,0
37107,2
37108,6
37109,6
37110,6
37111,2
37112,0
37113,2
37114,0
37115,2
37116,2
37117,0
37118,2
37119,0
37120,3
37121,0
37122,5
37123,5
37124,2
37125,2
37126,2
37127,0
37128,0
37129,2
37130,1
37131,4
37132,1
37133,2
37134,2
37135,2
37136,2
37137,6
37138,2
37139,6
37140,6
37141,1
37142,4
37143,0
37144,1
37145,1
37146,2
37147,0
37148,0
37149,6
37150,0
37151,4
37152,2
37153,2
37154,0
37155,2
37156,5
37157,2
37158,6
37159,2
37160,6
37161,2
37162,6
37163,6
37164,0
37165,2
37166,3
37167,2
37168,2
37169,3
37170,0
37171,0
37172,2
37173,0
37174,4
37175,2
37176,2
37177,3
37178,2
37179,2
37180,0
37181,5
37182,0
37183,5
37184,6
37185,0
37186,2
37187,0
37188,6
37189,2
37190,0
37191,2
37192,2
37193,0
37194,2
37195,0
37196,6
37197,1
37198,2
37199,1
37200,0
37201,0
37202,0
37203,0
37204,2
37205,6
37206,3
37207,0
37208,2
37209,0
37210,6
37211,2
37212,2
37213,0
37214,2
37215,2
37216,6
37217,1
37218,0
37219,0
37220,2
37221,0
37222,1
37223,4
37224,6
37225,0
37226,6
37227,5
37228,0
37229,0
37230,2
37231,2
37232,0
37233,0
37234,0
37235,2
37236,4
37237,0
37238,2
37239,2
37240,2
37241,2
37242,2
37243,4
37244,2
37245,4
37246,6
37247,2
37248,0
37249,1
37250,0
37251,6
37252,2
37253,2
37254,2
37255,2
37256,6
37257,2
37258,2
37259,0
37260,2
37261,2
37262,5
37263,2
37264,5
37265,6
37266,2
37267,4
37268,1
37269,0
37270,2
37271,0
37272,0
37273,0
37274,0
37275,2
37276,2
37277,0
37278,2
37279,2
37280,0
37281,0
37282,2
37283,2
37284,6
37285,2
37286,0
37287,0
37288,5
37289,0
37290,2
37291,2
37292,0
37293,0
37294,1
37295,2
37296,0
37297,2
37298,2
37299,2
37300,2
37301,2
37302,6
37303,1
37304,4
37305,2
37306,2
37307,2
37308,2
37309,5
37310,2
37311,0
37312,0
37313,2
37314,0
37315,0
37316,1
37317,2
37318,5
37319,6
37320,0
37321,3
37322,2
37323,0
37324,0
37325,0
37326,2
37327,0
37328,0
37329,2
37330,0
37331,0
37332,2
37333,2
37334,2
37335,0
37336,2
37337,2
37338,2
37339,4
37340,4
37341,1
37342,0
37343,2
37344,2
37345,0
37346,2
37347,5
37348,3
37349,1
37350,0
37351,1
37352,3
37353,1
37354,2
37355,6
37356,0
37357,0
37358,2
37359,2
37360,2
37361,2
37362,0
37363,2
37364,4
37365,1
37366,3
37367,2
37368,0
37369,6
37370,2
37371,2
37372,2
37373,6
37374,2
37375,1
37376,2
37377,2
37378,2
37379,2
37380,0
37381,4
37382,1
37383,2
37384,4
37385,4
37386,5
37387,2
37388,0
37389,6
37390,4
37391,2
37392,2
37393,1
37394,0
37395,0
37396,6
37397,4
37398,6
37399,4
37400,1
37401,6
37402,2
37403,0
37404,2
37405,2
37406,0
37407,2
37408,2
37409,0
37410,5
37411,2
37412,2
37413,6
37414,3
37415,1
37416,2
37417,2
37418,1
37419,0
37420,1
37421,2
37422,0
37423,1
37424,2
37425,6
37426,2
37427,3
37428,1
37429,2
37430,4
37431,2
37432,6
37433,4
37434,6
37435,2
37436,0
37437,6
37438,0
37439,2
37440,2
37441,6
37442,1
37443,3
37444,2
37445,0
37446,2
37447,2
37448,1
37449,2
37450,3
37451,0
37452,2
37453,2
37454,2
37455,2
37456,1
37457,3
37458,2
37459,0
37460,0
37461,0
37462,2
37463,6
37464,6
37465,0
37466,2
37467,5
37468,0
37469,2
37470,2
37471,2
37472,2
37473,2
37474,2
37475,1
37476,2
37477,6
37478,0
37479,0
37480,5
37481,6
37482,2
37483,2
37484,0
37485,3
37486,2
37487,2
37488,0
37489,0
37490,0
37491,5
37492,1
37493,5
37494,6
37495,4
37496,2
37497,3
37498,6
37499,4
37500,4
37501,2
37502,2
37503,6
37504,1
37505,1
37506,1
37507,3
37508,1
37509,2
37510,0
37511,6
37512,5
37513,0
37514,0
37515,3
37516,6
37517,0
37518,0
37519,2
37520,4
37521,4
37522,0
37523,6
37524,2
37525,6
37526,4
37527,2
37528,2
37529,3
37530,1
37531,6
37532,6
37533,2
37534,2
37535,0
37536,2
37537,2
37538,1
37539,2
37540,6
37541,6
37542,3
37543,4
37544,6
37545,2
37546,1
37547,6
37548,2
37549,6
37550,0
37551,2
37552,0
37553,1
37554,4
37555,2
37556,6
37557,2
37558,2
37559,6
37560,0
37561,4
37562,4
37563,2
37564,6
37565,1
37566,2
37567,1
37568,6
37569,2
37570,2
37571,4
37572,2
37573,2
37574,0
37575,1
37576,2
37577,2
37578,2
37579,2
37580,5
37581,0
37582,2
37583,4
37584,2
37585,0
37586,0
37587,0
37588,6
37589,1
37590,2
37591,0
37592,2
37593,1
37594,2
37595,0
37596,4
37597,2
37598,2
37599,2
37600,1
37601,0
37602,0
37603,6
37604,6
37605,2
37606,0
37607,6
37608,0
37609,6
37610,1
37611,2
37612,0
37613,5
37614,2
37615,3
37616,2
37617,2
37618,3
37619,6
37620,1
37621,0
37622,1
37623,2
37624,0
37625,0
37626,2
37627,2
37628,0
37629,0
37630,2
37631,5
37632,0
37633,6
37634,0
37635,6
37636,2
37637,0
37638,4
37639,2
37640,0
37641,4
37642,0
37643,0
37644,0
37645,3
37646,0
37647,4
37648,4
37649,0
37650,2
37651,2
37652,0
37653,6
37654,0
37655,1
37656,0
37657,2
37658,5
37659,4
37660,0
37661,6
37662,0
37663,5
37664,0
37665,0
37666,2
37667,2
37668,2
37669,2
37670,2
37671,1
37672,2
37673,0
37674,0
37675,2
37676,6
37677,6
37678,6
37679,2
37680,5
37681,4
37682,0
37683,2
37684,0
37685,0
37686,0
37687,0
37688,6
37689,6
37690,0
37691,3
37692,5
37693,0
37694,3
37695,4
37696,0
37697,2
37698,2
37699,3
37700,4
37701,2
37702,2
37703,0
37704,2
37705,0
37706,2
37707,2
37708,0
37709,6
37710,4
37711,2
37712,2
37713,4
37714,0
37715,2
37716,3
37717,2
37718,0
37719,2
37720,0
37721,2
37722,0
37723,2
37724,2
37725,2
37726,2
37727,4
37728,6
37729,2
37730,6
37731,4
37732,6
37733,2
37734,2
37735,2
37736,3
37737,4
37738,4
37739,3
37740,2
37741,2
37742,0
37743,1
37744,2
37745,5
37746,2
37747,2
37748,2
37749,0
37750,2
37751,3
37752,2
37753,4
37754,3
37755,2
37756,2
37757,0
37758,2
37759,4
37760,2
37761,0
37762,2
37763,2
37764,1
37765,4
37766,2
37767,5
37768,2
37769,1
37770,6
37771,3
37772,0
37773,0
37774,0
37775,5
37776,2
37777,4
37778,2
37779,3
37780,5
37781,2
37782,2
37783,0
37784,4
37785,1
37786,6
37787,2
37788,2
37789,2
37790,2
37791,2
37792,2
37793,2
37794,4
37795,2
37796,6
37797,4
37798,2
37799,2
37800,0
37801,2
37802,6
37803,2
37804,2
37805,5
37806,2
37807,0
37808,2
37809,0
37810,6
37811,6
37812,2
37813,2
37814,2
37815,2
37816,5
37817,2
37818,6
37819,2
37820,0
37821,0
37822,0
37823,2
37824,0
37825,6
37826,2
37827,3
37828,0
37829,6
37830,1
37831,0
37832,0
37833,6
37834,6
37835,5
37836,6
37837,4
37838,4
37839,0
37840,0
37841,2
37842,2
37843,3
37844,2
37845,2
37846,6
37847,0
37848,0
37849,2
37850,6
37851,6
37852,0
37853,0
37854,2
37855,2
37856,3
37857,6
37858,6
37859,5
37860,0
37861,6
37862,0
37863,0
37864,3
37865,2
37866,6
37867,0
37868,0
37869,3
37870,2
37871,0
37872,5
37873,2
37874,0
37875,4
37876,2
37877,0
37878,0
37879,6
37880,1
37881,6
37882,2
37883,1
37884,1
37885,0
37886,0
37887,0
37888,0
37889,0
37890,2
37891,0
37892,6
37893,0
37894,2
37895,6
37896,1
37897,2
37898,2
37899,2
37900,0
37901,6
37902,0
37903,2
37904,2
37905,2
37906,0
37907,6
37908,2
37909,2
37910,6
37911,0
37912,2
37913,2
37914,0
37915,4
37916,2
37917,5
37918,2
37919,0
37920,6
37921,2
37922,2
37923,0
37924,0
37925,3
37926,3
37927,6
37928,0
37929,2
37930,4
37931,2
37932,0
37933,2
37934,2
37935,1
37936,2
37937,0
37938,1
37939,0
37940,0
37941,2
37942,3
37943,2
37944,2
37945,4
37946,0
37947,4
37948,6
37949,2
37950,0
37951,2
37952,2
37953,2
37954,4
37955,2
37956,2
37957,2
37958,2
37959,0
37960,0
37961,2
37962,2
37963,6
37964,2
37965,1
37966,2
37967,0
37968,0
37969,0
37970,2
37971,6
37972,2
37973,0
37974,2
37975,2
37976,0
37977,5
37978,2
37979,2
37980,3
37981,2
37982,0
37983,4
37984,2
37985,4
37986,2
37987,1
37988,6
37989,0
37990,1
37991,2
37992,6
37993,0
37994,0
37995,5
37996,1
37997,1
37998,2
37999,4
38000,2
38001,2
38002,5
38003,5
38004,2
38005,2
38006,0
38007,4
38008,2
38009,0
38010,4
38011,4
38012,4
38013,6
38014,0
38015,2
38016,2
38017,2
38018,2
38019,2
38020,2
38021,2
38022,0
38023,0
38024,6
38025,0
38026,2
38027,2
38028,0
38029,1
38030,1
38031,6
38032,6
38033,3
38034,0
38035,6
38036,3
38037,0
38038,2
38039,6
38040,4
38041,0
38042,2
38043,6
38044,1
38045,2
38046,0
38047,1
38048,5
38049,2
38050,5
38051,3
38052,2
38053,2
38054,2
38055,2
38056,6
38057,1
38058,5
38059,4
38060,4
38061,2
38062,1
38063,4
38064,5
38065,1
38066,1
38067,4
38068,2
38069,0
38070,6
38071,0
38072,6
38073,0
38074,2
38075,0
38076,6
38077,3
38078,2
38079,4
38080,4
38081,0
38082,5
38083,2
38084,2
38085,3
38086,1
38087,6
38088,6
38089,2
38090,0
38091,0
38092,6
38093,6
38094,2
38095,2
38096,2
38097,2
38098,6
38099,0
38100,0
38101,6
38102,0
38103,2
38104,4
38105,0
38106,2
38107,1
38108,2
38109,4
38110,2
38111,2
38112,2
38113,4
38114,0
38115,2
38116,0
38117,0
38118,2
38119,1
38120,2
38121,3
38122,0
38123,2
38124,2
38125,2
38126,0
38127,0
38128,6
38129,3
38130,2
38131,2
38132,3
38133,0
38134,2
38135,2
38136,2
38137,0
38138,2
38139,3
38140,2
38141,2
38142,0
38143,0
38144,1
38145,2
38146,4
38147,2
38148,1
38149,0
38150,2
38151,4
38152,3
38153,2
38154,6
38155,2
38156,0
38157,2
38158,2
38159,6
38160,0
38161,4
38162,0
38163,0
38164,1
38165,6
38166,2
38167,0
38168,2
38169,0
38170,2
38171,3
38172,6
38173,1
38174,0
38175,6
38176,0
38177,2
38178,2
38179,1
38180,1
38181,1
38182,2
38183,3
38184,0
38185,4
38186,4
38187,1
38188,4
38189,0
38190,2
38191,2
38192,0
38193,2
38194,4
38195,6
38196,2
38197,2
38198,4
38199,2
38200,2
38201,0
38202,0
38203,2
38204,2
38205,1
38206,2
38207,0
38208,0
38209,0
38210,1
38211,2
38212,2
38213,2
38214,2
38215,4
38216,0
38217,0
38218,0
38219,2
38220,4
38221,4
38222,4
38223,0
38224,0
38225,0
38226,0
38227,0
38228,2
38229,6
38230,2
38231,0
38232,2
38233,2
38234,2
38235,6
38236,0
38237,2
38238,4
38239,0
38240,2
38241,0
38242,4
38243,0
38244,0
38245,0
38246,2
38247,2
38248,0
38249,2
38250,1
38251,6
38252,0
38253,0
38254,3
38255,0
38256,1
38257,6
38258,6
38259,2
38260,4
38261,6
38262,0
38263,6
38264,2
38265,1
38266,2
38267,2
38268,2
38269,4
38270,1
38271,2
38272,0
38273,0
38274,0
38275,2
38276,0
38277,5
38278,0
38279,5
38280,0
38281,6
38282,0
38283,2
38284,2
38285,6
38286,0
38287,0
38288,0
38289,2
38290,0
38291,2
38292,0
38293,0
38294,0
38295,0
38296,0
38297,2
38298,2
38299,2
38300,2
38301,3
38302,2
38303,0
38304,0
38305,1
38306,2
38307,6
38308,0
38309,4
38310,3
38311,2
38312,4
38313,3
38314,2
38315,4
38316,5
38317,2
38318,2
38319,0
38320,0
38321,2
38322,2
38323,2
38324,2
38325,5
38326,2
38327,6
38328,2
38329,6
38330,2
38331,4
38332,4
38333,3
38334,0
38335,0
38336,2
38337,6
38338,3
38339,2
38340,0
38341,5
38342,0
38343,2
38344,2
38345,0
38346,2
38347,2
38348,2
38349,0
38350,0
38351,1
38352,0
38353,6
38354,4
38355,1
38356,5
38357,4
38358,2
38359,0
38360,0
38361,2
38362,2
38363,1
38364,1
38365,0
38366,2
38367,0
38368,0
38369,0
38370,5
38371,0
38372,1
38373,3
38374,4
38375,2
38376,2
38377,2
38378,2
38379,2
38380,6
38381,5
38382,6
38383,0
38384,0
38385,0
38386,5
38387,0
38388,3
38389,0
38390,0
38391,4
38392,0
38393,2
38394,4
38395,2
38396,2
38397,0
38398,2
38399,0
38400,0
38401,2
38402,1
38403,6
38404,2
38405,2
38406,0
38407,1
38408,2
38409,0
38410,2
38411,4
38412,2
38413,6
38414,2
38415,4
38416,4
38417,2
38418,2
38419,2
38420,2
38421,0
38422,2
38423,5
38424,0
38425,2
38426,2
38427,2
38428,3
38429,2
38430,3
38431,2
38432,1
38433,5
38434,0
38435,2
38436,0
38437,6
38438,0
38439,0
38440,5
38441,4
38442,4
38443,6
38444,0
38445,2
38446,2
38447,6
38448,0
38449,2
38450,0
38451,0
38452,0
38453,4
38454,6
38455,6
38456,2
38457,0
38458,1
38459,2
38460,0
38461,5
38462,2
38463,2
38464,0
38465,2
38466,2
38467,0
38468,2
38469,2
38470,4
38471,2
38472,2
38473,6
38474,0
38475,0
38476,0
38477,4
38478,0
38479,0
38480,6
38481,0
38482,2
38483,1
38484,2
38485,2
38486,0
38487,0
38488,2
38489,3
38490,1
38491,2
38492,2
38493,2
38494,2
38495,6
38496,4
38497,0
38498,2
38499,6
38500,2
38501,2
38502,0
38503,1
38504,2
38505,2
38506,5
38507,4
38508,2
38509,2
38510,2
38511,0
38512,0
38513,6
38514,0
38515,2
38516,0
38517,6
38518,0
38519,0
38520,6
38521,0
38522,2
38523,2
38524,1
38525,4
38526,0
38527,6
38528,0
38529,4
38530,2
38531,5
38532,2
38533,0
38534,2
38535,0
38536,2
38537,6
38538,2
38539,2
38540,6
38541,5
38542,6
38543,6
38544,0
38545,0
38546,2
38547,6
38548,0
38549,6
38550,6
38551,0
38552,0
38553,6
38554,2
38555,0
38556,3
38557,2
38558,1
38559,2
38560,0
38561,2
38562,0
38563,0
38564,0
38565,6
38566,2
38567,6
38568,0
38569,4
38570,5
38571,3
38572,6
38573,2
38574,6
38575,0
38576,2
38577,4
38578,2
38579,0
38580,2
38581,0
38582,2
38583,2
38584,2
38585,6
38586,2
38587,2
38588,0
38589,0
38590,4
38591,6
38592,1
38593,6
38594,6
38595,0
38596,2
38597,2
38598,1
38599,0
38600,0
38601,2
38602,4
38603,2
38604,6
38605,0
38606,6
38607,6
38608,4
38609,1
38610,2
38611,0
38612,2
38613,2
38614,4
38615,0
38616,0
38617,0
38618,2
38619,2
38620,0
38621,0
38622,6
38623,6
38624,0
38625,4
38626,2
38627,2
38628,2
38629,3
38630,6
38631,2
38632,0
38633,2
38634,0
38635,2
38636,5
38637,2
38638,2
38639,2
38640,2
38641,2
38642,2
38643,0
38644,0
38645,0
38646,0
38647,0
38648,0
38649,0
38650,4
38651,2
38652,5
38653,2
38654,6
38655,6
38656,0
38657,2
38658,0
38659,0
38660,0
38661,2
38662,2
38663,2
38664,0
38665,0
38666,0
38667,0
38668,2
38669,5
38670,0
38671,2
38672,5
38673,5
38674,2
38675,2
38676,1
38677,2
38678,6
38679,2
38680,4
38681,2
38682,3
38683,4
38684,6
38685,1
38686,3
38687,0
38688,2
38689,2
38690,2
38691,0
38692,6
38693,2
38694,2
38695,3
38696,6
38697,0
38698,6
38699,2
38700,0
38701,2
38702,2
38703,2
38704,0
38705,4
38706,6
38707,1
38708,5
38709,0
38710,4
38711,2
38712,3
38713,2
38714,0
38715,0
38716,0
38717,5
38718,2
38719,1
38720,6
38721,0
38722,2
38723,0
38724,2
38725,0
38726,2
38727,0
38728,6
38729,2
38730,0
38731,5
38732,2
38733,5
38734,2
38735,1
38736,6
38737,6
38738,0
38739,2
38740,2
38741,6
38742,3
38743,2
38744,2
38745,6
38746,1
38747,6
38748,2
38749,2
38750,6
38751,2
38752,6
38753,2
38754,0
38755,0
38756,0
38757,2
38758,0
38759,6
38760,0
38761,2
38762,2
38763,2
38764,6
38765,6
38766,2
38767,6
38768,6
38769,6
38770,3
38771,3
38772,2
38773,0
38774,2
38775,0
38776,0
38777,4
38778,6
38779,3
38780,6
38781,0
38782,4
38783,2
38784,1
38785,2
38786,2
38787,6
38788,2
38789,2
38790,2
38791,2
38792,6
38793,2
38794,2
38795,5
38796,2
38797,0
38798,2
38799,6
38800,4
38801,1
38802,4
38803,4
38804,2
38805,2
38806,2
38807,4
38808,1
38809,2
38810,0
38811,2
38812,6
38813,6
38814,1
38815,0
38816,2
38817,2
38818,0
38819,3
38820,0
38821,1
38822,2
38823,2
38824,2
38825,3
38826,2
38827,6
38828,1
38829,2
38830,3
38831,0
38832,2
38833,4
38834,2
38835,2
38836,2
38837,0
38838,6
38839,2
38840,2
38841,2
38842,2
38843,5
38844,2
38845,2
38846,0
38847,3
38848,2
38849,2
38850,2
38851,0
38852,4
38853,2
38854,0
38855,0
38856,0
38857,4
38858,6
38859,6
38860,6
38861,2
38862,0
38863,1
38864,2
38865,0
38866,2
38867,4
38868,1
38869,6
38870,6
38871,6
38872,2
38873,2
38874,0
38875,2
38876,6
38877,2
38878,0
38879,2
38880,4
38881,2
38882,2
38883,2
38884,1
38885,5
38886,0
38887,1
38888,2
38889,6
38890,2
38891,1
38892,0
38893,2
38894,0
38895,0
38896,2
38897,2
38898,2
38899,4
38900,6
38901,2
38902,6
38903,0
38904,2
38905,0
38906,6
38907,2
38908,2
38909,5
38910,2
38911,4
38912,0
38913,2
38914,6
38915,0
38916,0
38917,6
38918,2
38919,2
38920,3
38921,0
38922,2
38923,2
38924,0
38925,0
38926,4
38927,6
38928,0
38929,2
38930,3
38931,0
38932,1
38933,6
38934,2
38935,1
38936,4
38937,0
38938,2
38939,0
38940,6
38941,2
38942,2
38943,2
38944,5
38945,5
38946,2
38947,4
38948,0
38949,1
38950,5
38951,4
38952,0
38953,2
38954,0
38955,2
38956,2
38957,0
38958,6
38959,2
38960,1
38961,0
38962,2
38963,2
38964,6
38965,2
38966,2
38967,2
38968,0
38969,2
38970,2
38971,2
38972,0
38973,4
38974,2
38975,2
38976,0
38977,2
38978,6
38979,4
38980,4
38981,2
38982,4
38983,4
38984,5
38985,6
38986,6
38987,3
38988,2
38989,4
38990,0
38991,5
38992,0
38993,1
38994,2
38995,1
38996,6
38997,1
38998,1
38999,6
39000,0
39001,0
39002,0
39003,2
39004,2
39005,4
39006,2
39007,4
39008,0
39009,0
39010,0
39011,2
39012,2
39013,0
39014,4
39015,2
39016,6
39017,2
39018,5
39019,4
39020,2
39021,4
39022,0
39023,2
39024,0
39025,2
39026,2
39027,0
39028,2
39029,5
39030,0
39031,2
39032,6
39033,0
39034,2
39035,2
39036,5
39037,2
39038,4
39039,2
39040,2
39041,5
39042,6
39043,0
39044,2
39045,6
39046,2
39047,2
39048,0
39049,4
39050,1
39051,0
39052,5
39053,0
39054,2
39055,2
39056,4
39057,6
39058,2
39059,0
39060,0
39061,2
39062,6
39063,4
39064,6
39065,2
39066,6
39067,0
39068,0
39069,3
39070,2
39071,2
39072,1
39073,2
39074,0
39075,6
39076,0
39077,2
39078,2
39079,4
39080,4
39081,6
39082,0
39083,0
39084,0
39085,0
39086,5
39087,0
39088,6
39089,2
39090,5
39091,2
39092,2
39093,4
39094,2
39095,2
39096,2
39097,2
39098,2
39099,0
39100,2
39101,2
39102,3
39103,2
39104,6
39105,5
39106,5
39107,2
39108,2
39109,0
39110,0
39111,6
39112,2
39113,6
39114,4
39115,0
39116,0
39117,1
39118,1
39119,2
39120,2
39121,4
39122,6
39123,2
39124,2
39125,2
39126,4
39127,6
39128,2
39129,2
39130,4
39131,2
39132,0
39133,6
39134,0
39135,2
39136,0
39137,2
39138,6
39139,2
39140,6
39141,0
39142,0
39143,2
39144,0
39145,0
39146,0
39147,0
39148,2
39149,2
39150,6
39151,2
39152,4
39153,0
39154,2
39155,4
39156,6
39157,2
39158,0
39159,0
39160,0
39161,6
39162,0
39163,2
39164,0
39165,6
39166,0
39167,0
39168,2
39169,6
39170,2
39171,2
39172,6
39173,0
39174,6
39175,2
39176,3
39177,1
39178,3
39179,0
39180,0
39181,2
39182,2
39183,1
39184,2
39185,2
39186,2
39187,4
39188,6
39189,4
39190,0
39191,1
39192,2
39193,0
39194,2
39195,6
39196,1
39197,6
39198,1
39199,6
39200,2
39201,2
39202,2
39203,6
39204,2
39205,2
39206,3
39207,2
39208,2
39209,2
39210,0
39211,2
39212,2
39213,0
39214,2
39215,1
39216,2
39217,0
39218,2
39219,6
39220,1
39221,2
39222,4
39223,0
39224,2
39225,2
39226,2
39227,2
39228,6
39229,2
39230,4
39231,1
39232,2
39233,1
39234,0
39235,2
39236,2
39237,0
39238,5
39239,6
39240,3
39241,2
39242,2
39243,2
39244,6
39245,1
39246,2
39247,2
39248,1
39249,6
39250,6
39251,2
39252,6
39253,2
39254,2
39255,2
39256,2
39257,6
39258,1
39259,0
39260,0
39261,4
39262,0
39263,0
39264,2
39265,4
39266,0
39267,1
39268,2
39269,2
39270,2
39271,2
39272,2
39273,2
39274,4
39275,0
39276,2
39277,1
39278,2
39279,2
39280,2
39281,2
39282,2
39283,2
39284,6
39285,1
39286,0
39287,2
39288,0
39289,0
39290,2
39291,0
39292,2
39293,0
39294,0
39295,2
39296,2
39297,2
39298,2
39299,2
39300,0
39301,6
39302,2
39303,2
39304,6
39305,2
39306,2
39307,0
39308,3
39309,2
39310,2
39311,0
39312,3
39313,2
39314,2
39315,2
39316,2
39317,2
39318,0
39319,3
39320,2
39321,0
39322,0
39323,5
39324,0
39325,0
39326,1
39327,1
39328,6
39329,2
39330,1
39331,2
39332,4
39333,2
39334,0
39335,2
39336,2
39337,2
39338,0
39339,6
39340,0
39341,2
39342,2
39343,1
39344,1
39345,2
39346,2
39347,1
39348,2
39349,0
39350,1
39351,2
39352,2
39353,0
39354,2
39355,5
39356,4
39357,3
39358,3
39359,6
39360,6
39361,6
39362,0
39363,0
39364,2
39365,2
39366,5
39367,0
39368,2
39369,2
39370,0
39371,0
39372,6
39373,2
39374,2
39375,1
39376,0
39377,0
39378,1
39379,0
39380,5
39381,2
39382,1
39383,0
39384,0
39385,0
39386,0
39387,4
39388,2
39389,2
39390,0
39391,4
39392,3
39393,0
39394,2
39395,0
39396,6
39397,4
39398,6
39399,6
39400,6
39401,2
39402,6
39403,4
39404,4
39405,2
39406,2
39407,2
39408,6
39409,0
39410,1
39411,0
39412,2
39413,2
39414,2
39415,1
39416,2
39417,1
39418,2
39419,2
39420,6
39421,2
39422,0
39423,6
39424,2
39425,6
39426,2
39427,0
39428,6
39429,5
39430,0
39431,3
39432,2
39433,2
39434,2
39435,2
39436,5
39437,0
39438,0
39439,0
39440,6
39441,6
39442,2
39443,2
39444,5
39445,6
39446,0
39447,2
39448,4
39449,2
39450,0
39451,1
39452,0
39453,0
39454,0
39455,3
39456,1
39457,6
39458,4
39459,2
39460,0
39461,2
39462,1
39463,4
39464,6
39465,0
39466,2
39467,5
39468,0
39469,4
39470,2
39471,2
39472,2
39473,0
39474,6
39475,2
39476,0
39477,6
39478,0
39479,2
39480,5
39481,0
39482,0
39483,4
39484,3
39485,0
39486,4
39487,0
39488,0
39489,5
39490,1
39491,6
39492,2
39493,1
39494,0
39495,2
39496,2
39497,2
39498,0
39499,0
39500,2
39501,3
39502,2
39503,2
39504,4
39505,2
39506,1
39507,1
39508,2
39509,2
39510,2
39511,2
39512,6
39513,1
39514,0
39515,2
39516,2
39517,0
39518,0
39519,1
39520,2
39521,2
39522,2
39523,0
39524,6
39525,2
39526,0
39527,2
39528,6
39529,0
39530,0
39531,2
39532,4
39533,3
39534,2
39535,6
39536,4
39537,3
39538,5
39539,2
39540,6
39541,4
39542,0
39543,6
39544,4
39545,0
39546,2
39547,2
39548,2
39549,1
39550,4
39551,1
39552,2
39553,2
39554,6
39555,3
39556,3
39557,2
39558,2
39559,2
39560,4
39561,2
39562,2
39563,2
39564,0
39565,6
39566,3
39567,2
39568,5
39569,6
39570,2
39571,0
39572,0
39573,2
39574,2
39575,6
39576,5
39577,2
39578,0
39579,0
39580,0
39581,0
39582,2
39583,2
39584,0
39585,2
39586,0
39587,2
39588,1
39589,0
39590,2
39591,6
39592,0
39593,4
39594,2
39595,2
39596,2
39597,2
39598,2
39599,2
39600,2
39601,0
39602,2
39603,6
39604,6
39605,0
39606,0
39607,0
39608,0
39609,1
39610,6
39611,2
39612,2
39613,2
39614,0
39615,2
39616,6
39617,2
39618,2
39619,2
39620,6
39621,2
39622,2
39623,2
39624,0
39625,2
39626,5
39627,6
39628,4
39629,2
39630,2
39631,0
39632,6
39633,6
39634,0
39635,6
39636,0
39637,2
39638,2
39639,1
39640,2
39641,2
39642,0
39643,2
39644,2
39645,2
39646,2
39647,2
39648,0
39649,2
39650,0
39651,1
39652,5
39653,0
39654,4
39655,4
39656,2
39657,2
39658,2
39659,0
39660,1
39661,6
39662,3
39663,2
39664,2
39665,5
39666,5
39667,2
39668,2
39669,4
39670,1
39671,0
39672,0
39673,0
39674,2
39675,0
39676,0
39677,1
39678,2
39679,6
39680,6
39681,2
39682,0
39683,0
39684,2
39685,4
39686,2
39687,4
39688,4
39689,0
39690,0
39691,2
39692,2
39693,6
39694,0
39695,2
39696,2
39697,2
39698,2
39699,2
39700,3
39701,2
39702,2
39703,5
39704,0
39705,2
39706,6
39707,2
39708,4
39709,2
39710,0
39711,0
39712,0
39713,6
39714,1
39715,2
39716,4
39717,6
39718,6
39719,6
39720,0
39721,2
39722,6
39723,6
39724,2
39725,0
39726,2
39727,6
39728,2
39729,0
39730,0
39731,2
39732,2
39733,3
39734,2
39735,6
39736,0
39737,6
39738,3
39739,6
39740,0
39741,0
39742,6
39743,6
39744,4
39745,2
39746,6
39747,2
39748,2
39749,6
39750,2
39751,0
39752,2
39753,6
39754,3
39755,6
39756,4
39757,0
39758,6
39759,2
39760,6
39761,4
39762,2
39763,1
39764,2
39765,3
39766,0
39767,0
39768,2
39769,0
39770,2
39771,0
39772,0
39773,6
39774,2
39775,4
39776,2
39777,2
39778,4
39779,0
39780,1
39781,0
39782,4
39783,3
39784,0
39785,2
39786,6
39787,6
39788,5
39789,0
39790,2
39791,0
39792,2
39793,6
39794,5
39795,2
39796,2
39797,2
39798,0
39799,2
39800,3
39801,2
39802,2
39803,2
39804,2
39805,6
39806,2
39807,6
39808,4
39809,1
39810,0
39811,0
39812,0
39813,2
39814,2
39815,4
39816,6
39817,2
39818,0
39819,2
39820,2
39821,0
39822,2
39823,2
39824,2
39825,2
39826,3
39827,1
39828,5
39829,6
39830,0
39831,2
39832,6
39833,0
39834,6
39835,6
39836,2
39837,3
39838,2
39839,2
39840,0
39841,0
39842,2
39843,0
39844,0
39845,1
39846,2
39847,0
39848,2
39849,2
39850,2
39851,0
39852,2
39853,0
39854,2
39855,6
39856,0
39857,3
39858,5
39859,6
39860,2
39861,6
39862,6
39863,0
39864,2
39865,2
39866,2
39867,6
39868,0
39869,5
39870,0
39871,2
39872,6
39873,1
39874,2
39875,2
39876,5
39877,6
39878,2
39879,6
39880,2
39881,2
39882,2
39883,5
39884,1
39885,2
39886,4
39887,2
39888,2
39889,6
39890,1
39891,0
39892,2
39893,0
39894,0
39895,0
39896,2
39897,0
39898,2
39899,1
39900,2
39901,4
39902,0
39903,2
39904,0
39905,5
39906,0
39907,0
39908,1
39909,2
39910,0
39911,3
39912,2
39913,0
39914,2
39915,6
39916,2
39917,6
39918,0
39919,2
39920,0
39921,6
39922,1
39923,6
39924,0
39925,1
39926,2
39927,2
39928,6
39929,1
39930,2
39931,4
39932,2
39933,0
39934,0
39935,2
39936,0
39937,2
39938,4
39939,0
39940,2
39941,2
39942,2
39943,1
39944,0
39945,3
39946,0
39947,6
39948,0
39949,0
39950,2
39951,2
39952,6
39953,0
39954,0
39955,0
39956,4
39957,2
39958,2
39959,1
39960,6
39961,0
39962,2
39963,2
39964,1
39965,5
39966,2
39967,0
39968,0
39969,2
39970,0
39971,2
39972,2
39973,1
39974,2
39975,2
39976,2
39977,0
39978,0
39979,2
39980,2
39981,2
39982,2
39983,2
39984,0
39985,4
39986,0
39987,0
39988,0
39989,0
39990,0
39991,6
39992,2
39993,2
39994,0
39995,5
39996,4
39997,2
39998,2
39999,2
40000,1
40001,6
40002,2
40003,2
40004,2
40005,0
40006,6
40007,0
40008,2
40009,2
40010,6
40011,0
40012,1
40013,2
40014,0
40015,0
40016,2
40017,2
40018,3
40019,2
40020,0
40021,2
40022,6
40023,2
40024,2
40025,2
40026,2
40027,2
40028,2
40029,1
40030,1
40031,0
40032,2
40033,6
40034,3
40035,2
40036,1
40037,0
40038,6
40039,2
40040,6
40041,0
40042,2
40043,0
40044,2
40045,5
40046,4
40047,2
40048,3
40049,4
40050,2
40051,3
40052,4
40053,2
40054,2
40055,2
40056,2
40057,2
40058,2
40059,1
40060,4
40061,6
40062,0
40063,2
40064,6
40065,3
40066,4
40067,0
40068,0
40069,5
40070,4
40071,4
40072,0
40073,2
40074,0
40075,0
40076,2
40077,1
40078,2
40079,0
40080,2
40081,2
40082,6
40083,0
40084,0
40085,1
40086,2
40087,6
40088,2
40089,2
40090,4
40091,0
40092,5
40093,6
40094,6
40095,2
40096,5
40097,1
40098,3
40099,0
40100,2
40101,0
40102,2
40103,4
40104,0
40105,4
40106,2
40107,2
40108,2
40109,0
40110,0
40111,3
40112,2
40113,3
40114,0
40115,0
40116,6
40117,6
40118,5
40119,2
40120,5
40121,6
40122,0
40123,2
40124,2
40125,0
40126,2
40127,0
40128,1
40129,6
40130,0
40131,6
40132,6
40133,3
40134,4
40135,1
40136,6
40137,0
40138,5
40139,3
40140,6
40141,2
40142,0
40143,1
40144,0
40145,4
40146,6
40147,4
40148,1
40149,2
40150,2
40151,2
40152,4
40153,6
40154,2
40155,3
40156,0
40157,0
40158,0
40159,0
40160,0
40161,1
40162,4
40163,0
40164,0
40165,4
40166,2
40167,6
40168,0
40169,0
40170,2
40171,0
40172,2
40173,3
40174,2
40175,1
40176,2
40177,2
40178,2
40179,6
40180,4
40181,4
40182,0
40183,6
40184,5
40185,6
40186,6
40187,2
40188,3
40189,0
40190,2
40191,5
40192,2
40193,2
40194,0
40195,0
40196,1
40197,2
40198,2
40199,0
40200,0
40201,6
40202,2
40203,2
40204,2
40205,2
40206,0
40207,1
40208,2
40209,2
40210,0
40211,6
40212,0
40213,6
40214,2
40215,2
40216,2
40217,2
40218,0
40219,6
40220,0
40221,0
40222,4
40223,6
40224,6
40225,2
40226,5
40227,6
40228,2
40229,2
40230,0
40231,5
40232,2
40233,0
40234,0
40235,2
40236,5
40237,0
40238,2
40239,0
40240,6
40241,2
40242,2
40243,4
40244,2
40245,2
40246,2
40247,2
40248,0
40249,2
40250,6
40251,0
40252,2
40253,0
40254,2
40255,0
40256,5
40257,2
40258,0
40259,2
40260,5
40261,0
40262,6
40263,2
40264,0
40265,2
40266,6
40267,2
40268,0
40269,0
40270,0
40271,4
40272,2
40273,0
40274,2
40275,2
40276,4
40277,6
40278,1
40279,2
40280,4
40281,3
40282,0
40283,4
40284,6
40285,3
40286,2
40287,4
40288,2
40289,0
40290,4
40291,6
40292,6
40293,0
40294,2
40295,2
40296,3
40297,4
40298,5
40299,2
40300,6
40301,2
40302,2
40303,0
40304,2
40305,6
40306,2
40307,3
40308,3
40309,5
40310,2
40311,0
40312,0
40313,6
40314,6
40315,0
40316,4
40317,4
40318,1
40319,2
40320,3
40321,4
40322,2
40323,2
40324,2
40325,4
40326,2
40327,6
40328,2
40329,2
40330,6
40331,0
40332,2
40333,4
40334,2
40335,0
40336,5
40337,0
40338,0
40339,2
40340,2
40341,0
40342,6
40343,6
40344,2
40345,0
40346,0
40347,0
40348,5
40349,2
40350,2
40351,2
40352,2
40353,2
40354,2
40355,2
40356,2
40357,2
40358,2
40359,2
40360,0
40361,2
40362,6
40363,2
40364,2
40365,2
40366,5
40367,0
40368,2
40369,0
40370,4
40371,5
40372,0
40373,6
40374,0
40375,4
40376,2
40377,0
40378,0
40379,2
40380,2
40381,6
40382,2
40383,0
40384,2
40385,2
40386,2
40387,0
40388,4
40389,1
40390,6
40391,6
40392,5
40393,5
40394,5
40395,4
40396,6
40397,0
40398,4
40399,2
40400,3
40401,2
40402,3
40403,2
40404,2
40405,2
40406,3
40407,0
40408,0
40409,2
40410,3
40411,2
40412,6
40413,2
40414,4
40415,0
40416,4
40417,2
40418,6
40419,3
40420,5
40421,2
40422,2
40423,0
40424,2
40425,2
40426,5
40427,0
40428,0
40429,0
40430,2
40431,1
40432,2
40433,2
40434,2
40435,2
40436,0
40437,2
40438,0
40439,2
40440,2
40441,0
40442,2
40443,4
40444,0
40445,0
40446,6
40447,0
40448,1
40449,3
40450,0
40451,0
40452,3
40453,5
40454,2
40455,0
40456,0
40457,2
40458,3
40459,6
40460,1
40461,4
40462,6
40463,2
40464,6
40465,6
40466,0
40467,0
40468,1
40469,2
40470,5
40471,2
40472,0
40473,2
40474,2
40475,4
40476,2
40477,2
40478,3
40479,2
40480,2
40481,3
40482,2
40483,6
40484,2
40485,2
40486,2
40487,4
40488,1
40489,0
40490,4
40491,0
40492,6
40493,0
40494,1
40495,6
40496,2
40497,2
40498,3
40499,2
40500,6
40501,0
40502,3
40503,0
40504,2
40505,0
40506,1
40507,2
40508,2
40509,2
40510,2
40511,6
40512,2
40513,5
40514,2
40515,0
40516,2
40517,4
40518,2
40519,2
40520,5
40521,2
40522,3
40523,2
40524,0
40525,4
40526,0
40527,0
40528,4
40529,4
40530,2
40531,2
40532,4
40533,6
40534,2
40535,6
40536,6
40537,0
40538,6
40539,0
40540,3
40541,2
40542,2
40543,2
40544,5
40545,2
40546,2
40547,2
40548,6
40549,0
40550,4
40551,1
40552,6
40553,2
40554,6
40555,0
40556,0
40557,2
40558,0
40559,2
40560,5
40561,2
40562,4
40563,6
40564,6
40565,6
40566,2
40567,2
40568,2
40569,6
40570,0
40571,2
40572,3
40573,6
40574,1
40575,0
40576,1
40577,1
40578,4
40579,2
40580,0
40581,2
40582,6
40583,3
40584,6
40585,1
40586,2
40587,4
40588,0
40589,6
40590,2
40591,0
40592,2
40593,1
40594,2
40595,2
40596,5
40597,2
40598,2
40599,0
40600,2
40601,2
40602,2
40603,1
40604,0
40605,0
40606,0
40607,2
40608,5
40609,2
40610,2
40611,2
40612,4
40613,2
40614,0
40615,2
40616,6
40617,1
40618,2
40619,0
40620,0
40621,2
40622,0
40623,6
40624,1
40625,6
40626,6
40627,0
40628,4
40629,5
40630,5
40631,3
40632,0
40633,4
40634,1
40635,1
40636,1
40637,2
40638,2
40639,2
40640,2
40641,3
40642,6
40643,4
40644,0
40645,0
40646,6
40647,2
40648,0
40649,2
40650,1
40651,6
40652,4
40653,0
40654,5
40655,0
40656,2
40657,2
40658,0
40659,5
40660,0
40661,5
40662,0
40663,2
40664,2
40665,0
40666,2
40667,6
40668,2
40669,2
40670,2
40671,6
40672,2
40673,2
40674,0
40675,2
40676,0
40677,1
40678,4
40679,2
40680,4
40681,0
40682,0
40683,2
40684,0
40685,2
40686,0
40687,0
40688,1
40689,2
40690,4
40691,0
40692,2
40693,2
40694,2
40695,0
40696,1
40697,3
40698,2
40699,6
40700,2
40701,0
40702,0
40703,6
40704,6
40705,0
40706,2
40707,6
40708,4
40709,2
40710,0
40711,2
40712,2
40713,6
40714,2
40715,2
40716,1
40717,6
40718,2
40719,6
40720,0
40721,5
40722,6
40723,6
40724,2
40725,2
40726,1
40727,6
40728,0
40729,6
40730,0
40731,2
40732,2
40733,6
40734,0
40735,6
40736,0
40737,3
40738,6
40739,3
40740,2
40741,2
40742,2
40743,0
40744,2
40745,0
40746,4
40747,3
40748,2
40749,0
40750,4
40751,0
40752,2
40753,2
40754,0
40755,2
40756,5
40757,6
40758,2
40759,4
40760,6
40761,2
40762,0
40763,6
40764,4
40765,0
40766,2
40767,3
40768,1
40769,0
40770,2
40771,6
40772,0
40773,0
40774,6
40775,0
40776,2
40777,6
40778,2
40779,2
40780,4
40781,0
40782,0
40783,0
40784,0
40785,0
40786,0
40787,2
40788,2
40789,3
40790,3
40791,4
40792,0
40793,0
40794,5
40795,2
40796,4
40797,2
40798,4
40799,0
40800,3
40801,2
40802,1
40803,4
40804,0
40805,1
40806,0
40807,2
40808,0
40809,2
40810,6
40811,3
40812,0
40813,0
40814,2
40815,0
40816,0
40817,2
40818,1
40819,2
40820,0
40821,4
40822,1
40823,2
40824,5
40825,6
40826,0
40827,2
40828,6
40829,0
40830,0
40831,0
40832,0
40833,2
40834,2
40835,4
40836,2
40837,3
40838,2
40839,0
40840,3
40841,6
40842,0
40843,0
40844,2
40845,4
40846,0
40847,0
40848,4
40849,5
40850,6
40851,0
40852,2
40853,0
40854,0
40855,6
40856,0
40857,0
40858,2
40859,0
40860,2
40861,2
40862,2
40863,3
40864,2
40865,2
40866,2
40867,2
40868,0
40869,5
40870,0
40871,2
40872,5
40873,4
40874,3
40875,2
40876,2
40877,2
40878,4
40879,2
40880,1
40881,2
40882,3
40883,2
40884,0
40885,6
40886,1
40887,2
40888,0
40889,3
40890,1
40891,3
40892,6
40893,5
40894,4
40895,0
40896,6
40897,6
40898,4
40899,2
40900,2
40901,4
40902,3
40903,2
40904,4
40905,2
40906,4
40907,2
40908,4
40909,4
40910,2
40911,1
40912,2
40913,5
40914,0
40915,1
40916,1
40917,2
40918,2
40919,6
40920,4
40921,0
40922,1
40923,6
40924,2
40925,4
40926,2
40927,0
40928,6
40929,6
40930,4
40931,0
40932,6
40933,6
40934,0
40935,6
40936,1
40937,6
40938,0
40939,0
40940,2
40941,2
40942,0
40943,6
40944,0
40945,2
40946,6
40947,2
40948,2
40949,1
40950,0
40951,2
40952,0
40953,6
40954,6
40955,6
40956,1
40957,6
40958,5
40959,1
40960,2
40961,1
40962,2
40963,2
40964,0
40965,0
40966,5
40967,2
40968,6
40969,3
40970,5
40971,0
40972,0
40973,0
40974,4
40975,0
40976,3
40977,2
40978,6
40979,2
40980,1
40981,6
40982,0
40983,5
40984,2
40985,0
40986,4
40987,2
40988,0
40989,4
40990,3
40991,5
40992,5
40993,2
40994,0
40995,2
40996,5
40997,6
40998,2
40999,3
41000,2
41001,3
41002,0
41003,2
41004,2
41005,0
41006,3
41007,2
41008,6
41009,6
41010,6
41011,6
41012,1
41013,2
41014,5
41015,2
41016,2
41017,4
41018,4
41019,2
41020,2
41021,2
41022,0
41023,6
41024,2
41025,6
41026,2
41027,1
41028,2
41029,2
41030,0
41031,5
41032,6
41033,2
41034,4
41035,2
41036,1
41037,2
41038,2
41039,2
41040,6
41041,2
41042,4
41043,2
41044,2
41045,6
41046,2
41047,2
41048,0
41049,2
41050,2
41051,5
41052,6
41053,2
41054,3
41055,0
41056,2
41057,2
41058,1
41059,2
41060,0
41061,0
41062,0
41063,2
41064,0
41065,1
41066,6
41067,6
41068,0
41069,0
41070,2
41071,0
41072,2
41073,6
41074,4
41075,1
41076,2
41077,6
41078,2
41079,0
41080,2
41081,4
41082,4
41083,6
41084,0
41085,2
41086,0
41087,0
41088,2
41089,0
41090,0
41091,4
41092,2
41093,6
41094,0
41095,4
41096,1
41097,2
41098,2
41099,1
41100,2
41101,6
41102,4
41103,0
41104,0
41105,1
41106,2
41107,0
41108,6
41109,0
41110,2
41111,5
41112,6
41113,6
41114,0
41115,0
41116,3
41117,0
41118,2
41119,2
41120,2
41121,0
41122,4
41123,0
41124,2
41125,0
41126,2
41127,0
41128,0
41129,0
41130,1
41131,2
41132,0
41133,2
41134,0
41135,1
41136,0
41137,1
41138,0
41139,0
41140,1
41141,4
41142,2
41143,6
41144,6
41145,2
41146,2
41147,2
41148,6
41149,2
41150,1
41151,2
41152,0
41153,2
41154,2
41155,2
41156,0
41157,6
41158,1
41159,2
41160,0
41161,6
41162,4
41163,2
41164,0
41165,6
41166,2
41167,2
41168,0
41169,6
41170,2
41171,6
41172,6
41173,2
41174,0
41175,3
41176,2
41177,2
41178,4
41179,2
41180,2
41181,6
41182,2
41183,6
41184,2
41185,2
41186,3
41187,2
41188,5
41189,2
41190,1
41191,1
41192,2
41193,6
41194,5
41195,0
41196,6
41197,0
41198,6
41199,2
41200,4
41201,1
41202,1
41203,4
41204,4
41205,2
41206,6
41207,2
41208,2
41209,0
41210,2
41211,2
41212,2
41213,0
41214,6
41215,2
41216,2
41217,0
41218,0
41219,5
41220,2
41221,2
41222,6
41223,0
41224,4
41225,0
41226,5
41227,6
41228,0
41229,2
41230,2
41231,5
41232,2
41233,6
41234,2
41235,6
41236,5
41237,2
41238,2
41239,2
41240,4
41241,2
41242,2
41243,2
41244,0
41245,2
41246,3
41247,2
41248,4
41249,1
41250,5
41251,0
41252,0
41253,6
41254,2
41255,3
41256,0
41257,0
41258,2
41259,5
41260,6
41261,0
41262,2
41263,4
41264,2
41265,0
41266,0
41267,2
41268,0
41269,6
41270,0
41271,2
41272,3
41273,6
41274,4
41275,4
41276,0
41277,0
41278,0
41279,2
41280,2
41281,2
41282,2
41283,6
41284,0
41285,6
41286,1
41287,2
41288,2
41289,0
41290,6
41291,5
41292,2
41293,0
41294,2
41295,2
41296,4
41297,2
41298,2
41299,2
41300,3
41301,2
41302,2
41303,2
41304,2
41305,6
41306,1
41307,2
41308,3
41309,2
41310,3
41311,0
41312,2
41313,2
41314,6
41315,6
41316,2
41317,2
41318,2
41319,6
41320,4
41321,2
41322,2
41323,2
41324,1
41325,4
41326,0
41327,2
41328,1
41329,0
41330,0
41331,2
41332,4
41333,6
41334,2
41335,0
41336,4
41337,0
41338,0
41339,6
41340,2
41341,6
41342,2
41343,2
41344,2
41345,2
41346,5
41347,0
41348,2
41349,4
41350,2
41351,4
41352,0
41353,4
41354,0
41355,6
41356,6
41357,6
41358,0
41359,6
41360,0
41361,6
41362,2
41363,3
41364,6
41365,1
41366,1
41367,5
41368,2
41369,2
41370,0
41371,2
41372,2
41373,4
41374,0
41375,0
41376,4
41377,1
41378,0
41379,2
41380,2
41381,2
41382,0
41383,2
41384,0
41385,3
41386,0
41387,2
41388,0
41389,0
41390,1
41391,2
41392,2
41393,2
41394,5
41395,0
41396,5
41397,0
41398,0
41399,1
41400,2
41401,2
41402,1
41403,2
41404,2
41405,4
41406,2
41407,5
41408,2
41409,6
41410,0
41411,4
41412,0
41413,2
41414,2
41415,2
41416,2
41417,2
41418,0
41419,2
41420,0
41421,6
41422,4
41423,5
41424,0
41425,2
41426,0
41427,0
41428,2
41429,4
41430,5
41431,2
41432,0
41433,2
41434,2
41435,1
41436,2
41437,1
41438,4
41439,4
41440,2
41441,1
41442,1
41443,4
41444,0
41445,0
41446,0
41447,0
41448,0
41449,6
41450,2
41451,2
41452,2
41453,2
41454,2
41455,2
41456,2
41457,1
41458,1
41459,1
41460,2
41461,1
41462,2
41463,0
41464,2
41465,2
41466,2
41467,2
41468,0
41469,6
41470,6
41471,2
41472,2
41473,6
41474,4
41475,0
41476,2
41477,6
41478,6
41479,0
41480,6
41481,1
41482,0
41483,6
41484,2
41485,0
41486,2
41487,6
41488,2
41489,0
41490,0
41491,2
41492,2
41493,1
41494,0
41495,3
41496,2
41497,2
41498,2
41499,0
41500,0
41501,4
41502,2
41503,5
41504,0
41505,2
41506,0
41507,0
41508,4
41509,0
41510,4
41511,6
41512,0
41513,4
41514,2
41515,1
41516,0
41517,0
41518,1
41519,2
41520,1
41521,6
41522,1
41523,2
41524,2
41525,2
41526,2
41527,2
41528,0
41529,0
41530,2
41531,2
41532,6
41533,0
41534,6
41535,3
41536,0
41537,4
41538,6
41539,2
41540,0
41541,4
41542,5
41543,4
41544,0
41545,2
41546,6
41547,0
41548,3
41549,4
41550,2
41551,4
41552,1
41553,2
41554,0
41555,0
41556,4
41557,2
41558,0
41559,3
41560,6
41561,4
41562,1
41563,2
41564,1
41565,4
41566,6
41567,6
41568,2
41569,2
41570,0
41571,5
41572,0
41573,3
41574,2
41575,2
41576,2
41577,2
41578,6
41579,0
41580,0
41581,0
41582,0
41583,0
41584,2
41585,2
41586,2
41587,1
41588,4
41589,2
41590,6
41591,4
41592,2
41593,2
41594,2
41595,2
41596,2
41597,0
41598,0
41599,0
41600,6
41601,0
41602,4
41603,5
41604,0
41605,1
41606,1
41607,0
41608,2
41609,0
41610,4
41611,3
41612,1
41613,2
41614,2
41615,0
41616,0
41617,6
41618,1
41619,5
41620,2
41621,6
41622,5
41623,0
41624,2
41625,4
41626,2
41627,2
41628,6
41629,0
41630,2
41631,1
41632,1
41633,6
41634,2
41635,4
41636,2
41637,0
41638,0
41639,6
41640,6
41641,0
41642,4
41643,2
41644,2
41645,0
41646,4
41647,1
41648,2
41649,4
41650,4
41651,2
41652,0
41653,0
41654,2
41655,2
41656,2
41657,2
41658,6
41659,6
41660,0
41661,4
41662,2
41663,2
41664,6
41665,6
41666,2
41667,2
41668,0
41669,6
41670,4
41671,2
41672,4
41673,2
41674,0
41675,0
41676,0
41677,3
41678,6
41679,3
41680,2
41681,2
41682,0
41683,2
41684,4
41685,2
41686,6
41687,2
41688,6
41689,2
41690,2
41691,6
41692,2
41693,5
41694,0
41695,6
41696,5
41697,2
41698,0
41699,0
41700,2
41701,2
41702,4
41703,0
41704,2
41705,2
41706,5
41707,2
41708,2
41709,6
41710,0
41711,0
41712,2
41713,0
41714,0
41715,6
41716,6
41717,2
41718,0
41719,6
41720,2
41721,2
41722,0
41723,1
41724,0
41725,2
41726,2
41727,2
41728,2
41729,0
41730,0
41731,0
41732,4
41733,1
41734,2
41735,2
41736,3
41737,0
41738,2
41739,0
41740,6
41741,5
41742,6
41743,2
41744,0
41745,1
41746,2
41747,1
41748,1
41749,0
41750,1
41751,0
41752,0
41753,0
41754,2
41755,2
41756,6
41757,4
41758,2
41759,0
41760,5
41761,3
41762,2
41763,0
41764,2
41765,0
41766,0
41767,0
41768,0
41769,2
41770,5
41771,6
41772,2
41773,0
41774,6
41775,2
41776,4
41777,0
41778,0
41779,5
41780,0
41781,4
41782,6
41783,0
41784,6
41785,2
41786,2
41787,0
41788,4
41789,3
41790,2
41791,4
41792,5
41793,2
41794,2
41795,2
41796,4
41797,1
41798,1
41799,2
41800,0
41801,2
41802,0
41803,6
41804,6
41805,2
41806,6
41807,4
41808,3
41809,0
41810,2
41811,2
41812,4
41813,2
41814,2
41815,0
41816,2
41817,0
41818,0
41819,2
41820,1
41821,0
41822,4
41823,2
41824,2
41825,2
41826,6
41827,2
41828,3
41829,2
41830,5
41831,2
41832,2
41833,0
41834,6
41835,2
41836,5
41837,2
41838,2
41839,2
41840,0
41841,2
41842,1
41843,2
41844,0
41845,2
41846,2
41847,5
41848,2
41849,2
41850,2
41851,2
41852,2
41853,0
41854,2
41855,2
41856,6
41857,0
41858,0
41859,0
41860,6
41861,3
41862,1
41863,2
41864,2
41865,0
41866,0
41867,2
41868,6
41869,2
41870,0
41871,6
41872,0
41873,2
41874,1
41875,2
41876,2
41877,4
41878,1
41879,0
41880,4
41881,2
41882,6
41883,6
41884,2
41885,0
41886,3
41887,3
41888,2
41889,2
41890,0
41891,5
41892,6
41893,2
41894,6
41895,3
41896,2
41897,2
41898,2
41899,2
41900,2
41901,3
41902,0
41903,6
41904,2
41905,2
41906,1
41907,2
41908,2
41909,2
41910,0
41911,2
41912,2
41913,4
41914,6
41915,2
41916,2
41917,4
41918,6
41919,0
41920,4
41921,1
41922,0
41923,3
41924,5
41925,5
41926,2
41927,0
41928,2
41929,0
41930,2
41931,2
41932,0
41933,0
41934,1
41935,2
41936,0
41937,2
41938,6
41939,5
41940,2
41941,0
41942,1
41943,6
41944,0
41945,2
41946,2
41947,0
41948,6
41949,3
41950,6
41951,1
41952,0
41953,0
41954,2
41955,2
41956,0
41957,2
41958,0
41959,0
41960,0
41961,6
41962,4
41963,2
41964,0
41965,6
41966,0
41967,3
41968,2
41969,2
41970,0
41971,2
41972,4
41973,2
41974,2
41975,5
41976,5
41977,2
41978,2
41979,2
41980,2
41981,2
41982,3
41983,5
41984,4
41985,0
41986,0
41987,1
41988,5
41989,0
41990,0
41991,2
41992,0
41993,6
41994,2
41995,0
41996,0
41997,0
41998,2
41999,2
42000,0
42001,2
42002,2
42003,2
42004,4
42005,5
42006,6
42007,0
42008,2
42009,2
42010,2
42011,2
42012,1
42013,0
42014,0
42015,5
42016,6
42017,6
42018,2
42019,6
42020,5
42021,2
42022,0
42023,0
42024,6
42025,2
42026,2
42027,0
42028,0
42029,6
42030,0
42031,4
42032,0
42033,6
42034,4
42035,0
42036,2
42037,1
42038,6
42039,6
42040,0
42041,2
42042,5
42043,6
42044,3
42045,4
42046,1
42047,4
42048,2
42049,4
42050,0
42051,4
42052,2
42053,0
42054,0
42055,4
42056,2
42057,4
42058,4
42059,6
42060,6
42061,0
42062,6
42063,0
42064,0
42065,2
42066,2
42067,2
42068,0
42069,6
42070,0
42071,6
42072,2
42073,6
42074,0
42075,3
42076,2
42077,2
42078,4
42079,1
42080,0
42081,2
42082,4
42083,2
42084,0
42085,6
42086,2
42087,3
42088,4
42089,4
42090,6
42091,2
42092,2
42093,2
42094,2
42095,2
42096,2
42097,0
42098,2
42099,0
42100,6
42101,4
42102,4
42103,2
42104,2
42105,6
42106,0
42107,4
42108,2
42109,5
42110,6
42111,5
42112,1
42113,0
42114,5
42115,2
42116,4
42117,3
42118,1
42119,6
42120,1
42121,5
42122,0
42123,4
42124,3
42125,4
42126,2
42127,1
42128,0
42129,5
42130,6
42131,4
42132,3
42133,3
42134,6
42135,2
42136,0
42137,0
42138,0
42139,0
42140,0
42141,2
42142,2
42143,6
42144,3
42145,1
42146,4
42147,2
42148,5
42149,2
42150,0
42151,6
42152,0
42153,1
42154,0
42155,6
42156,4
42157,0
42158,2
42159,2
42160,2
42161,2
42162,6
42163,0
42164,6
42165,0
42166,0
42167,1
42168,2
42169,0
42170,0
42171,0
42172,0
42173,5
42174,6
42175,0
42176,4
42177,0
42178,3
42179,2
42180,6
42181,0
42182,2
42183,2
42184,2
42185,4
42186,2
42187,0
42188,4
42189,2
42190,2
42191,6
42192,4
42193,6
42194,4
42195,0
42196,2
42197,4
42198,6
42199,2
42200,2
42201,4
42202,1
42203,2
42204,0
42205,4
42206,0
42207,2
42208,2
42209,2
42210,0
42211,2
42212,4
42213,0
42214,2
42215,0
42216,0
42217,5
42218,4
42219,2
42220,0
42221,6
42222,2
42223,2
42224,0
42225,2
42226,2
42227,0
42228,0
42229,5
42230,6
42231,2
42232,0
42233,2
42234,2
42235,0
42236,0
42237,2
42238,6
42239,0
42240,6
42241,2
42242,2
42243,6
42244,0
42245,0
42246,6
42247,2
42248,2
42249,5
42250,1
42251,6
42252,3
42253,0
42254,2
42255,6
42256,3
42257,2
42258,6
42259,2
42260,0
42261,6
42262,2
42263,4
42264,5
42265,1
42266,4
42267,6
42268,0
42269,2
42270,0
42271,0
42272,2
42273,0
42274,2
42275,2
42276,2
42277,1
42278,0
42279,2
42280,1
42281,2
42282,0
42283,6
42284,4
42285,6
42286,2
42287,2
42288,5
42289,0
42290,4
42291,6
42292,2
42293,2
42294,2
42295,4
42296,1
42297,0
42298,1
42299,2
42300,6
42301,2
42302,2
42303,0
42304,4
42305,6
42306,0
42307,0
42308,2
42309,2
42310,2
42311,0
42312,2
42313,5
42314,6
42315,6
42316,0
42317,2
42318,3
42319,2
42320,6
42321,1
42322,2
42323,5
42324,2
42325,2
42326,1
42327,0
42328,0
42329,4
42330,4
42331,0
42332,0
42333,2
42334,0
42335,0
42336,5
42337,0
42338,5
42339,2
42340,2
42341,2
42342,2
42343,3
42344,2
42345,3
42346,6
42347,2
42348,6
42349,2
42350,6
42351,0
42352,2
42353,3
42354,0
42355,2
42356,2
42357,2
42358,0
42359,0
42360,0
42361,2
42362,1
42363,2
42364,0
42365,2
42366,2
42367,0
42368,3
42369,0
42370,6
42371,6
42372,6
42373,0
42374,0
42375,3
42376,1
42377,0
42378,2
42379,2
42380,0
42381,2
42382,2
42383,4
42384,2
42385,2
42386,3
42387,5
42388,5
42389,4
42390,2
42391,0
42392,0
42393,2
42394,0
42395,5
42396,2
42397,2
42398,2
42399,2
42400,6
42401,2
42402,2
42403,0
42404,0
42405,2
42406,3
42407,0
42408,2
42409,2
42410,0
42411,3
42412,0
42413,5
42414,0
42415,5
42416,2
42417,2
42418,0
42419,0
42420,2
42421,0
42422,2
42423,0
42424,6
42425,4
42426,0
42427,1
42428,2
42429,2
42430,2
42431,2
42432,0
42433,0
42434,4
42435,6
42436,0
42437,0
42438,2
42439,5
42440,6
42441,6
42442,2
42443,2
42444,2
42445,2
42446,2
42447,2
42448,0
42449,6
42450,5
42451,4
42452,6
42453,2
42454,6
42455,5
42456,0
42457,0
42458,3
42459,2
42460,0
42461,5
42462,0
42463,2
42464,4
42465,3
42466,2
42467,1
42468,2
42469,2
42470,0
42471,4
42472,2
42473,4
42474,2
42475,2
42476,0
42477,2
42478,2
42479,0
42480,4
42481,2
42482,0
42483,4
42484,4
42485,4
42486,6
42487,0
42488,0
42489,2
42490,1
42491,2
42492,0
42493,0
42494,0
42495,4
42496,6
42497,0
42498,2
42499,2
42500,0
42501,2
42502,3
42503,5
42504,2
42505,2
42506,1
42507,0
42508,2
42509,4
42510,0
42511,6
42512,6
42513,2
42514,2
42515,2
42516,4
42517,0
42518,2
42519,1
42520,0
42521,0
42522,6
42523,6
42524,0
42525,0
42526,1
42527,0
42528,1
42529,3
42530,0
42531,1
42532,2
42533,1
42534,5
42535,2
42536,2
42537,0
42538,0
42539,4
42540,2
42541,2
42542,2
42543,0
42544,6
42545,2
42546,0
42547,2
42548,3
42549,1
42550,0
42551,1
42552,5
42553,3
42554,1
42555,6
42556,4
42557,0
42558,0
42559,2
42560,0
42561,6
42562,4
42563,6
42564,4
42565,2
42566,6
42567,0
42568,2
42569,2
42570,2
42571,2
42572,1
42573,0
42574,0
42575,0
42576,6
42577,2
42578,6
42579,1
42580,0
42581,4
42582,4
42583,2
42584,5
42585,6
42586,2
42587,2
42588,2
42589,2
42590,2
42591,2
42592,3
42593,0
42594,0
42595,0
42596,0
42597,2
42598,0
42599,0
42600,2
42601,6
42602,0
42603,2
42604,0
42605,4
42606,0
42607,2
42608,0
42609,4
42610,6
42611,5
42612,2
42613,4
42614,0
42615,0
42616,2
42617,3
42618,6
42619,0
42620,0
42621,4
42622,6
42623,2
42624,2
42625,6
42626,2
42627,2
42628,2
42629,2
42630,0
42631,4
42632,2
42633,2
42634,0
42635,2
42636,2
42637,4
42638,4
42639,2
42640,2
42641,4
42642,0
42643,2
42644,2
42645,2
42646,2
42647,2
42648,5
42649,1
42650,0
42651,0
42652,0
42653,0
42654,3
42655,2
42656,0
42657,0
42658,5
42659,2
42660,2
42661,0
42662,2
42663,0
42664,1
42665,6
42666,5
42667,0
42668,0
42669,2
42670,0
42671,6
42672,6
42673,4
42674,2
42675,2
42676,2
42677,2
42678,0
42679,3
42680,4
42681,2
42682,6
42683,4
42684,6
42685,0
42686,2
42687,2
42688,0
42689,0
42690,0
42691,6
42692,6
42693,2
42694,2
42695,6
42696,6
42697,0
42698,6
42699,2
42700,2
42701,2
42702,4
42703,2
42704,1
42705,2
42706,0
42707,2
42708,6
42709,6
42710,2
42711,4
42712,6
42713,2
42714,1
42715,1
42716,2
42717,2
42718,0
42719,3
42720,1
42721,2
42722,5
42723,0
42724,3
42725,0
42726,0
42727,2
42728,6
42729,2
42730,2
42731,2
42732,0
42733,3
42734,6
42735,6
42736,1
42737,6
42738,2
42739,2
42740,0
42741,2
42742,0
42743,1
42744,6
42745,4
42746,0
42747,6
42748,0
42749,2
42750,1
42751,1
42752,2
42753,0
42754,0
42755,2
42756,6
42757,2
42758,0
42759,6
42760,2
42761,4
42762,0
42763,2
42764,0
42765,0
42766,3
42767,0
42768,2
42769,4
42770,2
42771,5
42772,1
42773,0
42774,2
42775,0
42776,0
42777,2
42778,2
42779,0
42780,4
42781,5
42782,2
42783,2
42784,4
42785,6
42786,2
42787,2
42788,2
42789,2
42790,6
42791,0
42792,1
42793,4
42794,2
42795,2
42796,2
42797,2
42798,0
42799,2
42800,6
42801,0
42802,0
42803,0
42804,1
42805,2
42806,2
42807,2
42808,2
42809,2
42810,0
42811,2
42812,2
42813,4
42814,1
42815,1
42816,2
42817,6
42818,2
42819,4
42820,1
42821,0
42822,2
42823,5
42824,0
42825,6
42826,2
42827,3
42828,0
42829,2
42830,2
42831,0
42832,2
42833,1
42834,2
42835,0
42836,2
42837,0
42838,0
42839,2
42840,1
42841,6
42842,2
42843,4
42844,0
42845,5
42846,1
42847,4
42848,2
42849,2
42850,0
42851,1
42852,2
42853,5
42854,6
42855,1
42856,6
42857,0
42858,0
42859,2
42860,1
42861,0
42862,6
42863,0
42864,2
42865,2
42866,6
42867,2
42868,2
42869,3
42870,2
42871,2
42872,3
42873,2
42874,2
42875,6
42876,2
42877,4
42878,2
42879,5
42880,2
42881,0
42882,3
42883,5
42884,6
42885,0
42886,6
42887,0
42888,2
42889,0
42890,0
42891,3
42892,2
42893,4
42894,0
42895,2
42896,2
42897,0
42898,6
42899,4
42900,1
42901,0
42902,2
42903,2
42904,2
42905,1
42906,0
42907,2
42908,2
42909,6
42910,6
42911,5
42912,2
42913,3
42914,2
42915,4
42916,0
42917,2
42918,5
42919,2
42920,2
42921,3
42922,0
42923,2
42924,2
42925,6
42926,1
42927,0
42928,6
42929,4
42930,2
42931,0
42932,6
42933,2
42934,2
42935,0
42936,2
42937,0
42938,2
42939,2
42940,6
42941,6
42942,1
42943,2
42944,0
42945,2
42946,0
42947,0
42948,2
42949,2
42950,0
42951,0
42952,0
42953,2
42954,2
42955,2
42956,1
42957,0
42958,0
42959,2
42960,2
42961,2
42962,2
42963,2
42964,2
42965,0
42966,0
42967,0
42968,6
42969,0
42970,2
42971,2
42972,2
42973,3
42974,1
42975,5
42976,2
42977,2
42978,6
42979,6
42980,2
42981,2
42982,2
42983,2
42984,2
42985,2
42986,0
42987,2
42988,6
42989,3
42990,1
42991,3
42992,0
42993,0
42994,2
42995,5
42996,6
42997,0
42998,0
42999,0
43000,2
43001,2
43002,2
43003,2
43004,2
43005,3
43006,3
43007,6
43008,6
43009,0
43010,6
43011,4
43012,2
43013,2
43014,1
43015,0
43016,2
43017,6
43018,0
43019,0
43020,0
43021,3
43022,2
43023,0
43024,0
43025,4
43026,0
43027,2
43028,2
43029,0
43030,0
43031,0
43032,2
43033,0
43034,2
43035,6
43036,0
43037,4
43038,0
43039,4
43040,0
43041,0
43042,3
43043,0
43044,6
43045,6
43046,2
43047,4
43048,0
43049,2
43050,2
43051,6
43052,0
43053,4
43054,4
43055,2
43056,0
43057,6
43058,2
43059,1
43060,2
43061,0
43062,2
43063,4
43064,0
43065,0
43066,2
43067,2
43068,2
43069,0
43070,6
43071,1
43072,1
43073,2
43074,2
43075,1
43076,2
43077,0
43078,5
43079,2
43080,2
43081,6
43082,6
43083,0
43084,0
43085,5
43086,6
43087,1
43088,2
43089,2
43090,0
43091,6
43092,6
43093,3
43094,0
43095,6
43096,5
43097,0
43098,2
43099,1
43100,0
43101,1
43102,0
43103,4
43104,2
43105,0
43106,0
43107,2
43108,0
43109,4
43110,6
43111,0
43112,1
43113,6
43114,4
43115,4
43116,2
43117,2
43118,0
43119,2
43120,2
43121,0
43122,0
43123,0
43124,2
43125,2
43126,2
43127,1
43128,1
43129,2
43130,2
43131,0
43132,2
43133,4
43134,2
43135,1
43136,6
43137,2
43138,5
43139,1
43140,6
43141,0
43142,6
43143,2
43144,2
43145,0
43146,0
43147,1
43148,6
43149,2
43150,1
43151,1
43152,0
43153,4
43154,2
43155,2
43156,6
43157,0
43158,2
43159,0
43160,2
43161,3
43162,6
43163,2
43164,2
43165,4
43166,1
43167,1
43168,2
43169,4
43170,0
43171,2
43172,0
43173,0
43174,5
43175,6
43176,2
43177,2
43178,6
43179,2
43180,2
43181,6
43182,3
43183,2
43184,2
43185,0
43186,0
43187,2
43188,2
43189,4
43190,2
43191,6
43192,2
43193,2
43194,0
43195,6
43196,0
43197,3
43198,2
43199,2
43200,4
43201,4
43202,0
43203,2
43204,2
43205,3
43206,0
43207,0
43208,2
43209,0
43210,2
43211,0
43212,2
43213,1
43214,6
43215,6
43216,2
43217,6
43218,2
43219,4
43220,0
43221,2
43222,6
43223,0
43224,1
43225,1
43226,0
43227,2
43228,3
43229,2
43230,1
43231,0
43232,2
43233,2
43234,0
43235,4
43236,2
43237,0
43238,0
43239,1
43240,1
43241,2
43242,0
43243,1
43244,2
43245,0
43246,0
43247,4
43248,0
43249,0
43250,6
43251,3
43252,2
43253,0
43254,4
43255,2
43256,4
43257,2
43258,2
43259,3
43260,2
43261,2
43262,2
43263,4
43264,0
43265,4
43266,0
43267,6
43268,2
43269,2
43270,0
43271,0
43272,6
43273,2
43274,2
43275,1
43276,4
43277,2
43278,2
43279,2
43280,5
43281,6
43282,1
43283,6
43284,1
43285,0
43286,2
43287,0
43288,2
43289,0
43290,2
43291,6
43292,2
43293,0
43294,2
43295,2
43296,3
43297,4
43298,0
43299,0
43300,2
43301,3
43302,0
43303,2
43304,0
43305,0
43306,2
43307,6
43308,0
43309,6
43310,5
43311,2
43312,2
43313,4
43314,6
43315,4
43316,1
43317,0
43318,2
43319,2
43320,2
43321,6
43322,1
43323,0
43324,0
43325,0
43326,1
43327,2
43328,2
43329,5
43330,6
43331,2
43332,3
43333,0
43334,2
43335,2
43336,1
43337,0
43338,6
43339,1
43340,6
43341,0
43342,0
43343,2
43344,0
43345,6
43346,6
43347,0
43348,0
43349,1
43350,2
43351,2
43352,2
43353,2
43354,2
43355,0
43356,0
43357,5
43358,4
43359,2
43360,2
43361,5
43362,2
43363,1
43364,6
43365,6
43366,0
43367,2
43368,2
43369,3
43370,2
43371,0
43372,2
43373,2
43374,6
43375,3
43376,0
43377,2
43378,2
43379,2
43380,0
43381,0
43382,2
43383,1
43384,1
43385,3
43386,0
43387,5
43388,0
43389,0
43390,4
43391,0
43392,0
43393,0
43394,2
43395,2
43396,2
43397,4
43398,3
43399,0
43400,2
43401,2
43402,0
43403,2
43404,0
43405,0
43406,2
43407,5
43408,0
43409,0
43410,6
43411,0
43412,6
43413,0
43414,3
43415,6
43416,6
43417,0
43418,2
43419,2
43420,0
43421,2
43422,2
43423,2
43424,6
43425,2
43426,0
43427,1
43428,2
43429,1
43430,6
43431,2
43432,0
43433,2
43434,2
43435,0
43436,2
43437,3
43438,0
43439,6
43440,2
43441,0
43442,3
43443,6
43444,0
43445,3
43446,2
43447,2
43448,4
43449,2
43450,0
43451,0
43452,2
43453,1
43454,6
43455,6
43456,2
43457,2
43458,4
43459,2
43460,0
43461,5
43462,6
43463,2
43464,6
43465,4
43466,2
43467,0
43468,6
43469,2
43470,6
43471,2
43472,2
43473,0
43474,4
43475,3
43476,2
43477,1
43478,0
43479,6
43480,2
43481,5
43482,2
43483,6
43484,4
43485,3
43486,5
43487,1
43488,0
43489,0
43490,0
43491,0
43492,3
43493,4
43494,4
43495,6
43496,0
43497,1
43498,3
43499,6
43500,0
43501,0
43502,0
43503,3
43504,2
43505,6
43506,2
43507,1
43508,2
43509,0
43510,0
43511,2
43512,0
43513,0
43514,2
43515,0
43516,4
43517,2
43518,1
43519,2
43520,0
43521,2
43522,2
43523,2
43524,4
43525,2
43526,6
43527,0
43528,2
43529,0
43530,2
43531,6
43532,3
43533,2
43534,0
43535,0
43536,0
43537,2
43538,0
43539,0
43540,2
43541,4
43542,2
43543,4
43544,2
43545,1
43546,0
43547,0
43548,0
43549,2
43550,6
43551,2
43552,3
43553,4
43554,3
43555,2
43556,0
43557,2
43558,6
43559,2
43560,2
43561,2
43562,6
43563,2
43564,0
43565,4
43566,0
43567,2
43568,2
43569,2
43570,2
43571,5
43572,2
43573,2
43574,3
43575,2
43576,6
43577,4
43578,1
43579,2
43580,2
43581,2
43582,0
43583,4
43584,2
43585,2
43586,4
43587,2
43588,1
43589,2
43590,2
43591,0
43592,6
43593,0
43594,2
43595,0
43596,2
43597,5
43598,0
43599,2
43600,1
43601,6
43602,6
43603,2
43604,2
43605,0
43606,2
43607,6
43608,2
43609,0
43610,0
43611,2
43612,2
43613,2
43614,2
43615,6
43616,0
43617,5
43618,6
43619,2
43620,2
43621,0
43622,2
43623,2
43624,2
43625,0
43626,0
43627,6
43628,2
43629,2
43630,4
43631,0
43632,0
43633,6
43634,2
43635,1
43636,2
43637,3
43638,3
43639,2
43640,0
43641,5
43642,2
43643,2
43644,2
43645,4
43646,2
43647,2
43648,2
43649,1
43650,0
43651,0
43652,4
43653,0
43654,2
43655,0
43656,6
43657,4
43658,2
43659,6
43660,0
43661,0
43662,1
43663,2
43664,2
43665,2
43666,0
43667,2
43668,2
43669,6
43670,2
43671,0
43672,0
43673,0
43674,0
43675,1
43676,0
43677,0
43678,6
43679,0
43680,0
43681,2
43682,2
43683,0
43684,0
43685,0
43686,2
43687,2
43688,2
43689,3
43690,6
43691,1
43692,4
43693,4
43694,0
43695,2
43696,2
43697,6
43698,0
43699,2
43700,6
43701,2
43702,1
43703,2
43704,0
43705,0
43706,2
43707,2
43708,6
43709,4
43710,1
43711,0
43712,2
43713,1
43714,6
43715,0
43716,6
43717,6
43718,2
43719,2
43720,0
43721,0
43722,5
43723,4
43724,0
43725,0
43726,6
43727,2
43728,6
43729,4
43730,0
43731,2
43732,2
43733,4
43734,2
43735,0
43736,0
43737,1
43738,2
43739,4
43740,0
43741,0
43742,0
43743,2
43744,0
43745,0
43746,3
43747,4
43748,4
43749,4
43750,6
43751,2
43752,2
43753,0
43754,0
43755,4
43756,2
43757,0
43758,0
43759,5
43760,2
43761,0
43762,2
43763,2
43764,0
43765,1
43766,2
43767,0
43768,1
43769,2
43770,0
43771,5
43772,0
43773,0
43774,0
43775,2
43776,3
43777,2
43778,2
43779,0
43780,0
43781,0
43782,4
43783,4
43784,2
43785,2
43786,6
43787,4
43788,2
43789,0
43790,4
43791,4
43792,4
43793,6
43794,1
43795,1
43796,2
43797,2
43798,2
43799,2
43800,0
43801,3
43802,4
43803,1
43804,2
43805,2
43806,1
43807,0
43808,6
43809,1
43810,2
43811,4
43812,2
43813,2
43814,0
43815,3
43816,2
43817,6
43818,2
43819,2
43820,1
43821,2
43822,0
43823,0
43824,5
43825,1
43826,6
43827,2
43828,6
43829,2
43830,2
43831,2
43832,0
43833,2
43834,6
43835,4
43836,3
43837,3
43838,0
43839,0
43840,6
43841,0
43842,4
43843,2
43844,2
43845,2
43846,5
43847,2
43848,6
43849,0
43850,6
43851,2
43852,2
43853,0
43854,4
43855,2
43856,2
43857,0
43858,0
43859,2
43860,6
43861,2
43862,2
43863,2
43864,3
43865,0
43866,2
43867,4
43868,6
43869,0
43870,0
43871,1
43872,6
43873,0
43874,2
43875,4
43876,2
43877,6
43878,6
43879,2
43880,5
43881,4
43882,1
43883,4
43884,2
43885,0
43886,2
43887,0
43888,1
43889,6
43890,6
43891,2
43892,2
43893,6
43894,2
43895,2
43896,5
43897,2
43898,6
43899,2
43900,6
43901,0
43902,2
43903,0
43904,6
43905,0
43906,0
43907,6
43908,0
43909,2
43910,6
43911,3
43912,0
43913,2
43914,2
43915,2
43916,2
43917,0
43918,2
43919,0
43920,0
43921,0
43922,2
43923,0
43924,3
43925,0
43926,6
43927,2
43928,0
43929,6
43930,6
43931,0
43932,1
43933,2
43934,6
43935,2
43936,0
43937,2
43938,6
43939,5
43940,2
43941,4
43942,6
43943,2
43944,2
43945,2
43946,0
43947,2
43948,2
43949,4
43950,5
43951,2
43952,2
43953,5
43954,0
43955,6
43956,6
43957,0
43958,2
43959,0
43960,0
43961,2
43962,4
43963,0
43964,5
43965,1
43966,0
43967,2
43968,2
43969,0
43970,2
43971,0
43972,4
43973,4
43974,2
43975,2
43976,3
43977,0
43978,2
43979,3
43980,1
43981,6
43982,0
43983,2
43984,1
43985,1
43986,4
43987,2
43988,0
43989,2
43990,3
43991,2
43992,2
43993,2
43994,2
43995,0
43996,2
43997,2
43998,0
43999,2
44000,0
44001,6
44002,0
44003,2
44004,2
44005,0
44006,0
44007,0
44008,5
44009,2
44010,2
44011,6
44012,4
44013,0
44014,6
44015,4
44016,2
44017,6
44018,6
44019,0
44020,0
44021,2
44022,0
44023,6
44024,0
44025,5
44026,2
44027,6
44028,2
44029,2
44030,3
44031,0
44032,6
44033,2
44034,2
44035,2
44036,0
44037,0
44038,0
44039,1
44040,6
44041,3
44042,0
44043,2
44044,6
44045,1
44046,0
44047,2
44048,2
44049,0
44050,4
44051,0
44052,0
44053,4
44054,3
44055,2
44056,4
44057,2
44058,4
44059,2
44060,0
44061,5
44062,6
44063,2
44064,1
44065,2
44066,2
44067,2
44068,0
44069,2
44070,2
44071,0
44072,6
44073,2
44074,2
44075,2
44076,0
44077,0
44078,2
44079,2
44080,6
44081,0
44082,2
44083,0
44084,0
44085,0
44086,4
44087,2
44088,5
44089,2
44090,6
44091,2
44092,0
44093,4
44094,2
44095,2
44096,5
44097,6
44098,2
44099,0
44100,2
44101,4
44102,2
44103,0
44104,6
44105,6
44106,2
44107,6
44108,0
44109,0
44110,6
44111,0
44112,1
44113,2
44114,2
44115,0
44116,4
44117,0
44118,0
44119,2
44120,4
44121,6
44122,0
44123,0
44124,2
44125,0
44126,2
44127,2
44128,2
44129,2
44130,2
44131,2
44132,2
44133,2
44134,4
44135,0
44136,2
44137,4
44138,2
44139,5
44140,2
44141,2
44142,4
44143,6
44144,2
44145,0
44146,2
44147,2
44148,0
44149,6
44150,2
44151,1
44152,6
44153,3
44154,2
44155,2
44156,0
44157,2
44158,6
44159,4
44160,0
44161,0
44162,4
44163,0
44164,5
44165,0
44166,2
44167,0
44168,2
44169,2
44170,4
44171,2
44172,2
44173,6
44174,4
44175,2
44176,5
44177,0
44178,2
44179,1
44180,3
44181,2
44182,3
44183,1
44184,4
44185,6
44186,6
44187,2
44188,5
44189,1
44190,6
44191,5
44192,2
44193,2
44194,0
44195,0
44196,4
44197,6
44198,1
44199,0
44200,0
44201,4
44202,6
44203,2
44204,2
44205,4
44206,2
44207,2
44208,2
44209,4
44210,1
44211,2
44212,2
44213,2
44214,6
44215,2
44216,6
44217,2
44218,2
44219,3
44220,2
44221,2
44222,1
44223,0
44224,3
44225,2
44226,4
44227,6
44228,2
44229,6
44230,4
44231,3
44232,2
44233,2
44234,0
44235,4
44236,4
44237,2
44238,2
44239,0
44240,1
44241,0
44242,6
44243,4
44244,6
44245,3
44246,0
44247,2
44248,4
44249,0
44250,0
44251,4
44252,2
44253,2
44254,1
44255,2
44256,2
44257,2
44258,2
44259,0
44260,4
44261,6
44262,0
44263,0
44264,3
44265,3
44266,6
44267,0
44268,0
44269,1
44270,6
44271,2
44272,2
44273,0
44274,2
44275,6
44276,0
44277,6
44278,0
44279,2
44280,6
44281,2
44282,2
44283,1
44284,0
44285,4
44286,0
44287,0
44288,4
44289,0
44290,2
44291,2
44292,2
44293,0
44294,0
44295,6
44296,0
44297,2
44298,5
44299,0
44300,0
44301,2
44302,0
44303,0
44304,0
44305,6
44306,1
44307,2
44308,2
44309,3
44310,2
44311,2
44312,0
44313,0
44314,0
44315,2
44316,2
44317,5
44318,6
44319,2
44320,2
44321,2
44322,0
44323,2
44324,0
44325,5
44326,0
44327,5
44328,0
44329,1
44330,2
44331,2
44332,2
44333,3
44334,0
44335,0
44336,6
44337,2
44338,2
44339,1
44340,2
44341,0
44342,2
44343,6
44344,5
44345,0
44346,2
44347,2
44348,6
44349,0
44350,0
44351,2
44352,0
44353,1
44354,0
44355,2
44356,2
44357,0
44358,2
44359,0
44360,0
44361,0
44362,2
44363,6
44364,5
44365,3
44366,2
44367,6
44368,5
44369,0
44370,2
44371,0
44372,3
44373,2
44374,0
44375,0
44376,4
44377,2
44378,0
44379,2
44380,5
44381,6
44382,4
44383,2
44384,0
44385,4
44386,6
44387,2
44388,4
44389,4
44390,2
44391,0
44392,2
44393,6
44394,4
44395,3
44396,5
44397,1
44398,0
44399,6
44400,0
44401,0
44402,6
44403,2
44404,4
44405,0
44406,2
44407,0
44408,2
44409,0
44410,6
44411,0
44412,2
44413,2
44414,4
44415,0
44416,0
44417,0
44418,2
44419,2
44420,0
44421,4
44422,1
44423,2
44424,2
44425,0
44426,3
44427,0
44428,0
44429,6
44430,2
44431,6
44432,4
44433,0
44434,4
44435,1
44436,2
44437,2
44438,2
44439,2
44440,6
44441,1
44442,1
44443,0
44444,6
44445,0
44446,1
44447,5
44448,6
44449,6
44450,0
44451,6
44452,2
44453,2
44454,2
44455,6
44456,3
44457,1
44458,5
44459,0
44460,4
44461,0
44462,0
44463,0
44464,2
44465,2
44466,2
44467,2
44468,5
44469,2
44470,2
44471,2
44472,2
44473,0
44474,2
44475,0
44476,0
44477,1
44478,2
44479,6
44480,4
44481,2
44482,4
44483,2
44484,6
44485,4
44486,2
44487,2
44488,1
44489,2
44490,2
44491,2
44492,2
44493,2
44494,2
44495,2
44496,2
44497,0
44498,6
44499,0
44500,5
44501,2
44502,0
44503,2
44504,1
44505,0
44506,5
44507,2
44508,6
44509,0
44510,3
44511,6
44512,6
44513,6
44514,0
44515,2
44516,3
44517,0
44518,4
44519,2
44520,2
44521,5
44522,4
44523,0
44524,0
44525,2
44526,2
44527,1
44528,0
44529,0
44530,2
44531,1
44532,2
44533,3
44534,6
44535,0
44536,0
44537,4
44538,2
44539,5
44540,2
44541,2
44542,0
44543,0
44544,6
44545,2
44546,2
44547,0
44548,0
44549,2
44550,4
44551,0
44552,1
44553,1
44554,2
44555,0
44556,2
44557,0
44558,1
44559,2
44560,2
44561,0
44562,6
44563,0
44564,0
44565,2
44566,2
44567,0
44568,0
44569,2
44570,5
44571,2
44572,1
44573,0
44574,5
44575,0
44576,0
44577,0
44578,2
44579,2
44580,0
44581,1
44582,2
44583,2
44584,2
44585,3
44586,0
44587,0
44588,5
44589,2
44590,2
44591,6
44592,0
44593,6
44594,2
44595,2
44596,2
44597,0
44598,1
44599,2
44600,4
44601,2
44602,3
44603,6
44604,2
44605,0
44606,5
44607,4
44608,2
44609,2
44610,2
44611,2
44612,2
44613,2
44614,6
44615,0
44616,2
44617,2
44618,6
44619,2
44620,0
44621,2
44622,2
44623,2
44624,6
44625,6
44626,2
44627,2
44628,3
44629,2
44630,0
44631,0
44632,2
44633,0
44634,4
44635,2
44636,1
44637,5
44638,2
44639,1
44640,6
44641,0
44642,2
44643,1
44644,2
44645,0
44646,2
44647,2
44648,6
44649,2
44650,2
44651,6
44652,0
44653,2
44654,1
44655,0
44656,5
44657,2
44658,2
44659,2
44660,1
44661,0
44662,6
44663,3
44664,3
44665,0
44666,0
44667,6
44668,0
44669,2
44670,6
44671,2
44672,6
44673,2
44674,4
44675,2
44676,5
44677,6
44678,6
44679,2
44680,0
44681,2
44682,0
44683,2
44684,2
44685,0
44686,2
44687,4
44688,4
44689,0
44690,0
44691,2
44692,2
44693,2
44694,2
44695,2
44696,6
44697,0
44698,2
44699,1
44700,2
44701,4
44702,4
44703,0
44704,2
44705,2
44706,2
44707,0
44708,0
44709,1
44710,0
44711,0
44712,0
44713,3
44714,2
44715,2
44716,6
44717,0
44718,0
44719,2
44720,0
44721,6
44722,2
44723,4
44724,1
44725,5
44726,2
44727,6
44728,1
44729,1
44730,4
44731,4
44732,0
44733,5
44734,0
44735,6
44736,1
44737,4
44738,4
44739,5
44740,6
44741,2
44742,2
44743,1
44744,2
44745,0
44746,0
44747,4
44748,2
44749,6
44750,2
44751,0
44752,4
44753,2
44754,2
44755,2
44756,2
44757,0
44758,2
44759,2
44760,2
44761,2
44762,0
44763,1
44764,0
44765,6
44766,0
44767,4
44768,0
44769,0
44770,0
44771,0
44772,2
44773,6
44774,2
44775,2
44776,0
44777,2
44778,0
44779,0
44780,0
44781,2
44782,0
44783,6
44784,2
44785,1
44786,1
44787,2
44788,6
44789,2
44790,0
44791,2
44792,0
44793,6
44794,6
44795,2
44796,1
44797,6
44798,0
44799,6
44800,5
44801,0
44802,6
44803,6
44804,2
44805,1
44806,4
44807,2
44808,6
44809,0
44810,1
44811,2
44812,2
44813,2
44814,6
44815,2
44816,0
44817,0
44818,0
44819,2
44820,0
44821,1
44822,2
44823,6
44824,3
44825,4
44826,0
44827,2
44828,6
44829,2
44830,0
44831,6
44832,5
44833,0
44834,6
44835,2
44836,0
44837,2
44838,6
44839,2
44840,0
44841,6
44842,2
44843,0
44844,4
44845,1
44846,2
44847,3
44848,2
44849,6
44850,2
44851,2
44852,3
44853,2
44854,0
44855,5
44856,2
44857,2
44858,6
44859,4
44860,2
44861,2
44862,2
44863,2
44864,4
44865,5
44866,4
44867,6
44868,1
44869,6
44870,5
44871,0
44872,4
44873,6
44874,2
44875,2
44876,0
44877,2
44878,5
44879,1
44880,2
44881,2
44882,2
44883,5
44884,2
44885,4
44886,4
44887,2
44888,1
44889,2
44890,0
44891,0
44892,4
44893,2
44894,2
44895,1
44896,0
44897,2
44898,1
44899,0
44900,4
44901,4
44902,0
44903,6
44904,2
44905,0
44906,2
44907,4
44908,0
44909,2
44910,2
44911,2
44912,3
44913,4
44914,0
44915,0
44916,6
44917,6
44918,6
44919,4
44920,0
44921,4
44922,2
44923,2
44924,3
44925,2
44926,3
44927,6
44928,2
44929,6
44930,6
44931,2
44932,4
44933,1
44934,6
44935,2
44936,2
44937,0
44938,2
44939,2
44940,0
44941,3
44942,2
44943,0
44944,2
44945,6
44946,4
44947,2
44948,0
44949,3
44950,2
44951,4
44952,0
44953,0
44954,6
44955,0
44956,4
44957,6
44958,0
44959,0
44960,5
44961,2
44962,2
44963,0
44964,2
44965,2
44966,2
44967,0
44968,6
44969,6
44970,0
44971,2
44972,2
44973,4
44974,2
44975,0
44976,1
44977,0
44978,2
44979,2
44980,0
44981,2
44982,4
44983,2
44984,0
44985,0
44986,6
44987,1
44988,0
44989,2
44990,0
44991,6
44992,0
44993,0
44994,4
44995,2
44996,2
44997,4
44998,0
44999,6
45000,4
45001,2
45002,2
45003,0
45004,5
45005,2
45006,2
45007,2
45008,0
45009,4
45010,2
45011,6
45012,0
45013,2
45014,0
45015,0
45016,0
45017,2
45018,4
45019,3
45020,6
45021,6
45022,2
45023,0
45024,0
45025,6
45026,4
45027,0
45028,0
45029,0
45030,0
45031,2
45032,4
45033,0
45034,0
45035,0
45036,4
45037,5
45038,2
45039,2
45040,4
45041,2
45042,0
45043,0
45044,6
45045,0
45046,0
45047,2
45048,2
45049,0
45050,0
45051,6
45052,4
45053,1
45054,2
45055,6
45056,2
45057,2
45058,2
45059,6
45060,2
45061,5
45062,5
45063,0
45064,0
45065,2
45066,6
45067,0
45068,4
45069,0
45070,2
45071,2
45072,5
45073,1
45074,2
45075,0
45076,2
45077,2
45078,2
45079,2
45080,0
45081,1
45082,0
45083,0
45084,2
45085,2
45086,0
45087,2
45088,4
45089,2
45090,2
45091,2
45092,0
45093,4
45094,3
45095,3
45096,2
45097,2
45098,6
45099,6
45100,0
45101,0
45102,4
45103,2
45104,0
45105,2
45106,2
45107,1
45108,6
45109,2
45110,0
45111,2
45112,5
45113,2
45114,6
45115,3
45116,0
45117,0
45118,2
45119,5
45120,5
45121,2
45122,2
45123,2
45124,1
45125,4
45126,3
45127,2
45128,6
45129,0
45130,2
45131,2
45132,6
45133,4
45134,0
45135,2
45136,5
45137,3
45138,4
45139,2
45140,1
45141,2
45142,2
45143,2
45144,0
45145,4
45146,2
45147,6
45148,0
45149,2
45150,0
45151,0
45152,2
45153,0
45154,3
45155,1
45156,0
45157,2
45158,2
45159,0
45160,2
45161,3
45162,4
45163,6
45164,0
45165,0
45166,0
45167,0
45168,2
45169,0
45170,0
45171,0
45172,0
45173,0
45174,2
45175,4
45176,0
45177,2
45178,2
45179,0
45180,2
45181,2
45182,2
45183,0
45184,5
45185,1
45186,2
45187,2
45188,0
45189,6
45190,2
45191,4
45192,2
45193,2
45194,2
45195,0
45196,0
45197,6
45198,2
45199,0
45200,2
45201,3
45202,2
45203,1
45204,2
45205,2
45206,4
45207,0
45208,4
45209,6
45210,2
45211,2
45212,3
45213,5
45214,0
45215,0
45216,1
45217,2
45218,0
45219,0
45220,0
45221,2
45222,0
45223,2
45224,2
45225,3
45226,2
45227,2
45228,6
45229,0
45230,2
45231,6
45232,0
45233,0
45234,6
45235,0
45236,2
45237,0
45238,6
45239,2
45240,5
45241,2
45242,6
45243,6
45244,2
45245,2
45246,2
45247,2
45248,0
45249,6
45250,2
45251,2
45252,2
45253,0
45254,2
45255,2
45256,3
45257,4
45258,1
45259,0
45260,2
45261,0
45262,0
45263,5
45264,5
45265,0
45266,0
45267,2
45268,0
45269,2
45270,2
45271,0
45272,0
45273,2
45274,1
45275,2
45276,0
45277,6
45278,0
45279,2
45280,0
45281,2
45282,4
45283,0
45284,0
45285,4
45286,6
45287,6
45288,2
45289,2
45290,2
45291,6
45292,2
45293,2
45294,1
45295,0
45296,0
45297,6
45298,0
45299,0
45300,2
45301,2
45302,2
45303,2
45304,0
45305,6
45306,1
45307,3
45308,2
45309,2
45310,2
45311,5
45312,2
45313,1
45314,6
45315,2
45316,3
45317,6
45318,6
45319,0
45320,2
45321,3
45322,1
45323,2
45324,2
45325,2
45326,4
45327,2
45328,2
45329,2
45330,2
45331,5
45332,6
45333,4
45334,2
45335,5
45336,2
45337,1
45338,2
45339,2
45340,0
45341,2
45342,2
45343,0
45344,2
45345,2
45346,4
45347,5
45348,0
45349,0
45350,4
45351,0
45352,2
45353,2
45354,2
45355,2
45356,0
45357,2
45358,0
45359,2
45360,2
45361,3
45362,1
45363,0
45364,0
45365,2
45366,4
45367,2
45368,6
45369,2
45370,0
45371,2
45372,4
45373,0
45374,2
45375,0
45376,6
45377,2
45378,2
45379,6
45380,6
45381,2
45382,2
45383,4
45384,2
45385,6
45386,6
45387,2
45388,0
45389,2
45390,2
45391,2
45392,3
45393,3
45394,2
45395,2
45396,6
45397,0
45398,6
45399,2
45400,6
45401,4
45402,0
45403,2
45404,0
45405,2
45406,5
45407,6
45408,2
45409,2
45410,3
45411,2
45412,2
45413,6
45414,2
45415,0
45416,4
45417,2
45418,2
45419,1
45420,2
45421,0
45422,2
45423,1
45424,2
45425,2
45426,4
45427,2
45428,4
45429,5
45430,4
45431,5
45432,4
45433,2
45434,0
45435,1
45436,2
45437,2
45438,2
45439,0
45440,0
45441,4
45442,3
45443,1
45444,2
45445,4
45446,5
45447,2
45448,2
45449,2
45450,6
45451,2
45452,2
45453,3
45454,4
45455,6
45456,2
45457,4
45458,0
45459,0
45460,5
45461,3
45462,3
45463,5
45464,2
45465,2
45466,0
45467,0
45468,2
45469,2
45470,2
45471,0
45472,4
45473,2
45474,6
45475,4
45476,2
45477,2
45478,6
45479,2
45480,2
45481,2
45482,2
45483,6
45484,6
45485,2
45486,1
45487,2
45488,2
45489,2
45490,3
45491,2
45492,2
45493,2
45494,2
45495,2
45496,0
45497,2
45498,6
45499,4
45500,2
45501,2
45502,2
45503,0
45504,6
45505,0
45506,0
45507,3
45508,2
45509,6
45510,2
45511,0
45512,1
45513,4
45514,4
45515,0
45516,3
45517,0
45518,3
45519,2
45520,0
45521,6
45522,2
45523,4
45524,6
45525,2
45526,2
45527,4
45528,4
45529,2
45530,0
45531,6
45532,0
45533,1
45534,0
45535,3
45536,4
45537,2
45538,4
45539,1
45540,2
45541,0
45542,2
45543,0
45544,4
45545,2
45546,0
45547,2
45548,6
45549,0
45550,3
45551,5
45552,6
45553,2
45554,0
45555,0
45556,1
45557,6
45558,2
45559,1
45560,0
45561,4
45562,2
45563,2
45564,2
45565,2
45566,4
45567,2
45568,0
45569,2
45570,6
45571,0
45572,0
45573,0
45574,1
45575,0
45576,0
45577,5
45578,2
45579,6
45580,1
45581,0
45582,2
45583,0
45584,6
45585,3
45586,2
45587,1
45588,0
45589,2
45590,0
45591,1
45592,0
45593,2
45594,6
45595,4
45596,1
45597,2
45598,0
45599,0
45600,2
45601,4
45602,4
45603,2
45604,2
45605,2
45606,2
45607,5
45608,0
45609,6
45610,0
45611,2
45612,2
45613,2
45614,0
45615,6
45616,4
45617,0
45618,2
45619,2
45620,0
45621,4
45622,2
45623,6
45624,3
45625,1
45626,0
45627,1
45628,2
45629,2
45630,5
45631,1
45632,2
45633,0
45634,0
45635,2
45636,6
45637,4
45638,2
45639,0
45640,1
45641,4
45642,2
45643,2
45644,2
45645,2
45646,3
45647,2
45648,0
45649,6
45650,0
45651,0
45652,3
45653,0
45654,5
45655,2
45656,1
45657,6
45658,2
45659,5
45660,2
45661,0
45662,3
45663,4
45664,2
45665,4
45666,2
45667,0
45668,2
45669,2
45670,0
45671,1
45672,3
45673,6
45674,0
45675,2
45676,0
45677,6
45678,0
45679,2
45680,2
45681,0
45682,2
45683,2
45684,3
45685,0
45686,6
45687,6
45688,4
45689,4
45690,2
45691,0
45692,2
45693,2
45694,2
45695,0
45696,0
45697,4
45698,2
45699,2
45700,2
45701,1
45702,6
45703,2
45704,2
45705,2
45706,2
45707,6
45708,6
45709,2
45710,0
45711,6
45712,2
45713,0
45714,0
45715,0
45716,5
45717,2
45718,2
45719,2
45720,2
45721,2
45722,4
45723,2
45724,2
45725,0
45726,6
45727,3
45728,6
45729,2
45730,6
45731,5
45732,2
45733,6
45734,3
45735,2
45736,1
45737,4
45738,2
45739,2
45740,5
45741,0
45742,2
45743,2
45744,2
45745,2
45746,2
45747,2
45748,0
45749,1
45750,4
45751,4
45752,5
45753,2
45754,2
45755,0
45756,6
45757,0
45758,4
45759,2
45760,4
45761,4
45762,2
45763,2
45764,2
45765,2
45766,2
45767,2
45768,0
45769,0
45770,6
45771,0
45772,2
45773,2
45774,2
45775,2
45776,6
45777,6
45778,5
45779,2
45780,2
45781,2
45782,2
45783,2
45784,4
45785,4
45786,4
45787,5
45788,5
45789,0
45790,6
45791,0
45792,2
45793,6
45794,1
45795,0
45796,2
45797,2
45798,2
45799,2
45800,0
45801,2
45802,0
45803,1
45804,4
45805,3
45806,4
45807,6
45808,3
45809,2
45810,0
45811,5
45812,0
45813,0
45814,6
45815,6
45816,5
45817,2
45818,2
45819,0
45820,1
45821,2
45822,2
45823,0
45824,2
45825,0
45826,0
45827,1
45828,5
45829,0
45830,1
45831,5
45832,2
45833,2
45834,2
45835,2
45836,0
45837,1
45838,2
45839,2
45840,0
45841,0
45842,2
45843,4
45844,2
45845,4
45846,2
45847,6
45848,2
45849,2
45850,2
45851,2
45852,2
45853,2
45854,2
45855,6
45856,4
45857,2
45858,2
45859,0
45860,0
45861,0
45862,2
45863,0
45864,0
45865,0
45866,2
45867,0
45868,4
45869,2
45870,3
45871,2
45872,6
45873,6
45874,2
45875,2
45876,2
45877,0
45878,6
45879,2
45880,2
45881,0
45882,2
45883,2
45884,1
45885,4
45886,6
45887,2
45888,2
45889,2
45890,1
45891,2
45892,2
45893,3
45894,0
45895,2
45896,6
45897,3
45898,0
45899,0
45900,0
45901,2
45902,0
45903,4
45904,2
45905,6
45906,2
45907,6
45908,0
45909,6
45910,1
45911,2
45912,5
45913,0
45914,2
45915,6
45916,3
45917,3
45918,0
45919,2
45920,3
45921,0
45922,4
45923,2
45924,0
45925,1
45926,6
45927,2
45928,6
45929,0
45930,2
45931,6
45932,2
45933,0
45934,2
45935,0
45936,2
45937,4
45938,3
45939,0
45940,2
45941,2
45942,2
45943,2
45944,2
45945,6
45946,3
45947,2
45948,3
45949,5
45950,2
45951,2
45952,1
45953,2
45954,4
45955,2
45956,2
45957,4
45958,0
45959,2
45960,2
45961,4
45962,5
45963,6
45964,2
45965,0
45966,2
45967,2
45968,0
45969,2
45970,2
45971,0
45972,0
45973,4
45974,4
45975,2
45976,4
45977,1
45978,2
45979,2
45980,4
45981,2
45982,0
45983,3
45984,0
45985,3
45986,4
45987,6
45988,6
45989,2
45990,2
45991,2
45992,2
45993,1
45994,2
45995,2
45996,2
45997,2
45998,4
45999,2
46000,1
46001,1
46002,1
46003,2
46004,6
46005,0
46006,2
46007,2
46008,2
46009,2
46010,0
46011,4
46012,2
46013,0
46014,4
46015,2
46016,0
46017,0
46018,1
46019,2
46020,2
46021,0
46022,5
46023,6
46024,6
46025,6
46026,0
46027,0
46028,0
46029,2
46030,2
46031,0
46032,0
46033,2
46034,5
46035,6
46036,0
46037,0
46038,0
46039,2
46040,2
46041,2
46042,4
46043,4
46044,0
46045,2
46046,2
46047,2
46048,0
46049,0
46050,2
46051,1
46052,0
46053,4
46054,2
46055,0
46056,2
46057,1
46058,0
46059,4
46060,2
46061,6
46062,6
46063,1
46064,4
46065,6
46066,2
46067,2
46068,2
46069,2
46070,0
46071,0
46072,6
46073,4
46074,4
46075,2
46076,0
46077,0
46078,2
46079,2
46080,6
46081,0
46082,6
46083,0
46084,0
46085,0
46086,0
46087,0
46088,6
46089,6
46090,2
46091,4
46092,2
46093,5
46094,0
46095,6
46096,0
46097,6
46098,0
46099,2
46100,0
46101,5
46102,0
46103,1
46104,0
46105,0
46106,2
46107,2
46108,2
46109,2
46110,5
46111,2
46112,2
46113,0
46114,6
46115,2
46116,2
46117,1
46118,4
46119,0
46120,0
46121,2
46122,2
46123,6
46124,1
46125,0
46126,5
46127,2
46128,2
46129,2
46130,4
46131,6
46132,0
46133,6
46134,5
46135,2
46136,3
46137,2
46138,2
46139,6
46140,2
46141,2
46142,5
46143,2
46144,6
46145,0
46146,4
46147,2
46148,2
46149,0
46150,0
46151,6
46152,2
46153,4
46154,0
46155,4
46156,4
46157,5
46158,2
46159,2
46160,6
46161,2
46162,2
46163,2
46164,4
46165,0
46166,4
46167,0
46168,5
46169,2
46170,0
46171,2
46172,0
46173,2
46174,3
46175,2
46176,0
46177,2
46178,0
46179,2
46180,2
46181,1
46182,2
46183,3
46184,2
46185,2
46186,2
46187,2
46188,2
46189,4
46190,6
46191,2
46192,2
46193,2
46194,5
46195,4
46196,0
46197,6
46198,1
46199,2
46200,0
46201,2
46202,2
46203,0
46204,4
46205,2
46206,0
46207,2
46208,1
46209,0
46210,5
46211,2
46212,2
46213,0
46214,2
46215,2
46216,2
46217,2
46218,5
46219,2
46220,0
46221,0
46222,0
46223,5
46224,2
46225,0
46226,3
46227,1
46228,6
46229,0
46230,5
46231,0
46232,3
46233,0
46234,4
46235,2
46236,2
46237,2
46238,2
46239,0
46240,4
46241,5
46242,5
46243,0
46244,4
46245,0
46246,1
46247,2
46248,0
46249,4
46250,6
46251,2
46252,0
46253,0
46254,6
46255,0
46256,6
46257,0
46258,2
46259,0
46260,2
46261,6
46262,6
46263,2
46264,0
46265,4
46266,2
46267,2
46268,2
46269,0
46270,2
46271,1
46272,0
46273,1
46274,0
46275,6
46276,4
46277,2
46278,1
46279,0
46280,2
46281,0
46282,4
46283,2
46284,5
46285,0
46286,2
46287,0
46288,0
46289,2
46290,6
46291,0
46292,1
46293,0
46294,5
46295,0
46296,0
46297,4
46298,2
46299,2
46300,0
46301,4
46302,1
46303,2
46304,6
46305,6
46306,0
46307,6
46308,0
46309,2
46310,2
46311,3
46312,4
46313,4
46314,1
46315,0
46316,2
46317,6
46318,6
46319,1
46320,4
46321,2
46322,2
46323,4
46324,2
46325,3
46326,2
46327,0
46328,6
46329,2
46330,1
46331,2
46332,0
46333,0
46334,0
46335,2
46336,5
46337,2
46338,2
46339,2
46340,2
46341,0
46342,0
46343,2
46344,2
46345,0
46346,5
46347,1
46348,4
46349,4
46350,3
46351,0
46352,2
46353,2
46354,0
46355,1
46356,2
46357,6
46358,0
46359,0
46360,6
46361,2
46362,0
46363,2
46364,4
46365,2
46366,0
46367,6
46368,2
46369,2
46370,4
46371,2
46372,2
46373,6
46374,2
46375,2
46376,4
46377,1
46378,2
46379,2
46380,6
46381,4
46382,2
46383,6
46384,1
46385,2
46386,2
46387,6
46388,0
46389,2
46390,2
46391,2
46392,6
46393,0
46394,4
46395,4
46396,6
46397,2
46398,1
46399,2
46400,6
46401,0
46402,6
46403,2
46404,0
46405,6
46406,0
46407,6
46408,4
46409,0
46410,2
46411,2
46412,6
46413,2
46414,3
46415,2
46416,6
46417,0
46418,2
46419,0
46420,0
46421,0
46422,2
46423,4
46424,6
46425,6
46426,0
46427,2
46428,0
46429,0
46430,2
46431,6
46432,0
46433,2
46434,1
46435,1
46436,2
46437,1
46438,2
46439,1
46440,4
46441,4
46442,0
46443,0
46444,3
46445,0
46446,0
46447,0
46448,0
46449,2
46450,2
46451,0
46452,2
46453,3
46454,2
46455,0
46456,5
46457,3
46458,5
46459,0
46460,5
46461,2
46462,2
46463,4
46464,0
46465,0
46466,6
46467,4
46468,2
46469,4
46470,0
46471,1
46472,6
46473,2
46474,3
46475,1
46476,6
46477,0
46478,3
46479,2
46480,6
46481,2
46482,6
46483,4
46484,3
46485,0
46486,3
46487,6
46488,4
46489,2
46490,0
46491,0
46492,4
46493,6
46494,4
46495,0
46496,0
46497,2
46498,0
46499,0
46500,0
46501,2
46502,5
46503,1
46504,2
46505,0
46506,5
46507,2
46508,0
46509,2
46510,0
46511,0
46512,4
46513,1
46514,2
46515,2
46516,6
46517,0
46518,0
46519,4
46520,6
46521,6
46522,0
46523,0
46524,0
46525,1
46526,1
46527,0
46528,2
46529,2
46530,6
46531,6
46532,4
46533,2
46534,2
46535,4
46536,0
46537,6
46538,2
46539,2
46540,2
46541,2
46542,2
46543,0
46544,5
46545,0
46546,6
46547,0
46548,2
46549,4
46550,2
46551,2
46552,4
46553,0
46554,2
46555,2
46556,2
46557,4
46558,6
46559,6
46560,3
46561,2
46562,0
46563,2
46564,2
46565,6
46566,2
46567,2
46568,2
46569,0
46570,2
46571,0
46572,6
46573,0
46574,0
46575,2
46576,2
46577,6
46578,2
46579,6
46580,2
46581,5
46582,2
46583,2
46584,0
46585,2
46586,3
46587,0
46588,2
46589,0
46590,2
46591,2
46592,0
46593,6
46594,5
46595,0
46596,6
46597,2
46598,1
46599,6
46600,0
46601,6
46602,6
46603,5
46604,2
46605,1
46606,6
46607,2
46608,0
46609,5
46610,2
46611,3
46612,0
46613,6
46614,0
46615,2
46616,2
46617,3
46618,5
46619,2
46620,1
46621,2
46622,2
46623,3
46624,2
46625,2
46626,2
46627,6
46628,2
46629,2
46630,2
46631,2
46632,2
46633,2
46634,2
46635,2
46636,1
46637,0
46638,2
46639,0
46640,6
46641,2
46642,2
46643,2
46644,2
46645,0
46646,2
46647,6
46648,2
46649,6
46650,1
46651,1
46652,4
46653,2
46654,2
46655,1
46656,0
46657,6
46658,2
46659,5
46660,0
46661,2
46662,2
46663,2
46664,2
46665,2
46666,2
46667,4
46668,2
46669,6
46670,3
46671,6
46672,0
46673,2
46674,2
46675,0
46676,2
46677,2
46678,2
46679,1
46680,2
46681,0
46682,2
46683,2
46684,2
46685,2
46686,2
46687,0
46688,2
46689,0
46690,4
46691,2
46692,2
46693,2
46694,2
46695,2
46696,2
46697,2
46698,0
46699,6
46700,4
46701,6
46702,0
46703,0
46704,6
46705,5
46706,6
46707,0
46708,1
46709,2
46710,2
46711,4
46712,0
46713,0
46714,4
46715,2
46716,2
46717,3
46718,2
46719,2
46720,0
46721,5
46722,2
46723,0
46724,2
46725,2
46726,2
46727,2
46728,0
46729,6
46730,2
46731,4
46732,6
46733,2
46734,4
46735,5
46736,6
46737,6
46738,2
46739,0
46740,0
46741,2
46742,6
46743,2
46744,0
46745,4
46746,0
46747,2
46748,1
46749,0
46750,5
46751,2
46752,2
46753,4
46754,0
46755,2
46756,2
46757,2
46758,2
46759,2
46760,0
46761,2
46762,1
46763,0
46764,4
46765,2
46766,0
46767,2
46768,2
46769,6
46770,3
46771,2
46772,2
46773,2
46774,1
46775,2
46776,0
46777,6
46778,2
46779,2
46780,3
46781,2
46782,0
46783,6
46784,0
46785,2
46786,4
46787,0
46788,1
46789,2
46790,0
46791,2
46792,6
46793,5
46794,0
46795,6
46796,6
46797,1
46798,1
46799,2
46800,2
46801,2
46802,6
46803,4
46804,0
46805,3
46806,2
46807,2
46808,2
46809,6
46810,2
46811,2
46812,5
46813,2
46814,2
46815,0
46816,2
46817,2
46818,4
46819,0
46820,2
46821,2
46822,2
46823,0
46824,6
46825,6
46826,0
46827,2
46828,2
46829,6
46830,2
46831,0
46832,2
46833,4
46834,3
46835,0
46836,2
46837,2
46838,0
46839,6
46840,2
46841,2
46842,0
46843,2
46844,0
46845,2
46846,2
46847,6
46848,2
46849,2
46850,3
46851,6
46852,5
46853,5
46854,5
46855,2
46856,2
46857,0
46858,3
46859,6
46860,2
46861,6
46862,6
46863,2
46864,5
46865,2
46866,3
46867,1
46868,2
46869,4
46870,2
46871,2
46872,4
46873,0
46874,4
46875,2
46876,2
46877,2
46878,3
46879,2
46880,0
46881,2
46882,5
46883,2
46884,0
46885,2
46886,1
46887,0
46888,0
46889,4
46890,2
46891,4
46892,0
46893,5
46894,2
46895,6
46896,5
46897,1
46898,0
46899,0
46900,0
46901,3
46902,2
46903,0
46904,2
46905,2
46906,2
46907,0
46908,2
46909,2
46910,6
46911,2
46912,0
46913,2
46914,1
46915,0
46916,2
46917,2
46918,3
46919,6
46920,5
46921,2
46922,2
46923,0
46924,4
46925,2
46926,0
46927,2
46928,0
46929,2
46930,2
46931,0
46932,2
46933,2
46934,4
46935,0
46936,0
46937,0
46938,2
46939,6
46940,3
46941,2
46942,1
46943,2
46944,2
46945,0
46946,2
46947,2
46948,2
46949,2
46950,6
46951,4
46952,0
46953,0
46954,2
46955,1
46956,0
46957,0
46958,6
46959,1
46960,1
46961,0
46962,6
46963,5
46964,5
46965,0
46966,0
46967,2
46968,2
46969,5
46970,4
46971,5
46972,3
46973,0
46974,0
46975,1
46976,2
46977,2
46978,0
46979,0
46980,5
46981,0
46982,0
46983,2
46984,2
46985,5
46986,6
46987,3
46988,6
46989,4
46990,2
46991,2
46992,4
46993,2
46994,5
46995,2
46996,2
46997,6
46998,0
46999,4
47000,0
47001,2
47002,2
47003,0
47004,5
47005,1
47006,0
47007,2
47008,0
47009,5
47010,6
47011,3
47012,1
47013,6
47014,6
47015,6
47016,2
47017,0
47018,2
47019,2
47020,6
47021,1
47022,0
47023,0
47024,2
47025,0
47026,0
47027,6
47028,0
47029,4
47030,6
47031,0
47032,2
47033,2
47034,2
47035,2
47036,2
47037,2
47038,6
47039,6
47040,6
47041,0
47042,4
47043,2
47044,0
47045,0
47046,2
47047,2
47048,2
47049,1
47050,6
47051,2
47052,2
47053,2
47054,2
47055,4
47056,3
47057,1
47058,4
47059,0
47060,6
47061,2
47062,2
47063,2
47064,0
47065,4
47066,5
47067,2
47068,0
47069,0
47070,2
47071,2
47072,2
47073,2
47074,2
47075,0
47076,2
47077,2
47078,0
47079,5
47080,6
47081,2
47082,6
47083,4
47084,2
47085,4
47086,0
47087,2
47088,2
47089,2
47090,2
47091,2
47092,4
47093,2
47094,4
47095,2
47096,4
47097,2
47098,0
47099,5
47100,4
47101,0
47102,5
47103,6
47104,6
47105,4
47106,6
47107,1
47108,2
47109,2
47110,4
47111,6
47112,0
47113,4
47114,2
47115,3
47116,0
47117,2
47118,0
47119,1
47120,6
47121,3
47122,0
47123,2
47124,4
47125,3
47126,2
47127,2
47128,4
47129,0
47130,2
47131,0
47132,2
47133,6
47134,2
47135,5
47136,2
47137,6
47138,2
47139,2
47140,2
47141,3
47142,0
47143,0
47144,2
47145,0
47146,6
47147,0
47148,6
47149,0
47150,0
47151,4
47152,4
47153,6
47154,0
47155,2
47156,4
47157,6
47158,0
47159,6
47160,6
47161,6
47162,0
47163,5
47164,2
47165,5
47166,6
47167,0
47168,3
47169,6
47170,0
47171,0
47172,2
47173,1
47174,2
47175,3
47176,4
47177,3
47178,0
47179,6
47180,0
47181,2
47182,1
47183,6
47184,6
47185,6
47186,2
47187,3
47188,2
47189,0
47190,2
47191,6
47192,2
47193,2
47194,1
47195,0
47196,5
47197,2
47198,2
47199,6
47200,2
47201,2
47202,2
47203,6
47204,2
47205,2
47206,6
47207,2
47208,0
47209,2
47210,4
47211,1
47212,5
47213,2
47214,0
47215,0
47216,2
47217,0
47218,4
47219,2
47220,0
47221,2
47222,1
47223,2
47224,2
47225,0
47226,2
47227,3
47228,2
47229,3
47230,1
47231,0
47232,0
47233,6
47234,2
47235,2
47236,2
47237,6
47238,6
47239,1
47240,2
47241,0
47242,0
47243,0
47244,0
47245,1
47246,2
47247,4
47248,6
47249,2
47250,0
47251,4
47252,0
47253,0
47254,0
47255,0
47256,1
47257,1
47258,0
47259,6
47260,2
47261,0
47262,2
47263,2
47264,0
47265,0
47266,0
47267,6
47268,1
47269,0
47270,5
47271,2
47272,0
47273,2
47274,6
47275,0
47276,4
47277,2
47278,2
47279,0
47280,2
47281,5
47282,0
47283,2
47284,0
47285,4
47286,6
47287,2
47288,0
47289,5
47290,0
47291,6
47292,5
47293,1
47294,2
47295,0
47296,0
47297,2
47298,2
47299,2
47300,1
47301,0
47302,1
47303,4
47304,2
47305,0
47306,2
47307,2
47308,0
47309,4
47310,2
47311,3
47312,0
47313,2
47314,6
47315,2
47316,2
47317,0
47318,6
47319,0
47320,0
47321,2
47322,0
47323,6
47324,2
47325,0
47326,6
47327,3
47328,4
47329,5
47330,2
47331,0
47332,2
47333,1
47334,4
47335,4
47336,3
47337,2
47338,1
47339,2
47340,2
47341,2
47342,6
47343,0
47344,0
47345,2
47346,2
47347,5
47348,3
47349,0
47350,6
47351,2
47352,2
47353,4
47354,1
47355,3
47356,0
47357,0
47358,0
47359,3
47360,4
47361,1
47362,2
47363,2
47364,2
47365,2
47366,2
47367,0
47368,6
47369,2
47370,6
47371,0
47372,3
47373,2
47374,2
47375,4
47376,2
47377,2
47378,6
47379,6
47380,2
47381,1
47382,6
47383,0
47384,4
47385,2
47386,0
47387,6
47388,2
47389,2
47390,0
47391,4
47392,5
47393,4
47394,2
47395,1
47396,0
47397,6
47398,6
47399,2
47400,2
47401,6
47402,2
47403,2
47404,4
47405,0
47406,5
47407,3
47408,5
47409,0
47410,5
47411,3
47412,2
47413,2
47414,6
47415,5
47416,2
47417,2
47418,0
47419,3
47420,2
47421,0
47422,0
47423,2
47424,2
47425,2
47426,0
47427,0
47428,2
47429,4
47430,2
47431,2
47432,2
47433,1
47434,1
47435,4
47436,0
47437,2
47438,2
47439,0
47440,0
47441,3
47442,6
47443,0
47444,2
47445,0
47446,1
47447,6
47448,1
47449,0
47450,2
47451,0
47452,3
47453,4
47454,0
47455,2
47456,0
47457,2
47458,2
47459,0
47460,6
47461,2
47462,0
47463,2
47464,3
47465,2
47466,2
47467,1
47468,6
47469,4
47470,2
47471,2
47472,2
47473,2
47474,0
47475,3
47476,6
47477,3
47478,2
47479,5
47480,0
47481,2
47482,2
47483,0
47484,2
47485,1
47486,6
47487,1
47488,4
47489,0
47490,1
47491,0
47492,0
47493,2
47494,2
47495,3
47496,5
47497,0
47498,2
47499,2
47500,0
47501,6
47502,2
47503,4
47504,5
47505,0
47506,0
47507,6
47508,2
47509,2
47510,2
47511,6
47512,0
47513,4
47514,0
47515,0
47516,6
47517,6
47518,4
47519,2
47520,0
47521,0
47522,2
47523,2
47524,5
47525,2
47526,0
47527,2
47528,6
47529,3
47530,2
47531,2
47532,6
47533,3
47534,0
47535,2
47536,2
47537,0
47538,3
47539,0
47540,2
47541,0
47542,0
47543,6
47544,1
47545,0
47546,0
47547,2
47548,2
47549,0
47550,2
47551,0
47552,1
47553,2
47554,6
47555,0
47556,6
47557,4
47558,4
47559,0
47560,0
47561,0
47562,4
47563,2
47564,0
47565,2
47566,0
47567,2
47568,2
47569,2
47570,6
47571,0
47572,6
47573,0
47574,4
47575,0
47576,6
47577,0
47578,2
47579,2
47580,0
47581,2
47582,4
47583,6
47584,2
47585,1
47586,2
47587,2
47588,6
47589,4
47590,6
47591,0
47592,0
47593,2
47594,2
47595,4
47596,0
47597,0
47598,6
47599,6
47600,2
47601,6
47602,0
47603,6
47604,2
47605,2
47606,6
47607,4
47608,2
47609,4
47610,2
47611,0
47612,2
47613,6
47614,0
47615,2
47616,5
47617,2
47618,4
47619,2
47620,2
47621,2
47622,4
47623,6
47624,2
47625,6
47626,3
47627,0
47628,0
47629,2
47630,0
47631,0
47632,6
47633,1
47634,2
47635,6
47636,0
47637,3
47638,2
47639,6
47640,0
47641,0
47642,0
47643,6
47644,0
47645,4
47646,0
47647,2
47648,1
47649,0
47650,3
47651,1
47652,2
47653,2
47654,6
47655,2
47656,6
47657,0
47658,0
47659,0
47660,1
47661,1
47662,0
47663,3
47664,2
47665,3
47666,2
47667,0
47668,2
47669,2
47670,0
47671,0
47672,2
47673,3
47674,0
47675,1
47676,1
47677,6
47678,0
47679,0
47680,2
47681,0
47682,3
47683,1
47684,3
47685,3
47686,6
47687,2
47688,4
47689,3
47690,5
47691,2
47692,1
47693,2
47694,0
47695,2
47696,4
47697,6
47698,0
47699,0
47700,0
47701,1
47702,2
47703,0
47704,6
47705,0
47706,0
47707,2
47708,2
47709,2
47710,2
47711,2
47712,0
47713,4
47714,2
47715,4
47716,5
47717,0
47718,5
47719,1
47720,4
47721,2
47722,2
47723,2
47724,2
47725,2
47726,2
47727,1
47728,0
47729,2
47730,6
47731,3
47732,0
47733,2
47734,1
47735,1
47736,0
47737,4
47738,2
47739,6
47740,6
47741,0
47742,2
47743,2
47744,0
47745,1
47746,6
47747,6
47748,6
47749,4
47750,0
47751,2
47752,6
47753,1
47754,2
47755,1
47756,2
47757,2
47758,2
47759,4
47760,4
47761,2
47762,2
47763,6
47764,1
47765,2
47766,2
47767,0
47768,0
47769,1
47770,2
47771,2
47772,6
47773,3
47774,2
47775,2
47776,6
47777,2
47778,2
47779,0
47780,2
47781,0
47782,6
47783,6
47784,2
47785,0
47786,2
47787,4
47788,2
47789,6
47790,2
47791,4
47792,1
47793,2
47794,3
47795,2
47796,4
47797,0
47798,2
47799,0
47800,5
47801,6
47802,6
47803,5
47804,6
47805,6
47806,0
47807,4
47808,4
47809,1
47810,6
47811,4
47812,1
47813,1
47814,1
47815,5
47816,0
47817,2
47818,1
47819,2
47820,2
47821,5
47822,6
47823,0
47824,2
47825,2
47826,6
47827,2
47828,2
47829,2
47830,2
47831,4
47832,0
47833,6
47834,5
47835,2
47836,2
47837,0
47838,0
47839,3
47840,4
47841,0
47842,2
47843,3
47844,2
47845,2
47846,1
47847,0
47848,2
47849,3
47850,4
47851,5
47852,0
47853,4
47854,2
47855,1
47856,2
47857,2
47858,5
47859,1
47860,0
47861,2
47862,6
47863,4
47864,2
47865,5
47866,0
47867,0
47868,1
47869,0
47870,5
47871,0
47872,5
47873,2
47874,0
47875,0
47876,0
47877,2
47878,0
47879,2
47880,2
47881,2
47882,6
47883,4
47884,2
47885,4
47886,6
47887,0
47888,0
47889,3
47890,3
47891,6
47892,2
47893,6
47894,2
47895,6
47896,3
47897,6
47898,6
47899,0
47900,0
47901,2
47902,6
47903,2
47904,1
47905,0
47906,3
47907,0
47908,0
47909,0
47910,0
47911,0
47912,6
47913,4
47914,2
47915,3
47916,4
47917,2
47918,2
47919,0
47920,0
47921,4
47922,5
47923,0
47924,2
47925,4
47926,2
47927,0
47928,2
47929,0
47930,2
47931,2
47932,2
47933,2
47934,0
47935,6
47936,5
47937,0
47938,2
47939,2
47940,3
47941,2
47942,4
47943,2
47944,4
47945,0
47946,0
47947,6
47948,0
47949,2
47950,6
47951,3
47952,2
47953,0
47954,2
47955,2
47956,6
47957,4
47958,0
47959,2
47960,0
47961,6
47962,4
47963,6
47964,6
47965,6
47966,2
47967,4
47968,0
47969,0
47970,2
47971,4
47972,2
47973,2
47974,2
47975,2
47976,2
47977,0
47978,2
47979,5
47980,0
47981,2
47982,2
47983,6
47984,2
47985,6
47986,0
47987,1
47988,6
47989,4
47990,1
47991,4
47992,0
47993,0
47994,5
47995,3
47996,0
47997,6
47998,6
47999,0
48000,2
48001,1
48002,6
48003,4
48004,2
48005,3
48006,2
48007,2
48008,0
48009,2
48010,5
48011,6
48012,2
48013,5
48014,0
48015,0
48016,0
48017,0
48018,0
48019,2
48020,1
48021,0
48022,0
48023,2
48024,0
48025,2
48026,2
48027,4
48028,3
48029,3
48030,2
48031,4
48032,2
48033,2
48034,2
48035,1
48036,0
48037,5
48038,4
48039,2
48040,2
48041,2
48042,0
48043,1
48044,2
48045,0
48046,4
48047,2
48048,5
48049,4
48050,2
48051,4
48052,0
48053,6
48054,0
48055,2
48056,0
48057,0
48058,2
48059,0
48060,2
48061,4
48062,6
48063,2
48064,2
48065,2
48066,0
48067,2
48068,2
48069,0
48070,3
48071,0
48072,2
48073,2
48074,0
48075,2
48076,0
48077,6
48078,2
48079,2
48080,2
48081,2
48082,0
48083,2
48084,5
48085,0
48086,2
48087,2
48088,0
48089,1
48090,0
48091,2
48092,2
48093,0
48094,0
48095,0
48096,3
48097,1
48098,0
48099,2
48100,1
48101,4
48102,3
48103,2
48104,2
48105,2
48106,3
48107,2
48108,2
48109,6
48110,0
48111,2
48112,3
48113,2
48114,2
48115,2
48116,2
48117,0
48118,2
48119,2
48120,2
48121,0
48122,2
48123,1
48124,5
48125,2
48126,0
48127,6
48128,4
48129,5
48130,3
48131,0
48132,4
48133,2
48134,2
48135,4
48136,2
48137,2
48138,2
48139,6
48140,2
48141,4
48142,3
48143,6
48144,2
48145,2
48146,2
48147,0
48148,0
48149,2
48150,0
48151,3
48152,0
48153,0
48154,2
48155,2
48156,0
48157,4
48158,4
48159,2
48160,6
48161,2
48162,4
48163,6
48164,0
48165,2
48166,2
48167,6
48168,0
48169,1
48170,2
48171,1
48172,0
48173,2
48174,0
48175,5
48176,2
48177,2
48178,0
48179,0
48180,0
48181,2
48182,2
48183,6
48184,5
48185,0
48186,1
48187,0
48188,2
48189,2
48190,2
48191,2
48192,0
48193,0
48194,6
48195,0
48196,6
48197,0
48198,3
48199,0
48200,2
48201,0
48202,2
48203,2
48204,2
48205,2
48206,5
48207,2
48208,1
48209,2
48210,2
48211,1
48212,2
48213,0
48214,6
48215,6
48216,4
48217,2
48218,0
48219,2
48220,0
48221,2
48222,2
48223,5
48224,0
48225,2
48226,2
48227,6
48228,3
48229,6
48230,0
48231,3
48232,2
48233,4
48234,4
48235,0
48236,0
48237,3
48238,0
48239,1
48240,2
48241,2
48242,6
48243,0
48244,6
48245,4
48246,2
48247,1
48248,2
48249,4
48250,1
48251,2
48252,0
48253,0
48254,6
48255,0
48256,2
48257,2
48258,0
48259,0
48260,6
48261,0
48262,2
48263,2
48264,2
48265,5
48266,2
48267,2
48268,0
48269,2
48270,1
48271,2
48272,2
48273,0
48274,2
48275,0
48276,4
48277,1
48278,2
48279,0
48280,6
48281,1
48282,2
48283,2
48284,6
48285,2
48286,6
48287,0
48288,4
48289,4
48290,0
48291,4
48292,0
48293,6
48294,3
48295,1
48296,2
48297,0
48298,5
48299,6
48300,6
48301,1
48302,2
48303,0
48304,3
48305,0
48306,2
48307,3
48308,2
48309,0
48310,2
48311,2
48312,4
48313,5
48314,4
48315,5
48316,2
48317,2
48318,4
48319,0
48320,4
48321,0
48322,0
48323,2
48324,0
48325,2
48326,2
48327,0
48328,2
48329,0
48330,2
48331,2
48332,0
48333,5
48334,2
48335,6
48336,0
48337,2
48338,0
48339,2
48340,3
48341,6
48342,1
48343,0
48344,5
48345,2
48346,0
48347,6
48348,2
48349,2
48350,0
48351,2
48352,0
48353,0
48354,0
48355,2
48356,6
48357,6
48358,0
48359,0
48360,4
48361,0
48362,4
48363,6
48364,2
48365,2
48366,2
48367,6
48368,0
48369,0
48370,2
48371,6
48372,2
48373,0
48374,2
48375,2
48376,0
48377,2
48378,0
48379,4
48380,0
48381,6
48382,0
48383,0
48384,2
48385,0
48386,2
48387,0
48388,5
48389,6
48390,2
48391,1
48392,0
48393,0
48394,3
48395,2
48396,6
48397,4
48398,4
48399,4
48400,0
48401,2
48402,6
48403,4
48404,6
48405,2
48406,1
48407,1
48408,2
48409,6
48410,0
48411,0
48412,1
48413,2
48414,2
48415,2
48416,0
48417,1
48418,0
48419,6
48420,1
48421,0
48422,0
48423,2
48424,4
48425,2
48426,2
48427,0
48428,2
48429,3
48430,0
48431,0
48432,2
48433,2
48434,3
48435,2
48436,6
48437,2
48438,4
48439,0
48440,0
48441,2
48442,6
48443,2
48444,2
48445,6
48446,0
48447,1
48448,4
48449,0
48450,0
48451,2
48452,2
48453,4
48454,0
48455,6
48456,2
48457,0
48458,4
48459,6
48460,6
48461,0
48462,4
48463,1
48464,2
48465,0
48466,0
48467,2
48468,2
48469,2
48470,2
48471,0
48472,0
48473,0
48474,2
48475,2
48476,6
48477,6
48478,5
48479,1
48480,2
48481,0
48482,6
48483,4
48484,2
48485,2
48486,0
48487,0
48488,5
48489,6
48490,0
48491,2
48492,0
48493,3
48494,2
48495,6
48496,4
48497,6
48498,2
48499,4
48500,0
48501,2
48502,0
48503,0
48504,6
48505,6
48506,2
48507,2
48508,2
48509,1
48510,0
48511,2
48512,6
48513,2
48514,2
48515,5
48516,2
48517,0
48518,2
48519,0
48520,6
48521,5
48522,2
48523,2
48524,2
48525,6
48526,0
48527,0
48528,3
48529,6
48530,2
48531,0
48532,6
48533,0
48534,0
48535,2
48536,5
48537,2
48538,2
48539,0
48540,0
48541,2
48542,2
48543,2
48544,2
48545,1
48546,2
48547,0
48548,0
48549,0
48550,2
48551,2
48552,3
48553,0
48554,0
48555,6
48556,0
48557,3
48558,4
48559,2
48560,4
48561,6
48562,0
48563,2
48564,3
48565,2
48566,2
48567,0
48568,4
48569,2
48570,1
48571,0
48572,2
48573,2
48574,6
48575,3
48576,2
48577,2
48578,0
48579,2
48580,4
48581,2
48582,2
48583,2
48584,1
48585,2
48586,2
48587,4
48588,5
48589,4
48590,0
48591,6
48592,2
48593,5
48594,4
48595,2
48596,2
48597,2
48598,0
48599,4
48600,3
48601,2
48602,2
48603,2
48604,2
48605,2
48606,0
48607,6
48608,1
48609,2
48610,5
48611,2
48612,0
48613,0
48614,0
48615,0
48616,2
48617,0
48618,2
48619,0
48620,2
48621,5
48622,2
48623,0
48624,0
48625,0
48626,2
48627,6
48628,5
48629,3
48630,0
48631,2
48632,1
48633,2
48634,4
48635,2
48636,6
48637,2
48638,2
48639,0
48640,6
48641,2
48642,2
48643,0
48644,2
48645,4
48646,2
48647,2
48648,0
48649,5
48650,4
48651,2
48652,2
48653,0
48654,2
48655,2
48656,0
48657,2
48658,2
48659,0
48660,6
48661,5
48662,2
48663,5
48664,0
48665,4
48666,1
48667,4
48668,2
48669,2
48670,4
48671,0
48672,2
48673,5
48674,1
48675,2
48676,0
48677,6
48678,2
48679,2
48680,2
48681,1
48682,2
48683,2
48684,4
48685,0
48686,0
48687,2
48688,4
48689,0
48690,2
48691,2
48692,0
48693,6
48694,6
48695,3
48696,0
48697,5
48698,1
48699,0
48700,2
48701,6
48702,4
48703,2
48704,0
48705,2
48706,2
48707,2
48708,4
48709,2
48710,0
48711,2
48712,1
48713,0
48714,5
48715,0
48716,2
48717,6
48718,6
48719,2
48720,6
48721,0
48722,6
48723,4
48724,0
48725,0
48726,2
48727,2
48728,3
48729,0
48730,2
48731,0
48732,5
48733,0
48734,2
48735,0
48736,2
48737,2
48738,2
48739,1
48740,0
48741,2
48742,0
48743,4
48744,1
48745,2
48746,4
48747,2
48748,2
48749,2
48750,2
48751,4
48752,0
48753,2
48754,0
48755,2
48756,6
48757,5
48758,0
48759,0
48760,2
48761,6
48762,6
48763,2
48764,6
48765,0
48766,0
48767,2
48768,2
48769,2
48770,0
48771,2
48772,5
48773,5
48774,2
48775,0
48776,0
48777,6
48778,6
48779,4
48780,4
48781,2
48782,2
48783,0
48784,0
48785,1
48786,2
48787,0
48788,4
48789,5
48790,2
48791,4
48792,6
48793,0
48794,2
48795,2
48796,0
48797,4
48798,2
48799,2
48800,2
48801,3
48802,0
48803,2
48804,0
48805,0
48806,2
48807,3
48808,1
48809,2
48810,2
48811,1
48812,0
48813,0
48814,2
48815,0
48816,2
48817,2
48818,2
48819,0
48820,4
48821,2
48822,2
48823,0
48824,0
48825,6
48826,0
48827,1
48828,5
48829,0
48830,2
48831,2
48832,2
48833,4
48834,6
48835,2
48836,1
48837,3
48838,2
48839,5
48840,6
48841,6
48842,6
48843,2
48844,5
48845,0
48846,2
48847,1
48848,2
48849,6
48850,3
48851,5
48852,6
48853,6
48854,3
48855,2
48856,0
48857,2
48858,2
48859,6
48860,0
48861,0
48862,5
48863,3
48864,6
48865,2
48866,5
48867,4
48868,5
48869,2
48870,0
48871,0
48872,0
48873,5
48874,6
48875,0
48876,2
48877,2
48878,0
48879,2
48880,0
48881,2
48882,0
48883,0
48884,4
48885,2
48886,2
48887,6
48888,6
48889,6
48890,3
48891,4
48892,0
48893,2
48894,0
48895,0
48896,0
48897,3
48898,2
48899,2
48900,6
48901,6
48902,2
48903,4
48904,0
48905,6
48906,1
48907,4
48908,2
48909,0
48910,0
48911,2
48912,2
48913,4
48914,0
48915,0
48916,2
48917,0
48918,2
48919,2
48920,0
48921,2
48922,0
48923,5
48924,2
48925,2
48926,3
48927,2
48928,0
48929,3
48930,0
48931,2
48932,2
48933,6
48934,0
48935,6
48936,1
48937,6
48938,2
48939,0
48940,1
48941,0
48942,0
48943,0
48944,1
48945,1
48946,0
48947,2
48948,4
48949,2
48950,4
48951,0
48952,2
48953,5
48954,2
48955,2
48956,6
48957,6
48958,2
48959,2
48960,6
48961,2
48962,2
48963,4
48964,0
48965,2
48966,0
48967,0
48968,2
48969,2
48970,2
48971,2
48972,1
48973,2
48974,4
48975,2
48976,4
48977,2
48978,0
48979,2
48980,4
48981,5
48982,0
48983,0
48984,2
48985,3
48986,4
48987,0
48988,4
48989,3
48990,6
48991,2
48992,6
48993,0
48994,2
48995,5
48996,5
48997,6
48998,2
48999,2
49000,2
49001,2
49002,2
49003,2
49004,2
49005,2
49006,4
49007,2
49008,4
49009,0
49010,2
49011,2
49012,2
49013,2
49014,1
49015,0
49016,4
49017,6
49018,2
49019,3
49020,2
49021,6
49022,0
49023,0
49024,2
49025,6
49026,4
49027,3
49028,2
49029,0
49030,3
49031,2
49032,2
49033,0
49034,0
49035,1
49036,1
49037,6
49038,0
49039,2
49040,0
49041,0
49042,3
49043,6
49044,3
49045,0
49046,4
49047,2
49048,4
49049,6
49050,0
49051,0
49052,2
49053,2
49054,0
49055,2
49056,4
49057,4
49058,3
49059,2
49060,3
49061,0
49062,2
49063,6
49064,2
49065,0
49066,5
49067,4
49068,2
49069,0
49070,2
49071,0
49072,2
49073,0
49074,2
49075,2
49076,3
49077,2
49078,2
49079,4
49080,2
49081,2
49082,6
49083,4
49084,2
49085,0
49086,0
49087,2
49088,2
49089,2
49090,4
49091,2
49092,0
49093,2
49094,4
49095,6
49096,0
49097,2
49098,2
49099,6
49100,2
49101,6
49102,6
49103,2
49104,4
49105,2
49106,0
49107,6
49108,0
49109,2
49110,3
49111,4
49112,2
49113,3
49114,6
49115,2
49116,2
49117,2
49118,6
49119,2
49120,3
49121,2
49122,0
49123,2
49124,2
49125,2
49126,4
49127,1
49128,4
49129,4
49130,0
49131,6
49132,2
49133,2
49134,5
49135,6
49136,0
49137,5
49138,6
49139,0
49140,2
49141,5
49142,1
49143,2
49144,0
49145,2
49146,5
49147,0
49148,4
49149,4
49150,6
49151,2
49152,2
49153,0
49154,0
49155,3
49156,0
49157,2
49158,2
49159,4
49160,0
49161,0
49162,2
49163,0
49164,4
49165,6
49166,0
49167,2
49168,3
49169,2
49170,0
49171,0
49172,0
49173,0
49174,0
49175,0
49176,0
49177,2
49178,5
49179,0
49180,0
49181,2
49182,1
49183,0
49184,3
49185,2
49186,5
49187,0
49188,2
49189,4
49190,2
49191,0
49192,0
49193,2
49194,0
49195,2
49196,2
49197,0
49198,2
49199,0
49200,0
49201,2
49202,0
49203,2
49204,6
49205,0
49206,2
49207,0
49208,0
49209,1
49210,2
49211,6
49212,1
49213,2
49214,2
49215,2
49216,1
49217,0
49218,2
49219,2
49220,6
49221,2
49222,6
49223,0
49224,6
49225,2
49226,4
49227,1
49228,4
49229,1
49230,5
49231,0
49232,2
49233,2
49234,6
49235,6
49236,2
49237,3
49238,5
49239,2
49240,0
49241,2
49242,2
49243,0
49244,6
49245,5
49246,3
49247,0
49248,6
49249,0
49250,2
49251,5
49252,2
49253,5
49254,2
49255,2
49256,2
49257,0
49258,2
49259,5
49260,4
49261,2
49262,1
49263,2
49264,4
49265,4
49266,2
49267,1
49268,2
49269,6
49270,2
49271,2
49272,2
49273,2
49274,2
49275,2
49276,2
49277,2
49278,6
49279,2
49280,2
49281,0
49282,0
49283,2
49284,1
49285,1
49286,0
49287,0
49288,2
49289,4
49290,5
49291,3
49292,0
49293,6
49294,6
49295,0
49296,2
49297,2
49298,4
49299,2
49300,2
49301,2
49302,2
49303,2
49304,2
49305,4
49306,0
49307,0
49308,0
49309,0
49310,0
49311,2
49312,4
49313,0
49314,0
49315,6
49316,0
49317,0
49318,4
49319,6
49320,3
49321,0
49322,2
49323,6
49324,2
49325,0
49326,2
49327,4
49328,2
49329,0
49330,2
49331,6
49332,2
49333,2
49334,2
49335,4
49336,0
49337,2
49338,6
49339,1
49340,0
49341,1
49342,2
49343,2
49344,2
49345,0
49346,0
49347,0
49348,4
49349,2
49350,0
49351,4
49352,0
49353,6
49354,4
49355,5
49356,2
49357,1
49358,1
49359,4
49360,0
49361,2
49362,2
49363,1
49364,5
49365,0
49366,4
49367,0
49368,6
49369,6
49370,0
49371,2
49372,2
49373,5
49374,1
49375,6
49376,2
49377,2
49378,6
49379,0
49380,6
49381,0
49382,6
49383,0
49384,2
49385,6
49386,6
49387,6
49388,3
49389,0
49390,2
49391,0
49392,2
49393,2
49394,0
49395,2
49396,2
49397,0
49398,6
49399,5
49400,0
49401,6
49402,2
49403,2
49404,2
49405,0
49406,0
49407,0
49408,2
49409,6
49410,2
49411,2
49412,2
49413,2
49414,0
49415,2
49416,6
49417,2
49418,2
49419,0
49420,4
49421,0
49422,4
49423,2
49424,0
49425,3
49426,6
49427,1
49428,6
49429,1
49430,0
49431,4
49432,2
49433,2
49434,6
49435,0
49436,5
49437,6
49438,0
49439,1
49440,2
49441,3
49442,6
49443,2
49444,2
49445,4
49446,4
49447,6
49448,2
49449,0
49450,4
49451,5
49452,4
49453,3
49454,0
49455,2
49456,0
49457,4
49458,4
49459,5
49460,2
49461,1
49462,0
49463,6
49464,2
49465,0
49466,2
49467,2
49468,0
49469,0
49470,0
49471,2
49472,1
49473,2
49474,2
49475,2
49476,3
49477,4
49478,1
49479,0
49480,0
49481,0
49482,1
49483,4
49484,5
49485,0
49486,2
49487,2
49488,5
49489,4
49490,4
49491,1
49492,2
49493,0
49494,1
49495,5
49496,2
49497,6
49498,2
49499,4
49500,0
49501,4
49502,4
49503,2
49504,2
49505,3
49506,2
49507,4
49508,4
49509,0
49510,2
49511,2
49512,6
49513,6
49514,2
49515,2
49516,0
49517,2
49518,0
49519,4
49520,4
49521,4
49522,2
49523,2
49524,0
49525,6
49526,1
49527,0
49528,2
49529,1
49530,2
49531,2
49532,2
49533,0
49534,1
49535,0
49536,0
49537,2
49538,2
49539,4
49540,2
49541,1
49542,0
49543,0
49544,2
49545,0
49546,2
49547,4
49548,0
49549,3
49550,0
49551,0
49552,2
49553,2
49554,2
49555,6
49556,2
49557,6
49558,0
49559,2
49560,2
49561,2
49562,6
49563,2
49564,2
49565,2
49566,0
49567,2
49568,6
49569,2
49570,2
49571,6
49572,2
49573,3
49574,4
49575,5
49576,4
49577,3
49578,2
49579,2
49580,3
49581,2
49582,2
49583,0
49584,6
49585,2
49586,4
49587,4
49588,3
49589,2
49590,2
49591,4
49592,6
49593,3
49594,2
49595,2
49596,6
49597,2
49598,2
49599,2
49600,0
49601,0
49602,2
49603,6
49604,2
49605,2
49606,0
49607,0
49608,2
49609,6
49610,1
49611,2
49612,0
49613,2
49614,0
49615,2
49616,0
49617,2
49618,2
49619,0
49620,2
49621,6
49622,3
49623,0
49624,6
49625,1
49626,0
49627,4
49628,2
49629,2
49630,0
49631,2
49632,5
49633,0
49634,0
49635,4
49636,0
49637,0
49638,6
49639,6
49640,6
49641,0
49642,1
49643,2
49644,6
49645,2
49646,0
49647,2
49648,2
49649,2
49650,0
49651,3
49652,4
49653,2
49654,2
49655,0
49656,2
49657,2
49658,6
49659,2
49660,4
49661,0
49662,2
49663,0
49664,0
49665,6
49666,0
49667,5
49668,6
49669,0
49670,2
49671,0
49672,0
49673,2
49674,2
49675,2
49676,2
49677,2
49678,2
49679,0
49680,0
49681,5
49682,2
49683,4
49684,6
49685,2
49686,2
49687,0
49688,2
49689,3
49690,0
49691,0
49692,0
49693,6
49694,2
49695,2
49696,2
49697,2
49698,0
49699,0
49700,4
49701,0
49702,2
49703,5
49704,2
49705,0
49706,2
49707,0
49708,2
49709,2
49710,2
49711,2
49712,3
49713,2
49714,0
49715,2
49716,0
49717,2
49718,0
49719,4
49720,3
49721,2
49722,2
49723,2
49724,0
49725,2
49726,0
49727,2
49728,0
49729,6
49730,1
49731,0
49732,3
49733,5
49734,1
49735,2
49736,2
49737,4
49738,4
49739,0
49740,5
49741,2
49742,6
49743,4
49744,0
49745,2
49746,4
49747,2
49748,4
49749,4
49750,0
49751,4
49752,0
49753,4
49754,6
49755,0
49756,2
49757,1
49758,2
49759,0
49760,0
49761,3
49762,0
49763,0
49764,3
49765,2
49766,4
49767,2
49768,2
49769,6
49770,5
49771,2
49772,0
49773,0
49774,2
49775,2
49776,5
49777,0
49778,4
49779,1
49780,2
49781,0
49782,2
49783,0
49784,4
49785,0
49786,2
49787,0
49788,2
49789,0
49790,6
49791,0
49792,2
49793,6
49794,6
49795,4
49796,0
49797,0
49798,6
49799,6
49800,1
49801,0
49802,4
49803,3
49804,6
49805,0
49806,0
49807,2
49808,6
49809,0
49810,0
49811,0
49812,2
49813,0
49814,2
49815,6
49816,0
49817,0
49818,0
49819,6
49820,1
49821,2
49822,4
49823,2
49824,2
49825,2
49826,0
49827,0
49828,0
49829,2
49830,3
49831,2
49832,2
49833,2
49834,6
49835,0
49836,3
49837,2
49838,1
49839,2
49840,0
49841,2
49842,6
49843,4
49844,0
49845,2
49846,1
49847,0
49848,2
49849,2
49850,2
49851,1
49852,0
49853,3
49854,4
49855,1
49856,2
49857,2
49858,6
49859,3
49860,2
49861,2
49862,6
49863,0
49864,2
49865,2
49866,0
49867,4
49868,5
49869,2
49870,5
49871,2
49872,0
49873,0
49874,2
49875,4
49876,1
49877,2
49878,0
49879,6
49880,0
49881,6
49882,2
49883,2
49884,6
49885,0
49886,0
49887,2
49888,4
49889,6
49890,4
49891,5
49892,6
49893,2
49894,2
49895,2
49896,6
49897,6
49898,4
49899,6
49900,6
49901,2
49902,0
49903,2
49904,1
49905,1
49906,4
49907,0
49908,6
49909,1
49910,2
49911,4
49912,4
49913,2
49914,2
49915,2
49916,1
49917,5
49918,2
49919,3
49920,2
49921,2
49922,6
49923,4
49924,4
49925,2
49926,0
49927,6
49928,0
49929,4
49930,2
49931,6
49932,6
49933,2
49934,1
49935,2
49936,0
49937,2
49938,2
49939,1
49940,6
49941,0
49942,6
49943,5
49944,2
49945,2
49946,6
49947,5
49948,4
49949,6
49950,0
49951,2
49952,0
49953,2
49954,2
49955,2
49956,4
49957,4
49958,0
49959,1
49960,6
49961,2
49962,0
49963,6
49964,2
49965,2
49966,2
49967,2
49968,2
49969,6
49970,0
49971,1
49972,2
49973,0
49974,3
49975,0
49976,2
49977,1
49978,1
49979,2
49980,2
49981,0
49982,0
49983,0
49984,0
49985,2
49986,1
49987,6
49988,0
49989,2
49990,2
49991,2
49992,1
49993,2
49994,2
49995,0
49996,1
49997,0
49998,2
49999,0
50000,4
50001,2
50002,2
50003,1
50004,0
50005,0
50006,6
50007,0
50008,2
50009,4
50010,2
50011,0
50012,1
50013,0
50014,2
50015,2
50016,1
50017,4
50018,6
50019,2
50020,2
50021,0
50022,6
50023,2
50024,0
50025,0
50026,6
50027,0
50028,4
50029,1
50030,4
50031,2
50032,0
50033,6
50034,2
50035,2
50036,4
50037,4
50038,0
50039,0
50040,2
50041,2
50042,2
50043,0
50044,2
50045,2
50046,2
50047,2
50048,0
50049,0
50050,6
50051,2
50052,6
50053,6
50054,2
50055,2
50056,0
50057,2
50058,2
50059,2
50060,2
50061,2
50062,3
50063,0
50064,5
50065,0
50066,6
50067,4
50068,0
50069,6
50070,3
50071,2
50072,0
50073,5
50074,2
50075,6
50076,0
50077,0
50078,2
50079,3
50080,2
50081,4
50082,0
50083,2
50084,1
50085,0
50086,2
50087,2
50088,2
50089,0
50090,0
50091,0
50092,0
50093,2
50094,0
50095,2
50096,0
50097,2
50098,2
50099,1
50100,0
50101,2
50102,4
50103,5
50104,2
50105,2
50106,2
50107,6
50108,6
50109,0
50110,2
50111,2
50112,2
50113,2
50114,0
50115,2
50116,2
50117,0
50118,2
50119,4
50120,0
50121,0
50122,6
50123,4
50124,2
50125,1
50126,3
50127,0
50128,6
50129,4
50130,2
50131,2
50132,2
50133,2
50134,2
50135,4
50136,0
50137,3
50138,0
50139,2
50140,0
50141,3
50142,0
50143,6
50144,3
50145,4
50146,6
50147,1
50148,1
50149,3
50150,0
50151,2
50152,6
50153,2
50154,0
50155,4
50156,2
50157,4
50158,2
50159,6
50160,4
50161,2
50162,0
50163,2
50164,2
50165,2
50166,0
50167,3
50168,2
50169,0
50170,2
50171,0
50172,1
50173,2
50174,4
50175,2
50176,2
50177,0
50178,6
50179,4
50180,2
50181,2
50182,2
50183,4
50184,6
50185,2
50186,2
50187,2
50188,0
50189,0
50190,4
50191,2
50192,3
50193,4
50194,0
50195,2
50196,4
50197,1
50198,2
50199,0
50200,1
50201,2
50202,6
50203,2
50204,0
50205,4
50206,2
50207,1
50208,0
50209,2
50210,0
50211,6
50212,2
50213,1
50214,0
50215,6
50216,2
50217,2
50218,0
50219,2
50220,6
50221,4
50222,4
50223,4
50224,2
50225,0
50226,2
50227,0
50228,2
50229,6
50230,0
50231,2
50232,2
50233,0
50234,4
50235,1
50236,5
50237,6
50238,6
50239,2
50240,0
50241,2
50242,1
50243,2
50244,2
50245,0
50246,4
50247,0
50248,6
50249,5
50250,2
50251,2
50252,4
50253,5
50254,0
50255,0
50256,2
50257,2
50258,2
50259,2
50260,6
50261,2
50262,4
50263,0
50264,0
50265,2
50266,0
50267,2
50268,5
50269,2
50270,6
50271,6
50272,6
50273,0
50274,0
50275,6
50276,0
50277,0
50278,0
50279,6
50280,2
50281,6
50282,0
50283,2
50284,6
50285,1
50286,3
50287,4
50288,2
50289,6
50290,3
50291,0
50292,3
50293,4
50294,2
50295,1
50296,3
50297,2
50298,1
50299,0
50300,0
50301,1
50302,2
50303,0
50304,0
50305,0
50306,6
50307,0
50308,6
50309,4
50310,0
50311,2
50312,6
50313,4
50314,2
50315,0
50316,2
50317,0
50318,4
50319,2
50320,2
50321,2
50322,2
50323,0
50324,2
50325,6
50326,4
50327,1
50328,0
50329,2
50330,5
50331,3
50332,0
50333,0
50334,2
50335,0
50336,1
50337,4
50338,2
50339,1
50340,0
50341,2
50342,0
50343,0
50344,6
50345,5
50346,0
50347,2
50348,0
50349,0
50350,4
50351,6
50352,3
50353,2
50354,2
50355,3
50356,1
50357,3
50358,5
50359,2
50360,2
50361,6
50362,6
50363,2
50364,2
50365,2
50366,2
50367,0
50368,2
50369,0
50370,2
50371,2
50372,2
50373,2
50374,2
50375,6
50376,0
50377,0
50378,2
50379,6
50380,2
50381,2
50382,2
50383,0
50384,4
50385,2
50386,5
50387,2
50388,2
50389,2
50390,2
50391,2
50392,0
50393,4
50394,4
50395,2
50396,6
50397,2
50398,2
50399,2
50400,0
50401,3
50402,4
50403,0
50404,0
50405,2
50406,5
50407,6
50408,4
50409,0
50410,5
50411,4
50412,0
50413,4
50414,4
50415,4
50416,0
50417,2
50418,6
50419,2
50420,5
50421,2
50422,2
50423,5
50424,2
50425,6
50426,2
50427,2
50428,0
50429,6
50430,0
50431,2
50432,0
50433,6
50434,5
50435,0
50436,1
50437,6
50438,1
50439,2
50440,4
50441,1
50442,0
50443,2
50444,2
50445,0
50446,0
50447,2
50448,2
50449,0
50450,2
50451,6
50452,2
50453,6
50454,4
50455,2
50456,0
50457,1
50458,0
50459,2
50460,2
50461,0
50462,0
50463,0
50464,1
50465,2
50466,4
50467,1
50468,0
50469,2
50470,6
50471,0
50472,6
50473,2
50474,0
50475,2
50476,2
50477,4
50478,2
50479,5
50480,6
50481,2
50482,6
50483,3
50484,6
50485,0
50486,0
50487,3
50488,2
50489,4
50490,4
50491,5
50492,2
50493,2
50494,2
50495,1
50496,0
50497,2
50498,0
50499,4
50500,2
50501,2
50502,0
50503,2
50504,2
50505,2
50506,4
50507,4
50508,2
50509,2
50510,0
50511,2
50512,2
50513,0
50514,6
50515,4
50516,2
50517,0
50518,2
50519,6
50520,2
50521,5
50522,6
50523,6
50524,6
50525,2
50526,2
50527,2
50528,2
50529,4
50530,1
50531,0
50532,2
50533,2
50534,6
50535,2
50536,4
50537,2
50538,1
50539,2
50540,4
50541,0
50542,2
50543,2
50544,4
50545,1
50546,5
50547,0
50548,2
50549,3
50550,0
50551,2
50552,5
50553,0
50554,0
50555,2
50556,0
50557,2
50558,6
50559,6
50560,4
50561,4
50562,0
50563,1
50564,0
50565,0
50566,1
50567,4
50568,2
50569,2
50570,0
50571,2
50572,2
50573,2
50574,2
50575,1
50576,4
50577,6
50578,2
50579,2
50580,0
50581,0
50582,2
50583,2
50584,4
50585,6
50586,0
50587,2
50588,6
50589,2
50590,1
50591,3
50592,0
50593,4
50594,4
50595,6
50596,5
50597,3
50598,0
50599,0
50600,6
50601,4
50602,2
50603,2
50604,6
50605,0
50606,3
50607,2
50608,2
50609,0
50610,0
50611,0
50612,0
50613,2
50614,0
50615,0
50616,5
50617,2
50618,0
50619,0
50620,1
50621,5
50622,2
50623,1
50624,4
50625,2
50626,2
50627,5
50628,0
50629,2
50630,2
50631,4
50632,5
50633,0
50634,2
50635,0
50636,1
50637,2
50638,0
50639,4
50640,2
50641,2
50642,1
50643,6
50644,2
50645,0
50646,2
50647,6
50648,2
50649,2
50650,0
50651,6
50652,2
50653,4
50654,0
50655,6
50656,6
50657,2
50658,0
50659,0
50660,2
50661,0
50662,6
50663,5
50664,4
50665,2
50666,4
50667,0
50668,2
50669,0
50670,0
50671,2
50672,5
50673,4
50674,2
50675,1
50676,2
50677,0
50678,6
50679,4
50680,2
50681,2
50682,6
50683,2
50684,4
50685,6
50686,3
50687,0
50688,2
50689,2
50690,4
50691,6
50692,2
50693,0
50694,2
50695,2
50696,6
50697,2
50698,2
50699,2
50700,2
50701,2
50702,0
50703,2
50704,2
50705,2
50706,0
50707,2
50708,0
50709,2
50710,3
50711,2
50712,6
50713,0
50714,2
50715,2
50716,0
50717,2
50718,2
50719,3
50720,3
50721,2
50722,4
50723,2
50724,2
50725,3
50726,3
50727,1
50728,0
50729,0
50730,2
50731,4
50732,3
50733,2
50734,0
50735,2
50736,6
50737,1
50738,5
50739,2
50740,2
50741,5
50742,4
50743,0
50744,3
50745,6
50746,2
50747,2
50748,2
50749,0
50750,5
50751,2
50752,4
50753,0
50754,1
50755,6
50756,4
50757,4
50758,2
50759,0
50760,2
50761,2
50762,3
50763,6
50764,4
50765,6
50766,2
50767,2
50768,2
50769,2
50770,2
50771,2
50772,0
50773,2
50774,0
50775,4
50776,0
50777,0
50778,6
50779,2
50780,2
50781,1
50782,4
50783,0
50784,2
50785,6
50786,3
50787,2
50788,0
50789,4
50790,6
50791,0
50792,6
50793,2
50794,2
50795,6
50796,0
50797,2
50798,6
50799,2
50800,3
50801,0
50802,0
50803,4
50804,2
50805,0
50806,0
50807,1
50808,0
50809,2
50810,6
50811,0
50812,0
50813,2
50814,2
50815,2
50816,1
50817,2
50818,0
50819,0
50820,6
50821,1
50822,2
50823,4
50824,0
50825,0
50826,6
50827,2
50828,2
50829,6
50830,0
50831,0
50832,0
50833,2
50834,1
50835,0
50836,0
50837,0
50838,2
50839,2
50840,2
50841,0
50842,2
50843,6
50844,0
50845,2
50846,0
50847,0
50848,0
50849,6
50850,6
50851,1
50852,3
50853,0
50854,2
50855,0
50856,6
50857,2
50858,0
50859,2
50860,2
50861,6
50862,5
50863,3
50864,2
50865,6
50866,3
50867,3
50868,4
50869,0
50870,2
50871,0
50872,3
50873,5
50874,4
50875,0
50876,2
50877,2
50878,1
50879,4
50880,0
50881,1
50882,0
50883,6
50884,0
50885,2
50886,2
50887,0
50888,1
50889,6
50890,1
50891,2
50892,2
50893,2
50894,2
50895,5
50896,2
50897,2
50898,0
50899,4
50900,2
50901,6
50902,0
50903,2
50904,0
50905,2
50906,5
50907,3
50908,2
50909,1
50910,0
50911,6
50912,0
50913,1
50914,2
50915,1
50916,4
50917,2
50918,2
50919,0
50920,0
50921,2
50922,2
50923,4
50924,2
50925,2
50926,0
50927,3
50928,3
50929,0
50930,0
50931,2
50932,5
50933,6
50934,3
50935,1
50936,2
50937,0
50938,2
50939,6
50940,3
50941,2
50942,0
50943,5
50944,2
50945,2
50946,2
50947,0
50948,2
50949,0
50950,4
50951,6
50952,0
50953,3
50954,0
50955,6
50956,3
50957,0
50958,6
50959,2
50960,1
50961,4
50962,2
50963,2
50964,2
50965,2
50966,0
50967,5
50968,2
50969,2
50970,4
50971,4
50972,2
50973,4
50974,3
50975,0
50976,3
50977,6
50978,5
50979,6
50980,4
50981,0
50982,1
50983,2
50984,2
50985,2
50986,0
50987,1
50988,2
50989,0
50990,2
50991,4
50992,6
50993,2
50994,3
50995,5
50996,2
50997,2
50998,0
50999,0
51000,2
51001,2
51002,0
51003,2
51004,0
51005,6
51006,3
51007,2
51008,2
51009,0
51010,6
51011,0
51012,1
51013,1
51014,1
51015,6
51016,2
51017,3
51018,2
51019,4
51020,6
51021,6
51022,3
51023,2
51024,1
51025,2
51026,0
51027,4
51028,6
51029,4
51030,2
51031,2
51032,2
51033,6
51034,2
51035,1
51036,2
51037,4
51038,2
51039,0
51040,1
51041,0
51042,2
51043,2
51044,0
51045,0
51046,2
51047,2
51048,6
51049,2
51050,2
51051,2
51052,2
51053,3
51054,4
51055,2
51056,0
51057,1
51058,0
51059,2
51060,2
51061,0
51062,4
51063,2
51064,2
51065,3
51066,0
51067,4
51068,1
51069,2
51070,4
51071,2
51072,2
51073,6
51074,2
51075,4
51076,2
51077,6
51078,2
51079,2
51080,2
51081,4
51082,4
51083,0
51084,2
51085,6
51086,1
51087,1
51088,2
51089,3
51090,4
51091,6
51092,1
51093,2
51094,2
51095,0
51096,2
51097,4
51098,4
51099,0
51100,2
51101,4
51102,2
51103,4
51104,0
51105,4
51106,2
51107,1
51108,2
51109,0
51110,2
51111,2
51112,2
51113,2
51114,0
51115,0
51116,0
51117,0
51118,1
51119,3
51120,0
51121,6
51122,6
51123,0
51124,5
51125,1
51126,1
51127,2
51128,2
51129,4
51130,2
51131,6
51132,3
51133,5
51134,0
51135,0
51136,2
51137,0
51138,2
51139,2
51140,6
51141,1
51142,6
51143,0
51144,6
51145,5
51146,0
51147,0
51148,6
51149,0
51150,2
51151,6
51152,2
51153,4
51154,0
51155,2
51156,3
51157,6
51158,2
51159,1
51160,4
51161,1
51162,6
51163,6
51164,2
51165,2
51166,2
51167,2
51168,6
51169,0
51170,6
51171,2
51172,2
51173,2
51174,4
51175,0
51176,0
51177,2
51178,0
51179,6
51180,0
51181,0
51182,5
51183,2
51184,4
51185,0
51186,2
51187,5
51188,1
51189,0
51190,0
51191,0
51192,6
51193,1
51194,4
51195,0
51196,6
51197,2
51198,2
51199,0
51200,4
51201,2
51202,2
51203,4
51204,5
51205,2
51206,2
51207,2
51208,3
51209,4
51210,2
51211,0
51212,2
51213,0
51214,0
51215,1
51216,4
51217,2
51218,0
51219,2
51220,0
51221,4
51222,2
51223,1
51224,2
51225,0
51226,2
51227,6
51228,0
51229,3
51230,6
51231,4
51232,2
51233,2
51234,2
51235,6
51236,2
51237,6
51238,0
51239,0
51240,4
51241,6
51242,4
51243,2
51244,6
51245,0
51246,4
51247,2
51248,6
51249,5
51250,6
51251,2
51252,6
51253,2
51254,2
51255,6
51256,2
51257,2
51258,2
51259,2
51260,2
51261,2
51262,0
51263,2
51264,2
51265,2
51266,1
51267,0
51268,2
51269,2
51270,1
51271,0
51272,1
51273,6
51274,2
51275,0
51276,2
51277,4
51278,2
51279,6
51280,6
51281,0
51282,2
51283,0
51284,0
51285,2
51286,0
51287,0
51288,0
51289,2
51290,2
51291,2
51292,2
51293,6
51294,0
51295,0
51296,4
51297,6
51298,0
51299,2
51300,2
51301,2
51302,1
51303,2
51304,3
51305,0
51306,2
51307,2
51308,4
51309,6
51310,6
51311,1
51312,2
51313,6
51314,6
51315,2
51316,0
51317,2
51318,0
51319,0
51320,0
51321,2
51322,6
51323,3
51324,2
51325,5
51326,2
51327,2
51328,0
51329,2
51330,2
51331,1
51332,0
51333,2
51334,0
51335,6
51336,5
51337,6
51338,2
51339,4
51340,2
51341,0
51342,0
51343,2
51344,0
51345,0
51346,6
51347,6
51348,2
51349,6
51350,2
51351,2
51352,0
51353,6
51354,2
51355,2
51356,0
51357,2
51358,5
51359,2
51360,2
51361,6
51362,2
51363,0
51364,1
51365,1
51366,2
51367,1
51368,2
51369,2
51370,4
51371,5
51372,2
51373,2
51374,2
51375,2
51376,6
51377,0
51378,2
51379,2
51380,2
51381,5
51382,5
51383,2
51384,5
51385,2
51386,0
51387,6
51388,0
51389,2
51390,2
51391,2
51392,0
51393,6
51394,6
51395,3
51396,3
51397,4
51398,6
51399,2
51400,0
51401,2
51402,2
51403,0
51404,5
51405,4
51406,2
51407,5
51408,0
51409,4
51410,2
51411,2
51412,0
51413,6
51414,2
51415,4
51416,1
51417,5
51418,2
51419,0
51420,0
51421,2
51422,5
51423,6
51424,0
51425,6
51426,1
51427,0
51428,3
51429,0
51430,4
51431,2
51432,4
51433,2
51434,1
51435,2
51436,2
51437,6
51438,4
51439,0
51440,0
51441,0
51442,0
51443,2
51444,3
51445,6
51446,2
51447,0
51448,3
51449,5
51450,6
51451,6
51452,0
51453,0
51454,6
51455,0
51456,1
51457,5
51458,0
51459,1
51460,5
51461,2
51462,1
51463,1
51464,4
51465,6
51466,0
51467,2
51468,3
51469,2
51470,2
51471,4
51472,2
51473,0
51474,3
51475,6
51476,2
51477,2
51478,3
51479,0
51480,1
51481,2
51482,2
51483,6
51484,0
51485,6
51486,2
51487,5
51488,6
51489,2
51490,4
51491,2
51492,2
51493,6
51494,2
51495,2
51496,0
51497,2
51498,0
51499,2
51500,3
51501,1
51502,3
51503,4
51504,2
51505,2
51506,2
51507,0
51508,4
51509,3
51510,2
51511,4
51512,3
51513,0
51514,6
51515,0
51516,3
51517,4
51518,2
51519,2
51520,5
51521,1
51522,2
51523,0
51524,2
51525,0
51526,2
51527,6
51528,6
51529,2
51530,6
51531,2
51532,0
51533,2
51534,0
51535,2
51536,2
51537,0
51538,0
51539,0
51540,0
51541,6
51542,2
51543,2
51544,4
51545,2
51546,3
51547,6
51548,0
51549,5
51550,2
51551,6
51552,6
51553,4
51554,6
51555,2
51556,2
51557,0
51558,1
51559,0
51560,0
51561,1
51562,4
51563,2
51564,0
51565,2
51566,2
51567,2
51568,2
51569,0
51570,2
51571,0
51572,6
51573,6
51574,6
51575,2
51576,0
51577,2
51578,4
51579,0
51580,0
51581,0
51582,2
51583,2
51584,2
51585,1
51586,0
51587,0
51588,4
51589,0
51590,2
51591,4
51592,4
51593,3
51594,0
51595,2
51596,4
51597,2
51598,6
51599,2
51600,2
51601,1
51602,3
51603,2
51604,6
51605,0
51606,0
51607,0
51608,6
51609,0
51610,2
51611,2
51612,2
51613,1
51614,2
51615,2
51616,0
51617,6
51618,1
51619,0
51620,6
51621,4
51622,6
51623,0
51624,1
51625,0
51626,1
51627,0
51628,2
51629,1
51630,2
51631,6
51632,2
51633,4
51634,2
51635,6
51636,2
51637,0
51638,0
51639,2
51640,0
51641,4
51642,1
51643,3
51644,6
51645,0
51646,2
51647,6
51648,3
51649,3
51650,3
51651,4
51652,6
51653,2
51654,0
51655,1
51656,0
51657,2
51658,0
51659,0
51660,2
51661,2
51662,5
51663,5
51664,2
51665,5
51666,6
51667,2
51668,4
51669,6
51670,2
51671,0
51672,2
51673,4
51674,0
51675,6
51676,6
51677,2
51678,2
51679,2
51680,2
51681,4
51682,2
51683,4
51684,0
51685,0
51686,0
51687,1
51688,2
51689,2
51690,2
51691,4
51692,0
51693,0
51694,2
51695,6
51696,6
51697,5
51698,6
51699,2
51700,2
51701,6
51702,0
51703,6
51704,2
51705,2
51706,2
51707,6
51708,2
51709,6
51710,2
51711,0
51712,6
51713,6
51714,0
51715,2
51716,6
51717,4
51718,2
51719,0
51720,2
51721,0
51722,5
51723,6
51724,2
51725,1
51726,2
51727,0
51728,2
51729,2
51730,0
51731,1
51732,6
51733,2
51734,0
51735,2
51736,1
51737,4
51738,0
51739,5
51740,4
51741,6
51742,6
51743,5
51744,2
51745,0
51746,0
51747,1
51748,1
51749,2
51750,2
51751,6
51752,0
51753,0
51754,0
51755,1
51756,0
51757,0
51758,6
51759,4
51760,0
51761,2
51762,1
51763,6
51764,0
51765,4
51766,2
51767,2
51768,2
51769,2
51770,2
51771,0
51772,0
51773,0
51774,2
51775,6
51776,2
51777,0
51778,2
51779,6
51780,0
51781,0
51782,4
51783,6
51784,5
51785,0
51786,2
51787,2
51788,0
51789,6
51790,2
51791,0
51792,2
51793,6
51794,0
51795,2
51796,0
51797,3
51798,0
51799,2
51800,2
51801,2
51802,0
51803,2
51804,3
51805,2
51806,6
51807,2
51808,0
51809,0
51810,4
51811,6
51812,2
51813,0
51814,2
51815,6
51816,2
51817,2
51818,0
51819,6
51820,6
51821,2
51822,1
51823,2
51824,2
51825,4
51826,3
51827,4
51828,2
51829,6
51830,0
51831,0
51832,5
51833,2
51834,6
51835,1
51836,2
51837,0
51838,4
51839,0
51840,0
51841,4
51842,2
51843,0
51844,0
51845,0
51846,0
51847,2
51848,6
51849,2
51850,2
51851,4
51852,6
51853,4
51854,2
51855,2
51856,6
51857,6
51858,4
51859,0
51860,5
51861,0
51862,0
51863,6
51864,2
51865,2
51866,3
51867,0
51868,2
51869,4
51870,2
51871,5
51872,2
51873,0
51874,1
51875,0
51876,2
51877,2
51878,6
51879,4
51880,2
51881,2
51882,2
51883,1
51884,0
51885,2
51886,2
51887,0
51888,6
51889,0
51890,2
51891,2
51892,4
51893,2
51894,2
51895,0
51896,0
51897,0
51898,5
51899,2
51900,4
51901,3
51902,4
51903,2
51904,2
51905,3
51906,0
51907,0
51908,1
51909,0
51910,0
51911,2
51912,5
51913,2
51914,0
51915,2
51916,2
51917,4
51918,2
51919,6
51920,1
51921,0
51922,2
51923,2
51924,2
51925,2
51926,2
51927,6
51928,2
51929,0
51930,0
51931,6
51932,1
51933,2
51934,2
51935,0
51936,5
51937,4
51938,2
51939,0
51940,1
51941,2
51942,2
51943,0
51944,5
51945,2
51946,0
51947,2
51948,2
51949,5
51950,2
51951,0
51952,0
51953,2
51954,2
51955,0
51956,2
51957,0
51958,2
51959,0
51960,6
51961,1
51962,1
51963,2
51964,6
51965,4
51966,2
51967,2
51968,0
51969,6
51970,0
51971,3
51972,2
51973,2
51974,0
51975,0
51976,6
51977,6
51978,1
51979,0
51980,2
51981,2
51982,4
51983,2
51984,2
51985,6
51986,2
51987,6
51988,0
51989,2
51990,6
51991,1
51992,2
51993,5
51994,1
51995,6
51996,6
51997,2
51998,0
51999,0
52000,0
52001,1
52002,2
52003,6
52004,2
52005,6
52006,0
52007,0
52008,0
52009,4
52010,2
52011,2
52012,2
52013,3
52014,4
52015,0
52016,0
52017,6
52018,6
52019,5
52020,1
52021,0
52022,4
52023,0
52024,0
52025,2
52026,0
52027,2
52028,2
52029,0
52030,0
52031,0
52032,0
52033,2
52034,0
52035,4
52036,2
52037,0
52038,4
52039,2
52040,6
52041,2
52042,6
52043,0
52044,4
52045,4
52046,0
52047,2
52048,2
52049,0
52050,0
52051,2
52052,4
52053,0
52054,2
52055,1
52056,0
52057,2
52058,0
52059,2
52060,6
52061,0
52062,2
52063,6
52064,0
52065,6
52066,1
52067,2
52068,5
52069,2
52070,2
52071,6
52072,2
52073,2
52074,2
52075,2
52076,0
52077,2
52078,0
52079,0
52080,0
52081,2
52082,0
52083,3
52084,3
52085,1
52086,4
52087,0
52088,2
52089,4
52090,1
52091,6
52092,0
52093,2
52094,6
52095,0
52096,0
52097,0
52098,1
52099,2
52100,6
52101,3
52102,0
52103,0
52104,0
52105,0
52106,4
52107,0
52108,0
52109,0
52110,0
52111,2
52112,2
52113,1
52114,2
52115,0
52116,2
52117,2
52118,0
52119,1
52120,2
52121,0
52122,2
52123,2
52124,0
52125,6
52126,2
52127,2
52128,6
52129,6
52130,5
52131,0
52132,0
52133,6
52134,2
52135,2
52136,1
52137,2
52138,2
52139,0
52140,0
52141,2
52142,6
52143,2
52144,3
52145,0
52146,2
52147,1
52148,2
52149,4
52150,0
52151,3
52152,0
52153,2
52154,1
52155,0
52156,3
52157,2
52158,5
52159,6
52160,0
52161,2
52162,0
52163,0
52164,0
52165,0
52166,1
52167,2
52168,6
52169,2
52170,0
52171,6
52172,6
52173,2
52174,6
52175,6
52176,3
52177,5
52178,1
52179,4
52180,2
52181,0
52182,2
52183,6
52184,3
52185,2
52186,0
52187,2
52188,2
52189,1
52190,2
52191,2
52192,1
52193,2
52194,0
52195,2
52196,2
52197,1
52198,6
52199,2
52200,2
52201,0
52202,2
52203,2
52204,1
52205,0
52206,2
52207,0
52208,4
52209,2
52210,2
52211,2
52212,0
52213,0
52214,4
52215,6
52216,4
52217,2
52218,0
52219,2
52220,2
52221,6
52222,0
52223,2
52224,2
52225,2
52226,5
52227,4
52228,1
52229,2
52230,4
52231,2
52232,0
52233,2
52234,5
52235,1
52236,3
52237,6
52238,6
52239,6
52240,2
52241,0
52242,2
52243,2
52244,4
52245,2
52246,3
52247,2
52248,2
52249,3
52250,0
52251,6
52252,2
52253,3
52254,6
52255,3
52256,2
52257,2
52258,1
52259,4
52260,2
52261,2
52262,4
52263,6
52264,1
52265,2
52266,4
52267,2
52268,0
52269,0
52270,2
52271,2
52272,2
52273,6
52274,0
52275,0
52276,2
52277,1
52278,2
52279,1
52280,0
52281,2
52282,2
52283,2
52284,2
52285,3
52286,6
52287,0
52288,4
52289,6
52290,6
52291,2
52292,4
52293,3
52294,0
52295,2
52296,6
52297,2
52298,2
52299,1
52300,1
52301,6
52302,5
52303,2
52304,4
52305,2
52306,0
52307,0
52308,2
52309,6
52310,3
52311,2
52312,2
52313,2
52314,2
52315,0
52316,0
52317,4
52318,2
52319,1
52320,2
52321,1
52322,0
52323,4
52324,2
52325,0
52326,0
52327,6
52328,0
52329,2
52330,1
52331,0
52332,2
52333,4
52334,2
52335,2
52336,0
52337,4
52338,0
52339,2
52340,0
52341,6
52342,2
52343,0
52344,2
52345,0
52346,2
52347,0
52348,2
52349,2
52350,4
52351,2
52352,4
52353,2
52354,2
52355,0
52356,2
52357,0
52358,4
52359,0
52360,2
52361,0
52362,4
52363,2
52364,0
52365,2
52366,6
52367,1
52368,4
52369,1
52370,4
52371,0
52372,2
52373,4
52374,2
52375,2
52376,2
52377,2
52378,2
52379,2
52380,6
52381,2
52382,5
52383,3
52384,2
52385,0
52386,6
52387,2
52388,0
52389,3
52390,2
52391,2
52392,0
52393,1
52394,1
52395,0
52396,0
52397,2
52398,1
52399,0
52400,0
52401,2
52402,1
52403,0
52404,5
52405,2
52406,2
52407,1
52408,2
52409,1
52410,6
52411,2
52412,4
52413,0
52414,6
52415,4
52416,0
52417,0
52418,2
52419,1
52420,2
52421,5
52422,2
52423,2
52424,2
52425,2
52426,2
52427,1
52428,1
52429,0
52430,2
52431,2
52432,1
52433,2
52434,1
52435,2
52436,2
52437,2
52438,0
52439,3
52440,1
52441,2
52442,0
52443,5
52444,4
52445,2
52446,5
52447,5
52448,1
52449,2
52450,0
52451,4
52452,2
52453,2
52454,2
52455,0
52456,4
52457,2
52458,0
52459,2
52460,6
52461,0
52462,0
52463,4
52464,0
52465,0
52466,0
52467,1
52468,2
52469,5
52470,2
52471,2
52472,2
52473,6
52474,0
52475,0
52476,3
52477,4
52478,5
52479,6
52480,4
52481,5
52482,4
52483,1
52484,0
52485,5
52486,4
52487,0
52488,2
52489,6
52490,6
52491,0
52492,2
52493,5
52494,1
52495,5
52496,2
52497,2
52498,1
52499,0
52500,2
52501,4
52502,0
52503,6
52504,0
52505,6
52506,4
52507,0
52508,6
52509,2
52510,0
52511,0
52512,5
52513,2
52514,0
52515,0
52516,5
52517,2
52518,2
52519,5
52520,0
52521,5
52522,6
52523,3
52524,2
52525,3
52526,1
52527,0
52528,3
52529,1
52530,6
52531,2
52532,2
52533,1
52534,0
52535,2
52536,6
52537,0
52538,0
52539,2
52540,4
52541,0
52542,0
52543,1
52544,2
52545,3
52546,6
52547,1
52548,0
52549,5
52550,0
52551,2
52552,0
52553,2
52554,2
52555,6
52556,0
52557,0
52558,2
52559,2
52560,2
52561,0
52562,1
52563,0
52564,0
52565,0
52566,2
52567,0
52568,1
52569,0
52570,6
52571,4
52572,2
52573,0
52574,2
52575,4
52576,2
52577,1
52578,0
52579,5
52580,2
52581,2
52582,0
52583,2
52584,0
52585,0
52586,1
52587,2
52588,6
52589,1
52590,0
52591,0
52592,0
52593,6
52594,0
52595,0
52596,2
52597,2
52598,0
52599,0
52600,1
52601,2
52602,3
52603,0
52604,2
52605,2
52606,2
52607,5
52608,6
52609,2
52610,0
52611,4
52612,6
52613,3
52614,5
52615,0
52616,1
52617,2
52618,2
52619,4
52620,4
52621,2
52622,0
52623,2
52624,0
52625,0
52626,0
52627,2
52628,0
52629,2
52630,5
52631,0
52632,2
52633,0
52634,0
52635,6
52636,0
52637,3
52638,0
52639,0
52640,2
52641,4
52642,2
52643,2
52644,1
52645,2
52646,2
52647,2
52648,2
52649,6
52650,2
52651,0
52652,4
52653,2
52654,2
52655,3
52656,2
52657,0
52658,2
52659,0
52660,6
52661,0
52662,2
52663,6
52664,2
52665,6
52666,3
52667,2
52668,3
52669,2
52670,2
52671,0
52672,2
52673,4
52674,6
52675,2
52676,2
52677,4
52678,3
52679,2
52680,2
52681,2
52682,2
52683,3
52684,3
52685,2
52686,3
52687,6
52688,2
52689,2
52690,2
52691,0
52692,0
52693,2
52694,3
52695,6
52696,5
52697,0
52698,0
52699,1
52700,0
52701,0
52702,0
52703,2
52704,2
52705,2
52706,2
52707,5
52708,0
52709,2
52710,4
52711,0
52712,0
52713,2
52714,2
52715,2
52716,1
52717,2
52718,0
52719,4
52720,3
52721,1
52722,6
52723,0
52724,2
52725,3
52726,2
52727,4
52728,6
52729,2
52730,4
52731,6
52732,0
52733,4
52734,0
52735,3
52736,2
52737,2
52738,2
52739,0
52740,2
52741,3
52742,1
52743,2
52744,0
52745,0
52746,0
52747,0
52748,5
52749,4
52750,6
52751,0
52752,2
52753,0
52754,3
52755,0
52756,4
52757,2
52758,2
52759,0
52760,4
52761,0
52762,6
52763,3
52764,2
52765,6
52766,6
52767,2
52768,4
52769,2
52770,2
52771,2
52772,6
52773,0
52774,1
52775,2
52776,6
52777,2
52778,4
52779,0
52780,4
52781,0
52782,2
52783,5
52784,3
52785,0
52786,0
52787,4
52788,0
52789,2
52790,6
52791,5
52792,2
52793,1
52794,5
52795,5
52796,2
52797,6
52798,4
52799,2
52800,0
52801,4
52802,2
52803,2
52804,2
52805,2
52806,2
52807,2
52808,2
52809,0
52810,2
52811,6
52812,0
52813,2
52814,4
52815,2
52816,5
52817,2
52818,2
52819,2
52820,2
52821,2
52822,3
52823,2
52824,6
52825,2
52826,1
52827,0
52828,6
52829,6
52830,6
52831,2
52832,2
52833,4
52834,0
52835,2
52836,2
52837,1
52838,2
52839,0
52840,0
52841,1
52842,2
52843,0
52844,2
52845,1
52846,3
52847,1
52848,2
52849,4
52850,2
52851,6
52852,0
52853,2
52854,0
52855,2
52856,0
52857,0
52858,1
52859,0
52860,2
52861,0
52862,1
52863,0
52864,4
52865,0
52866,2
52867,0
52868,2
52869,6
52870,0
52871,0
52872,3
52873,0
52874,0
52875,2
52876,4
52877,0
52878,6
52879,3
52880,0
52881,6
52882,2
52883,6
52884,2
52885,0
52886,2
52887,2
52888,2
52889,2
52890,0
52891,0
52892,1
52893,0
52894,6
52895,0
52896,0
52897,3
52898,6
52899,1
52900,2
52901,2
52902,0
52903,2
52904,0
52905,2
52906,2
52907,4
52908,0
52909,2
52910,1
52911,2
52912,0
52913,0
52914,2
52915,0
52916,2
52917,4
52918,4
52919,6
52920,0
52921,5
52922,2
52923,0
52924,0
52925,0
52926,0
52927,3
52928,2
52929,2
52930,0
52931,0
52932,1
52933,2
52934,2
52935,5
52936,2
52937,2
52938,6
52939,6
52940,6
52941,6
52942,6
52943,2
52944,2
52945,0
52946,2
52947,2
52948,2
52949,0
52950,0
52951,1
52952,0
52953,2
52954,0
52955,6
52956,0
52957,2
52958,6
52959,2
52960,1
52961,2
52962,2
52963,2
52964,6
52965,2
52966,2
52967,6
52968,0
52969,2
52970,2
52971,2
52972,2
52973,0
52974,6
52975,2
52976,2
52977,0
52978,0
52979,2
52980,0
52981,2
52982,4
52983,0
52984,0
52985,2
52986,5
52987,6
52988,4
52989,0
52990,1
52991,2
52992,0
52993,2
52994,2
52995,6
52996,0
52997,4
52998,2
52999,2
53000,2
53001,0
53002,2
53003,2
53004,6
53005,4
53006,6
53007,6
53008,2
53009,6
53010,6
53011,2
53012,2
53013,2
53014,0
53015,2
53016,2
53017,1
53018,0
53019,3
53020,2
53021,2
53022,2
53023,2
53024,3
53025,2
53026,2
53027,0
53028,0
53029,1
53030,0
53031,4
53032,2
53033,3
53034,1
53035,2
53036,2
53037,5
53038,2
53039,2
53040,4
53041,0
53042,3
53043,6
53044,4
53045,0
53046,0
53047,2
53048,2
53049,0
53050,6
53051,2
53052,5
53053,4
53054,6
53055,2
53056,2
53057,4
53058,3
53059,6
53060,2
53061,3
53062,2
53063,2
53064,4
53065,6
53066,4
53067,6
53068,2
53069,0
53070,2
53071,2
53072,2
53073,0
53074,5
53075,2
53076,2
53077,0
53078,2
53079,0
53080,2
53081,2
53082,2
53083,2
53084,5
53085,2
53086,2
53087,0
53088,6
53089,2
53090,4
53091,2
53092,2
53093,0
53094,4
53095,2
53096,6
53097,0
53098,5
53099,0
53100,0
53101,2
53102,2
53103,5
53104,4
53105,2
53106,2
53107,2
53108,2
53109,1
53110,2
53111,4
53112,1
53113,0
53114,2
53115,3
53116,5
53117,0
53118,2
53119,4
53120,2
53121,5
53122,4
53123,0
53124,0
53125,0
53126,0
53127,2
53128,2
53129,2
53130,2
53131,4
53132,2
53133,4
53134,1
53135,0
53136,0
53137,1
53138,6
53139,2
53140,0
53141,6
53142,2
53143,2
53144,2
53145,4
53146,2
53147,3
53148,3
53149,4
53150,0
53151,2
53152,2
53153,6
53154,0
53155,4
53156,2
53157,2
53158,6
53159,2
53160,2
53161,4
53162,6
53163,0
53164,4
53165,3
53166,6
53167,6
53168,1
53169,2
53170,2
53171,0
53172,0
53173,0
53174,5
53175,2
53176,1
53177,3
53178,2
53179,4
53180,2
53181,3
53182,2
53183,2
53184,1
53185,0
53186,6
53187,0
53188,2
53189,2
53190,1
53191,4
53192,4
53193,2
53194,2
53195,2
53196,2
53197,4
53198,1
53199,0
53200,2
53201,5
53202,2
53203,5
53204,5
53205,2
53206,2
53207,0
53208,1
53209,3
53210,3
53211,1
53212,3
53213,2
53214,2
53215,4
53216,2
53217,0
53218,0
53219,1
53220,2
53221,2
53222,4
53223,6
53224,2
53225,2
53226,6
53227,2
53228,0
53229,0
53230,0
53231,4
53232,5
53233,2
53234,2
53235,3
53236,2
53237,2
53238,4
53239,5
53240,2
53241,6
53242,0
53243,0
53244,2
53245,2
53246,4
53247,2
53248,2
53249,0
53250,6
53251,1
53252,6
53253,2
53254,2
53255,1
53256,0
53257,5
53258,4
53259,6
53260,2
53261,4
53262,2
53263,0
53264,2
53265,0
53266,2
53267,6
53268,2
53269,0
53270,1
53271,2
53272,6
53273,2
53274,6
53275,5
53276,5
53277,0
53278,2
53279,5
53280,2
53281,0
53282,0
53283,4
53284,1
53285,4
53286,0
53287,2
53288,0
53289,5
53290,2
53291,2
53292,0
53293,2
53294,0
53295,0
53296,2
53297,5
53298,0
53299,1
53300,2
53301,1
53302,3
53303,0
53304,4
53305,4
53306,2
53307,1
53308,6
53309,2
53310,0
53311,2
53312,5
53313,1
53314,2
53315,0
53316,2
53317,2
53318,6
53319,0
53320,0
53321,0
53322,1
53323,0
53324,2
53325,0
53326,2
53327,2
53328,6
53329,4
53330,0
53331,2
53332,2
53333,6
53334,2
53335,6
53336,5
53337,0
53338,2
53339,0
53340,6
53341,2
53342,0
53343,0
53344,2
53345,1
53346,0
53347,3
53348,2
53349,0
53350,2
53351,2
53352,2
53353,6
53354,0
53355,2
53356,4
53357,2
53358,6
53359,2
53360,2
53361,4
53362,2
53363,4
53364,2
53365,0
53366,0
53367,0
53368,6
53369,0
53370,3
53371,2
53372,6
53373,0
53374,0
53375,0
53376,0
53377,0
53378,6
53379,5
53380,5
53381,4
53382,0
53383,6
53384,2
53385,6
53386,2
53387,4
53388,2
53389,6
53390,0
53391,6
53392,4
53393,2
53394,6
53395,6
53396,2
53397,2
53398,6
53399,0
53400,0
53401,2
53402,1
53403,2
53404,2
53405,2
53406,0
53407,3
53408,6
53409,2
53410,0
53411,2
53412,4
53413,2
53414,2
53415,5
53416,2
53417,0
53418,0
53419,2
53420,0
53421,2
53422,2
53423,2
53424,4
53425,1
53426,0
53427,3
53428,0
53429,2
53430,0
53431,4
53432,0
53433,2
53434,0
53435,2
53436,6
53437,0
53438,2
53439,0
53440,4
53441,1
53442,6
53443,6
53444,0
53445,1
53446,5
53447,4
53448,2
53449,5
53450,4
53451,4
53452,0
53453,0
53454,0
53455,1
53456,2
53457,2
53458,2
53459,2
53460,0
53461,0
53462,6
53463,0
53464,2
53465,0
53466,0
53467,2
53468,2
53469,0
53470,0
53471,2
53472,1
53473,6
53474,2
53475,1
53476,6
53477,4
53478,2
53479,0
53480,4
53481,0
53482,2
53483,0
53484,1
53485,2
53486,0
53487,6
53488,2
53489,2
53490,2
53491,6
53492,4
53493,0
53494,0
53495,4
53496,2
53497,2
53498,6
53499,4
53500,2
53501,2
53502,2
53503,2
53504,2
53505,4
53506,2
53507,0
53508,0
53509,4
53510,0
53511,6
53512,2
53513,6
53514,4
53515,2
53516,6
53517,0
53518,6
53519,2
53520,6
53521,6
53522,4
53523,4
53524,2
53525,2
53526,2
53527,0
53528,2
53529,2
53530,1
53531,4
53532,6
53533,1
53534,2
53535,2
53536,0
53537,0
53538,2
53539,1
53540,3
53541,5
53542,2
53543,5
53544,2
53545,6
53546,1
53547,6
53548,1
53549,1
53550,0
53551,6
53552,2
53553,2
53554,6
53555,4
53556,4
53557,6
53558,0
53559,2
53560,6
53561,6
53562,1
53563,6
53564,2
53565,0
53566,0
53567,6
53568,0
53569,2
53570,0
53571,6
53572,4
53573,6
53574,0
53575,0
53576,5
53577,2
53578,5
53579,0
53580,2
53581,0
53582,2
53583,2
53584,0
53585,2
53586,5
53587,2
53588,2
53589,4
53590,2
53591,6
53592,6
53593,2
53594,2
53595,2
53596,0
53597,2
53598,2
53599,0
53600,6
53601,0
53602,0
53603,0
53604,5
53605,0
53606,0
53607,2
53608,3
53609,2
53610,0
53611,6
53612,0
53613,1
53614,2
53615,6
53616,3
53617,2
53618,0
53619,2
53620,2
53621,2
53622,0
53623,5
53624,5
53625,0
53626,0
53627,4
53628,2
53629,2
53630,2
53631,2
53632,1
53633,2
53634,0
53635,6
53636,6
53637,2
53638,4
53639,4
53640,2
53641,6
53642,3
53643,2
53644,2
53645,6
53646,2
53647,2
53648,5
53649,2
53650,0
53651,3
53652,6
53653,0
53654,0
53655,0
53656,3
53657,2
53658,1
53659,3
53660,2
53661,1
53662,4
53663,2
53664,6
53665,4
53666,0
53667,2
53668,0
53669,2
53670,0
53671,0
53672,2
53673,2
53674,0
53675,1
53676,2
53677,0
53678,6
53679,4
53680,0
53681,2
53682,2
53683,3
53684,2
53685,2
53686,2
53687,5
53688,3
53689,2
53690,6
53691,2
53692,2
53693,6
53694,6
53695,2
53696,0
53697,0
53698,2
53699,1
53700,4
53701,2
53702,0
53703,2
53704,0
53705,3
53706,0
53707,2
53708,0
53709,2
53710,0
53711,2
53712,2
53713,2
53714,2
53715,5
53716,3
53717,2
53718,0
53719,0
53720,5
53721,6
53722,1
53723,2
53724,6
53725,6
53726,2
53727,2
53728,0
53729,4
53730,3
53731,0
53732,6
53733,4
53734,0
53735,0
53736,5
53737,0
53738,0
53739,2
53740,4
53741,2
53742,0
53743,0
53744,6
53745,4
53746,2
53747,6
53748,6
53749,0
53750,4
53751,2
53752,0
53753,1
53754,2
53755,0
53756,0
53757,6
53758,1
53759,4
53760,0
53761,2
53762,2
53763,0
53764,1
53765,1
53766,1
53767,2
53768,6
53769,2
53770,3
53771,3
53772,2
53773,0
53774,2
53775,4
53776,6
53777,0
53778,2
53779,0
53780,6
53781,0
53782,4
53783,1
53784,3
53785,2
53786,0
53787,0
53788,6
53789,0
53790,2
53791,2
53792,2
53793,4
53794,6
53795,4
53796,4
53797,2
53798,2
53799,0
53800,2
53801,2
53802,3
53803,2
53804,3
53805,2
53806,0
53807,4
53808,0
53809,0
53810,0
53811,6
53812,2
53813,2
53814,0
53815,0
53816,2
53817,0
53818,0
53819,4
53820,6
53821,2
53822,6
53823,2
53824,2
53825,2
53826,2
53827,1
53828,1
53829,2
53830,2
53831,6
53832,2
53833,0
53834,2
53835,0
53836,0
53837,2
53838,2
53839,2
53840,5
53841,2
53842,2
53843,2
53844,5
53845,0
53846,3
53847,0
53848,2
53849,1
53850,2
53851,5
53852,3
53853,5
53854,2
53855,2
53856,6
53857,4
53858,6
53859,0
53860,2
53861,2
53862,2
53863,2
53864,2
53865,2
53866,0
53867,2
53868,0
53869,2
53870,2
53871,6
53872,4
53873,2
53874,3
53875,3
53876,4
53877,0
53878,2
53879,3
53880,2
53881,3
53882,2
53883,4
53884,0
53885,2
53886,0
53887,0
53888,3
53889,2
53890,6
53891,2
53892,6
53893,6
53894,6
53895,6
53896,2
53897,6
53898,2
53899,0
53900,0
53901,2
53902,0
53903,0
53904,2
53905,6
53906,6
53907,2
53908,2
53909,1
53910,0
53911,2
53912,1
53913,0
53914,6
53915,6
53916,2
53917,1
53918,1
53919,2
53920,5
53921,6
53922,2
53923,5
53924,2
53925,0
53926,4
53927,4
53928,1
53929,6
53930,1
53931,2
53932,6
53933,6
53934,2
53935,2
53936,2
53937,2
53938,1
53939,2
53940,0
53941,0
53942,0
53943,2
53944,4
53945,2
53946,2
53947,3
53948,3
53949,2
53950,0
53951,4
53952,2
53953,6
53954,2
53955,2
53956,0
53957,2
53958,2
53959,6
53960,2
53961,2
53962,0
53963,1
53964,6
53965,0
53966,0
53967,2
53968,0
53969,2
53970,4
53971,2
53972,2
53973,2
53974,0
53975,0
53976,2
53977,3
53978,0
53979,0
53980,2
53981,2
53982,2
53983,1
53984,0
53985,2
53986,2
53987,6
53988,3
53989,1
53990,2
53991,6
53992,2
53993,0
53994,6
53995,2
53996,5
53997,2
53998,2
53999,0
54000,0
54001,1
54002,2
54003,1
54004,2
54005,5
54006,6
54007,2
54008,4
54009,2
54010,2
54011,2
54012,2
54013,0
54014,2
54015,5
54016,2
54017,2
54018,4
54019,2
54020,0
54021,4
54022,3
54023,0
54024,6
54025,2
54026,0
54027,0
54028,4
54029,2
54030,0
54031,5
54032,0
54033,0
54034,6
54035,4
54036,0
54037,1
54038,4
54039,0
54040,5
54041,2
54042,2
54043,2
54044,2
54045,2
54046,4
54047,6
54048,6
54049,0
54050,6
54051,0
54052,6
54053,2
54054,2
54055,3
54056,2
54057,2
54058,4
54059,1
54060,2
54061,5
54062,6
54063,2
54064,1
54065,0
54066,2
54067,2
54068,2
54069,2
54070,4
54071,2
54072,2
54073,2
54074,2
54075,2
54076,4
54077,2
54078,6
54079,0
54080,6
54081,0
54082,0
54083,2
54084,0
54085,2
54086,4
54087,5
54088,0
54089,4
54090,0
54091,2
54092,6
54093,0
54094,6
54095,6
54096,0
54097,2
54098,4
54099,2
54100,2
54101,5
54102,2
54103,0
54104,4
54105,2
54106,0
54107,2
54108,4
54109,6
54110,6
54111,5
54112,4
54113,4
54114,0
54115,6
54116,2
54117,0
54118,2
54119,2
54120,0
54121,2
54122,0
54123,0
54124,2
54125,3
54126,0
54127,0
54128,2
54129,6
54130,0
54131,0
54132,0
54133,2
54134,2
54135,0
54136,0
54137,2
54138,6
54139,6
54140,6
54141,2
54142,2
54143,6
54144,0
54145,1
54146,0
54147,0
54148,0
54149,6
54150,2
54151,2
54152,1
54153,0
54154,5
54155,6
54156,6
54157,2
54158,6
54159,2
54160,0
54161,1
54162,2
54163,6
54164,2
54165,2
54166,5
54167,2
54168,6
54169,0
54170,0
54171,3
54172,2
54173,0
54174,0
54175,6
54176,2
54177,2
54178,2
54179,1
54180,0
54181,6
54182,0
54183,0
54184,2
54185,2
54186,6
54187,2
54188,4
54189,2
54190,0
54191,2
54192,2
54193,2
54194,2
54195,2
54196,1
54197,6
54198,2
54199,3
54200,0
54201,2
54202,2
54203,2
54204,4
54205,2
54206,0
54207,1
54208,3
54209,0
54210,0
54211,4
54212,2
54213,2
54214,2
54215,2
54216,2
54217,2
54218,0
54219,6
54220,5
54221,1
54222,0
54223,6
54224,6
54225,2
54226,3
54227,0
54228,5
54229,2
54230,3
54231,2
54232,0
54233,0
54234,1
54235,6
54236,2
54237,6
54238,2
54239,0
54240,0
54241,0
54242,2
54243,4
54244,2
54245,1
54246,2
54247,3
54248,5
54249,6
54250,0
54251,2
54252,0
54253,2
54254,2
54255,4
54256,3
54257,2
54258,0
54259,1
54260,1
54261,1
54262,4
54263,2
54264,1
54265,2
54266,6
54267,2
54268,2
54269,2
54270,1
54271,1
54272,2
54273,2
54274,3
54275,2
54276,2
54277,2
54278,0
54279,6
54280,0
54281,1
54282,0
54283,3
54284,0
54285,0
54286,0
54287,1
54288,2
54289,2
54290,2
54291,0
54292,6
54293,2
54294,1
54295,2
54296,2
54297,2
54298,2
54299,1
54300,3
54301,4
54302,3
54303,2
54304,0
54305,2
54306,2
54307,4
54308,6
54309,4
54310,0
54311,0
54312,6
54313,2
54314,6
54315,4
54316,2
54317,1
54318,2
54319,0
54320,3
54321,2
54322,2
54323,6
54324,0
54325,2
54326,2
54327,0
54328,1
54329,0
54330,0
54331,2
54332,2
54333,6
54334,2
54335,1
54336,3
54337,2
54338,0
54339,6
54340,4
54341,2
54342,0
54343,0
54344,4
54345,5
54346,0
54347,6
54348,0
54349,4
54350,0
54351,2
54352,2
54353,5
54354,6
54355,0
54356,0
54357,2
54358,6
54359,0
54360,2
54361,2
54362,4
54363,2
54364,3
54365,1
54366,6
54367,2
54368,6
54369,0
54370,2
54371,1
54372,2
54373,6
54374,6
54375,3
54376,2
54377,2
54378,2
54379,2
54380,6
54381,2
54382,2
54383,2
54384,0
54385,5
54386,6
54387,4
54388,2
54389,2
54390,4
54391,0
54392,2
54393,6
54394,2
54395,0
54396,4
54397,1
54398,6
54399,3
54400,0
54401,2
54402,2
54403,6
54404,2
54405,6
54406,2
54407,2
54408,4
54409,2
54410,1
54411,6
54412,2
54413,2
54414,6
54415,2
54416,0
54417,4
54418,6
54419,0
54420,5
54421,2
54422,3
54423,3
54424,4
54425,2
54426,6
54427,1
54428,2
54429,2
54430,6
54431,2
54432,6
54433,2
54434,5
54435,0
54436,0
54437,1
54438,1
54439,2
54440,6
54441,2
54442,0
54443,2
54444,0
54445,6
54446,2
54447,0
54448,5
54449,4
54450,0
54451,0
54452,2
54453,2
54454,0
54455,2
54456,5
54457,0
54458,2
54459,0
54460,6
54461,0
54462,2
54463,2
54464,0
54465,5
54466,0
54467,1
54468,0
54469,0
54470,2
54471,2
54472,4
54473,4
54474,0
54475,0
54476,2
54477,2
54478,0
54479,0
54480,0
54481,0
54482,0
54483,0
54484,0
54485,0
54486,4
54487,0
54488,0
54489,0
54490,2
54491,1
54492,0
54493,2
54494,2
54495,6
54496,4
54497,2
54498,0
54499,2
54500,0
54501,2
54502,3
54503,2
54504,0
54505,2
54506,5
54507,2
54508,2
54509,2
54510,2
54511,0
54512,6
54513,0
54514,0
54515,2
54516,4
54517,1
54518,6
54519,0
54520,0
54521,4
54522,2
54523,5
54524,2
54525,4
54526,0
54527,2
54528,3
54529,4
54530,2
54531,6
54532,2
54533,0
54534,2
54535,2
54536,2
54537,0
54538,0
54539,2
54540,2
54541,0
54542,2
54543,2
54544,2
54545,2
54546,2
54547,6
54548,0
54549,3
54550,0
54551,0
54552,6
54553,6
54554,5
54555,4
54556,6
54557,4
54558,2
54559,0
54560,0
54561,6
54562,5
54563,2
54564,0
54565,2
54566,6
54567,3
54568,2
54569,3
54570,0
54571,0
54572,2
54573,2
54574,6
54575,2
54576,6
54577,2
54578,2
54579,6
54580,5
54581,0
54582,2
54583,0
54584,0
54585,0
54586,2
54587,3
54588,5
54589,6
54590,4
54591,0
54592,2
54593,2
54594,0
54595,6
54596,6
54597,4
54598,4
54599,1
54600,6
54601,6
54602,1
54603,6
54604,0
54605,2
54606,2
54607,6
54608,2
54609,4
54610,2
54611,2
54612,2
54613,3
54614,5
54615,5
54616,0
54617,6
54618,4
54619,0
54620,2
54621,3
54622,2
54623,0
54624,2
54625,2
54626,0
54627,2
54628,6
54629,0
54630,2
54631,4
54632,1
54633,6
54634,0
54635,2
54636,0
54637,2
54638,4
54639,6
54640,2
54641,2
54642,2
54643,0
54644,1
54645,2
54646,4
54647,2
54648,0
54649,2
54650,2
54651,5
54652,0
54653,4
54654,0
54655,2
54656,4
54657,2
54658,5
54659,2
54660,4
54661,5
54662,2
54663,2
54664,0
54665,6
54666,0
54667,6
54668,2
54669,0
54670,0
54671,0
54672,0
54673,6
54674,2
54675,2
54676,6
54677,0
54678,4
54679,0
54680,6
54681,2
54682,5
54683,2
54684,0
54685,0
54686,4
54687,4
54688,0
54689,2
54690,5
54691,0
54692,1
54693,0
54694,6
54695,0
54696,2
54697,2
54698,2
54699,0
54700,6
54701,0
54702,0
54703,4
54704,0
54705,3
54706,3
54707,1
54708,6
54709,0
54710,2
54711,6
54712,2
54713,2
54714,1
54715,0
54716,0
54717,6
54718,0
54719,4
54720,3
54721,2
54722,3
54723,6
54724,4
54725,0
54726,2
54727,0
54728,3
54729,0
54730,0
54731,6
54732,2
54733,3
54734,5
54735,2
54736,3
54737,0
54738,2
54739,4
54740,4
54741,6
54742,4
54743,4
54744,6
54745,2
54746,2
54747,2
54748,0
54749,5
54750,4
54751,6
54752,1
54753,0
54754,0
54755,0
54756,2
54757,2
54758,2
54759,2
54760,2
54761,1
54762,2
54763,2
54764,2
54765,2
54766,0
54767,4
54768,2
54769,5
54770,3
54771,2
54772,6
54773,4
54774,6
54775,0
54776,2
54777,0
54778,0
54779,0
54780,6
54781,2
54782,2
54783,4
54784,2
54785,0
54786,3
54787,0
54788,3
54789,3
54790,0
54791,2
54792,4
54793,6
54794,5
54795,2
54796,4
54797,0
54798,4
54799,4
54800,2
54801,6
54802,4
54803,0
54804,0
54805,4
54806,2
54807,0
54808,6
54809,0
54810,2
54811,2
54812,0
54813,2
54814,1
54815,2
54816,2
54817,6
54818,5
54819,4
54820,4
54821,4
54822,0
54823,0
54824,6
54825,0
54826,4
54827,0
54828,0
54829,6
54830,2
54831,2
54832,2
54833,2
54834,0
54835,2
54836,4
54837,6
54838,0
54839,2
54840,3
54841,6
54842,6
54843,1
54844,2
54845,2
54846,2
54847,5
54848,2
54849,2
54850,2
54851,2
54852,4
54853,6
54854,0
54855,6
54856,2
54857,5
54858,6
54859,2
54860,2
54861,2
54862,4
54863,2
54864,0
54865,2
54866,2
54867,1
54868,2
54869,4
54870,2
54871,6
54872,2
54873,0
54874,0
54875,0
54876,2
54877,2
54878,2
54879,4
54880,3
54881,0
54882,0
54883,0
54884,0
54885,0
54886,2
54887,4
54888,4
54889,1
54890,2
54891,4
54892,2
54893,1
54894,6
54895,6
54896,3
54897,6
54898,2
54899,2
54900,6
54901,2
54902,2
54903,0
54904,2
54905,0
54906,6
54907,6
54908,6
54909,0
54910,0
54911,4
54912,6
54913,2
54914,4
54915,2
54916,2
54917,1
54918,2
54919,4
54920,6
54921,0
54922,5
54923,2
54924,4
54925,2
54926,4
54927,1
54928,4
54929,2
54930,3
54931,4
54932,2
54933,6
54934,0
54935,2
54936,6
54937,6
54938,2
54939,2
54940,2
54941,0
54942,1
54943,2
54944,6
54945,1
54946,3
54947,0
54948,3
54949,0
54950,2
54951,4
54952,2
54953,2
54954,2
54955,2
54956,0
54957,4
54958,1
54959,2
54960,4
54961,4
54962,2
54963,0
54964,2
54965,2
54966,0
54967,0
54968,2
54969,0
54970,2
54971,0
54972,4
54973,0
54974,2
54975,2
54976,2
54977,2
54978,2
54979,1
54980,2
54981,2
54982,2
54983,2
54984,6
54985,0
54986,2
54987,2
54988,2
54989,4
54990,0
54991,2
54992,1
54993,0
54994,2
54995,2
54996,2
54997,0
54998,1
54999,6
55000,1
55001,2
55002,2
55003,2
55004,3
55005,6
55006,0
55007,6
55008,1
55009,0
55010,3
55011,2
55012,0
55013,2
55014,0
55015,2
55016,2
55017,0
55018,0
55019,6
55020,0
55021,2
55022,2
55023,5
55024,2
55025,0
55026,6
55027,2
55028,0
55029,2
55030,6
55031,2
55032,2
55033,2
55034,6
55035,0
55036,5
55037,2
55038,2
55039,0
55040,3
55041,6
55042,5
55043,2
55044,2
55045,2
55046,0
55047,4
55048,6
55049,2
55050,6
55051,6
55052,6
55053,2
55054,6
55055,4
55056,6
55057,0
55058,6
55059,2
55060,2
55061,2
55062,6
55063,2
55064,2
55065,6
55066,5
55067,2
55068,6
55069,0
55070,0
55071,0
55072,0
55073,0
55074,1
55075,2
55076,0
55077,2
55078,6
55079,4
55080,4
55081,1
55082,1
55083,6
55084,3
55085,0
55086,2
55087,2
55088,6
55089,2
55090,0
55091,2
55092,2
55093,2
55094,0
55095,2
55096,0
55097,2
55098,0
55099,1
55100,0
55101,0
55102,3
55103,2
55104,2
55105,2
55106,6
55107,4
55108,2
55109,2
55110,2
55111,0
55112,2
55113,1
55114,0
55115,2
55116,1
55117,4
55118,2
55119,2
55120,2
55121,0
55122,0
55123,0
55124,4
55125,1
55126,3
55127,0
55128,2
55129,0
55130,0
55131,2
55132,0
55133,0
55134,0
55135,2
55136,6
55137,2
55138,0
55139,1
55140,6
55141,0
55142,0
55143,0
55144,4
55145,4
55146,2
55147,0
55148,3
55149,2
55150,0
55151,2
55152,2
55153,0
55154,1
55155,4
55156,0
55157,2
55158,2
55159,0
55160,2
55161,3
55162,2
55163,2
55164,0
55165,0
55166,2
55167,4
55168,2
55169,2
55170,0
55171,0
55172,2
55173,1
55174,2
55175,4
55176,2
55177,3
55178,6
55179,1
55180,5
55181,0
55182,6
55183,1
55184,0
55185,5
55186,4
55187,0
55188,2
55189,2
55190,2
55191,0
55192,4
55193,2
55194,0
55195,4
55196,0
55197,2
55198,2
55199,2
55200,2
55201,2
55202,2
55203,6
55204,1
55205,0
55206,0
55207,1
55208,1
55209,2
55210,0
55211,0
55212,0
55213,2
55214,4
55215,0
55216,0
55217,2
55218,2
55219,3
55220,0
55221,4
55222,2
55223,0
55224,2
55225,2
55226,3
55227,0
55228,0
55229,5
55230,4
55231,2
55232,6
55233,2
55234,0
55235,1
55236,2
55237,2
55238,1
55239,1
55240,2
55241,0
55242,1
55243,5
55244,2
55245,2
55246,6
55247,3
55248,0
55249,4
55250,4
55251,2
55252,2
55253,2
55254,2
55255,0
55256,2
55257,0
55258,4
55259,2
55260,2
55261,6
55262,1
55263,0
55264,1
55265,2
55266,2
55267,5
55268,1
55269,6
55270,0
55271,0
55272,2
55273,0
55274,2
55275,0
55276,6
55277,2
55278,2
55279,2
55280,4
55281,6
55282,3
55283,4
55284,6
55285,0
55286,0
55287,3
55288,0
55289,1
55290,2
55291,1
55292,0
55293,0
55294,3
55295,0
55296,6
55297,5
55298,0
55299,4
55300,4
55301,4
55302,2
55303,4
55304,0
55305,0
55306,2
55307,0
55308,0
55309,0
55310,2
55311,2
55312,0
55313,1
55314,5
55315,2
55316,0
55317,4
55318,4
55319,6
55320,6
55321,4
55322,6
55323,0
55324,2
55325,0
55326,2
55327,1
55328,0
55329,4
55330,2
55331,2
55332,2
55333,2
55334,1
55335,0
55336,2
55337,2
55338,0
55339,6
55340,3
55341,6
55342,0
55343,3
55344,2
55345,0
55346,2
55347,6
55348,6
55349,0
55350,2
55351,6
55352,0
55353,0
55354,2
55355,5
55356,2
55357,0
55358,0
55359,5
55360,6
55361,0
55362,6
55363,2
55364,0
55365,4
55366,0
55367,2
55368,2
55369,4
55370,5
55371,5
55372,2
55373,0
55374,2
55375,0
55376,0
55377,6
55378,2
55379,1
55380,3
55381,0
55382,1
55383,2
55384,1
55385,0
55386,5
55387,2
55388,6
55389,6
55390,0
55391,5
55392,0
55393,2
55394,2
55395,6
55396,0
55397,6
55398,4
55399,1
55400,0
55401,0
55402,4
55403,2
55404,2
55405,0
55406,2
55407,0
55408,5
55409,0
55410,0
55411,0
55412,2
55413,0
55414,6
55415,0
55416,2
55417,1
55418,2
55419,5
55420,2
55421,2
55422,2
55423,2
55424,6
55425,5
55426,2
55427,2
55428,2
55429,2
55430,1
55431,4
55432,5
55433,4
55434,2
55435,0
55436,2
55437,6
55438,6
55439,3
55440,0
55441,2
55442,1
55443,2
55444,5
55445,5
55446,4
55447,2
55448,2
55449,0
55450,1
55451,2
55452,0
55453,0
55454,2
55455,2
55456,6
55457,6
55458,4
55459,0
55460,4
55461,0
55462,2
55463,2
55464,6
55465,3
55466,0
55467,6
55468,0
55469,2
55470,2
55471,4
55472,0
55473,6
55474,6
55475,2
55476,2
55477,4
55478,0
55479,2
55480,0
55481,6
55482,3
55483,2
55484,4
55485,0
55486,2
55487,2
55488,2
55489,6
55490,1
55491,6
55492,2
55493,2
55494,0
55495,3
55496,2
55497,0
55498,6
55499,2
55500,4
55501,0
55502,6
55503,2
55504,6
55505,3
55506,3
55507,1
55508,1
55509,6
55510,2
55511,2
55512,0
55513,4
55514,0
55515,3
55516,6
55517,6
55518,1
55519,2
55520,0
55521,4
55522,6
55523,1
55524,2
55525,6
55526,0
55527,1
55528,0
55529,2
55530,5
55531,5
55532,4
55533,6
55534,0
55535,4
55536,2
55537,0
55538,2
55539,1
55540,2
55541,6
55542,2
55543,6
55544,2
55545,1
55546,2
55547,2
55548,4
55549,6
55550,0
55551,4
55552,2
55553,1
55554,0
55555,1
55556,0
55557,2
55558,6
55559,2
55560,1
55561,3
55562,0
55563,0
55564,3
55565,2
55566,0
55567,4
55568,2
55569,2
55570,1
55571,2
55572,2
55573,4
55574,6
55575,2
55576,1
55577,5
55578,0
55579,4
55580,2
55581,6
55582,2
55583,2
55584,0
55585,2
55586,0
55587,2
55588,1
55589,6
55590,6
55591,4
55592,0
55593,2
55594,2
55595,3
55596,6
55597,2
55598,2
55599,0
55600,0
55601,5
55602,5
55603,2
55604,2
55605,6
55606,4
55607,0
55608,0
55609,2
55610,2
55611,2
55612,2
55613,0
55614,4
55615,3
55616,0
55617,6
55618,6
55619,2
55620,6
55621,5
55622,4
55623,2
55624,0
55625,2
55626,4
55627,1
55628,1
55629,0
55630,3
55631,2
55632,2
55633,2
55634,0
55635,6
55636,6
55637,2
55638,0
55639,2
55640,0
55641,2
55642,0
55643,6
55644,4
55645,1
55646,0
55647,0
55648,3
55649,0
55650,3
55651,2
55652,2
55653,0
55654,2
55655,2
55656,4
55657,3
55658,1
55659,2
55660,2
55661,6
55662,6
55663,5
55664,5
55665,2
55666,5
55667,0
55668,2
55669,2
55670,2
55671,1
55672,0
55673,6
55674,6
55675,2
55676,0
55677,4
55678,6
55679,0
55680,5
55681,2
55682,1
55683,5
55684,4
55685,2
55686,4
55687,3
55688,2
55689,2
55690,0
55691,6
55692,0
55693,0
55694,2
55695,6
55696,0
55697,2
55698,4
55699,2
55700,4
55701,0
55702,2
55703,2
55704,1
55705,2
55706,3
55707,0
55708,6
55709,4
55710,2
55711,5
55712,2
55713,6
55714,0
55715,2
55716,2
55717,0
55718,0
55719,2
55720,1
55721,2
55722,6
55723,0
55724,2
55725,2
55726,0
55727,2
55728,0
55729,6
55730,2
55731,0
55732,0
55733,3
55734,0
55735,0
55736,4
55737,2
55738,2
55739,2
55740,3
55741,2
55742,1
55743,2
55744,0
55745,1
55746,6
55747,6
55748,6
55749,0
55750,0
55751,2
55752,2
55753,0
55754,2
55755,4
55756,6
55757,1
55758,4
55759,2
55760,4
55761,2
55762,2
55763,2
55764,4
55765,6
55766,5
55767,2
55768,4
55769,1
55770,6
55771,2
55772,2
55773,0
55774,0
55775,0
55776,2
55777,2
55778,2
55779,2
55780,6
55781,2
55782,2
55783,4
55784,6
55785,6
55786,2
55787,0
55788,0
55789,5
55790,0
55791,2
55792,0
55793,6
55794,0
55795,4
55796,0
55797,4
55798,0
55799,6
55800,0
55801,2
55802,4
55803,0
55804,4
55805,0
55806,2
55807,5
55808,2
55809,2
55810,2
55811,0
55812,2
55813,0
55814,5
55815,2
55816,2
55817,2
55818,2
55819,5
55820,1
55821,5
55822,3
55823,2
55824,6
55825,3
55826,0
55827,0
55828,0
55829,2
55830,2
55831,0
55832,2
55833,0
55834,2
55835,2
55836,6
55837,4
55838,3
55839,4
55840,2
55841,0
55842,4
55843,2
55844,0
55845,0
55846,0
55847,6
55848,2
55849,2
55850,2
55851,0
55852,2
55853,2
55854,2
55855,2
55856,2
55857,0
55858,6
55859,0
55860,0
55861,1
55862,2
55863,6
55864,4
55865,3
55866,4
55867,2
55868,0
55869,2
55870,2
55871,2
55872,0
55873,2
55874,0
55875,4
55876,0
55877,5
55878,2
55879,0
55880,5
55881,4
55882,2
55883,3
55884,0
55885,0
55886,2
55887,3
55888,2
55889,2
55890,0
55891,0
55892,2
55893,0
55894,2
55895,4
55896,0
55897,2
55898,2
55899,2
55900,0
55901,0
55902,6
55903,0
55904,2
55905,0
55906,2
55907,0
55908,0
55909,2
55910,2
55911,2
55912,6
55913,1
55914,0
55915,2
55916,6
55917,0
55918,4
55919,2
55920,0
55921,2
55922,0
55923,0
55924,2
55925,0
55926,2
55927,3
55928,2
55929,3
55930,0
55931,6
55932,3
55933,2
55934,2
55935,5
55936,2
55937,1
55938,0
55939,5
55940,0
55941,0
55942,6
55943,3
55944,1
55945,2
55946,2
55947,2
55948,2
55949,2
55950,4
55951,2
55952,5
55953,2
55954,2
55955,2
55956,0
55957,6
55958,2
55959,0
55960,2
55961,6
55962,1
55963,5
55964,6
55965,0
55966,0
55967,2
55968,0
55969,2
55970,2
55971,1
55972,2
55973,0
55974,2
55975,6
55976,2
55977,2
55978,4
55979,2
55980,2
55981,4
55982,2
55983,0
55984,4
55985,2
55986,4
55987,0
55988,2
55989,0
55990,2
55991,2
55992,0
55993,2
55994,1
55995,2
55996,2
55997,2
55998,6
55999,4
56000,6
56001,3
56002,1
56003,4
56004,4
56005,0
56006,2
56007,2
56008,0
56009,0
56010,2
56011,2
56012,0
56013,0
56014,6
56015,5
56016,5
56017,0
56018,6
56019,0
56020,0
56021,6
56022,0
56023,6
56024,4
56025,2
56026,0
56027,0
56028,2
56029,2
56030,6
56031,4
56032,6
56033,2
56034,0
56035,6
56036,2
56037,2
56038,2
56039,0
56040,0
56041,2
56042,0
56043,2
56044,6
56045,2
56046,4
56047,2
56048,0
56049,0
56050,6
56051,0
56052,1
56053,5
56054,1
56055,5
56056,6
56057,0
56058,6
56059,2
56060,0
56061,2
56062,6
56063,6
56064,0
56065,3
56066,1
56067,2
56068,0
56069,2
56070,2
56071,0
56072,1
56073,0
56074,2
56075,0
56076,0
56077,0
56078,4
56079,2
56080,0
56081,6
56082,0
56083,6
56084,0
56085,2
56086,6
56087,4
56088,2
56089,2
56090,1
56091,2
56092,0
56093,2
56094,2
56095,2
56096,4
56097,0
56098,4
56099,6
56100,0
56101,0
56102,5
56103,6
56104,4
56105,2
56106,2
56107,6
56108,2
56109,2
56110,6
56111,2
56112,2
56113,2
56114,2
56115,2
56116,2
56117,0
56118,5
56119,6
56120,0
56121,2
56122,0
56123,0
56124,2
56125,2
56126,0
56127,2
56128,2
56129,1
56130,3
56131,2
56132,3
56133,2
56134,0
56135,2
56136,2
56137,3
56138,2
56139,3
56140,2
56141,0
56142,2
56143,2
56144,6
56145,6
56146,3
56147,3
56148,0
56149,5
56150,5
56151,6
56152,2
56153,6
56154,2
56155,6
56156,0
56157,6
56158,0
56159,6
56160,4
56161,0
56162,1
56163,0
56164,0
56165,2
56166,5
56167,4
56168,0
56169,2
56170,6
56171,2
56172,2
56173,3
56174,0
56175,2
56176,2
56177,2
56178,2
56179,2
56180,2
56181,5
56182,0
56183,3
56184,2
56185,0
56186,1
56187,2
56188,0
56189,5
56190,0
56191,2
56192,0
56193,0
56194,6
56195,2
56196,0
56197,2
56198,0
56199,2
56200,2
56201,0
56202,0
56203,3
56204,4
56205,2
56206,2
56207,0
56208,1
56209,0
56210,4
56211,6
56212,0
56213,2
56214,6
56215,0
56216,0
56217,0
56218,0
56219,0
56220,6
56221,6
56222,3
56223,5
56224,0
56225,4
56226,0
56227,6
56228,2
56229,2
56230,2
56231,1
56232,0
56233,6
56234,5
56235,2
56236,5
56237,2
56238,2
56239,2
56240,0
56241,0
56242,2
56243,2
56244,2
56245,3
56246,6
56247,6
56248,3
56249,0
56250,2
56251,5
56252,2
56253,5
56254,4
56255,2
56256,2
56257,0
56258,0
56259,2
56260,0
56261,1
56262,0
56263,6
56264,4
56265,0
56266,1
56267,6
56268,4
56269,2
56270,0
56271,0
56272,3
56273,1
56274,0
56275,2
56276,5
56277,3
56278,2
56279,2
56280,0
56281,2
56282,2
56283,0
56284,0
56285,4
56286,0
56287,0
56288,5
56289,3
56290,2
56291,6
56292,4
56293,0
56294,0
56295,4
56296,0
56297,2
56298,4
56299,0
56300,2
56301,2
56302,1
56303,6
56304,6
56305,0
56306,2
56307,4
56308,0
56309,6
56310,1
56311,0
56312,0
56313,2
56314,0
56315,0
56316,0
56317,0
56318,6
56319,1
56320,2
56321,2
56322,2
56323,0
56324,2
56325,0
56326,0
56327,2
56328,2
56329,0
56330,6
56331,2
56332,4
56333,0
56334,0
56335,0
56336,0
56337,0
56338,2
56339,3
56340,0
56341,0
56342,0
56343,0
56344,2
56345,1
56346,0
56347,2
56348,0
56349,0
56350,6
56351,6
56352,2
56353,0
56354,2
56355,0
56356,2
56357,0
56358,2
56359,1
56360,4
56361,4
56362,3
56363,2
56364,2
56365,2
56366,2
56367,2
56368,0
56369,0
56370,2
56371,2
56372,0
56373,0
56374,2
56375,1
56376,6
56377,2
56378,6
56379,2
56380,2
56381,2
56382,1
56383,5
56384,0
56385,0
56386,0
56387,2
56388,2
56389,1
56390,2
56391,0
56392,0
56393,3
56394,0
56395,0
56396,2
56397,6
56398,2
56399,0
56400,2
56401,0
56402,2
56403,2
56404,6
56405,1
56406,0
56407,4
56408,2
56409,6
56410,2
56411,2
56412,6
56413,0
56414,4
56415,6
56416,2
56417,2
56418,6
56419,6
56420,4
56421,2
56422,3
56423,3
56424,2
56425,4
56426,2
56427,2
56428,0
56429,1
56430,2
56431,6
56432,0
56433,2
56434,2
56435,0
56436,0
56437,2
56438,2
56439,6
56440,0
56441,2
56442,4
56443,2
56444,2
56445,2
56446,2
56447,2
56448,4
56449,4
56450,2
56451,0
56452,1
56453,2
56454,6
56455,0
56456,4
56457,4
56458,0
56459,2
56460,2
56461,6
56462,0
56463,0
56464,2
56465,2
56466,2
56467,1
56468,0
56469,2
56470,2
56471,2
56472,2
56473,2
56474,0
56475,2
56476,6
56477,6
56478,2
56479,6
56480,6
56481,2
56482,0
56483,6
56484,2
56485,6
56486,1
56487,1
56488,2
56489,2
56490,0
56491,0
56492,1
56493,0
56494,4
56495,2
56496,6
56497,6
56498,1
56499,2
56500,2
56501,0
56502,3
56503,6
56504,0
56505,2
56506,0
56507,0
56508,2
56509,0
56510,6
56511,0
56512,1
56513,0
56514,0
56515,4
56516,4
56517,2
56518,2
56519,3
56520,2
56521,1
56522,2
56523,0
56524,6
56525,2
56526,2
56527,0
56528,2
56529,6
56530,6
56531,0
56532,2
56533,2
56534,2
56535,4
56536,0
56537,0
56538,4
56539,0
56540,2
56541,2
56542,2
56543,2
56544,0
56545,6
56546,5
56547,2
56548,0
56549,0
56550,6
56551,2
56552,6
56553,4
56554,2
56555,2
56556,6
56557,2
56558,0
56559,6
56560,0
56561,0
56562,0
56563,2
56564,3
56565,1
56566,2
56567,2
56568,0
56569,2
56570,0
56571,2
56572,1
56573,0
56574,3
56575,2
56576,0
56577,6
56578,1
56579,0
56580,0
56581,0
56582,0
56583,0
56584,2
56585,4
56586,2
56587,2
56588,2
56589,2
56590,0
56591,5
56592,2
56593,2
56594,6
56595,2
56596,0
56597,0
56598,0
56599,0
56600,5
56601,0
56602,2
56603,0
56604,2
56605,6
56606,2
56607,0
56608,4
56609,0
56610,0
56611,2
56612,0
56613,0
56614,2
56615,2
56616,2
56617,0
56618,2
56619,1
56620,6
56621,2
56622,3
56623,0
56624,3
56625,0
56626,2
56627,2
56628,6
56629,2
56630,0
56631,2
56632,2
56633,6
56634,0
56635,0
56636,6
56637,0
56638,2
56639,3
56640,0
56641,6
56642,0
56643,0
56644,2
56645,5
56646,6
56647,4
56648,2
56649,0
56650,6
56651,0
56652,1
56653,6
56654,3
56655,0
56656,2
56657,6
56658,2
56659,2
56660,6
56661,6
56662,0
56663,1
56664,0
56665,0
56666,5
56667,2
56668,2
56669,0
56670,2
56671,0
56672,0
56673,2
56674,0
56675,0
56676,3
56677,1
56678,2
56679,2
56680,6
56681,5
56682,2
56683,2
56684,3
56685,0
56686,4
56687,0
56688,2
56689,0
56690,2
56691,4
56692,1
56693,0
56694,2
56695,2
56696,2
56697,4
56698,5
56699,0
56700,2
56701,6
56702,4
56703,4
56704,1
56705,0
56706,2
56707,4
56708,2
56709,4
56710,2
56711,6
56712,0
56713,0
56714,0
56715,5
56716,1
56717,0
56718,2
56719,6
56720,0
56721,2
56722,0
56723,1
56724,2
56725,2
56726,6
56727,2
56728,1
56729,4
56730,0
56731,6
56732,5
56733,6
56734,2
56735,2
56736,6
56737,2
56738,2
56739,0
56740,0
56741,4
56742,2
56743,2
56744,0
56745,2
56746,4
56747,2
56748,0
56749,3
56750,0
56751,2
56752,0
56753,0
56754,2
56755,2
56756,5
56757,2
56758,2
56759,6
56760,0
56761,2
56762,0
56763,0
56764,0
56765,0
56766,2
56767,2
56768,0
56769,2
56770,0
56771,2
56772,0
56773,0
56774,0
56775,0
56776,0
56777,5
56778,0
56779,2
56780,2
56781,4
56782,2
56783,1
56784,2
56785,2
56786,2
56787,0
56788,6
56789,0
56790,4
56791,0
56792,4
56793,0
56794,0
56795,6
56796,0
56797,2
56798,0
56799,2
56800,0
56801,0
56802,0
56803,2
56804,0
56805,6
56806,2
56807,2
56808,2
56809,2
56810,2
56811,0
56812,0
56813,2
56814,0
56815,2
56816,6
56817,0
56818,6
56819,2
56820,0
56821,1
56822,2
56823,1
56824,2
56825,0
56826,2
56827,2
56828,0
56829,1
56830,2
56831,1
56832,2
56833,2
56834,0
56835,0
56836,1
56837,2
56838,2
56839,4
56840,6
56841,0
56842,2
56843,6
56844,0
56845,2
56846,6
56847,0
56848,0
56849,2
56850,2
56851,2
56852,2
56853,4
56854,6
56855,0
56856,2
56857,0
56858,6
56859,2
56860,0
56861,2
56862,2
56863,5
56864,0
56865,1
56866,0
56867,2
56868,2
56869,3
56870,2
56871,2
56872,5
56873,2
56874,0
56875,2
56876,6
56877,2
56878,6
56879,2
56880,2
56881,0
56882,5
56883,1
56884,1
56885,0
56886,0
56887,6
56888,6
56889,4
56890,0
56891,4
56892,4
56893,2
56894,3
56895,6
56896,6
56897,2
56898,3
56899,4
56900,5
56901,2
56902,0
56903,2
56904,2
56905,0
56906,2
56907,1
56908,6
56909,2
56910,0
56911,2
56912,2
56913,0
56914,2
56915,2
56916,2
56917,1
56918,6
56919,0
56920,1
56921,6
56922,2
56923,0
56924,2
56925,2
56926,2
56927,2
56928,2
56929,0
56930,2
56931,2
56932,3
56933,2
56934,0
56935,2
56936,0
56937,6
56938,6
56939,2
56940,6
56941,0
56942,0
56943,0
56944,2
56945,0
56946,0
56947,2
56948,0
56949,2
56950,2
56951,0
56952,0
56953,3
56954,6
56955,2
56956,2
56957,0
56958,4
56959,4
56960,2
56961,0
56962,5
56963,4
56964,2
56965,2
56966,0
56967,0
56968,6
56969,0
56970,2
56971,2
56972,2
56973,1
56974,5
56975,3
56976,0
56977,4
56978,2
56979,0
56980,2
56981,2
56982,2
56983,2
56984,6
56985,6
56986,2
56987,0
56988,2
56989,2
56990,2
56991,2
56992,2
56993,6
56994,4
56995,2
56996,1
56997,2
56998,0
56999,2
57000,6
57001,0
57002,2
57003,2
57004,5
57005,4
57006,2
57007,3
57008,6
57009,0
57010,6
57011,2
57012,0
57013,0
57014,1
57015,6
57016,4
57017,2
57018,3
57019,2
57020,6
57021,5
57022,0
57023,6
57024,0
57025,2
57026,4
57027,2
57028,2
57029,2
57030,2
57031,1
57032,0
57033,6
57034,3
57035,2
57036,5
57037,0
57038,6
57039,0
57040,2
57041,2
57042,0
57043,2
57044,2
57045,1
57046,2
57047,2
57048,0
57049,0
57050,0
57051,2
57052,6
57053,0
57054,0
57055,0
57056,2
57057,2
57058,2
57059,1
57060,0
57061,0
57062,4
57063,0
57064,0
57065,0
57066,2
57067,0
57068,6
57069,2
57070,0
57071,6
57072,4
57073,0
57074,2
57075,4
57076,0
57077,1
57078,2
57079,4
57080,0
57081,4
57082,0
57083,2
57084,4
57085,2
57086,6
57087,2
57088,0
57089,0
57090,0
57091,0
57092,2
57093,2
57094,2
57095,2
57096,6
57097,2
57098,6
57099,2
57100,6
57101,2
57102,2
57103,0
57104,2
57105,0
57106,6
57107,2
57108,4
57109,1
57110,0
57111,0
57112,4
57113,0
57114,5
57115,0
57116,0
57117,2
57118,2
57119,1
57120,4
57121,4
57122,2
57123,2
57124,2
57125,6
57126,1
57127,6
57128,0
57129,2
57130,2
57131,0
57132,2
57133,2
57134,4
57135,4
57136,2
57137,1
57138,0
57139,2
57140,6
57141,2
57142,1
57143,2
57144,2
57145,6
57146,0
57147,6
57148,3
57149,2
57150,4
57151,2
57152,2
57153,1
57154,0
57155,6
57156,2
57157,4
57158,0
57159,6
57160,2
57161,2
57162,2
57163,0
57164,0
57165,1
57166,5
57167,2
57168,6
57169,6
57170,2
57171,2
57172,6
57173,0
57174,4
57175,0
57176,4
57177,6
57178,5
57179,0
57180,2
57181,4
57182,2
57183,2
57184,6
57185,4
57186,6
57187,4
57188,0
57189,2
57190,0
57191,4
57192,0
57193,6
57194,1
57195,1
57196,0
57197,3
57198,6
57199,4
57200,6
57201,0
57202,6
57203,2
57204,6
57205,0
57206,2
57207,1
57208,6
57209,0
57210,6
57211,2
57212,0
57213,6
57214,1
57215,2
57216,6
57217,2
57218,2
57219,2
57220,0
57221,4
57222,6
57223,2
57224,2
57225,0
57226,2
57227,6
57228,2
57229,2
57230,2
57231,0
57232,4
57233,1
57234,6
57235,0
57236,2
57237,1
57238,6
57239,2
57240,2
57241,2
57242,2
57243,2
57244,6
57245,0
57246,6
57247,3
57248,2
57249,1
57250,2
57251,6
57252,2
57253,0
57254,3
57255,2
57256,0
57257,2
57258,0
57259,6
57260,6
57261,2
57262,0
57263,0
57264,2
57265,2
57266,0
57267,0
57268,1
57269,3
57270,2
57271,1
57272,2
57273,0
57274,0
57275,2
57276,1
57277,5
57278,2
57279,2
57280,2
57281,0
57282,2
57283,3
57284,0
57285,6
57286,0
57287,2
57288,2
57289,0
57290,2
57291,3
57292,0
57293,4
57294,3
57295,2
57296,2
57297,6
57298,4
57299,3
57300,2
57301,2
57302,2
57303,0
57304,6
57305,6
57306,2
57307,2
57308,2
57309,1
57310,6
57311,6
57312,0
57313,0
57314,2
57315,6
57316,3
57317,2
57318,2
57319,2
57320,2
57321,2
57322,2
57323,0
57324,6
57325,1
57326,2
57327,5
57328,2
57329,0
57330,0
57331,2
57332,6
57333,0
57334,2
57335,2
57336,4
57337,2
57338,2
57339,0
57340,2
57341,2
57342,1
57343,0
57344,2
57345,2
57346,4
57347,5
57348,3
57349,2
57350,0
57351,2
57352,1
57353,2
57354,6
57355,1
57356,2
57357,2
57358,0
57359,2
57360,2
57361,3
57362,0
57363,4
57364,6
57365,4
57366,0
57367,0
57368,2
57369,6
57370,2
57371,4
57372,0
57373,0
57374,0
57375,0
57376,2
57377,0
57378,0
57379,5
57380,0
57381,3
57382,2
57383,0
57384,2
57385,0
57386,0
57387,2
57388,2
57389,4
57390,0
57391,4
57392,6
57393,1
57394,2
57395,2
57396,3
57397,0
57398,1
57399,0
57400,2
57401,6
57402,1
57403,1
57404,5
57405,3
57406,6
57407,0
57408,2
57409,0
57410,0
57411,6
57412,2
57413,5
57414,0
57415,6
57416,2
57417,2
57418,6
57419,2
57420,2
57421,0
57422,2
57423,2
57424,0
57425,0
57426,0
57427,2
57428,2
57429,4
57430,6
57431,6
57432,0
57433,2
57434,6
57435,0
57436,4
57437,0
57438,3
57439,2
57440,6
57441,5
57442,0
57443,6
57444,1
57445,2
57446,1
57447,0
57448,2
57449,2
57450,4
57451,2
57452,2
57453,2
57454,2
57455,5
57456,0
57457,0
57458,4
57459,1
57460,0
57461,6
57462,2
57463,6
57464,2
57465,6
57466,2
57467,2
57468,0
57469,5
57470,0
57471,0
57472,6
57473,1
57474,3
57475,2
57476,1
57477,4
57478,1
57479,4
57480,0
57481,2
57482,0
57483,6
57484,0
57485,2
57486,2
57487,6
57488,6
57489,0
57490,6
57491,0
57492,2
57493,5
57494,0
57495,2
57496,6
57497,2
57498,0
57499,2
57500,2
57501,2
57502,2
57503,6
57504,2
57505,2
57506,6
57507,3
57508,2
57509,0
57510,2
57511,0
57512,2
57513,2
57514,0
57515,4
57516,0
57517,4
57518,0
57519,2
57520,2
57521,1
57522,2
57523,2
57524,6
57525,0
57526,6
57527,2
57528,1
57529,0
57530,0
57531,2
57532,2
57533,6
57534,0
57535,4
57536,2
57537,5
57538,2
57539,0
57540,4
57541,4
57542,3
57543,0
57544,2
57545,2
57546,4
57547,3
57548,2
57549,2
57550,2
57551,2
57552,2
57553,0
57554,4
57555,2
57556,2
57557,0
57558,6
57559,6
57560,4
57561,0
57562,0
57563,2
57564,1
57565,6
57566,1
57567,2
57568,2
57569,0
57570,0
57571,6
57572,0
57573,0
57574,6
57575,2
57576,5
57577,2
57578,0
57579,6
57580,6
57581,2
57582,2
57583,0
57584,6
57585,6
57586,0
57587,6
57588,0
57589,6
57590,4
57591,2
57592,2
57593,0
57594,2
57595,6
57596,5
57597,2
57598,6
57599,5
57600,2
57601,0
57602,6
57603,0
57604,0
57605,2
57606,6
57607,1
57608,1
57609,0
57610,2
57611,3
57612,3
57613,5
57614,0
57615,2
57616,2
57617,0
57618,6
57619,0
57620,1
57621,0
57622,3
57623,1
57624,2
57625,2
57626,1
57627,0
57628,0
57629,2
57630,4
57631,0
57632,6
57633,2
57634,3
57635,2
57636,6
57637,6
57638,2
57639,4
57640,1
57641,2
57642,0
57643,1
57644,2
57645,2
57646,6
57647,0
57648,0
57649,2
57650,0
57651,2
57652,6
57653,6
57654,1
57655,2
57656,0
57657,3
57658,2
57659,0
57660,6
57661,5
57662,0
57663,1
57664,2
57665,2
57666,0
57667,5
57668,6
57669,4
57670,0
57671,0
57672,5
57673,6
57674,1
57675,0
57676,2
57677,1
57678,4
57679,6
57680,0
57681,1
57682,2
57683,0
57684,5
57685,2
57686,2
57687,1
57688,1
57689,2
57690,6
57691,2
57692,2
57693,0
57694,1
57695,0
57696,0
57697,6
57698,2
57699,2
57700,6
57701,2
57702,2
57703,0
57704,6
57705,2
57706,1
57707,2
57708,4
57709,2
57710,2
57711,2
57712,2
57713,2
57714,2
57715,0
57716,0
57717,0
57718,4
57719,3
57720,3
57721,0
57722,6
57723,2
57724,5
57725,4
57726,0
57727,0
57728,0
57729,3
57730,4
57731,2
57732,5
57733,6
57734,0
57735,2
57736,0
57737,1
57738,2
57739,2
57740,0
57741,2
57742,0
57743,4
57744,2
57745,4
57746,2
57747,0
57748,2
57749,0
57750,2
57751,2
57752,5
57753,3
57754,6
57755,2
57756,0
57757,6
57758,0
57759,2
57760,2
57761,6
57762,2
57763,2
57764,0
57765,2
57766,2
57767,0
57768,2
57769,1
57770,4
57771,6
57772,2
57773,2
57774,0
57775,1
57776,2
57777,3
57778,0
57779,1
57780,2
57781,2
57782,0
57783,0
57784,3
57785,6
57786,2
57787,0
57788,5
57789,1
57790,2
57791,0
57792,0
57793,5
57794,3
57795,2
57796,4
57797,5
57798,2
57799,5
57800,2
57801,0
57802,0
57803,2
57804,0
57805,2
57806,2
57807,2
57808,1
57809,2
57810,2
57811,4
57812,2
57813,4
57814,4
57815,0
57816,6
57817,0
57818,2
57819,4
57820,2
57821,2
57822,0
57823,2
57824,2
57825,0
57826,0
57827,1
57828,6
57829,3
57830,2
57831,4
57832,2
57833,2
57834,0
57835,6
57836,0
57837,2
57838,2
57839,4
57840,0
57841,2
57842,4
57843,6
57844,6
57845,2
57846,1
57847,0
57848,0
57849,6
57850,2
57851,2
57852,0
57853,2
57854,2
57855,0
57856,1
57857,4
57858,2
57859,2
57860,2
57861,2
57862,6
57863,4
57864,6
57865,2
57866,6
57867,3
57868,2
57869,1
57870,6
57871,2
57872,4
57873,2
57874,1
57875,3
57876,2
57877,0
57878,0
57879,0
57880,6
57881,3
57882,3
57883,2
57884,2
57885,2
57886,5
57887,0
57888,4
57889,6
57890,0
57891,3
57892,3
57893,1
57894,4
57895,3
57896,6
57897,4
57898,6
57899,2
57900,2
57901,2
57902,3
57903,2
57904,6
57905,4
57906,3
57907,3
57908,3
57909,6
57910,0
57911,2
57912,0
57913,6
57914,1
57915,6
57916,0
57917,0
57918,4
57919,6
57920,0
57921,2
57922,1
57923,0
57924,6
57925,0
57926,6
57927,2
57928,6
57929,0
57930,3
57931,0
57932,0
57933,0
57934,2
57935,6
57936,2
57937,1
57938,0
57939,2
57940,3
57941,2
57942,6
57943,0
57944,0
57945,5
57946,2
57947,0
57948,2
57949,2
57950,6
57951,0
57952,6
57953,2
57954,5
57955,4
57956,0
57957,6
57958,4
57959,5
57960,2
57961,4
57962,0
57963,0
57964,2
57965,4
57966,6
57967,2
57968,2
57969,6
57970,2
57971,0
57972,3
57973,6
57974,2
57975,2
57976,1
57977,2
57978,0
57979,6
57980,0
57981,1
57982,2
57983,4
57984,2
57985,0
57986,6
57987,6
57988,2
57989,6
57990,2
57991,0
57992,3
57993,2
57994,2
57995,2
57996,1
57997,2
57998,0
57999,2
58000,2
58001,0
58002,0
58003,2
58004,2
58005,4
58006,0
58007,4
58008,2
58009,2
58010,2
58011,0
58012,5
58013,4
58014,0
58015,1
58016,1
58017,6
58018,2
58019,2
58020,0
58021,6
58022,4
58023,3
58024,3
58025,2
58026,6
58027,2
58028,6
58029,1
58030,2
58031,6
58032,0
58033,2
58034,5
58035,2
58036,2
58037,1
58038,6
58039,0
58040,2
58041,2
58042,0
58043,2
58044,0
58045,3
58046,3
58047,0
58048,4
58049,2
58050,6
58051,6
58052,2
58053,2
58054,1
58055,2
58056,0
58057,2
58058,1
58059,1
58060,1
58061,6
58062,2
58063,0
58064,5
58065,1
58066,6
58067,4
58068,2
58069,2
58070,4
58071,0
58072,1
58073,2
58074,4
58075,2
58076,2
58077,2
58078,2
58079,2
58080,0
58081,0
58082,0
58083,6
58084,2
58085,2
58086,6
58087,2
58088,6
58089,2
58090,0
58091,3
58092,2
58093,0
58094,3
58095,0
58096,2
58097,5
58098,0
58099,0
58100,0
58101,2
58102,6
58103,2
58104,2
58105,2
58106,6
58107,6
58108,6
58109,0
58110,1
58111,2
58112,4
58113,0
58114,0
58115,0
58116,2
58117,2
58118,2
58119,2
58120,4
58121,0
58122,0
58123,2
58124,0
58125,6
58126,2
58127,6
58128,0
58129,3
58130,6
58131,5
58132,2
58133,2
58134,2
58135,0
58136,0
58137,4
58138,1
58139,2
58140,0
58141,6
58142,6
58143,6
58144,2
58145,4
58146,2
58147,2
58148,2
58149,2
58150,2
58151,0
58152,2
58153,4
58154,4
58155,4
58156,0
58157,6
58158,2
58159,0
58160,3
58161,2
58162,2
58163,2
58164,2
58165,2
58166,2
58167,2
58168,2
58169,5
58170,5
58171,2
58172,0
58173,0
58174,6
58175,1
58176,6
58177,0
58178,6
58179,6
58180,2
58181,4
58182,4
58183,2
58184,2
58185,0
58186,1
58187,1
58188,6
58189,0
58190,4
58191,0
58192,0
58193,0
58194,0
58195,0
58196,1
58197,0
58198,3
58199,0
58200,2
58201,2
58202,2
58203,0
58204,4
58205,4
58206,0
58207,2
58208,2
58209,2
58210,1
58211,0
58212,6
58213,4
58214,0
58215,0
58216,0
58217,0
58218,2
58219,0
58220,6
58221,0
58222,2
58223,6
58224,0
58225,2
58226,3
58227,2
58228,2
58229,3
58230,0
58231,2
58232,5
58233,0
58234,2
58235,2
58236,2
58237,2
58238,4
58239,2
58240,2
58241,0
58242,5
58243,5
58244,2
58245,0
58246,0
58247,1
58248,6
58249,2
58250,1
58251,1
58252,5
58253,2
58254,4
58255,2
58256,2
58257,6
58258,2
58259,1
58260,2
58261,2
58262,0
58263,5
58264,1
58265,1
58266,4
58267,2
58268,2
58269,5
58270,2
58271,0
58272,2
58273,1
58274,2
58275,4
58276,2
58277,2
58278,5
58279,2
58280,2
58281,2
58282,1
58283,2
58284,3
58285,0
58286,0
58287,2
58288,0
58289,2
58290,3
58291,2
58292,2
58293,2
58294,0
58295,4
58296,0
58297,6
58298,2
58299,2
58300,6
58301,2
58302,2
58303,0
58304,0
58305,4
58306,0
58307,1
58308,2
58309,6
58310,4
58311,4
58312,6
58313,2
58314,0
58315,2
58316,2
58317,2
58318,6
58319,2
58320,0
58321,2
58322,1
58323,4
58324,2
58325,1
58326,2
58327,2
58328,2
58329,0
58330,3
58331,2
58332,3
58333,6
58334,2
58335,2
58336,0
58337,2
58338,6
58339,0
58340,0
58341,2
58342,2
58343,6
58344,0
58345,6
58346,6
58347,0
58348,2
58349,5
58350,4
58351,1
58352,2
58353,0
58354,6
58355,2
58356,6
58357,2
58358,0
58359,2
58360,2
58361,3
58362,0
58363,2
58364,2
58365,2
58366,6
58367,2
58368,2
58369,2
58370,0
58371,0
58372,3
58373,0
58374,2
58375,2
58376,2
58377,6
58378,6
58379,2
58380,2
58381,3
58382,0
58383,6
58384,2
58385,6
58386,6
58387,4
58388,2
58389,0
58390,3
58391,0
58392,2
58393,2
58394,4
58395,5
58396,1
58397,0
58398,4
58399,5
58400,2
58401,5
58402,1
58403,3
58404,2
58405,6
58406,1
58407,2
58408,5
58409,4
58410,0
58411,0
58412,2
58413,2
58414,1
58415,4
58416,3
58417,6
58418,2
58419,2
58420,4
58421,6
58422,6
58423,3
58424,2
58425,2
58426,2
58427,1
58428,2
58429,2
58430,6
58431,2
58432,0
58433,2
58434,6
58435,0
58436,0
58437,1
58438,2
58439,0
58440,2
58441,1
58442,2
58443,2
58444,2
58445,3
58446,6
58447,2
58448,0
58449,5
58450,3
58451,1
58452,2
58453,0
58454,5
58455,3
58456,2
58457,6
58458,2
58459,2
58460,0
58461,2
58462,0
58463,2
58464,6
58465,0
58466,1
58467,2
58468,1
58469,2
58470,4
58471,0
58472,3
58473,2
58474,0
58475,2
58476,6
58477,4
58478,4
58479,6
58480,1
58481,2
58482,2
58483,0
58484,4
58485,4
58486,2
58487,2
58488,2
58489,4
58490,6
58491,6
58492,0
58493,0
58494,0
58495,2
58496,5
58497,6
58498,2
58499,2
58500,2
58501,1
58502,0
58503,0
58504,1
58505,6
58506,6
58507,2
58508,6
58509,2
58510,1
58511,6
58512,2
58513,5
58514,2
58515,6
58516,2
58517,1
58518,2
58519,2
58520,0
58521,2
58522,0
58523,5
58524,1
58525,3
58526,0
58527,3
58528,4
58529,4
58530,0
58531,0
58532,6
58533,5
58534,5
58535,2
58536,5
58537,2
58538,2
58539,6
58540,0
58541,0
58542,2
58543,5
58544,6
58545,0
58546,2
58547,6
58548,3
58549,2
58550,2
58551,0
58552,0
58553,2
58554,1
58555,1
58556,1
58557,4
58558,2
58559,2
58560,0
58561,2
58562,4
58563,0
58564,2
58565,6
58566,0
58567,5
58568,2
58569,0
58570,3
58571,0
58572,4
58573,2
58574,1
58575,2
58576,4
58577,0
58578,2
58579,0
58580,0
58581,2
58582,2
58583,6
58584,2
58585,6
58586,2
58587,1
58588,5
58589,2
58590,5
58591,2
58592,1
58593,0
58594,0
58595,1
58596,2
58597,0
58598,0
58599,2
58600,0
58601,2
58602,2
58603,0
58604,2
58605,0
58606,2
58607,0
58608,5
58609,5
58610,0
58611,4
58612,4
58613,2
58614,2
58615,4
58616,0
58617,0
58618,1
58619,2
58620,1
58621,0
58622,2
58623,2
58624,2
58625,2
58626,2
58627,3
58628,4
58629,2
58630,2
58631,5
58632,2
58633,2
58634,1
58635,3
58636,5
58637,5
58638,2
58639,2
58640,1
58641,6
58642,2
58643,6
58644,2
58645,2
58646,1
58647,2
58648,2
58649,6
58650,0
58651,2
58652,2
58653,2
58654,6
58655,2
58656,2
58657,2
58658,0
58659,0
58660,2
58661,4
58662,2
58663,5
58664,6
58665,0
58666,0
58667,6
58668,2
58669,0
58670,0
58671,5
58672,2
58673,4
58674,2
58675,3
58676,5
58677,2
58678,0
58679,3
58680,0
58681,5
58682,1
58683,2
58684,2
58685,4
58686,0
58687,2
58688,5
58689,1
58690,0
58691,6
58692,0
58693,0
58694,2
58695,6
58696,6
58697,0
58698,3
58699,2
58700,2
58701,2
58702,1
58703,6
58704,5
58705,1
58706,0
58707,0
58708,2
58709,5
58710,6
58711,4
58712,2
58713,4
58714,6
58715,1
58716,2
58717,0
58718,2
58719,4
58720,3
58721,6
58722,2
58723,2
58724,2
58725,0
58726,1
58727,0
58728,0
58729,0
58730,5
58731,2
58732,3
58733,1
58734,5
58735,6
58736,2
58737,5
58738,0
58739,3
58740,2
58741,0
58742,1
58743,0
58744,2
58745,2
58746,6
58747,4
58748,2
58749,5
58750,6
58751,6
58752,2
58753,0
58754,0
58755,6
58756,2
58757,0
58758,2
58759,1
58760,2
58761,0
58762,2
58763,3
58764,3
58765,6
58766,2
58767,5
58768,0
58769,0
58770,2
58771,2
58772,2
58773,2
58774,2
58775,2
58776,6
58777,0
58778,2
58779,2
58780,4
58781,0
58782,0
58783,2
58784,6
58785,6
58786,0
58787,2
58788,2
58789,0
58790,2
58791,3
58792,6
58793,0
58794,0
58795,2
58796,0
58797,5
58798,0
58799,6
58800,0
58801,2
58802,2
58803,4
58804,3
58805,2
58806,2
58807,2
58808,1
58809,0
58810,4
58811,5
58812,2
58813,0
58814,2
58815,2
58816,6
58817,0
58818,5
58819,2
58820,5
58821,0
58822,2
58823,0
58824,0
58825,4
58826,2
58827,2
58828,4
58829,1
58830,0
58831,6
58832,0
58833,2
58834,0
58835,6
58836,4
58837,0
58838,4
58839,0
58840,0
58841,2
58842,0
58843,6
58844,5
58845,2
58846,2
58847,0
58848,2
58849,4
58850,4
58851,6
58852,6
58853,0
58854,4
58855,0
58856,2
58857,6
58858,1
58859,6
58860,2
58861,0
58862,2
58863,4
58864,4
58865,4
58866,0
58867,6
58868,3
58869,0
58870,2
58871,6
58872,6
58873,0
58874,2
58875,0
58876,0
58877,0
58878,5
58879,4
58880,0
58881,1
58882,0
58883,4
58884,2
58885,6
58886,3
58887,0
58888,0
58889,0
58890,6
58891,2
58892,2
58893,6
58894,2
58895,0
58896,0
58897,5
58898,2
58899,2
58900,2
58901,4
58902,1
58903,2
58904,2
58905,2
58906,6
58907,6
58908,4
58909,6
58910,0
58911,6
58912,0
58913,3
58914,1
58915,2
58916,2
58917,2
58918,2
58919,2
58920,6
58921,0
58922,4
58923,6
58924,6
58925,6
58926,0
58927,2
58928,0
58929,0
58930,4
58931,2
58932,0
58933,0
58934,2
58935,0
58936,3
58937,3
58938,4
58939,6
58940,2
58941,2
58942,1
58943,0
58944,2
58945,6
58946,4
58947,1
58948,1
58949,6
58950,1
58951,2
58952,2
58953,2
58954,6
58955,1
58956,4
58957,3
58958,4
58959,1
58960,2
58961,6
58962,0
58963,4
58964,5
58965,0
58966,0
58967,6
58968,2
58969,6
58970,2
58971,2
58972,2
58973,1
58974,4
58975,3
58976,2
58977,2
58978,2
58979,2
58980,6
58981,2
58982,2
58983,1
58984,0
58985,4
58986,0
58987,2
58988,2
58989,2
58990,2
58991,2
58992,2
58993,0
58994,3
58995,0
58996,0
58997,0
58998,2
58999,0
59000,6
59001,0
59002,2
59003,2
59004,0
59005,2
59006,6
59007,6
59008,6
59009,2
59010,6
59011,2
59012,2
59013,2
59014,0
59015,2
59016,2
59017,2
59018,0
59019,2
59020,0
59021,6
59022,2
59023,4
59024,4
59025,0
59026,2
59027,1
59028,0
59029,4
59030,0
59031,0
59032,0
59033,2
59034,4
59035,4
59036,4
59037,0
59038,2
59039,2
59040,2
59041,2
59042,6
59043,2
59044,0
59045,2
59046,0
59047,2
59048,2
59049,0
59050,4
59051,6
59052,3
59053,6
59054,2
59055,2
59056,0
59057,5
59058,6
59059,0
59060,0
59061,6
59062,2
59063,0
59064,3
59065,0
59066,2
59067,1
59068,5
59069,6
59070,4
59071,4
59072,2
59073,0
59074,2
59075,2
59076,4
59077,0
59078,6
59079,6
59080,1
59081,2
59082,0
59083,1
59084,5
59085,0
59086,0
59087,0
59088,3
59089,2
59090,2
59091,0
59092,0
59093,4
59094,6
59095,0
59096,6
59097,0
59098,0
59099,2
59100,6
59101,1
59102,0
59103,5
59104,5
59105,2
59106,2
59107,2
59108,0
59109,6
59110,3
59111,0
59112,0
59113,4
59114,2
59115,3
59116,6
59117,2
59118,2
59119,2
59120,6
59121,4
59122,0
59123,2
59124,0
59125,2
59126,1
59127,0
59128,1
59129,2
59130,6
59131,2
59132,2
59133,0
59134,1
59135,2
59136,2
59137,6
59138,4
59139,2
59140,2
59141,2
59142,2
59143,2
59144,0
59145,2
59146,5
59147,0
59148,0
59149,4
59150,2
59151,6
59152,1
59153,0
59154,0
59155,6
59156,5
59157,4
59158,5
59159,2
59160,3
59161,2
59162,1
59163,0
59164,2
59165,2
59166,3
59167,2
59168,2
59169,0
59170,1
59171,5
59172,6
59173,1
59174,0
59175,2
59176,2
59177,2
59178,4
59179,2
59180,4
59181,2
59182,2
59183,2
59184,2
59185,0
59186,6
59187,4
59188,2
59189,0
59190,4
59191,2
59192,4
59193,0
59194,0
59195,0
59196,0
59197,2
59198,0
59199,2
59200,2
59201,0
59202,4
59203,6
59204,6
59205,0
59206,2
59207,0
59208,6
59209,2
59210,6
59211,1
59212,0
59213,0
59214,0
59215,2
59216,2
59217,2
59218,0
59219,2
59220,2
59221,0
59222,6
59223,3
59224,2
59225,3
59226,2
59227,1
59228,0
59229,4
59230,2
59231,2
59232,2
59233,2
59234,2
59235,0
59236,2
59237,2
59238,1
59239,6
59240,1
59241,2
59242,6
59243,6
59244,2
59245,3
59246,5
59247,0
59248,2
59249,4
59250,6
59251,0
59252,0
59253,2
59254,0
59255,2
59256,1
59257,4
59258,4
59259,0
59260,0
59261,0
59262,2
59263,6
59264,1
59265,1
59266,1
59267,6
59268,2
59269,0
59270,2
59271,0
59272,2
59273,2
59274,2
59275,2
59276,2
59277,6
59278,6
59279,6
59280,2
59281,0
59282,0
59283,0
59284,0
59285,2
59286,0
59287,4
59288,5
59289,0
59290,6
59291,0
59292,1
59293,2
59294,2
59295,2
59296,4
59297,0
59298,2
59299,5
59300,1
59301,2
59302,1
59303,0
59304,3
59305,2
59306,0
59307,3
59308,6
59309,3
59310,2
59311,0
59312,2
59313,2
59314,0
59315,2
59316,0
59317,2
59318,4
59319,2
59320,2
59321,1
59322,6
59323,2
59324,0
59325,0
59326,2
59327,0
59328,3
59329,6
59330,0
59331,0
59332,1
59333,2
59334,6
59335,0
59336,4
59337,4
59338,6
59339,0
59340,2
59341,2
59342,1
59343,2
59344,0
59345,4
59346,2
59347,5
59348,4
59349,5
59350,0
59351,2
59352,5
59353,2
59354,2
59355,6
59356,2
59357,0
59358,2
59359,6
59360,0
59361,3
59362,2
59363,6
59364,0
59365,2
59366,2
59367,1
59368,2
59369,3
59370,3
59371,0
59372,2
59373,2
59374,2
59375,2
59376,2
59377,6
59378,0
59379,2
59380,4
59381,2
59382,4
59383,6
59384,6
59385,2
59386,2
59387,6
59388,2
59389,0
59390,2
59391,2
59392,4
59393,0
59394,2
59395,0
59396,6
59397,6
59398,2
59399,0
59400,1
59401,4
59402,3
59403,5
59404,2
59405,3
59406,2
59407,6
59408,2
59409,2
59410,1
59411,6
59412,6
59413,2
59414,2
59415,3
59416,0
59417,6
59418,2
59419,2
59420,4
59421,2
59422,0
59423,4
59424,6
59425,0
59426,2
59427,2
59428,0
59429,2
59430,0
59431,5
59432,3
59433,2
59434,2
59435,0
59436,0
59437,2
59438,1
59439,2
59440,6
59441,2
59442,4
59443,2
59444,0
59445,2
59446,0
59447,2
59448,0
59449,2
59450,0
59451,6
59452,2
59453,2
59454,2
59455,0
59456,0
59457,2
59458,6
59459,6
59460,3
59461,0
59462,1
59463,2
59464,6
59465,6
59466,1
59467,0
59468,0
59469,2
59470,0
59471,2
59472,1
59473,2
59474,2
59475,6
59476,2
59477,0
59478,0
59479,2
59480,3
59481,0
59482,0
59483,5
59484,0
59485,2
59486,2
59487,2
59488,0
59489,2
59490,0
59491,0
59492,2
59493,5
59494,6
59495,2
59496,0
59497,0
59498,3
59499,1
59500,0
59501,4
59502,6
59503,4
59504,2
59505,2
59506,2
59507,2
59508,0
59509,6
59510,0
59511,0
59512,0
59513,6
59514,1
59515,0
59516,2
59517,1
59518,1
59519,2
59520,0
59521,6
59522,3
59523,2
59524,5
59525,6
59526,2
59527,2
59528,0
59529,0
59530,4
59531,2
59532,6
59533,3
59534,6
59535,6
59536,2
59537,2
59538,0
59539,0
59540,0
59541,0
59542,1
59543,3
59544,2
59545,4
59546,2
59547,4
59548,2
59549,0
59550,2
59551,4
59552,6
59553,2
59554,2
59555,1
59556,2
59557,1
59558,0
59559,5
59560,0
59561,0
59562,0
59563,2
59564,0
59565,0
59566,2
59567,0
59568,5
59569,4
59570,0
59571,2
59572,5
59573,4
59574,3
59575,2
59576,2
59577,4
59578,2
59579,2
59580,2
59581,2
59582,4
59583,5
59584,4
59585,0
59586,0
59587,0
59588,1
59589,6
59590,0
59591,0
59592,0
59593,2
59594,3
59595,0
59596,4
59597,2
59598,4
59599,2
59600,2
59601,6
59602,2
59603,2
59604,2
59605,2
59606,0
59607,2
59608,0
59609,2
59610,2
59611,4
59612,1
59613,2
59614,2
59615,0
59616,2
59617,1
59618,5
59619,2
59620,4
59621,6
59622,2
59623,2
59624,2
59625,1
59626,4
59627,6
59628,0
59629,2
59630,3
59631,3
59632,0
59633,1
59634,4
59635,4
59636,2
59637,6
59638,2
59639,2
59640,2
59641,2
59642,2
59643,0
59644,5
59645,0
59646,0
59647,2
59648,2
59649,2
59650,2
59651,0
59652,2
59653,2
59654,2
59655,2
59656,0
59657,0
59658,0
59659,6
59660,5
59661,4
59662,0
59663,1
59664,0
59665,6
59666,2
59667,0
59668,6
59669,3
59670,2
59671,6
59672,4
59673,2
59674,1
59675,6
59676,2
59677,4
59678,0
59679,2
59680,2
59681,4
59682,2
59683,2
59684,6
59685,5
59686,6
59687,3
59688,2
59689,2
59690,0
59691,2
59692,2
59693,0
59694,2
59695,2
59696,0
59697,2
59698,1
59699,4
59700,6
59701,1
59702,2
59703,4
59704,6
59705,2
59706,0
59707,2
59708,0
59709,0
59710,6
59711,0
59712,6
59713,0
59714,2
59715,2
59716,2
59717,0
59718,6
59719,2
59720,2
59721,2
59722,1
59723,6
59724,2
59725,2
59726,5
59727,1
59728,2
59729,0
59730,2
59731,5
59732,4
59733,2
59734,1
59735,6
59736,2
59737,6
59738,5
59739,2
59740,2
59741,6
59742,0
59743,6
59744,0
59745,2
59746,2
59747,6
59748,6
59749,1
59750,0
59751,6
59752,6
59753,6
59754,4
59755,2
59756,2
59757,6
59758,2
59759,2
59760,1
59761,2
59762,6
59763,4
59764,6
59765,2
59766,6
59767,2
59768,4
59769,2
59770,0
59771,2
59772,3
59773,3
59774,6
59775,0
59776,6
59777,2
59778,0
59779,4
59780,2
59781,6
59782,6
59783,2
59784,0
59785,2
59786,0
59787,2
59788,2
59789,0
59790,2
59791,3
59792,6
59793,0
59794,2
59795,0
59796,2
59797,0
59798,2
59799,4
59800,2
59801,2
59802,0
59803,2
59804,2
59805,4
59806,2
59807,2
59808,6
59809,2
59810,2
59811,6
59812,2
59813,2
59814,4
59815,0
59816,2
59817,5
59818,2
59819,2
59820,0
59821,0
59822,5
59823,0
59824,0
59825,2
59826,2
59827,2
59828,3
59829,2
59830,0
59831,6
59832,2
59833,6
59834,0
59835,0
59836,0
59837,0
59838,4
59839,2
59840,2
59841,2
59842,2
59843,6
59844,2
59845,4
59846,5
59847,0
59848,6
59849,6
59850,5
59851,2
59852,2
59853,0
59854,4
59855,2
59856,2
59857,4
59858,0
59859,0
59860,6
59861,6
59862,2
59863,2
59864,0
59865,0
59866,2
59867,2
59868,5
59869,1
59870,2
59871,2
59872,6
59873,0
59874,4
59875,5
59876,2
59877,2
59878,0
59879,3
59880,2
59881,4
59882,0
59883,2
59884,2
59885,2
59886,6
59887,2
59888,0
59889,4
59890,2
59891,2
59892,0
59893,2
59894,0
59895,1
59896,4
59897,6
59898,2
59899,6
59900,3
59901,4
59902,6
59903,2
59904,6
59905,0
59906,1
59907,0
59908,6
59909,0
59910,2
59911,0
59912,2
59913,2
59914,2
59915,0
59916,0
59917,0
59918,0
59919,0
59920,2
59921,2
59922,5
59923,0
59924,6
59925,0
59926,2
59927,2
59928,0
59929,2
59930,2
59931,4
59932,6
59933,3
59934,2
59935,3
59936,2
59937,6
59938,0
59939,1
59940,1
59941,3
59942,6
59943,0
59944,2
59945,4
59946,2
59947,2
59948,2
59949,0
59950,2
59951,2
59952,0
59953,2
59954,1
59955,6
59956,2
59957,2
59958,2
59959,1
59960,2
59961,0
59962,2
59963,4
59964,2
59965,0
59966,4
59967,3
59968,6
59969,5
59970,4
59971,2
59972,0
59973,2
59974,3
59975,3
59976,6
59977,6
59978,0
59979,1
59980,0
59981,0
59982,2
59983,2
59984,2
59985,6
59986,1
59987,2
59988,2
59989,6
59990,6
59991,0
59992,2
59993,0
59994,2
59995,2
59996,2
59997,0
59998,6
59999,0
60000,2
60001,1
60002,6
60003,2
60004,6
60005,0
60006,4
60007,5
60008,4
60009,2
60010,6
60011,6
60012,6
60013,0
60014,0
60015,0
60016,4
60017,0
60018,2
60019,6
60020,6
60021,4
60022,4
60023,0
60024,6
60025,3
60026,2
60027,2
60028,1
60029,2
60030,5
60031,2
60032,2
60033,6
60034,6
60035,2
60036,3
60037,2
60038,4
60039,4
60040,2
60041,5
60042,0
60043,4
60044,0
60045,4
60046,2
60047,0
60048,6
60049,3
60050,2
60051,4
60052,2
60053,0
60054,2
60055,0
60056,6
60057,1
60058,1
60059,2
60060,6
60061,6
60062,2
60063,6
60064,2
60065,6
60066,0
60067,2
60068,6
60069,0
60070,6
60071,2
60072,6
60073,2
60074,4
60075,5
60076,0
60077,0
60078,4
60079,1
60080,5
60081,2
60082,2
60083,5
60084,2
60085,6
60086,6
60087,3
60088,1
60089,2
60090,2
60091,2
60092,0
60093,4
60094,5
60095,4
60096,0
60097,2
60098,0
60099,6
60100,2
60101,2
60102,6
60103,0
60104,2
60105,6
60106,2
60107,0
60108,0
60109,0
60110,2
60111,0
60112,1
60113,5
60114,5
60115,2
60116,2
60117,4
60118,2
60119,2
60120,1
60121,5
60122,6
60123,2
60124,0
60125,4
60126,1
60127,2
60128,2
60129,2
60130,5
60131,0
60132,2
60133,6
60134,2
60135,2
60136,5
60137,2
60138,6
60139,6
60140,2
60141,4
60142,0
60143,1
60144,4
60145,4
60146,2
60147,2
60148,0
60149,4
60150,2
60151,0
60152,4
60153,0
60154,0
60155,0
60156,2
60157,2
60158,2
60159,6
60160,4
60161,2
60162,2
60163,6
60164,4
60165,3
60166,2
60167,2
60168,1
60169,2
60170,2
60171,6
60172,6
60173,1
60174,1
60175,6
60176,1
60177,1
60178,2
60179,2
60180,1
60181,2
60182,4
60183,3
60184,2
60185,0
60186,4
60187,0
60188,6
60189,6
60190,0
60191,2
60192,2
60193,2
60194,2
60195,6
60196,1
60197,0
60198,2
60199,6
60200,0
60201,5
60202,2
60203,2
60204,0
60205,2
60206,0
60207,2
60208,6
60209,6
60210,4
60211,0
60212,3
60213,0
60214,0
60215,3
60216,2
60217,4
60218,2
60219,0
60220,0
60221,2
60222,4
60223,2
60224,2
60225,2
60226,2
60227,3
60228,6
60229,0
60230,0
60231,6
60232,0
60233,2
60234,2
60235,2
60236,2
60237,6
60238,6
60239,2
60240,2
60241,1
60242,2
60243,0
60244,2
60245,2
60246,3
60247,2
60248,1
60249,5
60250,0
60251,6
60252,2
60253,2
60254,2
60255,2
60256,6
60257,3
60258,4
60259,3
60260,3
60261,2
60262,1
60263,2
60264,4
60265,5
60266,2
60267,0
60268,2
60269,2
60270,3
60271,1
60272,5
60273,1
60274,5
60275,0
60276,5
60277,2
60278,2
60279,1
60280,2
60281,2
60282,6
60283,4
60284,1
60285,0
60286,6
60287,6
60288,2
60289,1
60290,2
60291,5
60292,1
60293,0
60294,6
60295,2
60296,1
60297,2
60298,0
60299,0
60300,4
60301,0
60302,0
60303,2
60304,0
60305,0
60306,4
60307,0
60308,2
60309,2
60310,4
60311,0
60312,2
60313,6
60314,4
60315,2
60316,2
60317,2
60318,2
60319,2
60320,0
60321,2
60322,2
60323,4
60324,5
60325,1
60326,0
60327,6
60328,2
60329,4
60330,2
60331,1
60332,1
60333,0
60334,2
60335,4
60336,4
60337,6
60338,2
60339,0
60340,0
60341,0
60342,2
60343,0
60344,6
60345,2
60346,2
60347,4
60348,2
60349,2
60350,2
60351,2
60352,4
60353,2
60354,4
60355,2
60356,1
60357,2
60358,1
60359,2
60360,4
60361,2
60362,2
60363,4
60364,0
60365,0
60366,6
60367,0
60368,0
60369,2
60370,0
60371,6
60372,0
60373,0
60374,0
60375,2
60376,3
60377,6
60378,4
60379,3
60380,2
60381,4
60382,2
60383,2
60384,4
60385,2
60386,0
60387,5
60388,2
60389,2
60390,6
60391,3
60392,0
60393,6
60394,0
60395,4
60396,2
60397,1
60398,2
60399,6
60400,0
60401,6
60402,4
60403,3
60404,6
60405,4
60406,2
60407,5
60408,6
60409,0
60410,2
60411,3
60412,0
60413,5
60414,0
60415,4
60416,2
60417,6
60418,1
60419,6
60420,0
60421,6
60422,6
60423,0
60424,2
60425,5
60426,0
60427,5
60428,4
60429,2
60430,2
60431,4
60432,0
60433,2
60434,2
60435,2
60436,3
60437,4
60438,0
60439,2
60440,2
60441,6
60442,0
60443,2
60444,2
60445,2
60446,6
60447,6
60448,2
60449,2
60450,1
60451,2
60452,2
60453,1
60454,2
60455,2
60456,6
60457,3
60458,6
60459,5
60460,0
60461,6
60462,2
60463,0
60464,2
60465,2
60466,6
60467,5
60468,2
60469,6
60470,0
60471,0
60472,1
60473,0
60474,0
60475,5
60476,2
60477,0
60478,0
60479,1
60480,6
60481,0
60482,4
60483,6
60484,6
60485,2
60486,0
60487,2
60488,5
60489,2
60490,6
60491,1
60492,3
60493,0
60494,2
60495,1
60496,2
60497,2
60498,5
60499,3
60500,5
60501,2
60502,2
60503,2
60504,6
60505,1
60506,0
60507,0
60508,0
60509,6
60510,1
60511,2
60512,2
60513,6
60514,2
60515,2
60516,0
60517,6
60518,6
60519,5
60520,4
60521,2
60522,2
60523,2
60524,3
60525,2
60526,2
60527,2
60528,6
60529,2
60530,1
60531,2
60532,0
60533,2
60534,4
60535,6
60536,2
60537,1
60538,3
60539,0
60540,2
60541,0
60542,1
60543,0
60544,0
60545,2
60546,6
60547,4
60548,5
60549,1
60550,1
60551,1
60552,1
60553,0
60554,0
60555,1
60556,2
60557,0
60558,2
60559,2
60560,6
60561,0
60562,0
60563,2
60564,0
60565,4
60566,2
60567,2
60568,0
60569,0
60570,2
60571,0
60572,0
60573,2
60574,2
60575,5
60576,5
60577,1
60578,0
60579,6
60580,2
60581,2
60582,0
60583,5
60584,2
60585,1
60586,2
60587,0
60588,6
60589,4
60590,0
60591,0
60592,2
60593,6
60594,5
60595,2
60596,2
60597,0
60598,5
60599,2
60600,2
60601,4
60602,0
60603,2
60604,6
60605,6
60606,2
60607,0
60608,4
60609,2
60610,2
60611,2
60612,0
60613,2
60614,2
60615,0
60616,1
60617,2
60618,0
60619,5
60620,5
60621,0
60622,6
60623,0
60624,2
60625,4
60626,4
60627,3
60628,2
60629,3
60630,5
60631,2
60632,0
60633,3
60634,2
60635,3
60636,6
60637,0
60638,0
60639,4
60640,4
60641,6
60642,2
60643,2
60644,2
60645,2
60646,5
60647,2
60648,2
60649,3
60650,0
60651,0
60652,0
60653,0
60654,0
60655,3
60656,2
60657,0
60658,4
60659,0
60660,2
60661,5
60662,2
60663,1
60664,2
60665,2
60666,0
60667,2
60668,0
60669,0
60670,2
60671,2
60672,2
60673,4
60674,0
60675,2
60676,0
60677,2
60678,2
60679,0
60680,4
60681,6
60682,0
60683,0
60684,5
60685,0
60686,4
60687,4
60688,2
60689,2
60690,3
60691,3
60692,0
60693,2
60694,6
60695,3
60696,0
60697,2
60698,0
60699,2
60700,6
60701,0
60702,2
60703,0
60704,0
60705,0
60706,2
60707,2
60708,2
60709,0
60710,2
60711,2
60712,2
60713,0
60714,6
60715,1
60716,4
60717,3
60718,2
60719,2
60720,2
60721,2
60722,2
60723,6
60724,2
60725,2
60726,2
60727,6
60728,2
60729,2
60730,0
60731,1
60732,0
60733,2
60734,0
60735,4
60736,0
60737,0
60738,2
60739,2
60740,2
60741,6
60742,1
60743,0
60744,2
60745,6
60746,2
60747,4
60748,4
60749,2
60750,2
60751,4
60752,2
60753,0
60754,0
60755,2
60756,2
60757,4
60758,2
60759,2
60760,0
60761,2
60762,6
60763,0
60764,2
60765,4
60766,0
60767,4
60768,2
60769,6
60770,2
60771,1
60772,2
60773,2
60774,6
60775,2
60776,2
60777,0
60778,2
60779,4
60780,2
60781,1
60782,1
60783,0
60784,5
60785,2
60786,6
60787,1
60788,0
60789,2
60790,0
60791,0
60792,0
60793,2
60794,6
60795,4
60796,2
60797,6
60798,2
60799,6
60800,1
60801,2
60802,1
60803,0
60804,5
60805,0
60806,4
60807,2
60808,0
60809,2
60810,2
60811,6
60812,6
60813,6
60814,2
60815,6
60816,1
60817,2
60818,3
60819,0
60820,0
60821,1
60822,1
60823,2
60824,0
60825,3
60826,4
60827,4
60828,0
60829,2
60830,4
60831,2
60832,2
60833,0
60834,5
60835,0
60836,0
60837,0
60838,5
60839,2
60840,2
60841,2
60842,6
60843,5
60844,6
60845,6
60846,3
60847,0
60848,0
60849,0
60850,6
60851,6
60852,2
60853,2
60854,2
60855,4
60856,0
60857,1
60858,0
60859,2
60860,2
60861,4
60862,6
60863,1
60864,2
60865,0
60866,2
60867,2
60868,0
60869,2
60870,1
60871,2
60872,2
60873,6
60874,2
60875,0
60876,1
60877,6
60878,0
60879,2
60880,2
60881,4
60882,1
60883,3
60884,4
60885,0
60886,2
60887,1
60888,2
60889,6
60890,2
60891,2
60892,2
60893,0
60894,2
60895,2
60896,2
60897,0
60898,2
60899,0
60900,2
60901,2
60902,0
60903,6
60904,0
60905,6
60906,3
60907,0
60908,0
60909,2
60910,2
60911,2
60912,0
60913,0
60914,1
60915,2
60916,2
60917,0
60918,2
60919,2
60920,2
60921,4
60922,2
60923,5
60924,0
60925,0
60926,2
60927,6
60928,6
60929,5
60930,0
60931,2
60932,2
60933,2
60934,2
60935,0
60936,2
60937,2
60938,6
60939,1
60940,6
60941,0
60942,0
60943,4
60944,4
60945,0
60946,4
60947,0
60948,5
60949,0
60950,2
60951,2
60952,6
60953,2
60954,2
60955,5
60956,2
60957,1
60958,2
60959,2
60960,6
60961,0
60962,6
60963,2
60964,6
60965,2
60966,3
60967,1
60968,0
60969,3
60970,1
60971,0
60972,4
60973,4
60974,5
60975,2
60976,3
60977,5
60978,2
60979,2
60980,2
60981,2
60982,5
60983,6
60984,1
60985,0
60986,5
60987,6
60988,6
60989,4
60990,3
60991,0
60992,2
60993,4
60994,0
60995,5
60996,2
60997,1
60998,6
60999,6
61000,2
61001,2
61002,2
61003,6
61004,6
61005,0
61006,2
61007,5
61008,0
61009,0
61010,3
61011,4
61012,0
61013,1
61014,2
61015,1
61016,6
61017,0
61018,4
61019,0
61020,6
61021,2
61022,1
61023,2
61024,6
61025,6
61026,2
61027,1
61028,2
61029,2
61030,5
61031,0
61032,0
61033,2
61034,4
61035,0
61036,2
61037,0
61038,6
61039,2
61040,6
61041,2
61042,2
61043,0
61044,2
61045,0
61046,1
61047,0
61048,0
61049,2
61050,5
61051,2
61052,3
61053,6
61054,0
61055,2
61056,0
61057,2
61058,6
61059,0
61060,6
61061,2
61062,0
61063,1
61064,2
61065,1
61066,2
61067,4
61068,2
61069,0
61070,4
61071,2
61072,2
61073,0
61074,6
61075,0
61076,0
61077,0
61078,2
61079,0
61080,0
61081,3
61082,2
61083,6
61084,2
61085,2
61086,0
61087,2
61088,6
61089,1
61090,4
61091,2
61092,2
61093,2
61094,2
61095,3
61096,0
61097,0
61098,2
61099,2
61100,0
61101,0
61102,0
61103,2
61104,2
61105,4
61106,0
61107,2
61108,0
61109,2
61110,0
61111,4
61112,2
61113,0
61114,6
61115,2
61116,0
61117,2
61118,4
61119,0
61120,3
61121,2
61122,1
61123,1
61124,6
61125,4
61126,6
61127,0
61128,4
61129,0
61130,0
61131,4
61132,1
61133,2
61134,2
61135,6
61136,5
61137,3
61138,6
61139,2
61140,2
61141,0
61142,1
61143,2
61144,0
61145,2
61146,1
61147,2
61148,2
61149,6
61150,0
61151,4
61152,0
61153,4
61154,6
61155,2
61156,0
61157,0
61158,2
61159,0
61160,2
61161,2
61162,2
61163,0
61164,2
61165,4
61166,4
61167,0
61168,2
61169,2
61170,2
61171,1
61172,6
61173,6
61174,2
61175,3
61176,2
61177,6
61178,0
61179,1
61180,3
61181,2
61182,2
61183,4
61184,1
61185,2
61186,0
61187,6
61188,4
61189,2
61190,2
61191,6
61192,6
61193,1
61194,6
61195,5
61196,4
61197,0
61198,0
61199,4
61200,5
61201,2
61202,4
61203,2
61204,5
61205,0
61206,0
61207,6
61208,4
61209,0
61210,2
61211,2
61212,3
61213,4
61214,6
61215,2
61216,2
61217,3
61218,0
61219,0
61220,0
61221,2
61222,2
61223,2
61224,2
61225,3
61226,2
61227,0
61228,2
61229,0
61230,2
61231,2
61232,6
61233,2
61234,2
61235,1
61236,2
61237,2
61238,4
61239,1
61240,2
61241,6
61242,2
61243,2
61244,0
61245,0
61246,2
61247,0
61248,0
61249,0
61250,2
61251,6
61252,4
61253,1
61254,0
61255,2
61256,2
61257,4
61258,2
61259,0
61260,0
61261,2
61262,5
61263,2
61264,6
61265,2
61266,2
61267,2
61268,5
61269,2
61270,0
61271,6
61272,0
61273,4
61274,0
61275,2
61276,2
61277,0
61278,2
61279,2
61280,6
61281,3
61282,6
61283,2
61284,4
61285,2
61286,2
61287,0
61288,2
61289,2
61290,4
61291,1
61292,0
61293,2
61294,3
61295,2
61296,0
61297,0
61298,0
61299,4
61300,5
61301,0
61302,1
61303,0
61304,0
61305,2
61306,0
61307,4
61308,2
61309,0
61310,0
61311,0
61312,0
61313,0
61314,2
61315,0
61316,2
61317,0
61318,0
61319,2
61320,0
61321,0
61322,6
61323,2
61324,0
61325,0
61326,2
61327,6
61328,2
61329,2
61330,0
61331,2
61332,2
61333,5
61334,6
61335,2
61336,0
61337,6
61338,6
61339,2
61340,2
61341,6
61342,2
61343,6
61344,4
61345,2
61346,5
61347,2
61348,0
61349,2
61350,1
61351,2
61352,2
61353,2
61354,0
61355,6
61356,6
61357,2
61358,0
61359,5
61360,0
61361,2
61362,4
61363,2
61364,5
61365,3
61366,5
61367,0
61368,0
61369,2
61370,0
61371,2
61372,3
61373,5
61374,0
61375,6
61376,0
61377,4
61378,2
61379,6
61380,6
61381,6
61382,0
61383,6
61384,5
61385,5
61386,2
61387,1
61388,2
61389,2
61390,0
61391,0
61392,4
61393,2
61394,2
61395,2
61396,2
61397,2
61398,2
61399,2
61400,5
61401,2
61402,2
61403,6
61404,2
61405,3
61406,6
61407,2
61408,2
61409,2
61410,0
61411,5
61412,5
61413,2
61414,0
61415,0
61416,2
61417,0
61418,0
61419,1
61420,6
61421,6
61422,4
61423,6
61424,3
61425,2
61426,1
61427,0
61428,0
61429,6
61430,6
61431,2
61432,2
61433,0
61434,0
61435,2
61436,1
61437,2
61438,2
61439,4
61440,6
61441,0
61442,4
61443,2
61444,6
61445,0
61446,0
61447,4
61448,4
61449,0
61450,6
61451,2
61452,6
61453,3
61454,2
61455,6
61456,0
61457,0
61458,2
61459,6
61460,2
61461,6
61462,2
61463,0
61464,2
61465,0
61466,0
61467,6
61468,2
61469,0
61470,1
61471,0
61472,5
61473,0
61474,0
61475,6
61476,6
61477,6
61478,2
61479,2
61480,6
61481,0
61482,2
61483,0
61484,3
61485,2
61486,2
61487,4
61488,0
61489,2
61490,2
61491,2
61492,4
61493,2
61494,6
61495,0
61496,0
61497,6
61498,5
61499,5
61500,6
61501,0
61502,6
61503,0
61504,2
61505,2
61506,0
61507,2
61508,4
61509,2
61510,2
61511,2
61512,4
61513,2
61514,2
61515,3
61516,1
61517,2
61518,0
61519,2
61520,2
61521,2
61522,6
61523,2
61524,1
61525,0
61526,0
61527,2
61528,0
61529,5
61530,6
61531,0
61532,3
61533,0
61534,6
61535,2
61536,0
61537,2
61538,6
61539,6
61540,0
61541,0
61542,2
61543,2
61544,1
61545,6
61546,2
61547,2
61548,4
61549,6
61550,0
61551,6
61552,0
61553,0
61554,0
61555,0
61556,6
61557,1
61558,0
61559,2
61560,0
61561,2
61562,2
61563,6
61564,1
61565,6
61566,6
61567,5
61568,1
61569,2
61570,5
61571,2
61572,2
61573,6
61574,1
61575,6
61576,0
61577,2
61578,0
61579,2
61580,2
61581,2
61582,2
61583,0
61584,0
61585,2
61586,2
61587,2
61588,2
61589,4
61590,6
61591,2
61592,5
61593,6
61594,0
61595,2
61596,2
61597,5
61598,2
61599,0
61600,2
61601,2
61602,2
61603,0
61604,2
61605,0
61606,0
61607,0
61608,2
61609,1
61610,2
61611,1
61612,0
61613,2
61614,6
61615,2
61616,2
61617,2
61618,6
61619,2
61620,5
61621,2
61622,6
61623,2
61624,0
61625,0
61626,0
61627,1
61628,0
61629,5
61630,0
61631,2
61632,2
61633,6
61634,2
61635,4
61636,6
61637,2
61638,0
61639,2
61640,0
61641,4
61642,0
61643,2
61644,2
61645,2
61646,6
61647,2
61648,2
61649,6
61650,2
61651,2
61652,3
61653,4
61654,0
61655,5
61656,2
61657,6
61658,2
61659,2
61660,4
61661,2
61662,2
61663,0
61664,0
61665,2
61666,3
61667,2
61668,0
61669,2
61670,1
61671,2
61672,2
61673,2
61674,2
61675,2
61676,2
61677,6
61678,2
61679,2
61680,1
61681,2
61682,0
61683,0
61684,3
61685,2
61686,6
61687,2
61688,1
61689,0
61690,2
61691,2
61692,0
61693,6
61694,0
61695,1
61696,4
61697,5
61698,2
61699,0
61700,0
61701,4
61702,2
61703,0
61704,0
61705,1
61706,6
61707,0
61708,0
61709,4
61710,5
61711,2
61712,2
61713,2
61714,2
61715,6
61716,2
61717,3
61718,6
61719,0
61720,3
61721,0
61722,0
61723,0
61724,4
61725,0
61726,4
61727,4
61728,0
61729,6
61730,2
61731,2
61732,2
61733,0
61734,0
61735,6
61736,2
61737,2
61738,0
61739,0
61740,2
61741,0
61742,3
61743,1
61744,4
61745,2
61746,0
61747,1
61748,2
61749,3
61750,2
61751,6
61752,0
61753,1
61754,2
61755,2
61756,5
61757,0
61758,2
61759,2
61760,2
61761,0
61762,2
61763,6
61764,0
61765,0
61766,0
61767,6
61768,1
61769,2
61770,0
61771,2
61772,4
61773,0
61774,2
61775,2
61776,0
61777,2
61778,6
61779,0
61780,6
61781,0
61782,0
61783,0
61784,4
61785,2
61786,2
61787,2
61788,3
61789,0
61790,2
61791,0
61792,2
61793,2
61794,2
61795,6
61796,2
61797,0
61798,0
61799,6
61800,6
61801,2
61802,3
61803,1
61804,2
61805,4
61806,6
61807,0
61808,0
61809,2
61810,4
61811,2
61812,6
61813,0
61814,0
61815,3
61816,0
61817,2
61818,0
61819,3
61820,0
61821,4
61822,0
61823,2
61824,0
61825,2
61826,6
61827,0
61828,4
61829,2
61830,2
61831,0
61832,2
61833,0
61834,0
61835,0
61836,0
61837,2
61838,4
61839,2
61840,2
61841,2
61842,0
61843,4
61844,5
61845,0
61846,0
61847,0
61848,2
61849,2
61850,6
61851,0
61852,0
61853,0
61854,2
61855,0
61856,4
61857,2
61858,3
61859,2
61860,2
61861,2
61862,2
61863,0
61864,6
61865,2
61866,0
61867,0
61868,6
61869,1
61870,0
61871,5
61872,0
61873,0
61874,2
61875,0
61876,1
61877,6
61878,0
61879,0
61880,2
61881,0
61882,0
61883,3
61884,4
61885,0
61886,0
61887,0
61888,2
61889,2
61890,4
61891,6
61892,2
61893,3
61894,0
61895,2
61896,5
61897,2
61898,0
61899,0
61900,0
61901,0
61902,1
61903,0
61904,6
61905,2
61906,2
61907,2
61908,0
61909,2
61910,2
61911,2
61912,2
61913,0
61914,5
61915,0
61916,2
61917,6
61918,6
61919,1
61920,2
61921,2
61922,2
61923,2
61924,5
61925,2
61926,2
61927,2
61928,0
61929,6
61930,2
61931,0
61932,2
61933,0
61934,2
61935,2
61936,2
61937,1
61938,0
61939,2
61940,1
61941,2
61942,2
61943,2
61944,2
61945,1
61946,2
61947,6
61948,2
61949,2
61950,2
61951,4
61952,2
61953,0
61954,0
61955,2
61956,2
61957,4
61958,1
61959,6
61960,1
61961,5
61962,5
61963,6
61964,6
61965,5
61966,2
61967,2
61968,2
61969,0
61970,0
61971,2
61972,4
61973,1
61974,6
61975,0
61976,6
61977,5
61978,4
61979,0
61980,2
61981,2
61982,2
61983,4
61984,2
61985,2
61986,2
61987,0
61988,0
61989,3
61990,2
61991,6
61992,2
61993,6
61994,2
61995,4
61996,2
61997,6
61998,6
61999,2
62000,4
62001,2
62002,4
62003,6
62004,6
62005,2
62006,2
62007,2
62008,0
62009,2
62010,6
62011,2
62012,4
62013,2
62014,4
62015,4
62016,4
62017,1
62018,0
62019,5
62020,0
62021,0
62022,6
62023,2
62024,1
62025,6
62026,6
62027,2
62028,4
62029,0
62030,2
62031,0
62032,2
62033,2
62034,5
62035,0
62036,2
62037,0
62038,2
62039,0
62040,2
62041,0
62042,0
62043,0
62044,4
62045,2
62046,5
62047,3
62048,2
62049,2
62050,0
62051,2
62052,2
62053,2
62054,6
62055,6
62056,2
62057,1
62058,2
62059,2
62060,2
62061,0
62062,1
62063,2
62064,6
62065,2
62066,3
62067,2
62068,2
62069,2
62070,2
62071,0
62072,1
62073,0
62074,2
62075,4
62076,0
62077,6
62078,0
62079,0
62080,2
62081,1
62082,4
62083,2
62084,6
62085,6
62086,6
62087,2
62088,0
62089,0
62090,2
62091,1
62092,3
62093,1
62094,2
62095,0
62096,5
62097,1
62098,0
62099,2
62100,4
62101,2
62102,6
62103,0
62104,0
62105,2
62106,0
62107,2
62108,0
62109,2
62110,6
62111,0
62112,5
62113,3
62114,6
62115,0
62116,6
62117,3
62118,6
62119,0
62120,0
62121,0
62122,0
62123,0
62124,5
62125,6
62126,2
62127,1
62128,0
62129,2
62130,2
62131,0
62132,0
62133,3
62134,2
62135,4
62136,3
62137,2
62138,2
62139,1
62140,4
62141,6
62142,0
62143,4
62144,6
62145,0
62146,2
62147,0
62148,3
62149,4
62150,0
62151,2
62152,2
62153,2
62154,6
62155,2
62156,3
62157,0
62158,6
62159,2
62160,6
62161,2
62162,0
62163,0
62164,6
62165,2
62166,0
62167,2
62168,0
62169,0
62170,4
62171,2
62172,2
62173,5
62174,6
62175,5
62176,2
62177,6
62178,3
62179,2
62180,2
62181,3
62182,6
62183,4
62184,0
62185,2
62186,0
62187,1
62188,2
62189,6
62190,2
62191,1
62192,6
62193,2
62194,0
62195,6
62196,0
62197,0
62198,3
62199,2
62200,0
62201,2
62202,2
62203,2
62204,1
62205,0
62206,0
62207,4
62208,4
62209,2
62210,3
62211,2
62212,4
62213,0
62214,6
62215,0
62216,1
62217,6
62218,2
62219,4
62220,2
62221,2
62222,1
62223,2
62224,2
62225,0
62226,0
62227,2
62228,2
62229,0
62230,0
62231,2
62232,0
62233,2
62234,0
62235,1
62236,2
62237,2
62238,6
62239,0
62240,0
62241,2
62242,1
62243,6
62244,1
62245,4
62246,2
62247,0
62248,0
62249,2
62250,4
62251,2
62252,2
62253,2
62254,2
62255,6
62256,5
62257,0
62258,6
62259,6
62260,6
62261,2
62262,1
62263,0
62264,0
62265,3
62266,3
62267,0
62268,2
62269,0
62270,2
62271,1
62272,5
62273,0
62274,0
62275,1
62276,5
62277,1
62278,0
62279,2
62280,0
62281,4
62282,2
62283,1
62284,2
62285,2
62286,0
62287,2
62288,0
62289,4
62290,4
62291,2
62292,0
62293,0
62294,6
62295,6
62296,6
62297,6
62298,1
62299,2
62300,2
62301,4
62302,0
62303,0
62304,6
62305,2
62306,2
62307,2
62308,0
62309,6
62310,5
62311,2
62312,2
62313,2
62314,3
62315,5
62316,4
62317,6
62318,0
62319,2
62320,2
62321,2
62322,6
62323,4
62324,6
62325,2
62326,6
62327,1
62328,0
62329,0
62330,6
62331,2
62332,6
62333,0
62334,0
62335,0
62336,2
62337,4
62338,6
62339,4
62340,0
62341,6
62342,6
62343,6
62344,6
62345,2
62346,0
62347,0
62348,2
62349,2
62350,2
62351,1
62352,2
62353,0
62354,4
62355,2
62356,2
62357,2
62358,0
62359,4
62360,4
62361,2
62362,0
62363,2
62364,2
62365,2
62366,2
62367,2
62368,2
62369,0
62370,2
62371,6
62372,0
62373,2
62374,0
62375,2
62376,0
62377,2
62378,2
62379,2
62380,2
62381,6
62382,6
62383,0
62384,0
62385,6
62386,0
62387,2
62388,6
62389,2
62390,2
62391,2
62392,0
62393,4
62394,2
62395,2
62396,2
62397,6
62398,4
62399,0
62400,6
62401,0
62402,3
62403,0
62404,0
62405,1
62406,3
62407,2
62408,1
62409,1
62410,4
62411,3
62412,0
62413,3
62414,2
62415,2
62416,0
62417,0
62418,4
62419,0
62420,2
62421,0
62422,0
62423,2
62424,3
62425,0
62426,0
62427,3
62428,0
62429,1
62430,0
62431,2
62432,4
62433,2
62434,0
62435,2
62436,2
62437,2
62438,5
62439,1
62440,2
62441,6
62442,4
62443,4
62444,2
62445,6
62446,2
62447,3
62448,2
62449,0
62450,5
62451,0
62452,2
62453,2
62454,4
62455,2
62456,2
62457,0
62458,4
62459,2
62460,6
62461,2
62462,2
62463,0
62464,2
62465,4
62466,0
62467,6
62468,6
62469,3
62470,6
62471,6
62472,2
62473,2
62474,3
62475,2
62476,6
62477,4
62478,0
62479,1
62480,6
62481,5
62482,6
62483,0
62484,2
62485,6
62486,6
62487,1
62488,6
62489,5
62490,1
62491,2
62492,2
62493,4
62494,0
62495,0
62496,5
62497,0
62498,2
62499,2
62500,0
62501,6
62502,0
62503,0
62504,0
62505,0
62506,2
62507,2
62508,6
62509,0
62510,0
62511,0
62512,2
62513,6
62514,0
62515,4
62516,2
62517,2
62518,6
62519,2
62520,2
62521,5
62522,2
62523,6
62524,2
62525,0
62526,2
62527,2
62528,6
62529,5
62530,2
62531,2
62532,4
62533,4
62534,2
62535,4
62536,6
62537,2
62538,0
62539,2
62540,0
62541,2
62542,4
62543,2
62544,6
62545,5
62546,6
62547,4
62548,0
62549,0
62550,0
62551,2
62552,2
62553,2
62554,4
62555,2
62556,4
62557,4
62558,2
62559,4
62560,2
62561,0
62562,6
62563,2
62564,0
62565,1
62566,2
62567,0
62568,2
62569,0
62570,2
62571,2
62572,0
62573,0
62574,0
62575,2
62576,2
62577,0
62578,0
62579,2
62580,6
62581,2
62582,0
62583,0
62584,2
62585,0
62586,6
62587,4
62588,2
62589,4
62590,1
62591,0
62592,1
62593,2
62594,6
62595,1
62596,6
62597,0
62598,4
62599,2
62600,0
62601,0
62602,0
62603,4
62604,2
62605,4
62606,6
62607,4
62608,1
62609,2
62610,2
62611,2
62612,6
62613,2
62614,6
62615,6
62616,2
62617,4
62618,2
62619,4
62620,1
62621,0
62622,4
62623,1
62624,2
62625,0
62626,6
62627,2
62628,6
62629,0
62630,2
62631,0
62632,0
62633,0
62634,0
62635,2
62636,2
62637,2
62638,6
62639,2
62640,2
62641,0
62642,2
62643,1
62644,2
62645,6
62646,2
62647,1
62648,0
62649,2
62650,1
62651,0
62652,0
62653,2
62654,0
62655,6
62656,1
62657,0
62658,0
62659,2
62660,1
62661,4
62662,0
62663,0
62664,3
62665,2
62666,2
62667,2
62668,0
62669,4
62670,2
62671,0
62672,6
62673,0
62674,2
62675,2
62676,2
62677,6
62678,2
62679,2
62680,2
62681,3
62682,2
62683,6
62684,6
62685,4
62686,0
62687,6
62688,1
62689,5
62690,0
62691,5
62692,1
62693,0
62694,0
62695,3
62696,2
62697,0
62698,0
62699,0
62700,5
62701,6
62702,5
62703,2
62704,4
62705,2
62706,4
62707,2
62708,2
62709,2
62710,6
62711,4
62712,2
62713,4
62714,0
62715,0
62716,0
62717,2
62718,2
62719,1
62720,0
62721,0
62722,2
62723,2
62724,2
62725,2
62726,2
62727,2
62728,6
62729,0
62730,2
62731,6
62732,1
62733,6
62734,6
62735,3
62736,4
62737,0
62738,2
62739,1
62740,1
62741,2
62742,2
62743,2
62744,0
62745,2
62746,0
62747,0
62748,3
62749,4
62750,1
62751,0
62752,3
62753,4
62754,2
62755,5
62756,6
62757,0
62758,2
62759,2
62760,2
62761,0
62762,1
62763,4
62764,0
62765,0
62766,2
62767,3
62768,2
62769,0
62770,0
62771,0
62772,3
62773,2
62774,5
62775,2
62776,1
62777,2
62778,6
62779,6
62780,6
62781,6
62782,2
62783,2
62784,2
62785,2
62786,6
62787,1
62788,0
62789,0
62790,4
62791,2
62792,0
62793,6
62794,3
62795,2
62796,2
62797,2
62798,0
62799,2
62800,6
62801,2
62802,0
62803,6
62804,2
62805,2
62806,6
62807,4
62808,2
62809,4
62810,2
62811,0
62812,2
62813,2
62814,1
62815,0
62816,2
62817,2
62818,0
62819,2
62820,3
62821,1
62822,0
62823,6
62824,6
62825,4
62826,6
62827,6
62828,4
62829,2
62830,2
62831,2
62832,4
62833,6
62834,1
62835,2
62836,0
62837,1
62838,6
62839,0
62840,6
62841,0
62842,2
62843,0
62844,2
62845,0
62846,2
62847,2
62848,0
62849,0
62850,3
62851,0
62852,2
62853,2
62854,4
62855,2
62856,6
62857,6
62858,6
62859,4
62860,6
62861,0
62862,2
62863,2
62864,0
62865,3
62866,2
62867,4
62868,2
62869,6
62870,1
62871,0
62872,4
62873,1
62874,4
62875,4
62876,0
62877,0
62878,6
62879,1
62880,6
62881,0
62882,0
62883,2
62884,2
62885,1
62886,2
62887,0
62888,0
62889,0
62890,2
62891,6
62892,0
62893,0
62894,4
62895,2
62896,4
62897,1
62898,0
62899,0
62900,0
62901,2
62902,0
62903,0
62904,6
62905,2
62906,2
62907,2
62908,2
62909,2
62910,6
62911,0
62912,5
62913,6
62914,1
62915,2
62916,6
62917,3
62918,2
62919,0
62920,6
62921,2
62922,5
62923,0
62924,0
62925,4
62926,3
62927,4
62928,2
62929,2
62930,2
62931,4
62932,2
62933,0
62934,2
62935,2
62936,1
62937,0
62938,2
62939,2
62940,0
62941,2
62942,0
62943,0
62944,4
62945,4
62946,2
62947,5
62948,2
62949,0
62950,6
62951,5
62952,2
62953,2
62954,5
62955,0
62956,5
62957,1
62958,2
62959,1
62960,6
62961,4
62962,2
62963,2
62964,6
62965,2
62966,0
62967,2
62968,0
62969,5
62970,2
62971,2
62972,2
62973,0
62974,6
62975,5
62976,0
62977,2
62978,0
62979,2
62980,2
62981,4
62982,2
62983,2
62984,2
62985,2
62986,2
62987,2
62988,5
62989,6
62990,0
62991,0
62992,2
62993,2
62994,2
62995,6
62996,6
62997,2
62998,2
62999,0
63000,1
63001,2
63002,0
63003,1
63004,0
63005,2
63006,6
63007,3
63008,4
63009,2
63010,0
63011,0
63012,6
63013,2
63014,0
63015,6
63016,2
63017,4
63018,6
63019,0
63020,2
63021,1
63022,0
63023,2
63024,6
63025,1
63026,0
63027,2
63028,5
63029,0
63030,2
63031,2
63032,1
63033,2
63034,2
63035,4
63036,2
63037,5
63038,6
63039,0
63040,0
63041,0
63042,0
63043,5
63044,2
63045,6
63046,0
63047,2
63048,2
63049,0
63050,2
63051,1
63052,0
63053,5
63054,3
63055,2
63056,2
63057,4
63058,5
63059,0
63060,2
63061,0
63062,6
63063,0
63064,6
63065,2
63066,2
63067,2
63068,6
63069,2
63070,1
63071,4
63072,0
63073,2
63074,2
63075,4
63076,2
63077,2
63078,1
63079,6
63080,0
63081,2
63082,4
63083,5
63084,5
63085,0
63086,2
63087,0
63088,4
63089,2
63090,2
63091,2
63092,6
63093,2
63094,0
63095,2
63096,2
63097,6
63098,4
63099,4
63100,0
63101,2
63102,6
63103,2
63104,4
63105,4
63106,0
63107,2
63108,2
63109,3
63110,4
63111,1
63112,2
63113,2
63114,4
63115,2
63116,2
63117,4
63118,2
63119,5
63120,2
63121,2
63122,3
63123,6
63124,4
63125,2
63126,0
63127,1
63128,2
63129,2
63130,2
63131,2
63132,6
63133,6
63134,1
63135,4
63136,2
63137,6
63138,2
63139,6
63140,6
63141,5
63142,2
63143,0
63144,0
63145,2
63146,0
63147,2
63148,0
63149,2
63150,4
63151,0
63152,4
63153,0
63154,6
63155,0
63156,6
63157,2
63158,2
63159,2
63160,3
63161,6
63162,2
63163,4
63164,6
63165,4
63166,4
63167,0
63168,0
63169,2
63170,2
63171,6
63172,0
63173,2
63174,4
63175,2
63176,3
63177,2
63178,2
63179,4
63180,4
63181,0
63182,4
63183,0
63184,2
63185,2
63186,0
63187,0
63188,0
63189,2
63190,0
63191,5
63192,3
63193,0
63194,0
63195,3
63196,1
63197,0
63198,2
63199,0
63200,1
63201,1
63202,0
63203,3
63204,2
63205,2
63206,2
63207,4
63208,6
63209,5
63210,6
63211,3
63212,2
63213,0
63214,0
63215,0
63216,5
63217,2
63218,0
63219,2
63220,2
63221,0
63222,2
63223,2
63224,5
63225,6
63226,4
63227,2
63228,0
63229,6
63230,5
63231,6
63232,0
63233,2
63234,2
63235,6
63236,2
63237,4
63238,0
63239,2
63240,1
63241,2
63242,2
63243,6
63244,2
63245,2
63246,4
63247,3
63248,1
63249,0
63250,0
63251,5
63252,2
63253,0
63254,3
63255,4
63256,1
63257,4
63258,2
63259,0
63260,6
63261,0
63262,1
63263,1
63264,0
63265,0
63266,0
63267,2
63268,4
63269,4
63270,4
63271,6
63272,2
63273,2
63274,5
63275,0
63276,2
63277,4
63278,2
63279,4
63280,6
63281,2
63282,2
63283,0
63284,0
63285,1
63286,2
63287,5
63288,2
63289,2
63290,2
63291,2
63292,4
63293,2
63294,2
63295,0
63296,0
63297,2
63298,2
63299,6
63300,0
63301,2
63302,1
63303,2
63304,4
63305,0
63306,6
63307,2
63308,1
63309,0
63310,6
63311,0
63312,2
63313,5
63314,2
63315,0
63316,0
63317,0
63318,3
63319,2
63320,6
63321,2
63322,4
63323,2
63324,2
63325,0
63326,2
63327,6
63328,1
63329,1
63330,2
63331,2
63332,4
63333,6
63334,2
63335,6
63336,4
63337,2
63338,6
63339,2
63340,5
63341,2
63342,6
63343,6
63344,6
63345,4
63346,4
63347,0
63348,3
63349,6
63350,2
63351,0
63352,0
63353,2
63354,0
63355,2
63356,3
63357,1
63358,0
63359,0
63360,0
63361,2
63362,4
63363,4
63364,2
63365,2
63366,0
63367,0
63368,6
63369,0
63370,0
63371,2
63372,5
63373,4
63374,2
63375,1
63376,0
63377,0
63378,6
63379,2
63380,2
63381,6
63382,0
63383,0
63384,0
63385,6
63386,5
63387,0
63388,2
63389,1
63390,0
63391,0
63392,0
63393,6
63394,6
63395,2
63396,1
63397,0
63398,2
63399,2
63400,4
63401,2
63402,0
63403,6
63404,0
63405,6
63406,0
63407,2
63408,2
63409,4
63410,2
63411,2
63412,0
63413,6
63414,4
63415,2
63416,0
63417,2
63418,0
63419,4
63420,6
63421,6
63422,2
63423,2
63424,6
63425,2
63426,0
63427,0
63428,2
63429,6
63430,5
63431,4
63432,1
63433,2
63434,0
63435,5
63436,2
63437,2
63438,3
63439,2
63440,0
63441,4
63442,0
63443,0
63444,1
63445,0
63446,0
63447,0
63448,2
63449,0
63450,6
63451,2
63452,1
63453,0
63454,2
63455,2
63456,0
63457,0
63458,4
63459,0
63460,4
63461,1
63462,5
63463,0
63464,0
63465,1
63466,2
63467,3
63468,1
63469,2
63470,2
63471,0
63472,0
63473,2
63474,5
63475,2
63476,0
63477,6
63478,6
63479,2
63480,2
63481,4
63482,6
63483,2
63484,0
63485,2
63486,6
63487,6
63488,5
63489,0
63490,2
63491,2
63492,2
63493,2
63494,1
63495,0
63496,2
63497,1
63498,2
63499,2
63500,6
63501,1
63502,0
63503,0
63504,6
63505,2
63506,2
63507,0
63508,3
63509,2
63510,2
63511,0
63512,6
63513,6
63514,6
63515,0
63516,6
63517,4
63518,2
63519,1
63520,2
63521,3
63522,0
63523,2
63524,1
63525,2
63526,2
63527,2
63528,2
63529,0
63530,3
63531,4
63532,3
63533,4
63534,2
63535,2
63536,2
63537,0
63538,2
63539,0
63540,2
63541,2
63542,0
63543,0
63544,6
63545,0
63546,2
63547,2
63548,6
63549,6
63550,4
63551,2
63552,1
63553,2
63554,1
63555,4
63556,2
63557,0
63558,2
63559,6
63560,0
63561,0
63562,2
63563,2
63564,2
63565,2
63566,2
63567,2
63568,4
63569,1
63570,6
63571,2
63572,6
63573,2
63574,2
63575,6
63576,2
63577,2
63578,1
63579,2
63580,0
63581,0
63582,0
63583,1
63584,2
63585,2
63586,3
63587,4
63588,0
63589,0
63590,4
63591,0
63592,2
63593,0
63594,0
63595,2
63596,4
63597,6
63598,2
63599,4
63600,2
63601,2
63602,0
63603,6
63604,0
63605,0
63606,3
63607,2
63608,2
63609,6
63610,2
63611,6
63612,0
63613,4
63614,2
63615,6
63616,2
63617,1
63618,0
63619,2
63620,3
63621,0
63622,0
63623,2
63624,6
63625,2
63626,0
63627,6
63628,5
63629,3
63630,0
63631,0
63632,0
63633,5
63634,2
63635,6
63636,0
63637,2
63638,5
63639,6
63640,2
63641,0
63642,2
63643,2
63644,2
63645,0
63646,4
63647,6
63648,0
63649,4
63650,2
63651,0
63652,2
63653,0
63654,0
63655,6
63656,3
63657,2
63658,4
63659,0
63660,6
63661,2
63662,2
63663,2
63664,2
63665,3
63666,0
63667,4
63668,0
63669,1
63670,1
63671,0
63672,5
63673,2
63674,1
63675,0
63676,4
63677,2
63678,0
63679,6
63680,3
63681,2
63682,3
63683,0
63684,0
63685,0
63686,2
63687,0
63688,4
63689,1
63690,2
63691,1
63692,0
63693,1
63694,3
63695,3
63696,2
63697,2
63698,2
63699,0
63700,2
63701,3
63702,2
63703,2
63704,0
63705,2
63706,6
63707,0
63708,6
63709,0
63710,3
63711,2
63712,1
63713,6
63714,0
63715,6
63716,0
63717,6
63718,0
63719,0
63720,2
63721,0
63722,5
63723,2
63724,1
63725,1
63726,6
63727,0
63728,2
63729,5
63730,0
63731,2
63732,0
63733,2
63734,6
63735,6
63736,2
63737,2
63738,2
63739,2
63740,2
63741,0
63742,0
63743,4
63744,6
63745,2
63746,1
63747,2
63748,2
63749,4
63750,0
63751,0
63752,2
63753,0
63754,6
63755,2
63756,2
63757,2
63758,2
63759,5
63760,2
63761,2
63762,6
63763,4
63764,0
63765,6
63766,2
63767,6
63768,1
63769,2
63770,0
63771,6
63772,1
63773,0
63774,2
63775,1
63776,3
63777,0
63778,2
63779,5
63780,2
63781,1
63782,2
63783,4
63784,0
63785,3
63786,2
63787,0
63788,0
63789,6
63790,6
63791,2
63792,4
63793,0
63794,2
63795,2
63796,4
63797,6
63798,0
63799,6
63800,2
63801,5
63802,3
63803,5
63804,0
63805,0
63806,6
63807,6
63808,1
63809,0
63810,0
63811,0
63812,1
63813,0
63814,2
63815,4
63816,4
63817,2
63818,2
63819,0
63820,2
63821,2
63822,2
63823,0
63824,2
63825,2
63826,2
63827,1
63828,2
63829,0
63830,2
63831,2
63832,0
63833,2
63834,0
63835,4
63836,1
63837,2
63838,6
63839,2
63840,3
63841,6
63842,2
63843,0
63844,4
63845,2
63846,6
63847,2
63848,2
63849,2
63850,2
63851,6
63852,2
63853,2
63854,4
63855,4
63856,6
63857,2
63858,2
63859,2
63860,6
63861,1
63862,2
63863,2
63864,0
63865,5
63866,2
63867,2
63868,4
63869,4
63870,4
63871,2
63872,2
63873,6
63874,2
63875,0
63876,6
63877,4
63878,6
63879,6
63880,2
63881,2
63882,6
63883,2
63884,2
63885,2
63886,3
63887,6
63888,2
63889,2
63890,1
63891,0
63892,0
63893,6
63894,2
63895,2
63896,3
63897,0
63898,2
63899,6
63900,4
63901,0
63902,2
63903,4
63904,0
63905,2
63906,0
63907,0
63908,4
63909,1
63910,0
63911,6
63912,0
63913,1
63914,4
63915,0
63916,6
63917,6
63918,0
63919,1
63920,0
63921,4
63922,2
63923,1
63924,2
63925,2
63926,2
63927,5
63928,0
63929,3
63930,4
63931,6
63932,2
63933,2
63934,4
63935,0
63936,2
63937,6
63938,2
63939,0
63940,1
63941,0
63942,5
63943,0
63944,1
63945,2
63946,2
63947,2
63948,2
63949,2
63950,0
63951,1
63952,0
63953,0
63954,6
63955,2
63956,1
63957,1
63958,5
63959,2
63960,2
63961,0
63962,2
63963,1
63964,0
63965,5
63966,2
63967,2
63968,0
63969,2
63970,0
63971,2
63972,2
63973,2
63974,6
63975,2
63976,2
63977,0
63978,4
63979,0
63980,1
63981,2
63982,2
63983,2
63984,2
63985,2
63986,6
63987,1
63988,1
63989,6
63990,6
63991,1
63992,5
63993,2
63994,3
63995,0
63996,0
63997,1
63998,0
63999,2
64000,5
64001,1
64002,0
64003,6
64004,1
64005,2
64006,2
64007,0
64008,2
64009,1
64010,0
64011,6
64012,2
64013,6
64014,1
64015,6
64016,2
64017,6
64018,2
64019,6
64020,2
64021,4
64022,1
64023,1
64024,6
64025,0
64026,6
64027,1
64028,0
64029,6
64030,0
64031,2
64032,0
64033,6
64034,2
64035,2
64036,2
64037,0
64038,3
64039,2
64040,2
64041,1
64042,2
64043,6
64044,6
64045,6
64046,4
64047,2
64048,2
64049,4
64050,4
64051,5
64052,0
64053,2
64054,2
64055,1
64056,2
64057,4
64058,0
64059,1
64060,2
64061,0
64062,2
64063,1
64064,2
64065,2
64066,0
64067,4
64068,2
64069,2
64070,2
64071,6
64072,2
64073,0
64074,6
64075,2
64076,4
64077,6
64078,0
64079,1
64080,2
64081,6
64082,4
64083,4
64084,2
64085,2
64086,2
64087,0
64088,0
64089,2
64090,6
64091,6
64092,2
64093,4
64094,0
64095,2
64096,2
64097,5
64098,2
64099,6
64100,6
64101,5
64102,5
64103,1
64104,2
64105,5
64106,6
64107,6
64108,6
64109,2
64110,1
64111,2
64112,4
64113,0
64114,1
64115,1
64116,0
64117,0
64118,1
64119,0
64120,0
64121,1
64122,2
64123,6
64124,0
64125,2
64126,2
64127,2
64128,2
64129,2
64130,2
64131,0
64132,2
64133,2
64134,0
64135,0
64136,2
64137,0
64138,5
64139,2
64140,2
64141,0
64142,2
64143,2
64144,0
64145,5
64146,0
64147,6
64148,6
64149,2
64150,2
64151,0
64152,4
64153,1
64154,3
64155,5
64156,0
64157,4
64158,2
64159,3
64160,3
64161,6
64162,2
64163,2
64164,6
64165,2
64166,0
64167,2
64168,1
64169,6
64170,0
64171,5
64172,2
64173,2
64174,5
64175,3
64176,5
64177,6
64178,0
64179,4
64180,3
64181,2
64182,2
64183,0
64184,2
64185,2
64186,2
64187,2
64188,2
64189,6
64190,2
64191,2
64192,0
64193,1
64194,2
64195,5
64196,0
64197,4
64198,1
64199,5
64200,2
64201,0
64202,0
64203,3
64204,2
64205,0
64206,3
64207,2
64208,2
64209,1
64210,1
64211,2
64212,5
64213,4
64214,2
64215,2
64216,2
64217,6
64218,0
64219,3
64220,2
64221,0
64222,4
64223,1
64224,0
64225,0
64226,3
64227,2
64228,2
64229,2
64230,1
64231,0
64232,2
64233,2
64234,0
64235,0
64236,2
64237,1
64238,3
64239,2
64240,1
64241,2
64242,0
64243,6
64244,4
64245,3
64246,2
64247,2
64248,0
64249,4
64250,1
64251,2
64252,0
64253,2
64254,2
64255,2
64256,2
64257,4
64258,2
64259,2
64260,1
64261,0
64262,0
64263,4
64264,2
64265,2
64266,4
64267,6
64268,6
64269,4
64270,2
64271,0
64272,1
64273,2
64274,2
64275,6
64276,0
64277,0
64278,0
64279,2
64280,1
64281,0
64282,0
64283,6
64284,6
64285,0
64286,2
64287,2
64288,0
64289,2
64290,2
64291,6
64292,0
64293,2
64294,4
64295,0
64296,1
64297,2
64298,4
64299,5
64300,3
64301,2
64302,6
64303,0
64304,1
64305,1
64306,0
64307,0
64308,0
64309,0
64310,1
64311,2
64312,2
64313,6
64314,1
64315,0
64316,1
64317,2
64318,6
64319,3
64320,2
64321,2
64322,2
64323,3
64324,2
64325,0
64326,3
64327,2
64328,0
64329,6
64330,0
64331,6
64332,5
64333,2
64334,0
64335,2
64336,2
64337,2
64338,1
64339,2
64340,2
64341,2
64342,2
64343,1
64344,0
64345,0
64346,6
64347,4
64348,2
64349,0
64350,2
64351,1
64352,0
64353,2
64354,6
64355,5
64356,0
64357,0
64358,0
64359,2
64360,3
64361,2
64362,0
64363,6
64364,2
64365,3
64366,2
64367,2
64368,0
64369,2
64370,0
64371,0
64372,2
64373,0
64374,4
64375,0
64376,3
64377,2
64378,0
64379,2
64380,0
64381,6
64382,6
64383,2
64384,1
64385,0
64386,2
64387,0
64388,4
64389,2
64390,2
64391,2
64392,2
64393,4
64394,6
64395,1
64396,2
64397,2
64398,0
64399,0
64400,2
64401,6
64402,1
64403,2
64404,2
64405,2
64406,2
64407,2
64408,0
64409,2
64410,3
64411,2
64412,2
64413,2
64414,2
64415,5
64416,6
64417,2
64418,2
64419,6
64420,2
64421,3
64422,2
64423,2
64424,2
64425,6
64426,3
64427,1
64428,2
64429,2
64430,6
64431,2
64432,2
64433,0
64434,0
64435,2
64436,1
64437,0
64438,0
64439,6
64440,0
64441,1
64442,1
64443,4
64444,2
64445,2
64446,1
64447,0
64448,0
64449,2
64450,0
64451,0
64452,0
64453,0
64454,2
64455,6
64456,6
64457,2
64458,0
64459,5
64460,5
64461,2
64462,2
64463,2
64464,4
64465,6
64466,2
64467,6
64468,2
64469,2
64470,0
64471,6
64472,2
64473,2
64474,3
64475,0
64476,4
64477,0
64478,5
64479,2
64480,2
64481,0
64482,2
64483,6
64484,0
64485,3
64486,1
64487,4
64488,0
64489,2
64490,2
64491,0
64492,2
64493,2
64494,2
64495,2
64496,6
64497,2
64498,2
64499,0
64500,2
64501,4
64502,1
64503,2
64504,0
64505,2
64506,2
64507,2
64508,6
64509,0
64510,0
64511,6
64512,3
64513,2
64514,4
64515,6
64516,2
64517,2
64518,6
64519,0
64520,3
64521,1
64522,0
64523,0
64524,5
64525,0
64526,2
64527,2
64528,4
64529,5
64530,2
64531,0
64532,0
64533,2
64534,5
64535,0
64536,0
64537,2
64538,0
64539,2
64540,2
64541,0
64542,1
64543,2
64544,1
64545,0
64546,6
64547,6
64548,2
64549,6
64550,6
64551,0
64552,1
64553,2
64554,0
64555,2
64556,0
64557,0
64558,0
64559,2
64560,0
64561,2
64562,2
64563,0
64564,2
64565,2
64566,2
64567,0
64568,1
64569,2
64570,0
64571,2
64572,0
64573,1
64574,2
64575,2
64576,1
64577,4
64578,0
64579,0
64580,4
64581,6
64582,0
64583,6
64584,6
64585,0
64586,6
64587,2
64588,0
64589,2
64590,2
64591,1
64592,4
64593,2
64594,2
64595,0
64596,0
64597,2
64598,4
64599,2
64600,0
64601,2
64602,2
64603,6
64604,2
64605,2
64606,0
64607,2
64608,2
64609,3
64610,2
64611,5
64612,0
64613,1
64614,2
64615,2
64616,2
64617,2
64618,0
64619,6
64620,2
64621,1
64622,6
64623,6
64624,0
64625,2
64626,0
64627,2
64628,2
64629,6
64630,3
64631,2
64632,6
64633,2
64634,2
64635,0
64636,2
64637,2
64638,2
64639,2
64640,2
64641,4
64642,0
64643,2
64644,2
64645,2
64646,0
64647,5
64648,0
64649,2
64650,0
64651,0
64652,5
64653,0
64654,2
64655,2
64656,5
64657,2
64658,2
64659,2
64660,6
64661,0
64662,2
64663,1
64664,6
64665,0
64666,2
64667,2
64668,2
64669,0
64670,0
64671,0
64672,6
64673,2
64674,0
64675,4
64676,2
64677,2
64678,1
64679,3
64680,2
64681,4
64682,0
64683,6
64684,0
64685,2
64686,5
64687,2
64688,0
64689,2
64690,0
64691,2
64692,6
64693,2
64694,2
64695,6
64696,0
64697,0
64698,0
64699,2
64700,2
64701,5
64702,1
64703,2
64704,2
64705,0
64706,0
64707,6
64708,2
64709,2
64710,6
64711,0
64712,5
64713,0
64714,0
64715,0
64716,2
64717,0
64718,2
64719,2
64720,6
64721,4
64722,2
64723,0
64724,0
64725,6
64726,2
64727,1
64728,2
64729,0
64730,0
64731,4
64732,3
64733,2
64734,2
64735,4
64736,2
64737,2
64738,2
64739,2
64740,6
64741,0
64742,2
64743,5
64744,3
64745,4
64746,3
64747,0
64748,2
64749,2
64750,2
64751,0
64752,0
64753,0
64754,3
64755,2
64756,0
64757,0
64758,0
64759,2
64760,0
64761,2
64762,0
64763,2
64764,6
64765,4
64766,1
64767,2
64768,2
64769,4
64770,3
64771,3
64772,2
64773,2
64774,6
64775,0
64776,2
64777,6
64778,2
64779,4
64780,3
64781,2
64782,0
64783,0
64784,1
64785,0
64786,0
64787,2
64788,0
64789,5
64790,0
64791,4
64792,5
64793,6
64794,2
64795,4
64796,6
64797,0
64798,1
64799,2
64800,0
64801,0
64802,2
64803,6
64804,5
64805,6
64806,6
64807,4
64808,6
64809,0
64810,1
64811,4
64812,2
64813,3
64814,0
64815,0
64816,6
64817,0
64818,0
64819,5
64820,0
64821,6
64822,2
64823,0
64824,6
64825,4
64826,4
64827,2
64828,2
64829,0
64830,5
64831,6
64832,2
64833,6
64834,2
64835,0
64836,2
64837,2
64838,0
64839,2
64840,4
64841,0
64842,6
64843,3
64844,2
64845,0
64846,6
64847,1
64848,0
64849,0
64850,1
64851,0
64852,2
64853,3
64854,2
64855,2
64856,2
64857,6
64858,1
64859,0
64860,0
64861,2
64862,3
64863,2
64864,2
64865,4
64866,4
64867,6
64868,6
64869,0
64870,0
64871,0
64872,5
64873,0
64874,6
64875,2
64876,2
64877,4
64878,2
64879,1
64880,6
64881,1
64882,0
64883,3
64884,5
64885,4
64886,0
64887,2
64888,0
64889,6
64890,0
64891,0
64892,2
64893,4
64894,4
64895,0
64896,2
64897,2
64898,2
64899,2
64900,6
64901,2
64902,4
64903,2
64904,6
64905,0
64906,4
64907,0
64908,2
64909,0
64910,4
64911,2
64912,5
64913,4
64914,4
64915,6
64916,4
64917,0
64918,2
64919,4
64920,2
64921,0
64922,4
64923,2
64924,5
64925,0
64926,4
64927,2
64928,3
64929,0
64930,0
64931,4
64932,1
64933,6
64934,2
64935,2
64936,2
64937,2
64938,2
64939,3
64940,4
64941,6
64942,2
64943,2
64944,6
64945,0
64946,2
64947,6
64948,6
64949,2
64950,1
64951,6
64952,0
64953,0
64954,2
64955,0
64956,2
64957,1
64958,2
64959,5
64960,1
64961,6
64962,5
64963,2
64964,0
64965,1
64966,2
64967,2
64968,2
64969,3
64970,0
64971,2
64972,0
64973,4
64974,2
64975,4
64976,2
64977,4
64978,3
64979,2
64980,2
64981,5
64982,6
64983,6
64984,0
64985,2
64986,1
64987,2
64988,0
64989,2
64990,4
64991,4
64992,0
64993,6
64994,2
64995,4
64996,2
64997,2
64998,2
64999,0
65000,2
65001,6
65002,1
65003,2
65004,2
65005,0
65006,2
65007,0
65008,2
65009,1
65010,0
65011,6
65012,2
65013,2
65014,0
65015,2
65016,0
65017,2
65018,2
65019,6
65020,2
65021,2
65022,0
65023,0
65024,0
65025,0
65026,2
65027,2
65028,2
65029,6
65030,0
65031,5
65032,4
65033,2
65034,1
65035,2
65036,6
65037,2
65038,2
65039,2
65040,2
65041,4
65042,3
65043,2
65044,0
65045,2
65046,2
65047,4
65048,4
65049,3
65050,0
65051,2
65052,6
65053,2
65054,0
65055,6
65056,2
65057,5
65058,2
65059,1
65060,6
65061,2
65062,6
65063,5
65064,2
65065,3
65066,2
65067,2
65068,2
65069,0
65070,2
65071,3
65072,6
65073,6
65074,2
65075,0
65076,2
65077,2
65078,6
65079,4
65080,0
65081,3
65082,2
65083,3
65084,2
65085,2
65086,4
65087,1
65088,6
65089,0
65090,0
65091,3
65092,2
65093,0
65094,3
65095,0
65096,4
65097,1
65098,0
65099,2
65100,4
65101,4
65102,0
65103,1
65104,5
65105,1
65106,2
65107,2
65108,1
65109,5
65110,1
65111,6
65112,2
65113,2
65114,0
65115,0
65116,0
65117,2
65118,1
65119,6
65120,0
65121,0
65122,2
65123,0
65124,2
65125,6
65126,0
65127,0
65128,1
65129,1
65130,0
65131,0
65132,4
65133,3
65134,2
65135,2
65136,6
65137,6
65138,2
65139,6
65140,3
65141,2
65142,0
65143,2
65144,2
65145,2
65146,2
65147,2
65148,0
65149,4
65150,1
65151,5
65152,0
65153,2
65154,5
65155,1
65156,0
65157,0
65158,4
65159,4
65160,2
65161,0
65162,2
65163,2
65164,6
65165,6
65166,2
65167,0
65168,3
65169,2
65170,1
65171,1
65172,2
65173,2
65174,2
65175,6
65176,2
65177,0
65178,2
65179,2
65180,2
65181,0
65182,4
65183,1
65184,3
65185,0
65186,2
65187,2
65188,2
65189,6
65190,0
65191,0
65192,6
65193,0
65194,6
65195,3
65196,6
65197,2
65198,2
65199,0
65200,0
65201,2
65202,6
65203,2
65204,4
65205,2
65206,2
65207,6
65208,2
65209,2
65210,2
65211,6
65212,0
65213,4
65214,6
65215,2
65216,0
65217,2
65218,6
65219,1
65220,4
65221,2
65222,1
65223,0
65224,2
65225,5
65226,0
65227,6
65228,2
65229,1
65230,2
65231,2
65232,6
65233,0
65234,6
65235,4
65236,4
65237,4
65238,5
65239,2
65240,0
65241,2
65242,1
65243,0
65244,4
65245,2
65246,6
65247,6
65248,2
65249,2
65250,0
65251,2
65252,3
65253,5
65254,2
65255,4
65256,2
65257,2
65258,2
65259,2
65260,2
65261,2
65262,2
65263,2
65264,1
65265,6
65266,5
65267,2
65268,4
65269,0
65270,0
65271,4
65272,0
65273,0
65274,0
65275,2
65276,0
65277,2
65278,2
65279,3
65280,4
65281,2
65282,6
65283,4
65284,0
65285,2
65286,5
65287,4
65288,2
65289,6
65290,6
65291,6
65292,4
65293,0
65294,2
65295,0
65296,0
65297,2
65298,6
65299,6
65300,2
65301,6
65302,0
65303,2
65304,2
65305,2
65306,6
65307,2
65308,4
65309,2
65310,2
65311,0
65312,0
65313,4
65314,5
65315,4
65316,2
65317,5
65318,2
65319,2
65320,0
65321,2
65322,2
65323,2
65324,2
65325,6
65326,0
65327,2
65328,2
65329,0
65330,2
65331,4
65332,0
65333,0
65334,6
65335,6
65336,2
65337,0
65338,5
65339,6
65340,4
65341,5
65342,2
65343,5
65344,2
65345,3
65346,4
65347,4
65348,0
65349,4
65350,2
65351,2
65352,2
65353,0
65354,6
65355,5
65356,5
65357,2
65358,0
65359,6
65360,1
65361,0
65362,0
65363,2
65364,5
65365,5
65366,2
65367,0
65368,0
65369,2
65370,1
65371,4
65372,5
65373,2
65374,2
65375,1
65376,3
65377,1
65378,2
65379,1
65380,6
65381,0
65382,2
65383,2
65384,0
65385,0
65386,2
65387,4
65388,0
65389,0
65390,0
65391,6
65392,6
65393,2
65394,6
65395,2
65396,3
65397,0
65398,6
65399,2
65400,0
65401,0
65402,6
65403,2
65404,3
65405,6
65406,2
65407,2
65408,1
65409,4
65410,2
65411,0
65412,3
65413,2
65414,6
65415,2
65416,5
65417,6
65418,0
65419,4
65420,2
65421,5
65422,4
65423,0
65424,0
65425,1
65426,0
65427,2
65428,2
65429,6
65430,2
65431,2
65432,0
65433,2
65434,3
65435,2
65436,3
65437,4
65438,2
65439,0
65440,0
65441,2
65442,0
65443,2
65444,4
65445,0
65446,0
65447,2
65448,1
65449,2
65450,4
65451,2
65452,1
65453,0
65454,6
65455,2
65456,4
65457,1
65458,2
65459,0
65460,0
65461,2
65462,2
65463,3
65464,4
65465,5
65466,0
65467,2
65468,4
65469,1
65470,5
65471,5
65472,0
65473,2
65474,4
65475,2
65476,2
65477,0
65478,1
65479,4
65480,6
65481,0
65482,6
65483,1
65484,0
65485,4
65486,0
65487,0
65488,4
65489,0
65490,2
65491,2
65492,0
65493,2
65494,6
65495,3
65496,0
65497,2
65498,6
65499,5
65500,2
65501,2
65502,0
65503,6
65504,4
65505,1
65506,2
65507,2
65508,6
65509,4
65510,2
65511,2
65512,4
65513,2
65514,0
65515,2
65516,0
65517,0
65518,0
65519,5
65520,0
65521,2
65522,2
65523,2
65524,0
65525,2
65526,4
65527,0
65528,0
65529,0
65530,0
65531,2
65532,6
65533,0
65534,1
65535,0
65536,4
65537,2
65538,2
65539,6
65540,2
65541,6
65542,2
65543,2
65544,2
65545,1
65546,2
65547,2
65548,2
65549,6
65550,2
65551,0
65552,6
65553,4
65554,0
65555,3
65556,0
65557,2
65558,0
65559,1
65560,0
65561,6
65562,2
65563,4
65564,2
65565,2
65566,2
65567,0
65568,5
65569,3
65570,6
65571,2
65572,2
65573,6
65574,6
65575,5
65576,2
65577,6
65578,2
65579,0
65580,6
65581,5
65582,6
65583,6
65584,6
65585,5
65586,0
65587,0
65588,2
65589,0
65590,6
65591,2
65592,2
65593,5
65594,2
65595,2
65596,4
65597,2
65598,1
65599,5
65600,0
65601,1
65602,0
65603,3
65604,4
65605,6
65606,0
65607,2
65608,2
65609,3
65610,0
65611,6
65612,2
65613,1
65614,4
65615,2
65616,2
65617,2
65618,0
65619,2
65620,6
65621,2
65622,4
65623,1
65624,1
65625,2
65626,0
65627,2
65628,2
65629,4
65630,0
65631,0
65632,2
65633,2
65634,2
65635,2
65636,0
65637,0
65638,3
65639,3
65640,0
65641,2
65642,0
65643,4
65644,2
65645,2
65646,0
65647,6
65648,2
65649,2
65650,0
65651,0
65652,3
65653,2
65654,2
65655,5
65656,2
65657,2
65658,2
65659,0
65660,2
65661,6
65662,0
65663,0
65664,0
65665,2
65666,2
65667,2
65668,4
65669,2
65670,2
65671,2
65672,2
65673,0
65674,0
65675,1
65676,6
65677,2
65678,6
65679,6
65680,2
65681,5
65682,6
65683,6
65684,2
65685,1
65686,2
65687,0
65688,6
65689,2
65690,5
65691,6
65692,3
65693,6
65694,6
65695,3
65696,0
65697,5
65698,0
65699,2
65700,2
65701,2
65702,0
65703,0
65704,2
65705,2
65706,6
65707,0
65708,6
65709,6
65710,2
65711,0
65712,2
65713,1
65714,2
65715,6
65716,2
65717,4
65718,0
65719,2
65720,6
65721,0
65722,6
65723,2
65724,0
65725,2
65726,2
65727,1
65728,0
65729,5
65730,6
65731,2
65732,1
65733,0
65734,0
65735,0
65736,3
65737,2
65738,1
65739,0
65740,6
65741,2
65742,2
65743,2
65744,5
65745,0
65746,0
65747,2
65748,2
65749,3
65750,0
65751,2
65752,6
65753,2
65754,0
65755,4
65756,2
65757,0
65758,4
65759,6
65760,4
65761,1
65762,2
65763,2
65764,2
65765,0
65766,6
65767,5
65768,2
65769,2
65770,2
65771,0
65772,2
65773,6
65774,2
65775,2
65776,1
65777,2
65778,2
65779,1
65780,4
65781,0
65782,0
65783,1
65784,0
65785,2
65786,2
65787,5
65788,4
65789,1
65790,6
65791,2
65792,0
65793,0
65794,0
65795,2
65796,5
65797,2
65798,2
65799,4
65800,2
65801,1
65802,2
65803,4
65804,1
65805,1
65806,2
65807,2
65808,4
65809,0
65810,2
65811,0
65812,2
65813,6
65814,2
65815,6
65816,2
65817,0
65818,2
65819,2
65820,2
65821,0
65822,2
65823,4
65824,1
65825,2
65826,6
65827,2
65828,2
65829,0
65830,4
65831,2
65832,0
65833,3
65834,0
65835,0
65836,4
65837,2
65838,0
65839,1
65840,2
65841,3
65842,4
65843,2
65844,5
65845,0
65846,0
65847,2
65848,2
65849,2
65850,3
65851,0
65852,1
65853,0
65854,2
65855,2
65856,6
65857,2
65858,2
65859,2
65860,2
65861,1
65862,2
65863,2
65864,2
65865,1
65866,3
65867,2
65868,6
65869,6
65870,5
65871,0
65872,2
65873,2
65874,2
65875,2
65876,4
65877,2
65878,2
65879,1
65880,2
65881,0
65882,5
65883,6
65884,0
65885,6
65886,1
65887,3
65888,6
65889,0
65890,0
65891,2
65892,0
65893,0
65894,0
65895,0
65896,1
65897,6
65898,1
65899,2
65900,0
65901,2
65902,4
65903,0
65904,0
65905,4
65906,2
65907,2
65908,0
65909,0
65910,3
65911,5
65912,6
65913,2
65914,0
65915,4
65916,0
65917,6
65918,2
65919,0
65920,5
65921,6
65922,5
65923,0
65924,2
65925,6
65926,1
65927,2
65928,3
65929,0
65930,2
65931,2
65932,0
65933,2
65934,0
65935,2
65936,2
65937,4
65938,0
65939,4
65940,3
65941,1
65942,0
65943,0
65944,0
65945,0
65946,0
65947,0
65948,2
65949,2
65950,0
65951,2
65952,0
65953,2
65954,0
65955,0
65956,0
65957,0
65958,2
65959,1
65960,2
65961,0
65962,6
65963,4
65964,0
65965,2
65966,0
65967,2
65968,0
65969,4
65970,0
65971,3
65972,0
65973,2
65974,2
65975,6
65976,6
65977,5
65978,0
65979,2
65980,4
65981,0
65982,4
65983,3
65984,2
65985,4
65986,0
65987,3
65988,2
65989,2
65990,2
65991,0
65992,2
65993,6
65994,2
65995,4
65996,0
65997,3
65998,2
65999,2
66000,4
66001,2
66002,0
66003,4
66004,2
66005,4
66006,0
66007,1
66008,2
66009,2
66010,2
66011,1
66012,2
66013,2
66014,2
66015,6
66016,2
66017,2
66018,0
66019,6
66020,0
66021,0
66022,5
66023,0
66024,5
66025,2
66026,2
66027,0
66028,4
66029,3
66030,5
66031,2
66032,0
66033,0
66034,1
66035,0
66036,6
66037,2
66038,1
66039,2
66040,2
66041,6
66042,2
66043,0
66044,1
66045,2
66046,2
66047,1
66048,4
66049,2
66050,0
66051,0
66052,0
66053,0
66054,2
66055,6
66056,2
66057,0
66058,2
66059,3
66060,0
66061,2
66062,2
66063,4
66064,0
66065,0
66066,6
66067,2
66068,4
66069,0
66070,0
66071,1
66072,1
66073,3
66074,2
66075,0
66076,1
66077,6
66078,2
66079,6
66080,6
66081,6
66082,6
66083,4
66084,0
66085,0
66086,2
66087,0
66088,2
66089,1
66090,0
66091,0
66092,2
66093,1
66094,2
66095,1
66096,2
66097,4
66098,6
66099,1
66100,2
66101,2
66102,5
66103,0
66104,2
66105,0
66106,6
66107,6
66108,1
66109,6
66110,1
66111,0
66112,0
66113,3
66114,5
66115,2
66116,2
66117,2
66118,5
66119,2
66120,1
66121,0
66122,1
66123,0
66124,4
66125,2
66126,6
66127,1
66128,0
66129,4
66130,3
66131,1
66132,2
66133,2
66134,2
66135,6
66136,0
66137,0
66138,2
66139,2
66140,2
66141,6
66142,2
66143,6
66144,2
66145,0
66146,3
66147,6
66148,0
66149,0
66150,0
66151,1
66152,0
66153,2
66154,1
66155,2
66156,2
66157,4
66158,3
66159,2
66160,2
66161,2
66162,2
66163,3
66164,2
66165,6
66166,2
66167,2
66168,0
66169,2
66170,2
66171,3
66172,6
66173,0
66174,0
66175,0
66176,3
66177,2
66178,3
66179,2
66180,1
66181,1
66182,6
66183,0
66184,1
66185,0
66186,1
66187,0
66188,2
66189,0
66190,2
66191,0
66192,1
66193,2
66194,0
66195,6
66196,6
66197,1
66198,2
66199,3
66200,1
66201,2
66202,4
66203,2
66204,3
66205,3
66206,6
66207,3
66208,2
66209,2
66210,2
66211,1
66212,2
66213,1
66214,0
66215,4
66216,2
66217,2
66218,2
66219,2
66220,0
66221,6
66222,0
66223,3
66224,2
66225,2
66226,2
66227,0
66228,0
66229,2
66230,0
66231,4
66232,2
66233,1
66234,6
66235,6
66236,2
66237,2
66238,2
66239,0
66240,2
66241,2
66242,3
66243,4
66244,2
66245,0
66246,0
66247,5
66248,0
66249,1
66250,4
66251,6
66252,1
66253,2
66254,2
66255,1
66256,5
66257,2
66258,5
66259,0
66260,0
66261,6
66262,1
66263,2
66264,2
66265,2
66266,0
66267,6
66268,0
66269,2
66270,0
66271,2
66272,0
66273,6
66274,0
66275,6
66276,0
66277,0
66278,2
66279,2
66280,1
66281,5
66282,0
66283,2
66284,2
66285,2
66286,2
66287,0
66288,4
66289,4
66290,6
66291,2
66292,0
66293,4
66294,0
66295,1
66296,2
66297,4
66298,6
66299,0
66300,4
66301,0
66302,2
66303,2
66304,3
66305,5
66306,0
66307,5
66308,6
66309,0
66310,0
66311,0
66312,2
66313,2
66314,3
66315,2
66316,0
66317,1
66318,3
66319,2
66320,2
66321,2
66322,2
66323,6
66324,2
66325,2
66326,2
66327,2
66328,0
66329,2
66330,0
66331,6
66332,2
66333,2
66334,1
66335,6
66336,2
66337,2
66338,2
66339,6
66340,2
66341,0
66342,0
66343,0
66344,6
66345,0
66346,6
66347,0
66348,2
66349,0
66350,1
66351,2
66352,2
66353,2
66354,6
66355,0
66356,5
66357,2
66358,6
66359,4
66360,2
66361,3
66362,6
66363,2
66364,6
66365,2
66366,6
66367,2
66368,5
66369,2
66370,0
66371,1
66372,6
66373,1
66374,3
66375,2
66376,0
66377,2
66378,2
66379,3
66380,2
66381,0
66382,2
66383,4
66384,2
66385,2
66386,2
66387,5
66388,6
66389,2
66390,2
66391,4
66392,6
66393,2
66394,0
66395,1
66396,0
66397,0
66398,2
66399,1
66400,6
66401,6
66402,1
66403,6
66404,0
66405,1
66406,0
66407,4
66408,2
66409,0
66410,2
66411,0
66412,4
66413,2
66414,0
66415,6
66416,4
66417,2
66418,2
66419,6
66420,2
66421,2
66422,0
66423,2
66424,2
66425,2
66426,6
66427,5
66428,2
66429,0
66430,2
66431,0
66432,0
66433,0
66434,2
66435,0
66436,4
66437,1
66438,0
66439,1
66440,2
66441,0
66442,1
66443,4
66444,1
66445,0
66446,1
66447,1
66448,1
66449,5
66450,1
66451,3
66452,2
66453,0
66454,4
66455,2
66456,5
66457,3
66458,1
66459,2
66460,0
66461,2
66462,5
66463,0
66464,0
66465,6
66466,2
66467,0
66468,6
66469,0
66470,2
66471,3
66472,1
66473,6
66474,2
66475,4
66476,5
66477,1
66478,6
66479,4
66480,0
66481,2
66482,2
66483,2
66484,4
66485,4
66486,2
66487,2
66488,2
66489,5
66490,0
66491,1
66492,0
66493,0
66494,1
66495,5
66496,0
66497,3
66498,4
66499,2
66500,2
66501,0
66502,2
66503,2
66504,0
66505,0
66506,2
66507,0
66508,2
66509,3
66510,0
66511,0
66512,3
66513,2
66514,4
66515,0
66516,4
66517,0
66518,0
66519,0
66520,4
66521,2
66522,2
66523,2
66524,0
66525,6
66526,6
66527,2
66528,0
66529,2
66530,2
66531,4
66532,2
66533,2
66534,0
66535,0
66536,6
66537,0
66538,0
66539,1
66540,2
66541,5
66542,2
66543,3
66544,0
66545,1
66546,3
66547,2
66548,3
66549,4
66550,0
66551,2
66552,0
66553,2
66554,0
66555,1
66556,5
66557,0
66558,4
66559,2
66560,0
66561,0
66562,2
66563,2
66564,2
66565,1
66566,0
66567,2
66568,2
66569,3
66570,2
66571,4
66572,2
66573,3
66574,0
66575,2
66576,0
66577,2
66578,0
66579,0
66580,4
66581,0
66582,1
66583,0
66584,4
66585,0
66586,2
66587,5
66588,2
66589,2
66590,6
66591,4
66592,2
66593,6
66594,2
66595,2
66596,3
66597,6
66598,2
66599,2
66600,5
66601,0
66602,2
66603,0
66604,0
66605,2
66606,2
66607,0
66608,4
66609,2
66610,5
66611,4
66612,2
66613,0
66614,0
66615,6
66616,2
66617,2
66618,2
66619,6
66620,6
66621,0
66622,1
66623,0
66624,2
66625,2
66626,0
66627,2
66628,6
66629,2
66630,0
66631,0
66632,0
66633,6
66634,2
66635,2
66636,2
66637,0
66638,2
66639,6
66640,4
66641,0
66642,0
66643,0
66644,0
66645,3
66646,0
66647,2
66648,6
66649,0
66650,0
66651,0
66652,4
66653,3
66654,6
66655,0
66656,2
66657,0
66658,1
66659,2
66660,5
66661,6
66662,0
66663,4
66664,2
66665,2
66666,2
66667,6
66668,0
66669,4
66670,2
66671,2
66672,5
66673,6
66674,0
66675,0
66676,6
66677,6
66678,0
66679,1
66680,2
66681,4
66682,4
66683,2
66684,6
66685,3
66686,0
66687,4
66688,1
66689,2
66690,5
66691,2
66692,0
66693,0
66694,0
66695,4
66696,2
66697,2
66698,0
66699,2
66700,2
66701,0
66702,2
66703,4
66704,2
66705,0
66706,2
66707,5
66708,2
66709,0
66710,2
66711,1
66712,6
66713,6
66714,2
66715,3
66716,6
66717,4
66718,6
66719,3
66720,2
66721,4
66722,0
66723,2
66724,6
66725,2
66726,0
66727,2
66728,2
66729,2
66730,6
66731,3
66732,4
66733,2
66734,2
66735,2
66736,2
66737,0
66738,2
66739,6
66740,0
66741,4
66742,6
66743,0
66744,0
66745,2
66746,5
66747,6
66748,6
66749,2
66750,2
66751,6
66752,4
66753,0
66754,0
66755,0
66756,0
66757,6
66758,0
66759,3
66760,4
66761,5
66762,2
66763,2
66764,2
66765,0
66766,2
66767,0
66768,1
66769,1
66770,2
66771,2
66772,2
66773,0
66774,1
66775,2
66776,2
66777,0
66778,3
66779,2
66780,2
66781,2
66782,2
66783,0
66784,0
66785,2
66786,2
66787,3
66788,2
66789,0
66790,6
66791,4
66792,2
66793,3
66794,0
66795,6
66796,2
66797,3
66798,0
66799,2
66800,2
66801,2
66802,2
66803,4
66804,3
66805,0
66806,2
66807,4
66808,2
66809,2
66810,2
66811,2
66812,0
66813,1
66814,0
66815,1
66816,4
66817,5
66818,2
66819,0
66820,1
66821,2
66822,4
66823,0
66824,5
66825,2
66826,5
66827,1
66828,2
66829,2
66830,2
66831,2
66832,6
66833,2
66834,0
66835,6
66836,0
66837,6
66838,5
66839,0
66840,4
66841,0
66842,0
66843,0
66844,5
66845,0
66846,6
66847,0
66848,3
66849,0
66850,6
66851,2
66852,2
66853,2
66854,2
66855,2
66856,2
66857,3
66858,6
66859,2
66860,0
66861,2
66862,0
66863,2
66864,2
66865,0
66866,4
66867,5
66868,4
66869,0
66870,6
66871,0
66872,2
66873,0
66874,3
66875,2
66876,6
66877,6
66878,5
66879,0
66880,2
66881,5
66882,6
66883,0
66884,6
66885,2
66886,2
66887,0
66888,0
66889,2
66890,6
66891,6
66892,2
66893,2
66894,4
66895,4
66896,4
66897,6
66898,6
66899,4
66900,0
66901,2
66902,6
66903,3
66904,0
66905,0
66906,2
66907,0
66908,0
66909,0
66910,2
66911,0
66912,6
66913,2
66914,1
66915,2
66916,6
66917,2
66918,2
66919,2
66920,2
66921,2
66922,2
66923,2
66924,2
66925,2
66926,2
66927,6
66928,2
66929,0
66930,2
66931,1
66932,1
66933,2
66934,0
66935,5
66936,2
66937,0
66938,2
66939,4
66940,0
66941,3
66942,6
66943,2
66944,4
66945,2
66946,6
66947,0
66948,0
66949,2
66950,0
66951,5
66952,1
66953,0
66954,6
66955,2
66956,5
66957,2
66958,4
66959,0
66960,3
66961,2
66962,0
66963,6
66964,0
66965,6
66966,6
66967,0
66968,6
66969,2
66970,2
66971,0
66972,2
66973,0
66974,2
66975,2
66976,6
66977,2
66978,1
66979,4
66980,2
66981,2
66982,6
66983,0
66984,2
66985,4
66986,0
66987,0
66988,2
66989,6
66990,3
66991,2
66992,6
66993,2
66994,0
66995,0
66996,2
66997,2
66998,0
66999,0
67000,0
67001,6
67002,6
67003,6
67004,6
67005,2
67006,4
67007,4
67008,2
67009,0
67010,2
67011,6
67012,5
67013,2
67014,2
67015,0
67016,0
67017,2
67018,5
67019,0
67020,2
67021,6
67022,5
67023,2
67024,6
67025,6
67026,4
67027,2
67028,2
67029,1
67030,0
67031,0
67032,6
67033,2
67034,2
67035,2
67036,2
67037,0
67038,3
67039,2
67040,0
67041,2
67042,0
67043,0
67044,0
67045,4
67046,2
67047,2
67048,0
67049,0
67050,0
67051,0
67052,2
67053,0
67054,4
67055,5
67056,0
67057,2
67058,2
67059,6
67060,2
67061,2
67062,4
67063,5
67064,2
67065,3
67066,2
67067,0
67068,2
67069,6
67070,4
67071,6
67072,2
67073,5
67074,6
67075,2
67076,2
67077,1
67078,2
67079,2
67080,2
67081,2
67082,0
67083,2
67084,4
67085,2
67086,0
67087,6
67088,1
67089,1
67090,1
67091,6
67092,2
67093,2
67094,6
67095,2
67096,2
67097,2
67098,2
67099,2
67100,4
67101,0
67102,0
67103,2
67104,5
67105,3
67106,0
67107,6
67108,2
67109,2
67110,6
67111,0
67112,2
67113,0
67114,2
67115,0
67116,2
67117,0
67118,0
67119,1
67120,1
67121,2
67122,2
67123,0
67124,6
67125,6
67126,1
67127,2
67128,3
67129,4
67130,0
67131,2
67132,2
67133,2
67134,0
67135,2
67136,5
67137,4
67138,0
67139,4
67140,0
67141,6
67142,2
67143,0
67144,3
67145,2
67146,1
67147,0
67148,0
67149,2
67150,2
67151,6
67152,2
67153,2
67154,1
67155,2
67156,2
67157,1
67158,2
67159,2
67160,6
67161,6
67162,2
67163,2
67164,2
67165,0
67166,3
67167,0
67168,2
67169,5
67170,2
67171,0
67172,2
67173,6
67174,1
67175,0
67176,3
67177,1
67178,0
67179,4
67180,2
67181,2
67182,0
67183,2
67184,2
67185,0
67186,5
67187,2
67188,0
67189,1
67190,2
67191,5
67192,5
67193,2
67194,2
67195,0
67196,0
67197,6
67198,2
67199,0
67200,3
67201,0
67202,4
67203,1
67204,2
67205,3
67206,0
67207,4
67208,0
67209,0
67210,0
67211,0
67212,1
67213,0
67214,2
67215,1
67216,4
67217,6
67218,1
67219,0
67220,2
67221,0
67222,2
67223,6
67224,0
67225,0
67226,4
67227,3
67228,2
67229,2
67230,0
67231,5
67232,1
67233,2
67234,2
67235,2
67236,2
67237,0
67238,2
67239,4
67240,2
67241,2
67242,2
67243,2
67244,2
67245,4
67246,1
67247,6
67248,1
67249,2
67250,2
67251,2
67252,2
67253,0
67254,0
67255,1
67256,6
67257,2
67258,4
67259,2
67260,3
67261,6
67262,0
67263,4
67264,0
67265,2
67266,0
67267,0
67268,0
67269,0
67270,3
67271,2
67272,2
67273,6
67274,6
67275,2
67276,6
67277,6
67278,2
67279,6
67280,6
67281,5
67282,6
67283,0
67284,2
67285,2
67286,2
67287,2
67288,6
67289,0
67290,6
67291,5
67292,0
67293,3
67294,0
67295,2
67296,0
67297,6
67298,0
67299,2
67300,0
67301,0
67302,0
67303,0
67304,0
67305,2
67306,0
67307,2
67308,2
67309,4
67310,5
67311,6
67312,0
67313,2
67314,2
67315,0
67316,6
67317,5
67318,1
67319,6
67320,2
67321,6
67322,6
67323,3
67324,1
67325,2
67326,4
67327,0
67328,6
67329,2
67330,6
67331,3
67332,4
67333,4
67334,0
67335,3
67336,4
67337,0
67338,0
67339,1
67340,6
67341,2
67342,0
67343,6
67344,0
67345,1
67346,2
67347,2
67348,2
67349,2
67350,0
67351,2
67352,1
67353,4
67354,4
67355,5
67356,0
67357,2
67358,0
67359,6
67360,0
67361,0
67362,4
67363,1
67364,0
67365,0
67366,1
67367,2
67368,2
67369,4
67370,4
67371,1
67372,1
67373,0
67374,3
67375,2
67376,2
67377,0
67378,2
67379,1
67380,2
67381,4
67382,0
67383,0
67384,2
67385,2
67386,6
67387,6
67388,4
67389,0
67390,2
67391,2
67392,6
67393,4
67394,2
67395,0
67396,4
67397,0
67398,2
67399,0
67400,2
67401,3
67402,2
67403,0
67404,2
67405,0
67406,0
67407,1
67408,5
67409,2
67410,1
67411,2
67412,2
67413,0
67414,2
67415,2
67416,2
67417,6
67418,2
67419,0
67420,1
67421,0
67422,1
67423,0
67424,4
67425,2
67426,3
67427,2
67428,0
67429,2
67430,0
67431,0
67432,2
67433,4
67434,2
67435,0
67436,1
67437,0
67438,2
67439,2
67440,5
67441,2
67442,2
67443,0
67444,2
67445,2
67446,0
67447,1
67448,5
67449,0
67450,5
67451,1
67452,6
67453,0
67454,0
67455,0
67456,4
67457,2
67458,4
67459,2
67460,4
67461,0
67462,1
67463,4
67464,0
67465,6
67466,0
67467,2
67468,3
67469,2
67470,2
67471,0
67472,0
67473,6
67474,0
67475,0
67476,2
67477,2
67478,2
67479,4
67480,2
67481,6
67482,2
67483,0
67484,0
67485,1
67486,2
67487,2
67488,2
67489,3
67490,6
67491,2
67492,2
67493,2
67494,2
67495,4
67496,2
67497,2
67498,0
67499,0
67500,2
67501,0
67502,2
67503,0
67504,2
67505,2
67506,0
67507,2
67508,0
67509,6
67510,2
67511,0
67512,4
67513,0
67514,2
67515,4
67516,1
67517,2
67518,2
67519,4
67520,1
67521,3
67522,4
67523,2
67524,3
67525,2
67526,6
67527,5
67528,2
67529,2
67530,0
67531,0
67532,3
67533,1
67534,2
67535,2
67536,2
67537,0
67538,2
67539,0
67540,0
67541,0
67542,2
67543,3
67544,0
67545,2
67546,1
67547,2
67548,2
67549,3
67550,2
67551,0
67552,0
67553,0
67554,6
67555,2
67556,3
67557,0
67558,0
67559,2
67560,2
67561,0
67562,0
67563,6
67564,2
67565,2
67566,1
67567,6
67568,2
67569,0
67570,4
67571,1
67572,1
67573,2
67574,2
67575,4
67576,2
67577,0
67578,2
67579,6
67580,6
67581,6
67582,2
67583,6
67584,0
67585,3
67586,4
67587,6
67588,2
67589,6
67590,2
67591,0
67592,1
67593,3
67594,6
67595,2
67596,6
67597,2
67598,2
67599,5
67600,2
67601,2
67602,0
67603,2
67604,0
67605,2
67606,2
67607,2
67608,2
67609,6
67610,6
67611,0
67612,6
67613,5
67614,2
67615,3
67616,6
67617,5
67618,2
67619,0
67620,3
67621,4
67622,4
67623,3
67624,2
67625,0
67626,2
67627,6
67628,3
67629,2
67630,1
67631,0
67632,0
67633,4
67634,3
67635,6
67636,0
67637,0
67638,4
67639,0
67640,5
67641,2
67642,3
67643,4
67644,0
67645,2
67646,2
67647,0
67648,5
67649,4
67650,2
67651,1
67652,2
67653,0
67654,4
67655,2
67656,2
67657,1
67658,2
67659,2
67660,2
67661,0
67662,4
67663,1
67664,2
67665,0
67666,5
67667,5
67668,2
67669,0
67670,2
67671,0
67672,0
67673,0
67674,0
67675,6
67676,0
67677,2
67678,0
67679,1
67680,2
67681,2
67682,2
67683,0
67684,2
67685,6
67686,0
67687,5
67688,5
67689,2
67690,0
67691,6
67692,4
67693,0
67694,2
67695,0
67696,2
67697,2
67698,4
67699,2
67700,2
67701,0
67702,2
67703,0
67704,6
67705,5
67706,6
67707,6
67708,0
67709,0
67710,0
67711,6
67712,0
67713,2
67714,6
67715,0
67716,5
67717,0
67718,2
67719,2
67720,6
67721,2
67722,2
67723,2
67724,2
67725,3
67726,2
67727,2
67728,0
67729,6
67730,2
67731,2
67732,2
67733,5
67734,6
67735,2
67736,0
67737,5
67738,6
67739,6
67740,2
67741,4
67742,2
67743,2
67744,2
67745,2
67746,0
67747,1
67748,1
67749,2
67750,3
67751,1
67752,0
67753,6
67754,4
67755,5
67756,2
67757,2
67758,2
67759,2
67760,0
67761,6
67762,1
67763,4
67764,1
67765,2
67766,2
67767,2
67768,6
67769,2
67770,0
67771,6
67772,2
67773,0
67774,2
67775,3
67776,2
67777,2
67778,2
67779,5
67780,2
67781,5
67782,0
67783,2
67784,2
67785,1
67786,6
67787,2
67788,2
67789,3
67790,0
67791,2
67792,0
67793,2
67794,0
67795,0
67796,2
67797,4
67798,0
67799,0
67800,0
67801,1
67802,2
67803,2
67804,1
67805,2
67806,2
67807,2
67808,1
67809,2
67810,0
67811,2
67812,2
67813,0
67814,5
67815,2
67816,2
67817,2
67818,2
67819,0
67820,6
67821,1
67822,0
67823,6
67824,0
67825,2
67826,0
67827,2
67828,2
67829,4
67830,0
67831,2
67832,2
67833,2
67834,6
67835,0
67836,2
67837,0
67838,2
67839,5
67840,6
67841,4
67842,2
67843,2
67844,1
67845,3
67846,4
67847,0
67848,4
67849,0
67850,2
67851,2
67852,0
67853,0
67854,2
67855,2
67856,0
67857,4
67858,0
67859,0
67860,6
67861,4
67862,6
67863,1
67864,0
67865,6
67866,5
67867,2
67868,0
67869,2
67870,6
67871,6
67872,5
67873,6
67874,4
67875,0
67876,6
67877,0
67878,5
67879,2
67880,2
67881,2
67882,6
67883,3
67884,6
67885,1
67886,3
67887,0
67888,0
67889,6
67890,1
67891,2
67892,2
67893,2
67894,0
67895,4
67896,0
67897,2
67898,0
67899,2
67900,2
67901,2
67902,0
67903,6
67904,6
67905,5
67906,1
67907,0
67908,0
67909,0
67910,2
67911,2
67912,2
67913,0
67914,2
67915,3
67916,5
67917,0
67918,0
67919,1
67920,1
67921,0
67922,2
67923,0
67924,2
67925,3
67926,0
67927,4
67928,1
67929,2
67930,4
67931,0
67932,0
67933,0
67934,0
67935,0
67936,0
67937,3
67938,6
67939,2
67940,2
67941,2
67942,0
67943,2
67944,6
67945,2
67946,2
67947,0
67948,0
67949,1
67950,6
67951,1
67952,2
67953,2
67954,0
67955,0
67956,6
67957,2
67958,2
67959,6
67960,5
67961,3
67962,2
67963,5
67964,2
67965,3
67966,4
67967,2
67968,6
67969,2
67970,4
67971,0
67972,2
67973,5
67974,2
67975,0
67976,2
67977,6
67978,0
67979,2
67980,2
67981,0
67982,2
67983,6
67984,0
67985,2
67986,1
67987,6
67988,6
67989,1
67990,0
67991,6
67992,5
67993,2
67994,2
67995,0
67996,4
67997,2
67998,0
67999,2
68000,2
68001,0
68002,2
68003,2
68004,0
68005,2
68006,0
68007,2
68008,6
68009,5
68010,0
68011,2
68012,2
68013,2
68014,2
68015,2
68016,4
68017,1
68018,2
68019,0
68020,0
68021,6
68022,1
68023,2
68024,6
68025,0
68026,2
68027,2
68028,0
68029,4
68030,2
68031,2
68032,0
68033,2
68034,6
68035,3
68036,0
68037,6
68038,0
68039,0
68040,6
68041,0
68042,0
68043,0
68044,4
68045,0
68046,2
68047,2
68048,6
68049,0
68050,2
68051,2
68052,0
68053,0
68054,4
68055,2
68056,0
68057,2
68058,0
68059,4
68060,2
68061,4
68062,2
68063,0
68064,0
68065,2
68066,0
68067,2
68068,4
68069,2
68070,6
68071,0
68072,4
68073,6
68074,0
68075,2
68076,2
68077,2
68078,2
68079,2
68080,2
68081,0
68082,1
68083,1
68084,6
68085,2
68086,2
68087,0
68088,5
68089,0
68090,0
68091,2
68092,2
68093,6
68094,2
68095,2
68096,0
68097,2
68098,2
68099,6
68100,4
68101,3
68102,2
68103,0
68104,2
68105,0
68106,5
68107,6
68108,3
68109,2
68110,5
68111,4
68112,2
68113,3
68114,6
68115,6
68116,2
68117,0
68118,2
68119,2
68120,2
68121,3
68122,0
68123,0
68124,4
68125,0
68126,2
68127,6
68128,2
68129,6
68130,2
68131,1
68132,2
68133,4
68134,0
68135,5
68136,2
68137,2
68138,2
68139,4
68140,4
68141,2
68142,2
68143,4
68144,6
68145,4
68146,6
68147,1
68148,2
68149,6
68150,2
68151,2
68152,0
68153,0
68154,6
68155,0
68156,2
68157,0
68158,2
68159,2
68160,0
68161,0
68162,0
68163,2
68164,2
68165,4
68166,1
68167,2
68168,2
68169,2
68170,2
68171,0
68172,0
68173,0
68174,1
68175,3
68176,2
68177,2
68178,6
68179,0
68180,5
68181,1
68182,0
68183,5
68184,5
68185,6
68186,6
68187,0
68188,5
68189,0
68190,0
68191,2
68192,0
68193,2
68194,4
68195,3
68196,4
68197,6
68198,4
68199,2
68200,6
68201,4
68202,6
68203,6
68204,0
68205,1
68206,2
68207,1
68208,0
68209,5
68210,4
68211,2
68212,4
68213,0
68214,0
68215,0
68216,3
68217,6
68218,5
68219,0
68220,2
68221,2
68222,0
68223,3
68224,6
68225,2
68226,0
68227,3
68228,4
68229,2
68230,4
68231,2
68232,2
68233,0
68234,2
68235,1
68236,0
68237,0
68238,0
68239,6
68240,0
68241,0
68242,3
68243,3
68244,4
68245,6
68246,0
68247,2
68248,6
68249,2
68250,0
68251,3
68252,0
68253,2
68254,2
68255,0
68256,6
68257,2
68258,0
68259,2
68260,2
68261,2
68262,2
68263,2
68264,2
68265,2
68266,2
68267,0
68268,2
68269,2
68270,2
68271,2
68272,3
68273,2
68274,4
68275,6
68276,5
68277,2
68278,2
68279,0
68280,4
68281,2
68282,5
68283,2
68284,2
68285,2
68286,6
68287,1
68288,0
68289,0
68290,2
68291,6
68292,0
68293,0
68294,2
68295,6
68296,6
68297,0
68298,0
68299,2
68300,4
68301,2
68302,2
68303,2
68304,1
68305,4
68306,0
68307,3
68308,3
68309,3
68310,0
68311,2
68312,0
68313,4
68314,0
68315,0
68316,3
68317,0
68318,2
68319,0
68320,3
68321,6
68322,2
68323,2
68324,6
68325,2
68326,6
68327,2
68328,1
68329,0
68330,3
68331,2
68332,4
68333,4
68334,2
68335,0
68336,2
68337,0
68338,6
68339,2
68340,4
68341,2
68342,6
68343,5
68344,2
68345,0
68346,3
68347,6
68348,1
68349,0
68350,0
68351,0
68352,2
68353,1
68354,2
68355,6
68356,4
68357,4
68358,1
68359,2
68360,6
68361,2
68362,3
68363,4
68364,6
68365,2
68366,2
68367,0
68368,5
68369,5
68370,2
68371,2
68372,2
68373,6
68374,0
68375,5
68376,6
68377,2
68378,2
68379,0
68380,0
68381,0
68382,4
68383,0
68384,2
68385,1
68386,2
68387,6
68388,2
68389,1
68390,0
68391,5
68392,2
68393,0
68394,2
68395,4
68396,1
68397,4
68398,6
68399,2
68400,4
68401,3
68402,0
68403,6
68404,4
68405,0
68406,2
68407,6
68408,0
68409,3
68410,2
68411,0
68412,1
68413,4
68414,1
68415,2
68416,2
68417,6
68418,2
68419,2
68420,3
68421,2
68422,0
68423,2
68424,6
68425,2
68426,0
68427,0
68428,6
68429,2
68430,4
68431,0
68432,6
68433,6
68434,0
68435,0
68436,0
68437,4
68438,0
68439,3
68440,2
68441,2
68442,2
68443,6
68444,0
68445,2
68446,2
68447,4
68448,2
68449,5
68450,2
68451,2
68452,0
68453,0
68454,6
68455,0
68456,2
68457,6
68458,2
68459,0
68460,2
68461,6
68462,0
68463,0
68464,2
68465,2
68466,4
68467,0
68468,0
68469,2
68470,5
68471,0
68472,2
68473,4
68474,2
68475,6
68476,0
68477,6
68478,2
68479,5
68480,6
68481,0
68482,2
68483,0
68484,2
68485,0
68486,2
68487,0
68488,2
68489,5
68490,5
68491,2
68492,2
68493,0
68494,2
68495,6
68496,3
68497,0
68498,2
68499,0
68500,2
68501,1
68502,2
68503,2
68504,4
68505,2
68506,4
68507,2
68508,2
68509,6
68510,0
68511,2
68512,0
68513,2
68514,1
68515,2
68516,2
68517,0
68518,2
68519,2
68520,0
68521,2
68522,1
68523,2
68524,2
68525,6
68526,4
68527,0
68528,0
68529,0
68530,3
68531,1
68532,0
68533,2
68534,0
68535,0
68536,2
68537,0
68538,5
68539,4
68540,4
68541,6
68542,1
68543,4
68544,2
68545,0
68546,1
68547,6
68548,2
68549,0
68550,4
68551,2
68552,6
68553,2
68554,5
68555,0
68556,1
68557,2
68558,6
68559,1
68560,0
68561,0
68562,2
68563,2
68564,2
68565,2
68566,2
68567,0
68568,3
68569,0
68570,2
68571,4
68572,2
68573,2
68574,0
68575,0
68576,6
68577,4
68578,0
68579,5
68580,2
68581,0
68582,2
68583,5
68584,2
68585,2
68586,1
68587,0
68588,0
68589,0
68590,2
68591,4
68592,6
68593,2
68594,2
68595,5
68596,1
68597,6
68598,2
68599,2
68600,4
68601,0
68602,6
68603,4
68604,2
68605,0
68606,0
68607,0
68608,2
68609,2
68610,2
68611,5
68612,4
68613,2
68614,6
68615,6
68616,0
68617,5
68618,1
68619,2
68620,2
68621,6
68622,2
68623,0
68624,1
68625,2
68626,2
68627,0
68628,0
68629,2
68630,2
68631,6
68632,6
68633,6
68634,4
68635,0
68636,0
68637,0
68638,2
68639,2
68640,4
68641,0
68642,3
68643,2
68644,0
68645,6
68646,0
68647,6
68648,2
68649,0
68650,2
68651,4
68652,0
68653,0
68654,2
68655,2
68656,5
68657,4
68658,0
68659,0
68660,0
68661,2
68662,0
68663,1
68664,1
68665,1
68666,0
68667,1
68668,4
68669,4
68670,2
68671,0
68672,0
68673,0
68674,2
68675,2
68676,0
68677,4
68678,2
68679,0
68680,2
68681,2
68682,0
68683,3
68684,2
68685,2
68686,6
68687,1
68688,2
68689,0
68690,2
68691,2
68692,2
68693,4
68694,4
68695,2
68696,2
68697,1
68698,6
68699,2
68700,2
68701,2
68702,0
68703,0
68704,2
68705,0
68706,0
68707,4
68708,2
68709,2
68710,6
68711,2
68712,2
68713,1
68714,4
68715,6
68716,2
68717,6
68718,6
68719,3
68720,2
68721,0
68722,0
68723,2
68724,2
68725,3
68726,1
68727,0
68728,3
68729,2
68730,2
68731,0
68732,2
68733,2
68734,0
68735,0
68736,2
68737,2
68738,0
68739,4
68740,4
68741,4
68742,2
68743,0
68744,6
68745,6
68746,6
68747,0
68748,4
68749,0
68750,2
68751,6
68752,4
68753,0
68754,2
68755,2
68756,0
68757,2
68758,0
68759,0
68760,3
68761,1
68762,2
68763,4
68764,0
68765,0
68766,2
68767,0
68768,5
68769,2
68770,2
68771,2
68772,0
68773,0
68774,6
68775,2
68776,5
68777,6
68778,2
68779,0
68780,2
68781,0
68782,2
68783,6
68784,1
68785,3
68786,2
68787,2
68788,1
68789,0
68790,6
68791,2
68792,2
68793,0
68794,6
68795,4
68796,0
68797,2
68798,2
68799,0
68800,0
68801,0
68802,2
68803,2
68804,6
68805,2
68806,2
68807,2
68808,2
68809,2
68810,2
68811,2
68812,2
68813,0
68814,5
68815,2
68816,3
68817,2
68818,2
68819,4
68820,2
68821,2
68822,2
68823,1
68824,5
68825,4
68826,2
68827,2
68828,6
68829,0
68830,2
68831,0
68832,0
68833,0
68834,6
68835,0
68836,0
68837,2
68838,2
68839,6
68840,2
68841,6
68842,6
68843,2
68844,5
68845,0
68846,0
68847,0
68848,0
68849,6
68850,2
68851,2
68852,2
68853,2
68854,0
68855,2
68856,5
68857,2
68858,0
68859,2
68860,4
68861,2
68862,0
68863,2
68864,2
68865,2
68866,4
68867,3
68868,2
68869,2
68870,2
68871,1
68872,6
68873,2
68874,0
68875,0
68876,4
68877,0
68878,2
68879,6
68880,1
68881,6
68882,6
68883,4
68884,2
68885,2
68886,2
68887,2
68888,2
68889,2
68890,2
68891,3
68892,4
68893,3
68894,2
68895,2
68896,2
68897,0
68898,5
68899,1
68900,2
68901,0
68902,0
68903,1
68904,2
68905,6
68906,0
68907,5
68908,1
68909,2
68910,2
68911,2
68912,6
68913,0
68914,2
68915,0
68916,2
68917,2
68918,1
68919,2
68920,2
68921,2
68922,2
68923,2
68924,0
68925,2
68926,2
68927,4
68928,6
68929,2
68930,2
68931,2
68932,5
68933,0
68934,6
68935,2
68936,0
68937,3
68938,2
68939,6
68940,6
68941,2
68942,2
68943,5
68944,2
68945,3
68946,4
68947,6
68948,3
68949,2
68950,6
68951,2
68952,6
68953,4
68954,3
68955,2
68956,3
68957,2
68958,2
68959,6
68960,4
68961,6
68962,1
68963,0
68964,6
68965,2
68966,2
68967,0
68968,1
68969,4
68970,6
68971,5
68972,1
68973,2
68974,2
68975,2
68976,4
68977,4
68978,0
68979,0
68980,6
68981,0
68982,2
68983,0
68984,0
68985,0
68986,2
68987,2
68988,4
68989,0
68990,6
68991,0
68992,0
68993,2
68994,2
68995,0
68996,2
68997,4
68998,2
68999,0
69000,4
69001,6
69002,0
69003,0
69004,2
69005,0
69006,0
69007,2
69008,0
69009,4
69010,1
69011,3
69012,6
69013,6
69014,4
69015,1
69016,2
69017,2
69018,4
69019,6
69020,6
69021,2
69022,0
69023,2
69024,2
69025,0
69026,2
69027,2
69028,2
69029,0
69030,6
69031,6
69032,0
69033,4
69034,1
69035,2
69036,2
69037,1
69038,2
69039,4
69040,2
69041,2
69042,4
69043,2
69044,6
69045,6
69046,0
69047,0
69048,6
69049,2
69050,0
69051,2
69052,0
69053,4
69054,0
69055,0
69056,2
69057,2
69058,4
69059,4
69060,6
69061,6
69062,4
69063,5
69064,1
69065,6
69066,2
69067,6
69068,0
69069,5
69070,0
69071,6
69072,2
69073,2
69074,1
69075,2
69076,6
69077,1
69078,2
69079,0
69080,5
69081,2
69082,0
69083,2
69084,4
69085,2
69086,2
69087,2
69088,0
69089,0
69090,1
69091,2
69092,4
69093,2
69094,2
69095,0
69096,6
69097,3
69098,2
69099,5
69100,5
69101,2
69102,0
69103,0
69104,6
69105,4
69106,5
69107,0
69108,2
69109,4
69110,0
69111,2
69112,0
69113,6
69114,0
69115,2
69116,2
69117,1
69118,2
69119,0
69120,2
69121,4
69122,2
69123,0
69124,4
69125,0
69126,6
69127,4
69128,4
69129,2
69130,2
69131,0
69132,2
69133,6
69134,2
69135,2
69136,2
69137,0
69138,2
69139,0
69140,0
69141,2
69142,6
69143,1
69144,0
69145,2
69146,6
69147,2
69148,2
69149,2
69150,2
69151,1
69152,2
69153,2
69154,2
69155,0
69156,5
69157,2
69158,2
69159,0
69160,0
69161,5
69162,6
69163,6
69164,0
69165,2
69166,2
69167,0
69168,0
69169,2
69170,2
69171,2
69172,2
69173,0
69174,2
69175,2
69176,4
69177,2
69178,2
69179,0
69180,2
69181,6
69182,6
69183,1
69184,3
69185,2
69186,6
69187,2
69188,2
69189,5
69190,2
69191,1
69192,2
69193,2
69194,2
69195,2
69196,5
69197,5
69198,5
69199,4
69200,6
69201,1
69202,2
69203,5
69204,2
69205,2
69206,4
69207,2
69208,0
69209,6
69210,2
69211,0
69212,6
69213,2
69214,6
69215,0
69216,2
69217,0
69218,6
69219,2
69220,0
69221,2
69222,2
69223,2
69224,2
69225,2
69226,0
69227,6
69228,5
69229,0
69230,6
69231,2
69232,4
69233,4
69234,3
69235,0
69236,2
69237,6
69238,2
69239,5
69240,0
69241,2
69242,2
69243,0
69244,3
69245,2
69246,0
69247,5
69248,2
69249,1
69250,2
69251,2
69252,0
69253,0
69254,6
69255,2
69256,4
69257,2
69258,1
69259,4
69260,6
69261,2
69262,2
69263,4
69264,2
69265,0
69266,1
69267,0
69268,2
69269,3
69270,3
69271,0
69272,2
69273,2
69274,3
69275,2
69276,2
69277,3
69278,0
69279,2
69280,2
69281,1
69282,6
69283,0
69284,4
69285,2
69286,5
69287,0
69288,6
69289,4
69290,2
69291,3
69292,2
69293,0
69294,2
69295,2
69296,2
69297,0
69298,6
69299,1
69300,2
69301,0
69302,4
69303,4
69304,2
69305,2
69306,2
69307,2
69308,2
69309,6
69310,1
69311,2
69312,4
69313,4
69314,2
69315,0
69316,2
69317,2
69318,3
69319,2
69320,0
69321,6
69322,2
69323,5
69324,2
69325,4
69326,0
69327,1
69328,0
69329,2
69330,0
69331,3
69332,0
69333,1
69334,4
69335,6
69336,2
69337,2
69338,6
69339,2
69340,4
69341,4
69342,2
69343,1
69344,2
69345,0
69346,0
69347,6
69348,1
69349,3
69350,2
69351,2
69352,2
69353,4
69354,6
69355,0
69356,3
69357,0
69358,2
69359,2
69360,2
69361,0
69362,0
69363,4
69364,4
69365,1
69366,2
69367,0
69368,4
69369,6
69370,0
69371,5
69372,4
69373,0
69374,4
69375,2
69376,2
69377,0
69378,2
69379,0
69380,5
69381,4
69382,0
69383,0
69384,0
69385,2
69386,2
69387,2
69388,0
69389,0
69390,0
69391,2
69392,6
69393,2
69394,2
69395,0
69396,2
69397,0
69398,0
69399,0
69400,1
69401,2
69402,1
69403,6
69404,6
69405,0
69406,1
69407,4
69408,5
69409,3
69410,1
69411,0
69412,4
69413,4
69414,4
69415,0
69416,0
69417,0
69418,2
69419,0
69420,6
69421,3
69422,2
69423,2
69424,2
69425,2
69426,3
69427,1
69428,2
69429,2
69430,6
69431,0
69432,0
69433,2
69434,2
69435,0
69436,6
69437,0
69438,5
69439,0
69440,2
69441,0
69442,2
69443,1
69444,4
69445,6
69446,4
69447,1
69448,2
69449,6
69450,5
69451,0
69452,2
69453,2
69454,6
69455,6
69456,0
69457,0
69458,0
69459,0
69460,2
69461,2
69462,5
69463,2
69464,0
69465,1
69466,2
69467,2
69468,0
69469,5
69470,2
69471,0
69472,2
69473,0
69474,2
69475,4
69476,0
69477,0
69478,2
69479,0
69480,2
69481,0
69482,6
69483,4
69484,0
69485,2
69486,2
69487,2
69488,0
69489,5
69490,5
69491,0
69492,3
69493,0
69494,2
69495,2
69496,1
69497,4
69498,2
69499,4
69500,5
69501,1
69502,1
69503,0
69504,3
69505,6
69506,4
69507,2
69508,4
69509,4
69510,3
69511,2
69512,5
69513,5
69514,2
69515,5
69516,0
69517,2
69518,2
69519,0
69520,6
69521,0
69522,6
69523,2
69524,6
69525,6
69526,2
69527,2
69528,1
69529,2
69530,0
69531,0
69532,2
69533,2
69534,0
69535,2
69536,6
69537,0
69538,4
69539,6
69540,1
69541,3
69542,0
69543,0
69544,2
69545,2
69546,3
69547,2
69548,6
69549,2
69550,0
69551,1
69552,4
69553,2
69554,5
69555,1
69556,4
69557,6
69558,2
69559,2
69560,6
69561,0
69562,2
69563,1
69564,2
69565,2
69566,6
69567,6
69568,2
69569,1
69570,6
69571,6
69572,5
69573,1
69574,1
69575,0
69576,2
69577,2
69578,1
69579,0
69580,2
69581,0
69582,1
69583,0
69584,0
69585,3
69586,2
69587,0
69588,6
69589,4
69590,0
69591,0
69592,0
69593,5
69594,5
69595,2
69596,4
69597,2
69598,5
69599,2
69600,2
69601,2
69602,3
69603,2
69604,0
69605,2
69606,6
69607,2
69608,3
69609,0
69610,2
69611,2
69612,0
69613,2
69614,2
69615,2
69616,2
69617,2
69618,1
69619,5
69620,6
69621,2
69622,1
69623,2
69624,0
69625,2
69626,4
69627,2
69628,6
69629,4
69630,0
69631,2
69632,1
69633,6
69634,2
69635,2
69636,2
69637,6
69638,4
69639,1
69640,2
69641,0
69642,0
69643,0
69644,2
69645,2
69646,2
69647,2
69648,4
69649,2
69650,0
69651,2
69652,2
69653,1
69654,0
69655,1
69656,0
69657,0
69658,2
69659,1
69660,5
69661,2
69662,2
69663,0
69664,0
69665,0
69666,2
69667,6
69668,2
69669,0
69670,6
69671,2
69672,0
69673,4
69674,4
69675,3
69676,6
69677,4
69678,2
69679,0
69680,2
69681,5
69682,2
69683,2
69684,2
69685,2
69686,6
69687,5
69688,2
69689,2
69690,0
69691,5
69692,1
69693,0
69694,2
69695,0
69696,2
69697,6
69698,1
69699,2
69700,2
69701,2
69702,2
69703,0
69704,1
69705,0
69706,0
69707,5
69708,0
69709,2
69710,3
69711,1
69712,2
69713,6
69714,2
69715,1
69716,0
69717,4
69718,6
69719,4
69720,0
69721,2
69722,2
69723,0
69724,6
69725,3
69726,5
69727,0
69728,0
69729,2
69730,4
69731,0
69732,4
69733,6
69734,2
69735,2
69736,6
69737,2
69738,2
69739,0
69740,2
69741,6
69742,2
69743,6
69744,2
69745,5
69746,4
69747,4
69748,6
69749,2
69750,2
69751,4
69752,6
69753,3
69754,1
69755,0
69756,0
69757,2
69758,5
69759,1
69760,0
69761,0
69762,2
69763,2
69764,2
69765,6
69766,2
69767,0
69768,0
69769,3
69770,3
69771,1
69772,2
69773,2
69774,3
69775,2
69776,2
69777,0
69778,4
69779,2
69780,0
69781,3
69782,0
69783,2
69784,0
69785,6
69786,2
69787,2
69788,2
69789,2
69790,0
69791,0
69792,6
69793,2
69794,0
69795,2
69796,6
69797,2
69798,0
69799,2
69800,2
69801,4
69802,2
69803,6
69804,2
69805,0
69806,0
69807,0
69808,0
69809,4
69810,2
69811,2
69812,2
69813,6
69814,2
69815,2
69816,4
69817,6
69818,6
69819,6
69820,2
69821,2
69822,6
69823,2
69824,2
69825,2
69826,2
69827,0
69828,2
69829,2
69830,2
69831,0
69832,5
69833,6
69834,2
69835,2
69836,2
69837,0
69838,0
69839,4
69840,2
69841,5
69842,2
69843,5
69844,6
69845,0
69846,0
69847,0
69848,2
69849,4
69850,0
69851,6
69852,0
69853,0
69854,0
69855,3
69856,4
69857,1
69858,5
69859,2
69860,2
69861,0
69862,3
69863,2
69864,1
69865,2
69866,0
69867,0
69868,2
69869,0
69870,0
69871,4
69872,1
69873,6
69874,0
69875,0
69876,6
69877,0
69878,1
69879,2
69880,0
69881,0
69882,2
69883,2
69884,6
69885,6
69886,2
69887,6
69888,2
69889,1
69890,0
69891,2
69892,6
69893,6
69894,6
69895,5
69896,2
69897,2
69898,2
69899,6
69900,0
69901,2
69902,2
69903,6
69904,2
69905,2
69906,1
69907,6
69908,0
69909,1
69910,0
69911,4
69912,2
69913,2
69914,6
69915,2
69916,0
69917,0
69918,2
69919,6
69920,1
69921,4
69922,0
69923,1
69924,6
69925,0
69926,4
69927,2
69928,2
69929,4
69930,2
69931,4
69932,6
69933,0
69934,6
69935,2
69936,4
69937,2
69938,0
69939,3
69940,3
69941,0
69942,2
69943,0
69944,2
69945,2
69946,6
69947,2
69948,1
69949,6
69950,0
69951,1
69952,5
69953,2
69954,0
69955,5
69956,2
69957,2
69958,2
69959,1
69960,2
69961,6
69962,5
69963,2
69964,2
69965,4
69966,2
69967,4
69968,2
69969,2
69970,0
69971,2
69972,1
69973,2
69974,4
69975,2
69976,5
69977,2
69978,6
69979,5
69980,3
69981,4
69982,0
69983,2
69984,0
69985,6
69986,2
69987,0
69988,5
69989,0
69990,2
69991,3
69992,2
69993,6
69994,3
69995,1
69996,6
69997,3
69998,0
69999,2
70000,3
70001,2
70002,6
70003,2
70004,2
70005,4
70006,0
70007,6
70008,0
70009,2
70010,0
70011,0
70012,2
70013,2
70014,2
70015,1
70016,0
70017,0
70018,4
70019,4
70020,6
70021,2
70022,6
70023,2
70024,1
70025,4
70026,2
70027,0
70028,6
70029,3
70030,2
70031,4
70032,6
70033,0
70034,0
70035,0
70036,2
70037,2
70038,0
70039,0
70040,2
70041,0
70042,2
70043,0
70044,1
70045,1
70046,2
70047,6
70048,3
70049,1
70050,0
70051,2
70052,2
70053,0
70054,2
70055,4
70056,2
70057,1
70058,0
70059,6
70060,6
70061,1
70062,1
70063,3
70064,2
70065,0
70066,2
70067,2
70068,2
70069,1
70070,1
70071,0
70072,2
70073,0
70074,2
70075,0
70076,0
70077,2
70078,6
70079,0
70080,2
70081,6
70082,0
70083,3
70084,2
70085,2
70086,2
70087,2
70088,4
70089,6
70090,1
70091,3
70092,2
70093,5
70094,2
70095,2
70096,2
70097,2
70098,2
70099,0
70100,6
70101,6
70102,2
70103,2
70104,0
70105,0
70106,2
70107,3
70108,3
70109,1
70110,0
70111,4
70112,0
70113,2
70114,2
70115,0
70116,2
70117,4
70118,4
70119,1
70120,2
70121,6
70122,0
70123,2
70124,5
70125,6
70126,2
70127,0
70128,0
70129,1
70130,1
70131,0
70132,0
70133,0
70134,5
70135,6
70136,2
70137,4
70138,0
70139,2
70140,2
70141,2
70142,2
70143,2
70144,1
70145,4
70146,0
70147,2
70148,6
70149,4
70150,0
70151,0
70152,0
70153,6
70154,2
70155,6
70156,4
70157,2
70158,1
70159,0
70160,6
70161,0
70162,6
70163,6
70164,0
70165,6
70166,2
70167,6
70168,2
70169,4
70170,2
70171,0
70172,2
70173,6
70174,1
70175,6
70176,4
70177,0
70178,0
70179,6
70180,2
70181,1
70182,2
70183,2
70184,2
70185,4
70186,2
70187,0
70188,3
70189,2
70190,6
70191,2
70192,2
70193,4
70194,0
70195,2
70196,1
70197,0
70198,6
70199,6
70200,0
70201,2
70202,2
70203,2
70204,2
70205,0
70206,6
70207,2
70208,2
70209,2
70210,2
70211,6
70212,2
70213,2
70214,4
70215,6
70216,6
70217,2
70218,0
70219,2
70220,0
70221,0
70222,2
70223,2
70224,6
70225,2
70226,0
70227,2
70228,0
70229,3
70230,3
70231,6
70232,2
70233,0
70234,6
70235,3
70236,2
70237,0
70238,2
70239,0
70240,1
70241,2
70242,3
70243,0
70244,0
70245,3
70246,0
70247,2
70248,0
70249,6
70250,4
70251,0
70252,6
70253,1
70254,2
70255,2
70256,4
70257,2
70258,6
70259,6
70260,2
70261,6
70262,6
70263,2
70264,2
70265,0
70266,2
70267,0
70268,0
70269,4
70270,2
70271,2
70272,2
70273,5
70274,0
70275,2
70276,0
70277,2
70278,2
70279,0
70280,0
70281,4
70282,6
70283,6
70284,2
70285,4
70286,2
70287,2
70288,2
70289,0
70290,2
70291,4
70292,0
70293,1
70294,2
70295,0
70296,2
70297,0
70298,4
70299,2
70300,4
70301,1
70302,0
70303,2
70304,4
70305,0
70306,2
70307,0
70308,3
70309,0
70310,2
70311,4
70312,0
70313,0
70314,2
70315,2
70316,4
70317,2
70318,5
70319,6
70320,0
70321,2
70322,0
70323,0
70324,2
70325,2
70326,4
70327,6
70328,2
70329,6
70330,2
70331,0
70332,0
70333,2
70334,2
70335,0
70336,2
70337,0
70338,6
70339,3
70340,4
70341,1
70342,2
70343,2
70344,6
70345,3
70346,1
70347,5
70348,0
70349,3
70350,2
70351,2
70352,3
70353,2
70354,1
70355,2
70356,2
70357,0
70358,2
70359,5
70360,2
70361,2
70362,4
70363,2
70364,2
70365,0
70366,3
70367,0
70368,0
70369,2
70370,3
70371,2
70372,2
70373,2
70374,2
70375,4
70376,0
70377,1
70378,2
70379,4
70380,1
70381,2
70382,2
70383,0
70384,0
70385,5
70386,6
70387,5
70388,0
70389,3
70390,6
70391,4
70392,2
70393,0
70394,6
70395,3
70396,6
70397,2
70398,2
70399,0
70400,0
70401,4
70402,0
70403,5
70404,1
70405,2
70406,2
70407,0
70408,2
70409,1
70410,6
70411,1
70412,4
70413,0
70414,0
70415,4
70416,2
70417,1
70418,0
70419,0
70420,0
70421,2
70422,2
70423,1
70424,0
70425,2
70426,1
70427,1
70428,2
70429,6
70430,0
70431,6
70432,0
70433,6
70434,2
70435,2
70436,2
70437,1
70438,5
70439,2
70440,0
70441,0
70442,2
70443,4
70444,0
70445,2
70446,2
70447,6
70448,2
70449,2
70450,2
70451,0
70452,6
70453,0
70454,2
70455,4
70456,2
70457,4
70458,2
70459,2
70460,2
70461,2
70462,0
70463,2
70464,2
70465,3
70466,0
70467,0
70468,2
70469,2
70470,2
70471,6
70472,1
70473,2
70474,2
70475,2
70476,2
70477,0
70478,0
70479,5
70480,0
70481,0
70482,1
70483,1
70484,4
70485,0
70486,2
70487,4
70488,2
70489,6
70490,2
70491,5
70492,0
70493,2
70494,0
70495,4
70496,0
70497,0
70498,2
70499,2
70500,2
70501,3
70502,2
70503,0
70504,0
70505,2
70506,4
70507,3
70508,2
70509,2
70510,0
70511,5
70512,0
70513,2
70514,2
70515,5
70516,4
70517,2
70518,3
70519,2
70520,2
70521,5
70522,2
70523,2
70524,4
70525,4
70526,2
70527,0
70528,0
70529,2
70530,4
70531,0
70532,0
70533,0
70534,2
70535,2
70536,2
70537,2
70538,4
70539,2
70540,4
70541,2
70542,0
70543,2
70544,0
70545,2
70546,2
70547,0
70548,2
70549,0
70550,2
70551,6
70552,4
70553,3
70554,0
70555,6
70556,2
70557,0
70558,0
70559,2
70560,2
70561,2
70562,2
70563,5
70564,6
70565,2
70566,3
70567,2
70568,2
70569,2
70570,0
70571,0
70572,6
70573,2
70574,1
70575,3
70576,4
70577,2
70578,2
70579,6
70580,0
70581,2
70582,2
70583,6
70584,0
70585,6
70586,2
70587,2
70588,2
70589,2
70590,2
70591,2
70592,2
70593,0
70594,2
70595,3
70596,2
70597,2
70598,2
70599,2
70600,3
70601,2
70602,4
70603,2
70604,0
70605,4
70606,0
70607,0
70608,0
70609,0
70610,3
70611,0
70612,2
70613,2
70614,2
70615,0
70616,1
70617,2
70618,0
70619,1
70620,5
70621,0
70622,2
70623,0
70624,1
70625,2
70626,0
70627,1
70628,2
70629,0
70630,0
70631,6
70632,6
70633,6
70634,0
70635,0
70636,2
70637,6
70638,2
70639,1
70640,2
70641,4
70642,6
70643,1
70644,2
70645,6
70646,0
70647,4
70648,2
70649,0
70650,4
70651,1
70652,6
70653,2
70654,4
70655,2
70656,5
70657,2
70658,0
70659,2
70660,0
70661,2
70662,2
70663,0
70664,6
70665,3
70666,3
70667,6
70668,6
70669,1
70670,0
70671,2
70672,1
70673,2
70674,0
70675,0
70676,4
70677,6
70678,3
70679,2
70680,2
70681,1
70682,6
70683,0
70684,2
70685,6
70686,0
70687,4
70688,6
70689,4
70690,2
70691,2
70692,6
70693,0
70694,2
70695,0
70696,1
70697,2
70698,4
70699,2
70700,6
70701,3
70702,0
70703,2
70704,0
70705,2
70706,3
70707,6
70708,2
70709,0
70710,2
70711,6
70712,2
70713,2
70714,2
70715,6
70716,4
70717,4
70718,0
70719,0
70720,0
70721,6
70722,2
70723,5
70724,0
70725,6
70726,2
70727,6
70728,0
70729,2
70730,6
70731,2
70732,2
70733,1
70734,1
70735,2
70736,2
70737,0
70738,5
70739,6
70740,3
70741,0
70742,0
70743,0
70744,2
70745,2
70746,2
70747,1
70748,5
70749,0
70750,2
70751,2
70752,0
70753,2
70754,2
70755,0
70756,0
70757,2
70758,2
70759,0
70760,1
70761,3
70762,1
70763,4
70764,3
70765,2
70766,1
70767,2
70768,0
70769,0
70770,4
70771,4
70772,6
70773,0
70774,2
70775,2
70776,0
70777,6
70778,6
70779,2
70780,2
70781,0
70782,2
70783,0
70784,2
70785,0
70786,5
70787,2
70788,0
70789,1
70790,0
70791,0
70792,0
70793,4
70794,4
70795,1
70796,4
70797,0
70798,3
70799,2
70800,2
70801,1
70802,2
70803,0
70804,6
70805,4
70806,6
70807,4
70808,0
70809,2
70810,0
70811,3
70812,0
70813,0
70814,0
70815,5
70816,2
70817,2
70818,2
70819,1
70820,4
70821,0
70822,0
70823,4
70824,0
70825,3
70826,2
70827,2
70828,2
70829,0
70830,5
70831,0
70832,6
70833,2
70834,2
70835,2
70836,6
70837,2
70838,2
70839,6
70840,2
70841,2
70842,2
70843,4
70844,0
70845,4
70846,2
70847,1
70848,6
70849,5
70850,0
70851,2
70852,5
70853,6
70854,0
70855,6
70856,2
70857,2
70858,6
70859,3
70860,0
70861,2
70862,0
70863,2
70864,6
70865,1
70866,0
70867,2
70868,2
70869,2
70870,2
70871,6
70872,3
70873,2
70874,6
70875,2
70876,2
70877,2
70878,2
70879,0
70880,0
70881,3
70882,4
70883,1
70884,6
70885,5
70886,4
70887,2
70888,0
70889,2
70890,0
70891,4
70892,2
70893,2
70894,2
70895,0
70896,3
70897,2
70898,0
70899,2
70900,2
70901,6
70902,2
70903,0
70904,0
70905,2
70906,6
70907,0
70908,1
70909,2
70910,0
70911,2
70912,2
70913,0
70914,4
70915,2
70916,2
70917,6
70918,2
70919,1
70920,0
70921,6
70922,0
70923,0
70924,0
70925,2
70926,5
70927,4
70928,0
70929,1
70930,2
70931,0
70932,6
70933,1
70934,4
70935,3
70936,4
70937,4
70938,2
70939,6
70940,2
70941,2
70942,4
70943,2
70944,6
70945,2
70946,2
70947,5
70948,0
70949,6
70950,0
70951,2
70952,6
70953,4
70954,2
70955,1
70956,2
70957,1
70958,2
70959,2
70960,1
70961,2
70962,2
70963,0
70964,3
70965,5
70966,2
70967,6
70968,0
70969,1
70970,0
70971,2
70972,2
70973,1
70974,2
70975,0
70976,6
70977,1
70978,6
70979,2
70980,2
70981,2
70982,0
70983,0
70984,4
70985,2
70986,3
70987,2
70988,2
70989,0
70990,2
70991,2
70992,3
70993,3
70994,2
70995,4
70996,0
70997,0
70998,2
70999,1
71000,0
71001,0
71002,2
71003,0
71004,1
71005,0
71006,2
71007,0
71008,0
71009,1
71010,1
71011,0
71012,0
71013,2
71014,0
71015,1
71016,0
71017,0
71018,2
71019,0
71020,2
71021,2
71022,6
71023,2
71024,2
71025,2
71026,2
71027,2
71028,2
71029,4
71030,3
71031,2
71032,5
71033,2
71034,1
71035,1
71036,2
71037,2
71038,6
71039,2
71040,2
71041,4
71042,2
71043,0
71044,5
71045,4
71046,4
71047,0
71048,2
71049,5
71050,1
71051,0
71052,4
71053,2
71054,4
71055,6
71056,0
71057,2
71058,2
71059,4
71060,0
71061,2
71062,2
71063,2
71064,3
71065,0
71066,0
71067,2
71068,2
71069,1
71070,0
71071,2
71072,6
71073,0
71074,4
71075,3
71076,1
71077,2
71078,2
71079,4
71080,0
71081,2
71082,2
71083,5
71084,5
71085,1
71086,2
71087,0
71088,0
71089,6
71090,0
71091,5
71092,2
71093,0
71094,0
71095,5
71096,2
71097,2
71098,2
71099,0
71100,5
71101,1
71102,1
71103,2
71104,0
71105,0
71106,1
71107,2
71108,0
71109,2
71110,4
71111,2
71112,0
71113,0
71114,1
71115,1
71116,6
71117,3
71118,0
71119,2
71120,2
71121,2
71122,2
71123,3
71124,0
71125,0
71126,2
71127,0
71128,6
71129,6
71130,2
71131,0
71132,1
71133,2
71134,6
71135,0
71136,2
71137,0
71138,2
71139,1
71140,2
71141,6
71142,1
71143,2
71144,6
71145,2
71146,2
71147,5
71148,2
71149,4
71150,2
71151,3
71152,5
71153,0
71154,2
71155,2
71156,0
71157,1
71158,4
71159,5
71160,0
71161,2
71162,1
71163,0
71164,2
71165,2
71166,0
71167,0
71168,2
71169,2
71170,6
71171,0
71172,0
71173,2
71174,4
71175,2
71176,0
71177,0
71178,1
71179,6
71180,0
71181,2
71182,0
71183,2
71184,2
71185,4
71186,2
71187,0
71188,6
71189,0
71190,2
71191,2
71192,5
71193,2
71194,2
71195,2
71196,0
71197,5
71198,0
71199,4
71200,2
71201,0
71202,0
71203,0
71204,6
71205,0
71206,6
71207,0
71208,6
71209,0
71210,2
71211,0
71212,2
71213,2
71214,6
71215,2
71216,0
71217,2
71218,0
71219,6
71220,2
71221,4
71222,0
71223,1
71224,0
71225,6
71226,3
71227,2
71228,1
71229,2
71230,0
71231,2
71232,1
71233,2
71234,0
71235,0
71236,0
71237,5
71238,6
71239,0
71240,6
71241,6
71242,6
71243,2
71244,0
71245,2
71246,6
71247,5
71248,2
71249,2
71250,2
71251,3
71252,4
71253,3
71254,3
71255,6
71256,2
71257,2
71258,6
71259,2
71260,0
71261,0
71262,6
71263,0
71264,1
71265,5
71266,5
71267,2
71268,1
71269,2
71270,2
71271,2
71272,0
71273,6
71274,4
71275,0
71276,6
71277,3
71278,2
71279,2
71280,2
71281,0
71282,6
71283,0
71284,0
71285,1
71286,6
71287,0
71288,2
71289,2
71290,0
71291,3
71292,0
71293,2
71294,2
71295,1
71296,2
71297,2
71298,2
71299,0
71300,6
71301,0
71302,0
71303,2
71304,0
71305,0
71306,1
71307,0
71308,6
71309,3
71310,6
71311,2
71312,1
71313,2
71314,2
71315,4
71316,6
71317,0
71318,0
71319,6
71320,0
71321,2
71322,2
71323,0
71324,2
71325,0
71326,4
71327,0
71328,2
71329,2
71330,4
71331,6
71332,0
71333,0
71334,6
71335,4
71336,4
71337,3
71338,0
71339,2
71340,2
71341,2
71342,1
71343,6
71344,0
71345,2
71346,0
71347,0
71348,3
71349,2
71350,3
71351,2
71352,6
71353,2
71354,4
71355,2
71356,2
71357,4
71358,4
71359,0
71360,1
71361,2
71362,3
71363,1
71364,6
71365,2
71366,2
71367,0
71368,4
71369,0
71370,2
71371,6
71372,2
71373,2
71374,0
71375,6
71376,5
71377,5
71378,3
71379,2
71380,2
71381,1
71382,2
71383,2
71384,1
71385,3
71386,6
71387,3
71388,2
71389,0
71390,0
71391,2
71392,2
71393,2
71394,1
71395,0
71396,2
71397,1
71398,2
71399,0
71400,2
71401,0
71402,4
71403,0
71404,2
71405,3
71406,2
71407,2
71408,2
71409,0
71410,2
71411,0
71412,0
71413,4
71414,4
71415,2
71416,0
71417,3
71418,2
71419,2
71420,0
71421,2
71422,5
71423,2
71424,6
71425,6
71426,6
71427,2
71428,0
71429,3
71430,6
71431,2
71432,0
71433,4
71434,6
71435,2
71436,2
71437,2
71438,5
71439,2
71440,4
71441,5
71442,0
71443,2
71444,2
71445,2
71446,0
71447,2
71448,0
71449,0
71450,0
71451,0
71452,6
71453,2
71454,3
71455,2
71456,0
71457,2
71458,2
71459,2
71460,1
71461,2
71462,0
71463,3
71464,2
71465,2
71466,2
71467,1
71468,2
71469,0
71470,2
71471,6
71472,6
71473,0
71474,0
71475,2
71476,2
71477,2
71478,0
71479,0
71480,2
71481,6
71482,6
71483,1
71484,6
71485,0
71486,2
71487,2
71488,2
71489,1
71490,2
71491,6
71492,6
71493,2
71494,0
71495,2
71496,0
71497,2
71498,2
71499,0
71500,0
71501,2
71502,6
71503,0
71504,5
71505,5
71506,5
71507,0
71508,2
71509,3
71510,5
71511,4
71512,0
71513,0
71514,2
71515,2
71516,2
71517,2
71518,1
71519,1
71520,6
71521,2
71522,6
71523,1
71524,0
71525,1
71526,2
71527,6
71528,1
71529,6
71530,0
71531,2
71532,2
71533,6
71534,6
71535,0
71536,2
71537,0
71538,0
71539,2
71540,0
71541,6
71542,6
71543,4
71544,1
71545,2
71546,0
71547,3
71548,0
71549,2
71550,6
71551,5
71552,2
71553,4
71554,2
71555,0
71556,0
71557,2
71558,2
71559,5
71560,0
71561,0
71562,0
71563,0
71564,3
71565,1
71566,6
71567,2
71568,0
71569,3
71570,0
71571,0
71572,2
71573,2
71574,2
71575,1
71576,2
71577,0
71578,2
71579,2
71580,0
71581,6
71582,5
71583,2
71584,0
71585,2
71586,0
71587,4
71588,0
71589,0
71590,2
71591,2
71592,4
71593,2
71594,4
71595,2
71596,0
71597,6
71598,0
71599,4
71600,1
71601,1
71602,2
71603,1
71604,5
71605,6
71606,2
71607,6
71608,2
71609,4
71610,6
71611,5
71612,3
71613,0
71614,6
71615,6
71616,2
71617,0
71618,3
71619,2
71620,6
71621,0
71622,6
71623,0
71624,2
71625,2
71626,0
71627,0
71628,0
71629,0
71630,1
71631,5
71632,0
71633,1
71634,0
71635,2
71636,2
71637,2
71638,0
71639,0
71640,3
71641,2
71642,0
71643,1
71644,5
71645,2
71646,6
71647,0
71648,0
71649,5
71650,6
71651,2
71652,0
71653,0
71654,3
71655,6
71656,2
71657,2
71658,2
71659,0
71660,2
71661,2
71662,0
71663,2
71664,6
71665,2
71666,0
71667,6
71668,2
71669,4
71670,2
71671,2
71672,4
71673,5
71674,2
71675,6
71676,0
71677,0
71678,2
71679,2
71680,2
71681,6
71682,1
71683,4
71684,0
71685,2
71686,5
71687,0
71688,0
71689,1
71690,4
71691,2
71692,2
71693,0
71694,6
71695,2
71696,2
71697,2
71698,6
71699,2
71700,1
71701,0
71702,0
71703,6
71704,0
71705,1
71706,2
71707,0
71708,2
71709,2
71710,0
71711,1
71712,2
71713,5
71714,2
71715,6
71716,6
71717,4
71718,2
71719,2
71720,2
71721,2
71722,0
71723,0
71724,0
71725,2
71726,2
71727,1
71728,2
71729,0
71730,2
71731,2
71732,2
71733,6
71734,1
71735,3
71736,2
71737,0
71738,0
71739,0
71740,0
71741,2
71742,2
71743,1
71744,6
71745,0
71746,2
71747,2
71748,2
71749,2
71750,6
71751,5
71752,2
71753,2
71754,6
71755,2
71756,0
71757,4
71758,6
71759,4
71760,4
71761,1
71762,2
71763,2
71764,6
71765,2
71766,6
71767,6
71768,2
71769,2
71770,2
71771,2
71772,2
71773,6
71774,1
71775,2
71776,2
71777,0
71778,4
71779,0
71780,0
71781,0
71782,2
71783,2
71784,2
71785,6
71786,2
71787,2
71788,1
71789,0
71790,0
71791,2
71792,2
71793,5
71794,2
71795,2
71796,6
71797,2
71798,2
71799,2
71800,0
71801,2
71802,2
71803,2
71804,5
71805,4
71806,1
71807,1
71808,2
71809,1
71810,4
71811,3
71812,6
71813,2
71814,2
71815,3
71816,5
71817,0
71818,3
71819,0
71820,2
71821,4
71822,6
71823,2
71824,3
71825,2
71826,2
71827,4
71828,0
71829,2
71830,3
71831,3
71832,6
71833,4
71834,0
71835,2
71836,4
71837,2
71838,0
71839,0
71840,2
71841,2
71842,2
71843,2
71844,0
71845,2
71846,2
71847,0
71848,6
71849,0
71850,1
71851,3
71852,2
71853,1
71854,0
71855,0
71856,1
71857,0
71858,2
71859,0
71860,2
71861,2
71862,2
71863,1
71864,4
71865,0
71866,6
71867,2
71868,2
71869,0
71870,4
71871,2
71872,2
71873,2
71874,2
71875,0
71876,2
71877,0
71878,0
71879,4
71880,2
71881,6
71882,3
71883,6
71884,1
71885,3
71886,3
71887,2
71888,2
71889,0
71890,6
71891,1
71892,0
71893,0
71894,0
71895,0
71896,1
71897,3
71898,2
71899,2
71900,0
71901,2
71902,5
71903,4
71904,0
71905,0
71906,2
71907,2
71908,4
71909,0
71910,2
71911,0
71912,4
71913,2
71914,0
71915,0
71916,1
71917,0
71918,0
71919,6
71920,4
71921,2
71922,6
71923,2
71924,2
71925,6
71926,2
71927,1
71928,0
71929,2
71930,0
71931,2
71932,1
71933,2
71934,6
71935,2
71936,2
71937,2
71938,4
71939,2
71940,0
71941,2
71942,0
71943,0
71944,0
71945,0
71946,2
71947,2
71948,6
71949,4
71950,3
71951,2
71952,6
71953,4
71954,2
71955,0
71956,0
71957,2
71958,6
71959,6
71960,6
71961,2
71962,5
71963,0
71964,0
71965,0
71966,0
71967,0
71968,2
71969,2
71970,0
71971,2
71972,3
71973,0
71974,2
71975,0
71976,2
71977,0
71978,6
71979,2
71980,2
71981,6
71982,6
71983,0
71984,2
71985,6
71986,1
71987,1
71988,1
71989,3
71990,2
71991,4
71992,0
71993,1
71994,6
71995,4
71996,0
71997,2
71998,2
71999,2
72000,2
72001,1
72002,5
72003,6
72004,0
72005,2
72006,2
72007,2
72008,0
72009,0
72010,6
72011,1
72012,4
72013,2
72014,6
72015,2
72016,2
72017,2
72018,1
72019,2
72020,1
72021,2
72022,0
72023,1
72024,6
72025,0
72026,0
72027,2
72028,1
72029,2
72030,2
72031,0
72032,0
72033,6
72034,0
72035,3
72036,2
72037,4
72038,2
72039,4
72040,0
72041,4
72042,0
72043,2
72044,2
72045,2
72046,0
72047,5
72048,3
72049,0
72050,1
72051,1
72052,6
72053,4
72054,1
72055,2
72056,3
72057,1
72058,0
72059,2
72060,1
72061,4
72062,0
72063,0
72064,5
72065,0
72066,2
72067,6
72068,6
72069,4
72070,5
72071,2
72072,2
72073,2
72074,2
72075,0
72076,2
72077,2
72078,2
72079,0
72080,2
72081,0
72082,2
72083,0
72084,6
72085,0
72086,0
72087,1
72088,0
72089,0
72090,2
72091,2
72092,2
72093,4
72094,0
72095,2
72096,0
72097,2
72098,0
72099,2
72100,0
72101,2
72102,6
72103,6
72104,6
72105,4
72106,2
72107,2
72108,1
72109,6
72110,6
72111,2
72112,4
72113,2
72114,4
72115,5
72116,6
72117,0
72118,0
72119,2
72120,3
72121,6
72122,2
72123,2
72124,0
72125,2
72126,6
72127,0
72128,0
72129,2
72130,2
72131,0
72132,1
72133,6
72134,2
72135,2
72136,5
72137,0
72138,2
72139,1
72140,0
72141,4
72142,0
72143,0
72144,0
72145,0
72146,0
72147,2
72148,6
72149,0
72150,2
72151,0
72152,4
72153,6
72154,2
72155,2
72156,6
72157,2
72158,2
72159,2
72160,6
72161,2
72162,5
72163,4
72164,2
72165,2
72166,1
72167,5
72168,2
72169,6
72170,4
72171,6
72172,4
72173,2
72174,6
72175,0
72176,2
72177,2
72178,0
72179,2
72180,4
72181,2
72182,2
72183,2
72184,6
72185,1
72186,1
72187,2
72188,2
72189,0
72190,5
72191,6
72192,6
72193,6
72194,2
72195,2
72196,4
72197,2
72198,2
72199,0
72200,6
72201,2
72202,0
72203,0
72204,2
72205,5
72206,6
72207,0
72208,2
72209,1
72210,0
72211,2
72212,2
72213,3
72214,4
72215,2
72216,1
72217,6
72218,2
72219,0
72220,0
72221,4
72222,2
72223,2
72224,0
72225,2
72226,0
72227,0
72228,2
72229,2
72230,2
72231,2
72232,2
72233,4
72234,0
72235,4
72236,0
72237,2
72238,4
72239,0
72240,0
72241,6
72242,2
72243,0
72244,2
72245,1
72246,6
72247,6
72248,2
72249,2
72250,1
72251,0
72252,6
72253,2
72254,0
72255,2
72256,2
72257,5
72258,2
72259,2
72260,2
72261,6
72262,4
72263,2
72264,2
72265,2
72266,0
72267,5
72268,2
72269,2
72270,3
72271,0
72272,6
72273,2
72274,6
72275,3
72276,3
72277,2
72278,0
72279,6
72280,4
72281,2
72282,4
72283,2
72284,0
72285,2
72286,0
72287,4
72288,3
72289,0
72290,6
72291,2
72292,3
72293,1
72294,5
72295,2
72296,2
72297,2
72298,5
72299,4
72300,2
72301,4
72302,2
72303,0
72304,0
72305,0
72306,0
72307,0
72308,6
72309,0
72310,0
72311,2
72312,2
72313,2
72314,1
72315,6
72316,1
72317,6
72318,2
72319,0
72320,0
72321,3
72322,2
72323,5
72324,1
72325,6
72326,0
72327,0
72328,1
72329,2
72330,2
72331,0
72332,2
72333,0
72334,1
72335,2
72336,0
72337,2
72338,3
72339,0
72340,0
72341,3
72342,6
72343,1
72344,0
72345,1
72346,4
72347,3
72348,2
72349,0
72350,1
72351,2
72352,2
72353,2
72354,4
72355,2
72356,0
72357,2
72358,4
72359,2
72360,5
72361,0
72362,2
72363,2
72364,0
72365,2
72366,2
72367,5
72368,2
72369,2
72370,2
72371,6
72372,2
72373,2
72374,0
72375,0
72376,2
72377,0
72378,0
72379,0
72380,2
72381,2
72382,4
72383,0
72384,2
72385,5
72386,6
72387,2
72388,2
72389,1
72390,2
72391,2
72392,6
72393,0
72394,0
72395,2
72396,4
72397,0
72398,4
72399,2
72400,2
72401,1
72402,2
72403,2
72404,2
72405,2
72406,2
72407,2
72408,0
72409,1
72410,4
72411,2
72412,0
72413,2
72414,2
72415,0
72416,2
72417,4
72418,0
72419,6
72420,0
72421,3
72422,0
72423,2
72424,2
72425,2
72426,0
72427,4
72428,0
72429,2
72430,2
72431,2
72432,4
72433,6
72434,0
72435,2
72436,2
72437,0
72438,4
72439,0
72440,2
72441,2
72442,2
72443,0
72444,4
72445,0
72446,6
72447,0
72448,6
72449,0
72450,0
72451,2
72452,2
72453,5
72454,2
72455,2
72456,0
72457,5
72458,0
72459,2
72460,2
72461,6
72462,6
72463,0
72464,6
72465,2
72466,0
72467,2
72468,2
72469,4
72470,2
72471,0
72472,2
72473,2
72474,5
72475,1
72476,2
72477,0
72478,0
72479,0
72480,0
72481,6
72482,2
72483,4
72484,2
72485,3
72486,1
72487,6
72488,6
72489,2
72490,0
72491,5
72492,4
72493,2
72494,0
72495,2
72496,6
72497,2
72498,0
72499,3
72500,2
72501,2
72502,2
72503,2
72504,2
72505,4
72506,2
72507,0
72508,2
72509,0
72510,1
72511,0
72512,1
72513,2
72514,2
72515,6
72516,0
72517,4
72518,2
72519,3
72520,3
72521,0
72522,0
72523,6
72524,0
72525,0
72526,0
72527,0
72528,5
72529,2
72530,4
72531,0
72532,2
72533,1
72534,4
72535,4
72536,2
72537,4
72538,2
72539,1
72540,2
72541,0
72542,4
72543,2
72544,2
72545,2
72546,4
72547,0
72548,2
72549,6
72550,2
72551,0
72552,2
72553,6
72554,6
72555,4
72556,4
72557,2
72558,0
72559,1
72560,0
72561,2
72562,2
72563,2
72564,5
72565,4
72566,3
72567,0
72568,2
72569,0
72570,6
72571,2
72572,2
72573,2
72574,0
72575,2
72576,6
72577,6
72578,0
72579,0
72580,6
72581,0
72582,0
72583,0
72584,0
72585,3
72586,0
72587,4
72588,6
72589,5
72590,1
72591,2
72592,2
72593,5
72594,1
72595,0
72596,0
72597,3
72598,0
72599,2
72600,2
72601,2
72602,4
72603,2
72604,0
72605,4
72606,2
72607,0
72608,5
72609,2
72610,0
72611,1
72612,0
72613,2
72614,0
72615,2
72616,0
72617,1
72618,1
72619,2
72620,2
72621,6
72622,2
72623,6
72624,0
72625,6
72626,2
72627,6
72628,2
72629,0
72630,2
72631,0
72632,2
72633,4
72634,0
72635,1
72636,2
72637,2
72638,2
72639,4
72640,6
72641,2
72642,1
72643,2
72644,6
72645,5
72646,0
72647,2
72648,2
72649,6
72650,6
72651,2
72652,2
72653,4
72654,0
72655,2
72656,2
72657,1
72658,1
72659,1
72660,0
72661,2
72662,0
72663,2
72664,0
72665,0
72666,6
72667,2
72668,0
72669,0
72670,4
72671,2
72672,2
72673,0
72674,0
72675,0
72676,4
72677,0
72678,2
72679,0
72680,0
72681,2
72682,2
72683,4
72684,5
72685,0
72686,2
72687,0
72688,0
72689,6
72690,0
72691,0
72692,0
72693,1
72694,2
72695,2
72696,6
72697,3
72698,2
72699,0
72700,2
72701,5
72702,6
72703,4
72704,2
72705,0
72706,0
72707,6
72708,2
72709,0
72710,2
72711,5
72712,2
72713,0
72714,2
72715,1
72716,6
72717,0
72718,2
72719,0
72720,2
72721,2
72722,0
72723,0
72724,0
72725,1
72726,2
72727,6
72728,5
72729,1
72730,1
72731,5
72732,1
72733,2
72734,6
72735,5
72736,1
72737,2
72738,6
72739,2
72740,0
72741,2
72742,2
72743,3
72744,0
72745,1
72746,1
72747,0
72748,0
72749,2
72750,0
72751,2
72752,6
72753,0
72754,2
72755,2
72756,2
72757,4
72758,0
72759,0
72760,3
72761,0
72762,1
72763,2
72764,6
72765,2
72766,2
72767,0
72768,2
72769,0
72770,2
72771,2
72772,2
72773,2
72774,1
72775,0
72776,2
72777,2
72778,1
72779,6
72780,6
72781,2
72782,2
72783,2
72784,3
72785,6
72786,2
72787,2
72788,0
72789,2
72790,0
72791,0
72792,0
72793,2
72794,0
72795,0
72796,0
72797,2
72798,0
72799,2
72800,6
72801,2
72802,2
72803,4
72804,0
72805,2
72806,0
72807,0
72808,2
72809,2
72810,6
72811,0
72812,0
72813,4
72814,6
72815,2
72816,0
72817,2
72818,2
72819,2
72820,4
72821,6
72822,4
72823,6
72824,1
72825,0
72826,2
72827,1
72828,0
72829,0
72830,2
72831,5
72832,2
72833,0
72834,2
72835,2
72836,6
72837,2
72838,0
72839,6
72840,6
72841,6
72842,2
72843,2
72844,0
72845,5
72846,2
72847,2
72848,2
72849,0
72850,0
72851,0
72852,2
72853,0
72854,5
72855,3
72856,2
72857,0
72858,1
72859,2
72860,2
72861,2
72862,1
72863,4
72864,1
72865,6
72866,1
72867,5
72868,1
72869,6
72870,6
72871,0
72872,2
72873,0
72874,2
72875,0
72876,3
72877,2
72878,2
72879,2
72880,3
72881,2
72882,4
72883,2
72884,2
72885,2
72886,6
72887,0
72888,6
72889,0
72890,2
72891,0
72892,6
72893,0
72894,6
72895,5
72896,4
72897,2
72898,2
72899,2
72900,4
72901,5
72902,2
72903,2
72904,0
72905,2
72906,6
72907,0
72908,2
72909,4
72910,2
72911,2
72912,2
72913,2
72914,2
72915,2
72916,3
72917,2
72918,2
72919,1
72920,2
72921,2
72922,6
72923,2
72924,0
72925,4
72926,2
72927,0
72928,2
72929,0
72930,5
72931,4
72932,1
72933,2
72934,1
72935,2
72936,2
72937,6
72938,1
72939,2
72940,2
72941,6
72942,1
72943,4
72944,5
72945,0
72946,4
72947,5
72948,2
72949,0
72950,2
72951,2
72952,4
72953,6
72954,0
72955,2
72956,2
72957,4
72958,2
72959,2
72960,0
72961,4
72962,2
72963,0
72964,6
72965,0
72966,4
72967,4
72968,2
72969,2
72970,1
72971,0
72972,6
72973,2
72974,1
72975,2
72976,1
72977,2
72978,4
72979,0
72980,6
72981,3
72982,2
72983,2
72984,0
72985,0
72986,6
72987,4
72988,6
72989,0
72990,2
72991,0
72992,4
72993,5
72994,6
72995,1
72996,1
72997,2
72998,2
72999,6
73000,2
73001,6
73002,0
73003,4
73004,2
73005,0
73006,6
73007,0
73008,2
73009,6
73010,2
73011,0
73012,2
73013,0
73014,2
73015,4
73016,3
73017,2
73018,4
73019,2
73020,0
73021,2
73022,1
73023,0
73024,6
73025,2
73026,0
73027,0
73028,4
73029,1
73030,2
73031,2
73032,2
73033,2
73034,2
73035,1
73036,6
73037,3
73038,0
73039,2
73040,6
73041,2
73042,2
73043,0
73044,0
73045,2
73046,6
73047,2
73048,2
73049,2
73050,2
73051,2
73052,4
73053,6
73054,0
73055,0
73056,0
73057,0
73058,0
73059,6
73060,2
73061,4
73062,2
73063,2
73064,2
73065,4
73066,0
73067,2
73068,6
73069,1
73070,1
73071,0
73072,4
73073,5
73074,4
73075,0
73076,6
73077,2
73078,2
73079,1
73080,2
73081,0
73082,2
73083,2
73084,0
73085,0
73086,6
73087,2
73088,1
73089,6
73090,2
73091,2
73092,3
73093,1
73094,2
73095,6
73096,2
73097,3
73098,4
73099,1
73100,2
73101,2
73102,1
73103,0
73104,2
73105,0
73106,2
73107,2
73108,2
73109,0
73110,5
73111,0
73112,2
73113,1
73114,0
73115,0
73116,0
73117,6
73118,2
73119,6
73120,0
73121,2
73122,2
73123,2
73124,2
73125,2
73126,0
73127,1
73128,0
73129,2
73130,2
73131,1
73132,5
73133,2
73134,2
73135,5
73136,2
73137,2
73138,0
73139,2
73140,2
73141,2
73142,0
73143,0
73144,2
73145,6
73146,0
73147,4
73148,1
73149,2
73150,2
73151,2
73152,2
73153,2
73154,1
73155,6
73156,3
73157,1
73158,2
73159,2
73160,6
73161,1
73162,2
73163,0
73164,1
73165,2
73166,2
73167,2
73168,6
73169,2
73170,6
73171,0
73172,4
73173,2
73174,2
73175,2
73176,4
73177,6
73178,1
73179,2
73180,1
73181,2
73182,1
73183,0
73184,2
73185,0
73186,2
73187,2
73188,2
73189,6
73190,2
73191,2
73192,2
73193,0
73194,6
73195,6
73196,0
73197,0
73198,0
73199,4
73200,3
73201,0
73202,2
73203,6
73204,2
73205,0
73206,6
73207,6
73208,0
73209,4
73210,0
73211,6
73212,2
73213,3
73214,2
73215,6
73216,0
73217,0
73218,2
73219,2
73220,6
73221,2
73222,1
73223,0
73224,4
73225,0
73226,0
73227,2
73228,2
73229,2
73230,4
73231,2
73232,0
73233,0
73234,2
73235,0
73236,2
73237,0
73238,0
73239,5
73240,0
73241,2
73242,0
73243,2
73244,3
73245,0
73246,5
73247,0
73248,0
73249,5
73250,2
73251,2
73252,2
73253,6
73254,0
73255,4
73256,3
73257,3
73258,4
73259,1
73260,0
73261,2
73262,2
73263,2
73264,0
73265,2
73266,3
73267,2
73268,0
73269,2
73270,0
73271,2
73272,2
73273,6
73274,3
73275,4
73276,5
73277,2
73278,0
73279,2
73280,0
73281,6
73282,6
73283,0
73284,6
73285,5
73286,4
73287,0
73288,2
73289,5
73290,1
73291,4
73292,2
73293,2
73294,2
73295,0
73296,2
73297,2
73298,0
73299,2
73300,2
73301,2
73302,0
73303,0
73304,2
73305,5
73306,4
73307,2
73308,2
73309,6
73310,2
73311,1
73312,2
73313,0
73314,2
73315,0
73316,1
73317,0
73318,6
73319,6
73320,4
73321,5
73322,0
73323,6
73324,0
73325,0
73326,0
73327,2
73328,0
73329,5
73330,2
73331,0
73332,6
73333,3
73334,0
73335,2
73336,6
73337,2
73338,2
73339,2
73340,0
73341,4
73342,6
73343,2
73344,0
73345,6
73346,2
73347,6
73348,6
73349,2
73350,4
73351,6
73352,6
73353,0
73354,2
73355,6
73356,2
73357,2
73358,6
73359,0
73360,2
73361,0
73362,2
73363,2
73364,2
73365,0
73366,4
73367,2
73368,4
73369,2
73370,0
73371,6
73372,0
73373,0
73374,2
73375,1
73376,0
73377,2
73378,2
73379,6
73380,2
73381,3
73382,2
73383,1
73384,6
73385,0
73386,1
73387,2
73388,2
73389,2
73390,0
73391,2
73392,2
73393,4
73394,2
73395,2
73396,0
73397,1
73398,2
73399,2
73400,6
73401,2
73402,0
73403,1
73404,5
73405,5
73406,2
73407,2
73408,0
73409,4
73410,0
73411,1
73412,2
73413,2
73414,0
73415,0
73416,2
73417,2
73418,6
73419,4
73420,0
73421,6
73422,0
73423,6
73424,0
73425,5
73426,5
73427,6
73428,2
73429,6
73430,4
73431,0
73432,0
73433,6
73434,0
73435,4
73436,2
73437,6
73438,4
73439,2
73440,0
73441,3
73442,6
73443,2
73444,5
73445,4
73446,2
73447,2
73448,2
73449,2
73450,0
73451,2
73452,0
73453,6
73454,0
73455,2
73456,2
73457,2
73458,1
73459,5
73460,2
73461,2
73462,2
73463,0
73464,6
73465,0
73466,6
73467,6
73468,2
73469,2
73470,2
73471,0
73472,4
73473,5
73474,2
73475,1
73476,1
73477,2
73478,6
73479,3
73480,0
73481,2
73482,0
73483,3
73484,2
73485,1
73486,2
73487,4
73488,3
73489,5
73490,2
73491,2
73492,2
73493,3
73494,3
73495,2
73496,6
73497,6
73498,2
73499,2
73500,4
73501,0
73502,4
73503,4
73504,2
73505,4
73506,5
73507,5
73508,2
73509,2
73510,0
73511,2
73512,5
73513,2
73514,6
73515,1
73516,0
73517,1
73518,6
73519,6
73520,0
73521,0
73522,0
73523,0
73524,6
73525,2
73526,2
73527,2
73528,0
73529,4
73530,2
73531,6
73532,0
73533,5
73534,2
73535,4
73536,6
73537,2
73538,4
73539,2
73540,5
73541,2
73542,3
73543,0
73544,2
73545,2
73546,0
73547,6
73548,2
73549,5
73550,2
73551,2
73552,0
73553,4
73554,2
73555,2
73556,4
73557,3
73558,2
73559,2
73560,2
73561,4
73562,0
73563,2
73564,4
73565,4
73566,6
73567,0
73568,0
73569,2
73570,1
73571,2
73572,3
73573,2
73574,5
73575,0
73576,0
73577,0
73578,0
73579,0
73580,0
73581,3
73582,2
73583,4
73584,4
73585,2
73586,0
73587,2
73588,3
73589,0
73590,2
73591,0
73592,0
73593,6
73594,5
73595,2
73596,2
73597,0
73598,0
73599,0
73600,2
73601,0
73602,4
73603,2
73604,6
73605,3
73606,0
73607,1
73608,6
73609,2
73610,2
73611,4
73612,3
73613,2
73614,5
73615,6
73616,0
73617,0
73618,2
73619,2
73620,4
73621,2
73622,6
73623,2
73624,6
73625,6
73626,2
73627,6
73628,1
73629,1
73630,0
73631,0
73632,0
73633,4
73634,0
73635,2
73636,6
73637,1
73638,2
73639,0
73640,0
73641,6
73642,2
73643,2
73644,0
73645,1
73646,2
73647,0
73648,2
73649,2
73650,2
73651,0
73652,1
73653,1
73654,2
73655,0
73656,2
73657,0
73658,0
73659,0
73660,0
73661,0
73662,0
73663,3
73664,0
73665,6
73666,2
73667,5
73668,0
73669,0
73670,0
73671,0
73672,6
73673,0
73674,6
73675,2
73676,6
73677,1
73678,0
73679,6
73680,2
73681,0
73682,4
73683,0
73684,6
73685,2
73686,0
73687,0
73688,2
73689,0
73690,2
73691,4
73692,0
73693,2
73694,4
73695,5
73696,2
73697,2
73698,1
73699,0
73700,0
73701,6
73702,2
73703,1
73704,2
73705,1
73706,2
73707,2
73708,0
73709,0
73710,6
73711,0
73712,0
73713,4
73714,2
73715,0
73716,2
73717,4
73718,0
73719,6
73720,2
73721,0
73722,1
73723,1
73724,2
73725,0
73726,0
73727,2
73728,2
73729,0
73730,2
73731,1
73732,0
73733,2
73734,0
73735,4
73736,0
73737,0
73738,3
73739,6
73740,0
73741,2
73742,2
73743,4
73744,0
73745,2
73746,0
73747,6
73748,2
73749,1
73750,6
73751,2
73752,0
73753,0
73754,1
73755,2
73756,4
73757,2
73758,0
73759,2
73760,2
73761,6
73762,2
73763,1
73764,2
73765,0
73766,4
73767,2
73768,2
73769,2
73770,2
73771,2
73772,3
73773,4
73774,2
73775,2
73776,2
73777,2
73778,1
73779,2
73780,0
73781,0
73782,6
73783,0
73784,2
73785,2
73786,3
73787,0
73788,2
73789,1
73790,5
73791,2
73792,5
73793,2
73794,1
73795,1
73796,0
73797,2
73798,2
73799,2
73800,2
73801,2
73802,2
73803,2
73804,2
73805,1
73806,2
73807,2
73808,2
73809,3
73810,2
73811,5
73812,4
73813,5
73814,2
73815,2
73816,2
73817,6
73818,2
73819,0
73820,3
73821,4
73822,0
73823,6
73824,0
73825,3
73826,2
73827,0
73828,2
73829,2
73830,2
73831,0
73832,2
73833,6
73834,3
73835,3
73836,2
73837,6
73838,0
73839,4
73840,2
73841,6
73842,2
73843,0
73844,0
73845,2
73846,2
73847,0
73848,0
73849,2
73850,2
73851,3
73852,2
73853,6
73854,4
73855,0
73856,0
73857,0
73858,0
73859,2
73860,0
73861,2
73862,2
73863,0
73864,0
73865,1
73866,0
73867,0
73868,5
73869,0
73870,3
73871,3
73872,2
73873,2
73874,2
73875,4
73876,2
73877,5
73878,2
73879,6
73880,6
73881,1
73882,0
73883,0
73884,3
73885,2
73886,0
73887,0
73888,6
73889,2
73890,5
73891,0
73892,2
73893,2
73894,2
73895,0
73896,0
73897,1
73898,0
73899,2
73900,0
73901,5
73902,0
73903,1
73904,2
73905,3
73906,1
73907,2
73908,0
73909,0
73910,1
73911,6
73912,2
73913,1
73914,0
73915,3
73916,3
73917,0
73918,1
73919,1
73920,0
73921,0
73922,2
73923,4
73924,2
73925,0
73926,4
73927,2
73928,6
73929,0
73930,0
73931,0
73932,3
73933,2
73934,1
73935,0
73936,0
73937,6
73938,0
73939,2
73940,3
73941,1
73942,0
73943,2
73944,0
73945,6
73946,1
73947,4
73948,0
73949,6
73950,2
73951,4
73952,2
73953,6
73954,2
73955,0
73956,2
73957,2
73958,2
73959,0
73960,0
73961,5
73962,1
73963,0
73964,4
73965,0
73966,1
73967,0
73968,2
73969,5
73970,2
73971,0
73972,4
73973,2
73974,2
73975,2
73976,0
73977,0
73978,2
73979,2
73980,4
73981,6
73982,1
73983,2
73984,0
73985,2
73986,2
73987,0
73988,4
73989,0
73990,0
73991,5
73992,3
73993,0
73994,2
73995,6
73996,6
73997,0
73998,2
73999,2
74000,0
74001,4
74002,2
74003,2
74004,5
74005,4
74006,1
74007,6
74008,6
74009,6
74010,5
74011,2
74012,2
74013,2
74014,2
74015,0
74016,0
74017,6
74018,1
74019,2
74020,6
74021,0
74022,1
74023,6
74024,2
74025,2
74026,2
74027,4
74028,4
74029,1
74030,0
74031,2
74032,2
74033,0
74034,2
74035,0
74036,1
74037,6
74038,5
74039,2
74040,0
74041,2
74042,2
74043,2
74044,6
74045,4
74046,0
74047,6
74048,4
74049,2
74050,3
74051,2
74052,2
74053,6
74054,2
74055,4
74056,3
74057,0
74058,1
74059,1
74060,6
74061,3
74062,2
74063,2
74064,5
74065,6
74066,2
74067,0
74068,4
74069,6
74070,2
74071,3
74072,2
74073,0
74074,6
74075,2
74076,2
74077,0
74078,2
74079,2
74080,0
74081,0
74082,2
74083,0
74084,3
74085,4
74086,2
74087,0
74088,0
74089,0
74090,2
74091,0
74092,4
74093,5
74094,4
74095,0
74096,0
74097,2
74098,2
74099,2
74100,4
74101,2
74102,2
74103,0
74104,6
74105,2
74106,0
74107,6
74108,2
74109,0
74110,3
74111,6
74112,6
74113,2
74114,6
74115,4
74116,2
74117,4
74118,2
74119,5
74120,0
74121,0
74122,0
74123,0
74124,2
74125,2
74126,1
74127,0
74128,0
74129,0
74130,3
74131,6
74132,3
74133,5
74134,0
74135,2
74136,4
74137,0
74138,6
74139,4
74140,5
74141,0
74142,2
74143,4
74144,2
74145,2
74146,2
74147,0
74148,0
74149,3
74150,0
74151,2
74152,1
74153,6
74154,0
74155,2
74156,1
74157,4
74158,0
74159,2
74160,2
74161,6
74162,6
74163,0
74164,0
74165,0
74166,5
74167,6
74168,4
74169,2
74170,0
74171,0
74172,0
74173,4
74174,5
74175,2
74176,0
74177,2
74178,5
74179,0
74180,2
74181,1
74182,5
74183,2
74184,2
74185,1
74186,1
74187,0
74188,2
74189,4
74190,2
74191,0
74192,4
74193,1
74194,4
74195,0
74196,6
74197,2
74198,0
74199,3
74200,2
74201,0
74202,0
74203,0
74204,2
74205,4
74206,0
74207,2
74208,3
74209,0
74210,2
74211,2
74212,0
74213,5
74214,0
74215,5
74216,6
74217,2
74218,0
74219,2
74220,1
74221,0
74222,6
74223,6
74224,6
74225,4
74226,2
74227,1
74228,3
74229,2
74230,4
74231,2
74232,0
74233,2
74234,2
74235,0
74236,6
74237,6
74238,3
74239,1
74240,2
74241,2
74242,0
74243,6
74244,2
74245,4
74246,2
74247,4
74248,0
74249,2
74250,4
74251,4
74252,2
74253,6
74254,4
74255,2
74256,1
74257,4
74258,0
74259,2
74260,3
74261,3
74262,0
74263,4
74264,1
74265,0
74266,6
74267,4
74268,0
74269,1
74270,6
74271,2
74272,2
74273,2
74274,3
74275,0
74276,0
74277,2
74278,2
74279,2
74280,0
74281,6
74282,4
74283,6
74284,2
74285,2
74286,2
74287,4
74288,3
74289,2
74290,0
74291,6
74292,2
74293,0
74294,0
74295,0
74296,4
74297,3
74298,2
74299,1
74300,0
74301,0
74302,6
74303,4
74304,2
74305,2
74306,2
74307,0
74308,2
74309,2
74310,2
74311,2
74312,0
74313,2
74314,0
74315,2
74316,2
74317,2
74318,0
74319,1
74320,0
74321,2
74322,0
74323,4
74324,2
74325,2
74326,2
74327,0
74328,2
74329,3
74330,2
74331,2
74332,5
74333,0
74334,2
74335,2
74336,3
74337,2
74338,6
74339,0
74340,0
74341,2
74342,6
74343,5
74344,2
74345,2
74346,0
74347,2
74348,0
74349,6
74350,0
74351,2
74352,2
74353,4
74354,1
74355,0
74356,4
74357,0
74358,0
74359,6
74360,6
74361,2
74362,2
74363,0
74364,0
74365,2
74366,6
74367,0
74368,4
74369,2
74370,2
74371,2
74372,6
74373,4
74374,2
74375,3
74376,0
74377,4
74378,6
74379,0
74380,2
74381,5
74382,2
74383,0
74384,2
74385,2
74386,0
74387,1
74388,6
74389,2
74390,0
74391,2
74392,2
74393,6
74394,0
74395,4
74396,0
74397,2
74398,2
74399,0
74400,0
74401,6
74402,2
74403,0
74404,0
74405,0
74406,5
74407,2
74408,2
74409,0
74410,2
74411,2
74412,2
74413,0
74414,2
74415,2
74416,0
74417,1
74418,1
74419,2
74420,2
74421,2
74422,2
74423,0
74424,6
74425,1
74426,0
74427,4
74428,2
74429,4
74430,0
74431,1
74432,2
74433,1
74434,5
74435,3
74436,0
74437,0
74438,6
74439,6
74440,2
74441,2
74442,2
74443,1
74444,4
74445,5
74446,2
74447,6
74448,2
74449,2
74450,2
74451,6
74452,2
74453,0
74454,6
74455,2
74456,2
74457,6
74458,1
74459,1
74460,2
74461,2
74462,0
74463,2
74464,2
74465,2
74466,6
74467,2
74468,3
74469,4
74470,0
74471,1
74472,3
74473,0
74474,2
74475,2
74476,2
74477,0
74478,1
74479,1
74480,2
74481,3
74482,3
74483,0
74484,2
74485,0
74486,2
74487,0
74488,0
74489,0
74490,4
74491,2
74492,6
74493,0
74494,0
74495,0
74496,2
74497,2
74498,1
74499,2
74500,0
74501,4
74502,2
74503,2
74504,1
74505,6
74506,2
74507,2
74508,0
74509,2
74510,4
74511,2
74512,5
74513,3
74514,2
74515,2
74516,5
74517,2
74518,0
74519,2
74520,0
74521,4
74522,2
74523,2
74524,2
74525,2
74526,5
74527,0
74528,0
74529,6
74530,1
74531,2
74532,6
74533,2
74534,2
74535,2
74536,2
74537,0
74538,2
74539,0
74540,0
74541,0
74542,4
74543,4
74544,4
74545,0
74546,0
74547,0
74548,2
74549,2
74550,2
74551,1
74552,2
74553,2
74554,6
74555,3
74556,6
74557,2
74558,0
74559,6
74560,2
74561,0
74562,0
74563,2
74564,1
74565,0
74566,2
74567,2
74568,2
74569,2
74570,4
74571,2
74572,0
74573,2
74574,6
74575,6
74576,2
74577,1
74578,0
74579,2
74580,0
74581,0
74582,2
74583,2
74584,2
74585,1
74586,3
74587,6
74588,6
74589,2
74590,0
74591,0
74592,2
74593,5
74594,6
74595,4
74596,4
74597,5
74598,1
74599,5
74600,6
74601,0
74602,2
74603,1
74604,4
74605,0
74606,2
74607,1
74608,2
74609,0
74610,2
74611,3
74612,2
74613,6
74614,0
74615,2
74616,2
74617,2
74618,3
74619,0
74620,0
74621,6
74622,2
74623,2
74624,0
74625,2
74626,2
74627,6
74628,3
74629,2
74630,4
74631,3
74632,2
74633,2
74634,1
74635,6
74636,1
74637,2
74638,2
74639,4
74640,0
74641,2
74642,1
74643,0
74644,2
74645,0
74646,2
74647,0
74648,2
74649,6
74650,4
74651,0
74652,4
74653,2
74654,5
74655,0
74656,1
74657,2
74658,2
74659,0
74660,1
74661,0
74662,2
74663,2
74664,2
74665,2
74666,4
74667,3
74668,2
74669,2
74670,0
74671,6
74672,5
74673,4
74674,2
74675,2
74676,1
74677,6
74678,6
74679,2
74680,6
74681,2
74682,2
74683,2
74684,6
74685,2
74686,6
74687,6
74688,4
74689,6
74690,3
74691,4
74692,2
74693,0
74694,2
74695,0
74696,2
74697,0
74698,0
74699,1
74700,6
74701,2
74702,6
74703,2
74704,2
74705,2
74706,2
74707,0
74708,2
74709,2
74710,1
74711,5
74712,1
74713,4
74714,4
74715,6
74716,6
74717,0
74718,2
74719,4
74720,0
74721,0
74722,1
74723,0
74724,2
74725,2
74726,0
74727,0
74728,1
74729,1
74730,6
74731,2
74732,0
74733,2
74734,4
74735,6
74736,5
74737,1
74738,1
74739,0
74740,6
74741,5
74742,2
74743,2
74744,4
74745,2
74746,2
74747,6
74748,0
74749,6
74750,0
74751,3
74752,2
74753,0
74754,6
74755,4
74756,1
74757,3
74758,5
74759,0
74760,0
74761,0
74762,0
74763,4
74764,0
74765,0
74766,2
74767,6
74768,6
74769,2
74770,6
74771,4
74772,1
74773,4
74774,4
74775,6
74776,6
74777,2
74778,2
74779,6
74780,2
74781,6
74782,2
74783,0
74784,4
74785,5
74786,5
74787,6
74788,2
74789,2
74790,0
74791,2
74792,2
74793,5
74794,2
74795,1
74796,0
74797,2
74798,2
74799,0
74800,4
74801,4
74802,0
74803,0
74804,6
74805,6
74806,2
74807,2
74808,2
74809,4
74810,0
74811,2
74812,2
74813,2
74814,0
74815,0
74816,2
74817,0
74818,0
74819,2
74820,6
74821,4
74822,6
74823,6
74824,4
74825,2
74826,0
74827,2
74828,2
74829,0
74830,2
74831,0
74832,2
74833,6
74834,1
74835,6
74836,4
74837,2
74838,0
74839,3
74840,2
74841,0
74842,0
74843,2
74844,0
74845,0
74846,2
74847,1
74848,1
74849,1
74850,0
74851,2
74852,1
74853,6
74854,4
74855,2
74856,4
74857,2
74858,0
74859,0
74860,0
74861,2
74862,2
74863,0
74864,0
74865,1
74866,2
74867,2
74868,1
74869,2
74870,5
74871,0
74872,2
74873,2
74874,1
74875,6
74876,0
74877,5
74878,0
74879,2
74880,4
74881,4
74882,0
74883,0
74884,0
74885,2
74886,4
74887,2
74888,0
74889,2
74890,1
74891,2
74892,0
74893,4
74894,4
74895,6
74896,2
74897,4
74898,3
74899,2
74900,6
74901,6
74902,1
74903,2
74904,2
74905,5
74906,0
74907,4
74908,0
74909,0
74910,1
74911,0
74912,2
74913,2
74914,0
74915,6
74916,0
74917,2
74918,2
74919,2
74920,2
74921,2
74922,3
74923,2
74924,2
74925,2
74926,2
74927,6
74928,4
74929,6
74930,6
74931,2
74932,5
74933,2
74934,6
74935,0
74936,0
74937,1
74938,2
74939,0
74940,2
74941,0
74942,0
74943,2
74944,1
74945,2
74946,2
74947,5
74948,4
74949,0
74950,1
74951,2
74952,2
74953,2
74954,5
74955,4
74956,2
74957,6
74958,0
74959,0
74960,4
74961,3
74962,2
74963,0
74964,2
74965,2
74966,0
74967,0
74968,2
74969,0
74970,0
74971,1
74972,0
74973,0
74974,0
74975,2
74976,2
74977,2
74978,0
74979,2
74980,0
74981,4
74982,6
74983,1
74984,3
74985,2
74986,6
74987,3
74988,6
74989,6
74990,2
74991,6
74992,2
74993,3
74994,2
74995,0
74996,3
74997,0
74998,2
74999,0
75000,4
75001,0
75002,0
75003,2
75004,4
75005,3
75006,2
75007,4
75008,4
75009,2
75010,0
75011,2
75012,0
75013,0
75014,0
75015,4
75016,6
75017,0
75018,2
75019,6
75020,1
75021,0
75022,4
75023,2
75024,6
75025,0
75026,2
75027,2
75028,6
75029,2
75030,2
75031,6
75032,6
75033,6
75034,6
75035,0
75036,4
75037,2
75038,0
75039,2
75040,4
75041,1
75042,0
75043,6
75044,2
75045,2
75046,2
75047,2
75048,0
75049,2
75050,3
75051,2
75052,0
75053,2
75054,4
75055,0
75056,6
75057,2
75058,2
75059,2
75060,0
75061,2
75062,4
75063,6
75064,2
75065,5
75066,0
75067,2
75068,3
75069,0
75070,2
75071,2
75072,3
75073,2
75074,3
75075,4
75076,5
75077,2
75078,2
75079,0
75080,0
75081,6
75082,2
75083,6
75084,2
75085,6
75086,0
75087,6
75088,5
75089,0
75090,6
75091,0
75092,0
75093,4
75094,2
75095,2
75096,0
75097,2
75098,2
75099,0
75100,3
75101,6
75102,1
75103,2
75104,2
75105,2
75106,2
75107,6
75108,4
75109,1
75110,0
75111,2
75112,5
75113,2
75114,0
75115,2
75116,1
75117,2
75118,4
75119,2
75120,6
75121,1
75122,2
75123,2
75124,2
75125,2
75126,6
75127,2
75128,1
75129,6
75130,6
75131,2
75132,0
75133,6
75134,6
75135,2
75136,1
75137,2
75138,6
75139,0
75140,2
75141,4
75142,2
75143,6
75144,2
75145,0
75146,0
75147,2
75148,0
75149,2
75150,2
75151,3
75152,2
75153,5
75154,4
75155,1
75156,6
75157,2
75158,0
75159,2
75160,5
75161,0
75162,2
75163,1
75164,0
75165,6
75166,2
75167,2
75168,2
75169,6
75170,0
75171,2
75172,2
75173,2
75174,0
75175,0
75176,6
75177,3
75178,6
75179,0
75180,2
75181,4
75182,6
75183,2
75184,0
75185,0
75186,6
75187,2
75188,6
75189,0
75190,2
75191,2
75192,2
75193,6
75194,2
75195,6
75196,2
75197,2
75198,0
75199,2
75200,0
75201,2
75202,0
75203,0
75204,0
75205,0
75206,0
75207,1
75208,0
75209,2
75210,1
75211,0
75212,6
75213,6
75214,2
75215,4
75216,0
75217,0
75218,2
75219,1
75220,4
75221,4
75222,6
75223,1
75224,4
75225,2
75226,2
75227,1
75228,2
75229,2
75230,0
75231,0
75232,0
75233,0
75234,2
75235,0
75236,0
75237,2
75238,2
75239,3
75240,4
75241,2
75242,0
75243,2
75244,1
75245,3
75246,2
75247,0
75248,2
75249,2
75250,2
75251,0
75252,0
75253,4
75254,4
75255,0
75256,0
75257,2
75258,4
75259,2
75260,0
75261,2
75262,3
75263,4
75264,6
75265,1
75266,2
75267,6
75268,0
75269,6
75270,2
75271,0
75272,2
75273,0
75274,3
75275,2
75276,5
75277,6
75278,0
75279,0
75280,2
75281,0
75282,2
75283,6
75284,0
75285,2
75286,2
75287,2
75288,6
75289,3
75290,2
75291,2
75292,2
75293,2
75294,2
75295,2
75296,1
75297,6
75298,5
75299,1
75300,2
75301,6
75302,6
75303,2
75304,2
75305,2
75306,4
75307,0
75308,1
75309,6
75310,0
75311,0
75312,0
75313,3
75314,0
75315,2
75316,2
75317,5
75318,3
75319,2
75320,4
75321,0
75322,4
75323,2
75324,0
75325,0
75326,0
75327,2
75328,4
75329,2
75330,2
75331,6
75332,0
75333,5
75334,2
75335,3
75336,2
75337,0
75338,2
75339,2
75340,2
75341,2
75342,4
75343,0
75344,5
75345,2
75346,4
75347,2
75348,2
75349,2
75350,0
75351,2
75352,0
75353,0
75354,6
75355,2
75356,6
75357,2
75358,2
75359,3
75360,2
75361,0
75362,6
75363,2
75364,3
75365,2
75366,4
75367,0
75368,0
75369,1
75370,4
75371,1
75372,2
75373,0
75374,5
75375,2
75376,6
75377,6
75378,2
75379,1
75380,2
75381,4
75382,2
75383,2
75384,2
75385,2
75386,6
75387,5
75388,1
75389,6
75390,2
75391,0
75392,1
75393,5
75394,2
75395,0
75396,2
75397,0
75398,2
75399,0
75400,2
75401,2
75402,4
75403,2
75404,2
75405,2
75406,0
75407,2
75408,5
75409,2
75410,0
75411,2
75412,2
75413,2
75414,2
75415,2
75416,4
75417,2
75418,2
75419,6
75420,0
75421,6
75422,2
75423,0
75424,2
75425,0
75426,0
75427,2
75428,3
75429,1
75430,0
75431,2
75432,2
75433,0
75434,2
75435,4
75436,2
75437,1
75438,4
75439,5
75440,3
75441,0
75442,0
75443,6
75444,4
75445,6
75446,0
75447,2
75448,2
75449,6
75450,2
75451,0
75452,0
75453,1
75454,0
75455,6
75456,2
75457,0
75458,1
75459,0
75460,2
75461,6
75462,2
75463,2
75464,2
75465,4
75466,0
75467,6
75468,2
75469,6
75470,6
75471,1
75472,2
75473,2
75474,4
75475,4
75476,6
75477,6
75478,2
75479,4
75480,6
75481,0
75482,0
75483,2
75484,1
75485,4
75486,2
75487,5
75488,2
75489,2
75490,6
75491,0
75492,6
75493,6
75494,0
75495,1
75496,1
75497,0
75498,2
75499,3
75500,6
75501,6
75502,4
75503,0
75504,2
75505,2
75506,6
75507,2
75508,2
75509,1
75510,0
75511,5
75512,2
75513,4
75514,6
75515,1
75516,0
75517,0
75518,3
75519,2
75520,6
75521,2
75522,2
75523,6
75524,0
75525,5
75526,1
75527,2
75528,4
75529,2
75530,5
75531,2
75532,2
75533,0
75534,0
75535,6
75536,2
75537,0
75538,4
75539,6
75540,5
75541,5
75542,6
75543,2
75544,6
75545,0
75546,2
75547,6
75548,0
75549,0
75550,6
75551,2
75552,0
75553,2
75554,2
75555,4
75556,2
75557,2
75558,0
75559,4
75560,2
75561,2
75562,0
75563,6
75564,0
75565,0
75566,1
75567,2
75568,1
75569,6
75570,6
75571,1
75572,2
75573,6
75574,0
75575,2
75576,0
75577,0
75578,4
75579,3
75580,5
75581,6
75582,6
75583,4
75584,2
75585,0
75586,2
75587,6
75588,4
75589,5
75590,3
75591,0
75592,0
75593,2
75594,2
75595,6
75596,0
75597,4
75598,2
75599,2
75600,2
75601,1
75602,6
75603,2
75604,2
75605,0
75606,4
75607,6
75608,0
75609,2
75610,2
75611,2
75612,2
75613,0
75614,3
75615,4
75616,0
75617,6
75618,2
75619,4
75620,5
75621,2
75622,2
75623,4
75624,3
75625,3
75626,3
75627,6
75628,2
75629,0
75630,0
75631,0
75632,2
75633,0
75634,6
75635,2
75636,2
75637,2
75638,5
75639,4
75640,3
75641,5
75642,2
75643,4
75644,0
75645,1
75646,2
75647,5
75648,2
75649,6
75650,5
75651,2
75652,2
75653,5
75654,0
75655,2
75656,2
75657,4
75658,2
75659,0
75660,0
75661,3
75662,2
75663,2
75664,2
75665,4
75666,2
75667,0
75668,2
75669,4
75670,6
75671,2
75672,0
75673,0
75674,2
75675,2
75676,0
75677,4
75678,1
75679,6
75680,2
75681,2
75682,2
75683,1
75684,2
75685,2
75686,2
75687,2
75688,0
75689,0
75690,0
75691,2
75692,3
75693,6
75694,3
75695,2
75696,6
75697,1
75698,2
75699,4
75700,2
75701,2
75702,6
75703,4
75704,2
75705,1
75706,3
75707,5
75708,4
75709,2
75710,5
75711,3
75712,2
75713,3
75714,0
75715,5
75716,2
75717,0
75718,6
75719,2
75720,0
75721,6
75722,2
75723,2
75724,2
75725,2
75726,6
75727,6
75728,6
75729,3
75730,2
75731,2
75732,0
75733,0
75734,2
75735,0
75736,6
75737,5
75738,2
75739,0
75740,0
75741,4
75742,2
75743,1
75744,2
75745,3
75746,4
75747,6
75748,2
75749,2
75750,0
75751,0
75752,0
75753,6
75754,2
75755,2
75756,4
75757,4
75758,0
75759,2
75760,3
75761,6
75762,6
75763,6
75764,2
75765,6
75766,3
75767,2
75768,0
75769,2
75770,4
75771,0
75772,4
75773,5
75774,2
75775,2
75776,6
75777,1
75778,2
75779,1
75780,2
75781,0
75782,6
75783,2
75784,6
75785,0
75786,6
75787,2
75788,2
75789,2
75790,2
75791,2
75792,2
75793,4
75794,2
75795,1
75796,6
75797,4
75798,2
75799,2
75800,2
75801,2
75802,6
75803,2
75804,0
75805,4
75806,0
75807,2
75808,2
75809,2
75810,0
75811,2
75812,2
75813,3
75814,0
75815,6
75816,6
75817,2
75818,5
75819,3
75820,0
75821,0
75822,0
75823,2
75824,2
75825,2
75826,0
75827,2
75828,2
75829,2
75830,0
75831,3
75832,6
75833,3
75834,0
75835,0
75836,0
75837,0
75838,0
75839,0
75840,0
75841,2
75842,6
75843,0
75844,0
75845,2
75846,0
75847,6
75848,0
75849,2
75850,2
75851,2
75852,0
75853,1
75854,1
75855,4
75856,4
75857,2
75858,6
75859,2
75860,5
75861,0
75862,2
75863,0
75864,0
75865,5
75866,2
75867,2
75868,2
75869,4
75870,2
75871,5
75872,1
75873,0
75874,2
75875,4
75876,4
75877,3
75878,2
75879,0
75880,0
75881,3
75882,2
75883,2
75884,5
75885,6
75886,1
75887,3
75888,2
75889,3
75890,0
75891,1
75892,2
75893,0
75894,0
75895,0
75896,4
75897,1
75898,2
75899,2
75900,2
75901,2
75902,0
75903,0
75904,2
75905,2
75906,4
75907,4
75908,2
75909,1
75910,6
75911,2
75912,2
75913,4
75914,6
75915,4
75916,4
75917,6
75918,0
75919,5
75920,2
75921,2
75922,1
75923,2
75924,0
75925,2
75926,2
75927,2
75928,2
75929,5
75930,2
75931,0
75932,0
75933,0
75934,0
75935,2
75936,0
75937,2
75938,6
75939,2
75940,6
75941,4
75942,0
75943,4
75944,2
75945,0
75946,0
75947,2
75948,2
75949,6
75950,1
75951,2
75952,2
75953,4
75954,6
75955,2
75956,2
75957,5
75958,2
75959,2
75960,6
75961,5
75962,4
75963,0
75964,4
75965,0
75966,2
75967,2
75968,1
75969,0
75970,2
75971,2
75972,4
75973,2
75974,4
75975,2
75976,2
75977,2
75978,2
75979,2
75980,6
75981,2
75982,1
75983,0
75984,6
75985,1
75986,2
75987,0
75988,2
75989,2
75990,0
75991,0
75992,4
75993,0
75994,2
75995,0
75996,1
75997,6
75998,2
75999,0
76000,2
76001,0
76002,6
76003,2
76004,2
76005,6
76006,0
76007,0
76008,3
76009,2
76010,0
76011,2
76012,2
76013,2
76014,2
76015,0
76016,2
76017,2
76018,2
76019,2
76020,0
76021,0
76022,0
76023,2
76024,0
76025,5
76026,1
76027,2
76028,0
76029,1
76030,0
76031,0
76032,0
76033,0
76034,4
76035,6
76036,0
76037,2
76038,2
76039,0
76040,1
76041,2
76042,2
76043,2
76044,0
76045,2
76046,6
76047,4
76048,2
76049,5
76050,2
76051,0
76052,2
76053,2
76054,0
76055,5
76056,6
76057,0
76058,2
76059,0
76060,0
76061,0
76062,0
76063,0
76064,2
76065,6
76066,2
76067,2
76068,6
76069,1
76070,0
76071,4
76072,0
76073,3
76074,4
76075,2
76076,2
76077,4
76078,2
76079,6
76080,6
76081,2
76082,0
76083,2
76084,4
76085,2
76086,4
76087,2
76088,2
76089,3
76090,4
76091,6
76092,2
76093,2
76094,0
76095,2
76096,2
76097,3
76098,0
76099,2
76100,2
76101,2
76102,0
76103,2
76104,1
76105,0
76106,0
76107,2
76108,2
76109,0
76110,0
76111,4
76112,6
76113,4
76114,2
76115,1
76116,0
76117,2
76118,6
76119,0
76120,4
76121,0
76122,0
76123,5
76124,0
76125,2
76126,2
76127,3
76128,2
76129,2
76130,0
76131,4
76132,4
76133,5
76134,5
76135,2
76136,1
76137,0
76138,2
76139,2
76140,2
76141,0
76142,0
76143,6
76144,0
76145,1
76146,2
76147,2
76148,0
76149,6
76150,0
76151,2
76152,3
76153,2
76154,0
76155,2
76156,2
76157,0
76158,0
76159,0
76160,2
76161,0
76162,0
76163,4
76164,2
76165,4
76166,2
76167,0
76168,2
76169,2
76170,1
76171,0
76172,2
76173,4
76174,0
76175,5
76176,2
76177,2
76178,0
76179,2
76180,0
76181,2
76182,4
76183,0
76184,2
76185,3
76186,0
76187,1
76188,2
76189,2
76190,2
76191,2
76192,2
76193,0
76194,2
76195,6
76196,2
76197,3
76198,2
76199,3
76200,2
76201,5
76202,0
76203,0
76204,2
76205,2
76206,4
76207,0
76208,2
76209,3
76210,0
76211,0
76212,0
76213,2
76214,0
76215,2
76216,2
76217,0
76218,2
76219,2
76220,4
76221,0
76222,4
76223,0
76224,6
76225,0
76226,2
76227,2
76228,0
76229,2
76230,0
76231,2
76232,6
76233,6
76234,2
76235,1
76236,0
76237,0
76238,6
76239,0
76240,0
76241,0
76242,1
76243,5
76244,0
76245,5
76246,4
76247,5
76248,0
76249,0
76250,0
76251,2
76252,0
76253,2
76254,6
76255,1
76256,2
76257,2
76258,6
76259,2
76260,2
76261,0
76262,0
76263,0
76264,5
76265,4
76266,0
76267,2
76268,6
76269,2
76270,2
76271,6
76272,2
76273,0
76274,0
76275,0
76276,2
76277,0
76278,2
76279,2
76280,2
76281,2
76282,0
76283,2
76284,0
76285,2
76286,6
76287,4
76288,4
76289,2
76290,4
76291,2
76292,2
76293,2
76294,2
76295,2
76296,2
76297,0
76298,2
76299,5
76300,3
76301,6
76302,6
76303,0
76304,0
76305,2
76306,2
76307,6
76308,2
76309,6
76310,5
76311,2
76312,5
76313,4
76314,0
76315,2
76316,2
76317,6
76318,5
76319,2
76320,2
76321,0
76322,4
76323,1
76324,6
76325,2
76326,2
76327,3
76328,0
76329,6
76330,2
76331,0
76332,3
76333,2
76334,5
76335,0
76336,2
76337,6
76338,3
76339,0
76340,4
76341,2
76342,6
76343,0
76344,6
76345,4
76346,6
76347,2
76348,5
76349,2
76350,2
76351,0
76352,2
76353,6
76354,2
76355,0
76356,5
76357,2
76358,6
76359,2
76360,2
76361,0
76362,1
76363,0
76364,0
76365,0
76366,1
76367,6
76368,6
76369,6
76370,0
76371,0
76372,6
76373,4
76374,2
76375,4
76376,2
76377,2
76378,6
76379,6
76380,0
76381,0
76382,1
76383,0
76384,2
76385,1
76386,1
76387,0
76388,2
76389,1
76390,2
76391,3
76392,0
76393,6
76394,0
76395,2
76396,2
76397,4
76398,0
76399,2
76400,0
76401,0
76402,5
76403,2
76404,2
76405,0
76406,4
76407,0
76408,4
76409,0
76410,2
76411,2
76412,5
76413,2
76414,6
76415,2
76416,2
76417,2
76418,6
76419,3
76420,4
76421,2
76422,0
76423,0
76424,4
76425,2
76426,6
76427,0
76428,4
76429,2
76430,2
76431,0
76432,2
76433,2
76434,4
76435,0
76436,0
76437,2
76438,5
76439,0
76440,2
76441,2
76442,0
76443,2
76444,5
76445,0
76446,2
76447,6
76448,0
76449,4
76450,2
76451,6
76452,0
76453,0
76454,0
76455,2
76456,4
76457,6
76458,2
76459,2
76460,2
76461,4
76462,2
76463,6
76464,2
76465,2
76466,0
76467,2
76468,2
76469,0
76470,0
76471,3
76472,2
76473,0
76474,0
76475,6
76476,5
76477,1
76478,0
76479,4
76480,0
76481,0
76482,2
76483,2
76484,2
76485,2
76486,2
76487,0
76488,2
76489,6
76490,5
76491,6
76492,0
76493,1
76494,2
76495,6
76496,2
76497,0
76498,2
76499,6
76500,0
76501,0
76502,2
76503,4
76504,6
76505,2
76506,2
76507,0
76508,2
76509,4
76510,1
76511,0
76512,1
76513,4
76514,0
76515,2
76516,2
76517,2
76518,6
76519,6
76520,3
76521,2
76522,2
76523,2
76524,2
76525,1
76526,0
76527,4
76528,6
76529,2
76530,2
76531,2
76532,2
76533,2
76534,1
76535,0
76536,2
76537,0
76538,1
76539,6
76540,1
76541,2
76542,6
76543,2
76544,2
76545,2
76546,2
76547,2
76548,0
76549,2
76550,0
76551,2
76552,0
76553,2
76554,0
76555,6
76556,2
76557,2
76558,6
76559,4
76560,1
76561,6
76562,2
76563,0
76564,3
76565,2
76566,4
76567,6
76568,0
76569,2
76570,2
76571,0
76572,2
76573,2
76574,0
76575,2
76576,1
76577,2
76578,6
76579,1
76580,2
76581,2
76582,0
76583,2
76584,6
76585,4
76586,6
76587,2
76588,2
76589,6
76590,0
76591,2
76592,0
76593,0
76594,6
76595,5
76596,5
76597,3
76598,1
76599,0
76600,0
76601,0
76602,4
76603,6
76604,6
76605,2
76606,2
76607,6
76608,1
76609,6
76610,2
76611,4
76612,6
76613,1
76614,0
76615,2
76616,0
76617,2
76618,2
76619,6
76620,3
76621,0
76622,0
76623,6
76624,4
76625,2
76626,2
76627,0
76628,2
76629,0
76630,0
76631,2
76632,1
76633,0
76634,0
76635,5
76636,6
76637,2
76638,0
76639,5
76640,2
76641,2
76642,0
76643,4
76644,2
76645,0
76646,2
76647,2
76648,4
76649,2
76650,0
76651,4
76652,0
76653,0
76654,0
76655,0
76656,0
76657,0
76658,0
76659,2
76660,0
76661,6
76662,0
76663,6
76664,0
76665,6
76666,2
76667,4
76668,0
76669,1
76670,0
76671,2
76672,0
76673,2
76674,3
76675,2
76676,0
76677,3
76678,4
76679,0
76680,2
76681,6
76682,6
76683,0
76684,0
76685,2
76686,0
76687,2
76688,2
76689,1
76690,6
76691,0
76692,4
76693,2
76694,1
76695,4
76696,3
76697,6
76698,0
76699,0
76700,0
76701,0
76702,2
76703,2
76704,2
76705,2
76706,2
76707,2
76708,1
76709,2
76710,0
76711,3
76712,2
76713,1
76714,2
76715,0
76716,6
76717,1
76718,0
76719,2
76720,2
76721,3
76722,2
76723,1
76724,2
76725,0
76726,1
76727,0
76728,6
76729,1
76730,4
76731,4
76732,2
76733,0
76734,0
76735,0
76736,2
76737,4
76738,0
76739,1
76740,2
76741,2
76742,0
76743,6
76744,3
76745,1
76746,6
76747,6
76748,0
76749,3
76750,5
76751,3
76752,2
76753,2
76754,2
76755,2
76756,0
76757,0
76758,2
76759,2
76760,2
76761,6
76762,6
76763,0
76764,3
76765,3
76766,1
76767,2
76768,0
76769,2
76770,2
76771,6
76772,2
76773,0
76774,0
76775,2
76776,2
76777,4
76778,0
76779,3
76780,6
76781,6
76782,2
76783,6
76784,4
76785,2
76786,6
76787,2
76788,1
76789,0
76790,1
76791,2
76792,1
76793,2
76794,2
76795,5
76796,2
76797,4
76798,2
76799,0
76800,0
76801,4
76802,2
76803,0
76804,3
76805,0
76806,2
76807,4
76808,4
76809,2
76810,0
76811,0
76812,3
76813,3
76814,0
76815,0
76816,6
76817,4
76818,0
76819,0
76820,2
76821,2
76822,2
76823,4
76824,0
76825,4
76826,2
76827,3
76828,0
76829,0
76830,2
76831,2
76832,2
76833,4
76834,1
76835,2
76836,1
76837,2
76838,2
76839,2
76840,0
76841,0
76842,2
76843,0
76844,2
76845,6
76846,0
76847,0
76848,0
76849,2
76850,1
76851,2
76852,2
76853,1
76854,2
76855,2
76856,0
76857,3
76858,2
76859,0
76860,3
76861,4
76862,2
76863,6
76864,6
76865,3
76866,1
76867,0
76868,2
76869,0
76870,2
76871,0
76872,3
76873,3
76874,5
76875,0
76876,6
76877,4
76878,0
76879,6
76880,2
76881,2
76882,6
76883,6
76884,5
76885,0
76886,2
76887,6
76888,0
76889,2
76890,5
76891,2
76892,1
76893,2
76894,0
76895,2
76896,6
76897,4
76898,1
76899,0
76900,0
76901,2
76902,2
76903,2
76904,3
76905,6
76906,2
76907,2
76908,6
76909,6
76910,0
76911,6
76912,6
76913,2
76914,5
76915,0
76916,4
76917,2
76918,6
76919,6
76920,4
76921,2
76922,0
76923,0
76924,1
76925,2
76926,6
76927,2
76928,2
76929,2
76930,4
76931,1
76932,2
76933,2
76934,2
76935,6
76936,1
76937,2
76938,1
76939,0
76940,2
76941,1
76942,2
76943,0
76944,2
76945,6
76946,4
76947,2
76948,0
76949,2
76950,6
76951,3
76952,2
76953,4
76954,0
76955,0
76956,2
76957,4
76958,4
76959,2
76960,2
76961,2
76962,2
76963,2
76964,0
76965,2
76966,6
76967,6
76968,2
76969,0
76970,4
76971,2
76972,4
76973,2
76974,0
76975,0
76976,2
76977,0
76978,6
76979,0
76980,2
76981,6
76982,0
76983,6
76984,0
76985,2
76986,0
76987,0
76988,0
76989,1
76990,0
76991,2
76992,2
76993,2
76994,4
76995,2
76996,0
76997,6
76998,2
76999,2
77000,5
77001,0
77002,5
77003,0
77004,2
77005,1
77006,2
77007,4
77008,0
77009,2
77010,6
77011,2
77012,3
77013,0
77014,2
77015,6
77016,2
77017,1
77018,2
77019,0
77020,0
77021,4
77022,2
77023,2
77024,0
77025,0
77026,2
77027,0
77028,2
77029,2
77030,2
77031,0
77032,2
77033,2
77034,1
77035,2
77036,2
77037,2
77038,2
77039,2
77040,2
77041,6
77042,2
77043,2
77044,0
77045,6
77046,0
77047,6
77048,6
77049,4
77050,3
77051,2
77052,1
77053,2
77054,2
77055,0
77056,5
77057,6
77058,6
77059,6
77060,2
77061,2
77062,2
77063,2
77064,2
77065,6
77066,0
77067,0
77068,6
77069,6
77070,2
77071,2
77072,6
77073,5
77074,2
77075,2
77076,0
77077,6
77078,2
77079,0
77080,2
77081,2
77082,0
77083,6
77084,5
77085,6
77086,2
77087,0
77088,2
77089,2
77090,0
77091,2
77092,2
77093,0
77094,0
77095,0
77096,0
77097,2
77098,0
77099,2
77100,0
77101,2
77102,0
77103,2
77104,2
77105,2
77106,2
77107,0
77108,2
77109,3
77110,2
77111,2
77112,4
77113,3
77114,4
77115,0
77116,4
77117,3
77118,1
77119,6
77120,2
77121,0
77122,2
77123,1
77124,2
77125,0
77126,2
77127,2
77128,2
77129,2
77130,0
77131,6
77132,0
77133,0
77134,6
77135,5
77136,2
77137,6
77138,0
77139,6
77140,0
77141,6
77142,2
77143,1
77144,2
77145,6
77146,6
77147,2
77148,4
77149,2
77150,0
77151,2
77152,2
77153,2
77154,4
77155,4
77156,0
77157,2
77158,2
77159,2
77160,0
77161,0
77162,5
77163,2
77164,2
77165,4
77166,2
77167,2
77168,2
77169,3
77170,6
77171,2
77172,3
77173,6
77174,4
77175,0
77176,1
77177,6
77178,4
77179,0
77180,0
77181,0
77182,1
77183,2
77184,6
77185,2
77186,0
77187,2
77188,3
77189,2
77190,2
77191,0
77192,3
77193,6
77194,2
77195,2
77196,2
77197,0
77198,0
77199,2
77200,0
77201,0
77202,1
77203,4
77204,2
77205,1
77206,2
77207,2
77208,6
77209,0
77210,2
77211,0
77212,4
77213,2
77214,2
77215,4
77216,0
77217,5
77218,0
77219,2
77220,2
77221,2
77222,2
77223,6
77224,6
77225,2
77226,2
77227,5
77228,0
77229,6
77230,3
77231,6
77232,0
77233,3
77234,0
77235,0
77236,1
77237,2
77238,2
77239,2
77240,2
77241,0
77242,2
77243,3
77244,6
77245,0
77246,0
77247,0
77248,2
77249,0
77250,0
77251,2
77252,2
77253,2
77254,1
77255,2
77256,3
77257,0
77258,2
77259,2
77260,2
77261,0
77262,0
77263,6
77264,0
77265,2
77266,0
77267,2
77268,5
77269,0
77270,4
77271,2
77272,2
77273,2
77274,1
77275,2
77276,6
77277,2
77278,0
77279,2
77280,0
77281,2
77282,4
77283,2
77284,6
77285,0
77286,6
77287,0
77288,2
77289,1
77290,0
77291,4
77292,6
77293,2
77294,6
77295,2
77296,2
77297,2
77298,2
77299,1
77300,2
77301,6
77302,0
77303,0
77304,6
77305,4
77306,0
77307,0
77308,2
77309,4
77310,2
77311,3
77312,6
77313,2
77314,2
77315,6
77316,0
77317,2
77318,2
77319,3
77320,0
77321,5
77322,0
77323,6
77324,2
77325,2
77326,2
77327,0
77328,3
77329,2
77330,0
77331,2
77332,1
77333,2
77334,0
77335,3
77336,2
77337,2
77338,4
77339,1
77340,0
77341,3
77342,2
77343,5
77344,2
77345,6
77346,2
77347,2
77348,2
77349,1
77350,2
77351,2
77352,5
77353,2
77354,0
77355,0
77356,0
77357,0
77358,1
77359,0
77360,2
77361,3
77362,2
77363,6
77364,0
77365,6
77366,6
77367,2
77368,0
77369,2
77370,0
77371,2
77372,0
77373,2
77374,0
77375,2
77376,0
77377,6
77378,0
77379,0
77380,0
77381,0
77382,6
77383,6
77384,2
77385,4
77386,2
77387,2
77388,1
77389,2
77390,1
77391,4
77392,1
77393,2
77394,0
77395,2
77396,3
77397,4
77398,2
77399,4
77400,0
77401,2
77402,6
77403,0
77404,2
77405,2
77406,5
77407,0
77408,2
77409,2
77410,6
77411,6
77412,6
77413,0
77414,2
77415,4
77416,5
77417,1
77418,2
77419,2
77420,2
77421,0
77422,0
77423,2
77424,0
77425,0
77426,0
77427,1
77428,0
77429,2
77430,2
77431,2
77432,2
77433,6
77434,2
77435,0
77436,2
77437,6
77438,2
77439,1
77440,4
77441,3
77442,0
77443,0
77444,1
77445,2
77446,6
77447,2
77448,2
77449,1
77450,1
77451,3
77452,0
77453,0
77454,0
77455,6
77456,2
77457,2
77458,2
77459,2
77460,6
77461,1
77462,4
77463,6
77464,1
77465,0
77466,2
77467,0
77468,0
77469,2
77470,2
77471,1
77472,0
77473,4
77474,2
77475,4
77476,2
77477,5
77478,6
77479,0
77480,2
77481,0
77482,4
77483,3
77484,2
77485,6
77486,4
77487,1
77488,2
77489,3
77490,2
77491,2
77492,1
77493,4
77494,1
77495,3
77496,0
77497,2
77498,1
77499,1
77500,1
77501,2
77502,2
77503,0
77504,6
77505,6
77506,0
77507,4
77508,0
77509,6
77510,0
77511,5
77512,2
77513,5
77514,0
77515,0
77516,1
77517,4
77518,3
77519,4
77520,2
77521,0
77522,6
77523,3
77524,2
77525,2
77526,0
77527,0
77528,6
77529,1
77530,2
77531,2
77532,4
77533,0
77534,2
77535,6
77536,2
77537,2
77538,0
77539,5
77540,1
77541,0
77542,1
77543,2
77544,0
77545,4
77546,2
77547,2
77548,2
77549,0
77550,2
77551,2
77552,5
77553,0
77554,0
77555,2
77556,2
77557,3
77558,1
77559,2
77560,2
77561,3
77562,6
77563,4
77564,6
77565,2
77566,3
77567,6
77568,2
77569,0
77570,2
77571,2
77572,2
77573,0
77574,1
77575,2
77576,6
77577,6
77578,2
77579,2
77580,2
77581,0
77582,0
77583,0
77584,6
77585,2
77586,2
77587,4
77588,0
77589,0
77590,0
77591,5
77592,0
77593,0
77594,5
77595,2
77596,6
77597,2
77598,0
77599,2
77600,2
77601,1
77602,0
77603,2
77604,2
77605,0
77606,2
77607,2
77608,1
77609,0
77610,4
77611,0
77612,6
77613,2
77614,2
77615,4
77616,2
77617,6
77618,0
77619,2
77620,0
77621,2
77622,0
77623,6
77624,4
77625,2
77626,0
77627,2
77628,5
77629,0
77630,2
77631,0
77632,2
77633,2
77634,2
77635,0
77636,1
77637,6
77638,2
77639,0
77640,6
77641,4
77642,2
77643,1
77644,5
77645,1
77646,6
77647,1
77648,0
77649,0
77650,3
77651,2
77652,4
77653,0
77654,4
77655,0
77656,2
77657,2
77658,2
77659,3
77660,2
77661,0
77662,5
77663,0
77664,0
77665,0
77666,2
77667,0
77668,0
77669,2
77670,1
77671,0
77672,4
77673,2
77674,6
77675,2
77676,0
77677,2
77678,2
77679,0
77680,6
77681,2
77682,4
77683,6
77684,0
77685,6
77686,6
77687,3
77688,2
77689,1
77690,1
77691,1
77692,2
77693,4
77694,6
77695,1
77696,6
77697,0
77698,3
77699,1
77700,0
77701,2
77702,2
77703,2
77704,2
77705,2
77706,2
77707,2
77708,4
77709,4
77710,4
77711,0
77712,0
77713,0
77714,0
77715,2
77716,3
77717,1
77718,4
77719,6
77720,4
77721,4
77722,6
77723,0
77724,0
77725,2
77726,2
77727,4
77728,4
77729,6
77730,2
77731,2
77732,5
77733,2
77734,5
77735,0
77736,4
77737,0
77738,0
77739,0
77740,0
77741,2
77742,0
77743,0
77744,4
77745,1
77746,2
77747,0
77748,0
77749,2
77750,2
77751,2
77752,6
77753,2
77754,1
77755,0
77756,4
77757,2
77758,6
77759,2
77760,2
77761,5
77762,0
77763,4
77764,1
77765,1
77766,2
77767,2
77768,2
77769,3
77770,6
77771,2
77772,3
77773,2
77774,6
77775,0
77776,2
77777,1
77778,6
77779,3
77780,0
77781,0
77782,2
77783,3
77784,6
77785,0
77786,1
77787,2
77788,1
77789,2
77790,2
77791,6
77792,0
77793,0
77794,6
77795,5
77796,0
77797,3
77798,2
77799,4
77800,0
77801,5
77802,0
77803,2
77804,6
77805,2
77806,0
77807,4
77808,4
77809,4
77810,0
77811,6
77812,2
77813,5
77814,2
77815,0
77816,6
77817,2
77818,4
77819,2
77820,2
77821,6
77822,0
77823,2
77824,4
77825,0
77826,4
77827,2
77828,2
77829,2
77830,2
77831,2
77832,5
77833,4
77834,0
77835,4
77836,0
77837,4
77838,2
77839,2
77840,1
77841,2
77842,2
77843,6
77844,2
77845,2
77846,5
77847,2
77848,6
77849,4
77850,6
77851,3
77852,4
77853,5
77854,2
77855,2
77856,3
77857,5
77858,2
77859,6
77860,0
77861,2
77862,0
77863,5
77864,0
77865,0
77866,3
77867,2
77868,6
77869,2
77870,2
77871,2
77872,4
77873,0
77874,0
77875,0
77876,2
77877,0
77878,2
77879,2
77880,2
77881,2
77882,4
77883,2
77884,2
77885,1
77886,3
77887,2
77888,2
77889,0
77890,0
77891,1
77892,3
77893,2
77894,0
77895,0
77896,0
77897,0
77898,2
77899,2
77900,2
77901,2
77902,4
77903,2
77904,0
77905,1
77906,2
77907,2
77908,0
77909,0
77910,6
77911,0
77912,0
77913,2
77914,0
77915,2
77916,2
77917,1
77918,2
77919,6
77920,2
77921,2
77922,2
77923,6
77924,2
77925,5
77926,1
77927,1
77928,4
77929,2
77930,2
77931,2
77932,0
77933,1
77934,2
77935,2
77936,0
77937,0
77938,2
77939,2
77940,1
77941,1
77942,0
77943,0
77944,6
77945,0
77946,2
77947,6
77948,6
77949,4
77950,4
77951,6
77952,0
77953,2
77954,2
77955,3
77956,4
77957,0
77958,4
77959,0
77960,2
77961,3
77962,2
77963,3
77964,2
77965,2
77966,0
77967,6
77968,2
77969,0
77970,2
77971,2
77972,0
77973,2
77974,0
77975,2
77976,1
77977,0
77978,1
77979,2
77980,3
77981,6
77982,2
77983,0
77984,2
77985,6
77986,0
77987,6
77988,0
77989,2
77990,0
77991,2
77992,0
77993,2
77994,2
77995,5
77996,0
77997,0
77998,3
77999,0
78000,0
78001,2
78002,4
78003,0
78004,6
78005,1
78006,0
78007,6
78008,2
78009,3
78010,0
78011,2
78012,6
78013,0
78014,2
78015,2
78016,2
78017,2
78018,2
78019,2
78020,2
78021,0
78022,2
78023,2
78024,6
78025,2
78026,0
78027,2
78028,6
78029,0
78030,6
78031,4
78032,6
78033,0
78034,2
78035,4
78036,0
78037,2
78038,2
78039,6
78040,2
78041,1
78042,0
78043,6
78044,2
78045,0
78046,6
78047,0
78048,6
78049,1
78050,2
78051,2
78052,2
78053,1
78054,2
78055,1
78056,6
78057,1
78058,6
78059,0
78060,2
78061,0
78062,6
78063,0
78064,6
78065,2
78066,6
78067,1
78068,3
78069,1
78070,2
78071,6
78072,2
78073,6
78074,6
78075,0
78076,2
78077,3
78078,4
78079,0
78080,0
78081,3
78082,4
78083,2
78084,4
78085,6
78086,2
78087,1
78088,2
78089,2
78090,0
78091,2
78092,6
78093,2
78094,2
78095,2
78096,1
78097,3
78098,6
78099,2
78100,2
78101,1
78102,1
78103,2
78104,1
78105,2
78106,5
78107,0
78108,1
78109,2
78110,6
78111,2
78112,0
78113,2
78114,1
78115,3
78116,6
78117,5
78118,2
78119,2
78120,0
78121,2
78122,2
78123,0
78124,0
78125,6
78126,2
78127,0
78128,0
78129,3
78130,0
78131,4
78132,2
78133,2
78134,2
78135,2
78136,0
78137,0
78138,2
78139,3
78140,2
78141,4
78142,0
78143,2
78144,1
78145,0
78146,0
78147,2
78148,0
78149,6
78150,2
78151,3
78152,2
78153,5
78154,6
78155,4
78156,5
78157,0
78158,0
78159,6
78160,5
78161,1
78162,2
78163,5
78164,2
78165,2
78166,1
78167,2
78168,2
78169,6
78170,6
78171,0
78172,2
78173,2
78174,6
78175,2
78176,6
78177,0
78178,6
78179,0
78180,0
78181,0
78182,2
78183,0
78184,6
78185,2
78186,2
78187,0
78188,0
78189,1
78190,0
78191,6
78192,0
78193,6
78194,2
78195,5
78196,0
78197,1
78198,2
78199,6
78200,2
78201,5
78202,0
78203,2
78204,4
78205,0
78206,6
78207,6
78208,2
78209,4
78210,6
78211,4
78212,4
78213,2
78214,5
78215,2
78216,2
78217,6
78218,4
78219,4
78220,6
78221,3
78222,2
78223,2
78224,3
78225,2
78226,2
78227,2
78228,4
78229,2
78230,0
78231,1
78232,6
78233,6
78234,2
78235,0
78236,0
78237,2
78238,0
78239,2
78240,2
78241,5
78242,6
78243,2
78244,0
78245,2
78246,2
78247,3
78248,2
78249,6
78250,0
78251,1
78252,0
78253,6
78254,2
78255,2
78256,0
78257,2
78258,2
78259,0
78260,0
78261,2
78262,2
78263,4
78264,0
78265,6
78266,1
78267,3
78268,0
78269,2
78270,2
78271,2
78272,0
78273,0
78274,6
78275,2
78276,2
78277,2
78278,2
78279,2
78280,0
78281,6
78282,2
78283,0
78284,0
78285,0
78286,4
78287,2
78288,6
78289,2
78290,6
78291,2
78292,0
78293,6
78294,4
78295,5
78296,2
78297,2
78298,1
78299,2
78300,3
78301,4
78302,4
78303,4
78304,1
78305,2
78306,2
78307,2
78308,4
78309,2
78310,6
78311,0
78312,2
78313,2
78314,6
78315,2
78316,2
78317,2
78318,0
78319,2
78320,6
78321,0
78322,2
78323,2
78324,6
78325,3
78326,2
78327,0
78328,2
78329,4
78330,0
78331,4
78332,6
78333,2
78334,2
78335,2
78336,4
78337,6
78338,1
78339,2
78340,0
78341,2
78342,0
78343,2
78344,2
78345,0
78346,2
78347,6
78348,2
78349,2
78350,2
78351,2
78352,5
78353,6
78354,1
78355,0
78356,5
78357,2
78358,2
78359,6
78360,6
78361,5
78362,4
78363,4
78364,1
78365,2
78366,2
78367,0
78368,0
78369,6
78370,6
78371,0
78372,2
78373,1
78374,5
78375,2
78376,2
78377,2
78378,6
78379,0
78380,1
78381,4
78382,2
78383,2
78384,4
78385,0
78386,2
78387,6
78388,2
78389,2
78390,6
78391,5
78392,2
78393,5
78394,2
78395,3
78396,3
78397,0
78398,5
78399,0
78400,4
78401,5
78402,2
78403,2
78404,6
78405,1
78406,4
78407,6
78408,4
78409,2
78410,2
78411,0
78412,0
78413,2
78414,2
78415,1
78416,2
78417,2
78418,0
78419,2
78420,2
78421,0
78422,2
78423,2
78424,1
78425,0
78426,0
78427,2
78428,1
78429,2
78430,0
78431,6
78432,3
78433,2
78434,6
78435,6
78436,2
78437,0
78438,2
78439,4
78440,2
78441,2
78442,6
78443,4
78444,0
78445,1
78446,2
78447,6
78448,2
78449,1
78450,2
78451,2
78452,5
78453,6
78454,4
78455,4
78456,0
78457,2
78458,6
78459,1
78460,2
78461,4
78462,0
78463,0
78464,2
78465,6
78466,0
78467,0
78468,4
78469,0
78470,2
78471,6
78472,2
78473,0
78474,2
78475,2
78476,2
78477,0
78478,2
78479,0
78480,2
78481,0
78482,4
78483,3
78484,6
78485,4
78486,3
78487,0
78488,6
78489,1
78490,0
78491,0
78492,4
78493,2
78494,6
78495,0
78496,2
78497,6
78498,1
78499,0
78500,2
78501,0
78502,2
78503,0
78504,5
78505,6
78506,0
78507,4
78508,2
78509,6
78510,2
78511,2
78512,2
78513,0
78514,4
78515,0
78516,5
78517,4
78518,2
78519,0
78520,0
78521,2
78522,2
78523,4
78524,4
78525,6
78526,0
78527,1
78528,1
78529,0
78530,2
78531,0
78532,2
78533,2
78534,0
78535,0
78536,1
78537,4
78538,2
78539,5
78540,0
78541,2
78542,0
78543,6
78544,0
78545,0
78546,2
78547,2
78548,0
78549,2
78550,0
78551,2
78552,0
78553,2
78554,1
78555,2
78556,2
78557,5
78558,2
78559,2
78560,2
78561,2
78562,3
78563,2
78564,2
78565,2
78566,2
78567,0
78568,2
78569,0
78570,2
78571,6
78572,4
78573,2
78574,5
78575,0
78576,0
78577,3
78578,2
78579,0
78580,2
78581,2
78582,6
78583,5
78584,4
78585,0
78586,0
78587,5
78588,1
78589,2
78590,1
78591,6
78592,0
78593,6
78594,0
78595,2
78596,2
78597,3
78598,1
78599,2
78600,0
78601,2
78602,2
78603,2
78604,2
78605,0
78606,2
78607,2
78608,4
78609,1
78610,4
78611,2
78612,2
78613,6
78614,5
78615,2
78616,1
78617,2
78618,2
78619,4
78620,4
78621,0
78622,2
78623,0
78624,1
78625,0
78626,4
78627,0
78628,2
78629,2
78630,2
78631,0
78632,5
78633,2
78634,2
78635,4
78636,4
78637,6
78638,0
78639,0
78640,2
78641,5
78642,0
78643,0
78644,5
78645,0
78646,2
78647,3
78648,4
78649,2
78650,4
78651,6
78652,0
78653,5
78654,1
78655,6
78656,0
78657,4
78658,2
78659,0
78660,0
78661,2
78662,5
78663,6
78664,4
78665,6
78666,2
78667,2
78668,0
78669,2
78670,4
78671,2
78672,4
78673,2
78674,6
78675,0
78676,0
78677,5
78678,2
78679,4
78680,1
78681,0
78682,6
78683,2
78684,3
78685,0
78686,2
78687,2
78688,6
78689,4
78690,2
78691,2
78692,0
78693,6
78694,2
78695,2
78696,2
78697,6
78698,0
78699,1
78700,2
78701,6
78702,2
78703,3
78704,6
78705,0
78706,0
78707,4
78708,1
78709,1
78710,2
78711,6
78712,2
78713,2
78714,2
78715,5
78716,0
78717,4
78718,2
78719,3
78720,2
78721,4
78722,5
78723,2
78724,6
78725,0
78726,3
78727,0
78728,3
78729,6
78730,6
78731,3
78732,3
78733,0
78734,2
78735,5
78736,0
78737,0
78738,3
78739,0
78740,0
78741,0
78742,2
78743,0
78744,1
78745,0
78746,2
78747,2
78748,0
78749,2
78750,3
78751,5
78752,0
78753,0
78754,1
78755,0
78756,6
78757,6
78758,1
78759,2
78760,2
78761,0
78762,2
78763,2
78764,4
78765,2
78766,0
78767,2
78768,2
78769,0
78770,2
78771,6
78772,2
78773,6
78774,5
78775,2
78776,2
78777,3
78778,6
78779,5
78780,4
78781,2
78782,2
78783,5
78784,0
78785,4
78786,6
78787,1
78788,0
78789,3
78790,2
78791,0
78792,0
78793,2
78794,2
78795,1
78796,2
78797,2
78798,1
78799,4
78800,0
78801,0
78802,0
78803,2
78804,0
78805,2
78806,0
78807,2
78808,6
78809,4
78810,2
78811,6
78812,3
78813,4
78814,2
78815,6
78816,6
78817,4
78818,2
78819,0
78820,2
78821,4
78822,0
78823,0
78824,2
78825,6
78826,2
78827,2
78828,6
78829,0
78830,2
78831,0
78832,6
78833,2
78834,2
78835,2
78836,2
78837,2
78838,1
78839,2
78840,0
78841,2
78842,2
78843,2
78844,0
78845,3
78846,1
78847,0
78848,2
78849,0
78850,3
78851,3
78852,4
78853,3
78854,6
78855,2
78856,2
78857,2
78858,5
78859,2
78860,2
78861,4
78862,2
78863,0
78864,0
78865,1
78866,0
78867,2
78868,4
78869,4
78870,0
78871,2
78872,0
78873,1
78874,2
78875,2
78876,6
78877,4
78878,6
78879,0
78880,0
78881,4
78882,0
78883,3
78884,2
78885,1
78886,6
78887,2
78888,2
78889,4
78890,2
78891,2
78892,6
78893,2
78894,4
78895,2
78896,0
78897,0
78898,4
78899,1
78900,0
78901,0
78902,0
78903,3
78904,2
78905,2
78906,3
78907,1
78908,0
78909,0
78910,2
78911,2
78912,6
78913,4
78914,1
78915,6
78916,0
78917,2
78918,2
78919,2
78920,2
78921,2
78922,0
78923,2
78924,5
78925,0
78926,0
78927,6
78928,0
78929,2
78930,0
78931,2
78932,2
78933,1
78934,2
78935,5
78936,4
78937,2
78938,0
78939,2
78940,2
78941,5
78942,2
78943,2
78944,2
78945,2
78946,2
78947,2
78948,2
78949,2
78950,6
78951,2
78952,2
78953,5
78954,2
78955,6
78956,0
78957,0
78958,0
78959,6
78960,0
78961,2
78962,6
78963,0
78964,3
78965,4
78966,5
78967,6
78968,0
78969,2
78970,0
78971,2
78972,4
78973,2
78974,2
78975,3
78976,3
78977,6
78978,1
78979,4
78980,2
78981,1
78982,0
78983,2
78984,4
78985,3
78986,6
78987,5
78988,6
78989,0
78990,2
78991,2
78992,0
78993,2
78994,2
78995,2
78996,2
78997,5
78998,1
78999,2
79000,4
79001,2
79002,2
79003,6
79004,2
79005,4
79006,0
79007,0
79008,6
79009,2
79010,3
79011,2
79012,2
79013,4
79014,4
79015,0
79016,6
79017,4
79018,2
79019,2
79020,2
79021,0
79022,2
79023,2
79024,0
79025,0
79026,2
79027,2
79028,6
79029,0
79030,2
79031,0
79032,6
79033,2
79034,6
79035,1
79036,0
79037,0
79038,1
79039,2
79040,1
79041,0
79042,0
79043,2
79044,1
79045,0
79046,0
79047,5
79048,4
79049,1
79050,5
79051,2
79052,2
79053,2
79054,1
79055,2
79056,6
79057,0
79058,2
79059,0
79060,0
79061,2
79062,0
79063,2
79064,4
79065,2
79066,2
79067,4
79068,2
79069,2
79070,2
79071,6
79072,2
79073,0
79074,2
79075,0
79076,2
79077,0
79078,3
79079,0
79080,4
79081,4
79082,1
79083,2
79084,2
79085,2
79086,0
79087,1
79088,0
79089,0
79090,2
79091,6
79092,2
79093,0
79094,2
79095,0
79096,0
79097,2
79098,2
79099,6
79100,6
79101,2
79102,2
79103,2
79104,3
79105,0
79106,6
79107,6
79108,2
79109,2
79110,2
79111,6
79112,0
79113,3
79114,2
79115,2
79116,4
79117,5
79118,2
79119,4
79120,2
79121,3
79122,3
79123,2
79124,0
79125,2
79126,4
79127,2
79128,2
79129,0
79130,6
79131,6
79132,5
79133,6
79134,0
79135,1
79136,2
79137,4
79138,2
79139,6
79140,0
79141,0
79142,1
79143,0
79144,0
79145,0
79146,4
79147,2
79148,2
79149,2
79150,4
79151,4
79152,0
79153,2
79154,2
79155,2
79156,6
79157,3
79158,0
79159,2
79160,2
79161,1
79162,2
79163,6
79164,2
79165,6
79166,2
79167,5
79168,2
79169,0
79170,1
79171,2
79172,4
79173,0
79174,2
79175,0
79176,6
79177,2
79178,0
79179,0
79180,0
79181,0
79182,0
79183,2
79184,2
79185,0
79186,6
79187,2
79188,4
79189,2
79190,6
79191,2
79192,2
79193,2
79194,2
79195,1
79196,0
79197,0
79198,5
79199,2
79200,1
79201,2
79202,0
79203,2
79204,0
79205,2
79206,2
79207,5
79208,2
79209,3
79210,1
79211,6
79212,2
79213,3
79214,2
79215,2
79216,0
79217,5
79218,0
79219,2
79220,3
79221,6
79222,0
79223,0
79224,6
79225,0
79226,1
79227,2
79228,0
79229,2
79230,0
79231,4
79232,4
79233,6
79234,0
79235,0
79236,2
79237,4
79238,2
79239,0
79240,2
79241,0
79242,0
79243,2
79244,0
79245,5
79246,0
79247,4
79248,0
79249,6
79250,2
79251,4
79252,2
79253,2
79254,2
79255,0
79256,0
79257,1
79258,2
79259,2
79260,6
79261,0
79262,2
79263,0
79264,2
79265,2
79266,0
79267,3
79268,5
79269,4
79270,6
79271,0
79272,4
79273,0
79274,1
79275,2
79276,0
79277,4
79278,6
79279,1
79280,0
79281,4
79282,4
79283,4
79284,1
79285,0
79286,2
79287,4
79288,0
79289,3
79290,2
79291,6
79292,2
79293,4
79294,6
79295,1
79296,2
79297,3
79298,0
79299,2
79300,0
79301,0
79302,4
79303,1
79304,4
79305,0
79306,0
79307,5
79308,4
79309,0
79310,5
79311,2
79312,0
79313,1
79314,3
79315,2
79316,2
79317,2
79318,1
79319,2
79320,2
79321,5
79322,3
79323,0
79324,6
79325,2
79326,6
79327,6
79328,0
79329,6
79330,0
79331,6
79332,3
79333,2
79334,0
79335,6
79336,2
79337,6
79338,2
79339,6
79340,2
79341,2
79342,4
79343,0
79344,1
79345,4
79346,2
79347,2
79348,2
79349,0
79350,2
79351,2
79352,0
79353,6
79354,2
79355,2
79356,0
79357,2
79358,0
79359,2
79360,2
79361,2
79362,6
79363,6
79364,5
79365,2
79366,2
79367,0
79368,6
79369,1
79370,2
79371,6
79372,2
79373,2
79374,6
79375,0
79376,0
79377,5
79378,2
79379,6
79380,6
79381,6
79382,2
79383,6
79384,1
79385,2
79386,4
79387,2
79388,2
79389,6
79390,2
79391,4
79392,2
79393,5
79394,3
79395,2
79396,0
79397,1
79398,4
79399,2
79400,2
79401,2
79402,2
79403,3
79404,3
79405,0
79406,0
79407,2
79408,2
79409,2
79410,0
79411,0
79412,4
79413,2
79414,2
79415,5
79416,1
79417,0
79418,2
79419,2
79420,0
79421,0
79422,0
79423,6
79424,2
79425,4
79426,2
79427,2
79428,2
79429,0
79430,2
79431,2
79432,1
79433,4
79434,4
79435,0
79436,0
79437,0
79438,1
79439,2
79440,1
79441,0
79442,6
79443,0
79444,0
79445,2
79446,0
79447,2
79448,6
79449,1
79450,2
79451,5
79452,2
79453,5
79454,3
79455,0
79456,2
79457,3
79458,0
79459,2
79460,2
79461,0
79462,0
79463,4
79464,2
79465,6
79466,1
79467,2
79468,2
79469,0
79470,0
79471,2
79472,2
79473,0
79474,2
79475,2
79476,2
79477,0
79478,0
79479,6
79480,0
79481,2
79482,2
79483,2
79484,2
79485,2
79486,4
79487,3
79488,4
79489,0
79490,3
79491,2
79492,2
79493,2
79494,3
79495,6
79496,2
79497,0
79498,2
79499,0
79500,0
79501,2
79502,0
79503,6
79504,2
79505,0
79506,2
79507,2
79508,2
79509,5
79510,0
79511,2
79512,0
79513,0
79514,6
79515,2
79516,2
79517,0
79518,2
79519,0
79520,5
79521,2
79522,2
79523,6
79524,6
79525,0
79526,3
79527,0
79528,0
79529,0
79530,2
79531,0
79532,6
79533,4
79534,5
79535,2
79536,0
79537,6
79538,2
79539,0
79540,2
79541,0
79542,3
79543,5
79544,6
79545,6
79546,2
79547,2
79548,2
79549,2
79550,0
79551,0
79552,2
79553,4
79554,6
79555,6
79556,2
79557,2
79558,1
79559,2
79560,4
79561,6
79562,2
79563,0
79564,5
79565,2
79566,0
79567,4
79568,5
79569,2
79570,0
79571,4
79572,2
79573,0
79574,3
79575,0
79576,2
79577,2
79578,0
79579,6
79580,6
79581,2
79582,3
79583,2
79584,6
79585,0
79586,6
79587,4
79588,2
79589,6
79590,0
79591,6
79592,6
79593,0
79594,0
79595,0
79596,6
79597,0
79598,0
79599,5
79600,0
79601,6
79602,2
79603,0
79604,2
79605,0
79606,2
79607,0
79608,6
79609,5
79610,2
79611,0
79612,0
79613,6
79614,0
79615,1
79616,0
79617,0
79618,2
79619,4
79620,0
79621,2
79622,3
79623,2
79624,2
79625,6
79626,0
79627,4
79628,6
79629,0
79630,4
79631,6
79632,0
79633,2
79634,2
79635,5
79636,6
79637,6
79638,0
79639,0
79640,2
79641,0
79642,0
79643,3
79644,3
79645,2
79646,4
79647,3
79648,3
79649,3
79650,2
79651,6
79652,0
79653,0
79654,4
79655,1
79656,5
79657,2
79658,0
79659,2
79660,4
79661,0
79662,6
79663,2
79664,6
79665,4
79666,6
79667,0
79668,2
79669,1
79670,2
79671,2
79672,4
79673,2
79674,2
79675,2
79676,2
79677,2
79678,0
79679,2
79680,0
79681,4
79682,2
79683,1
79684,2
79685,6
79686,2
79687,2
79688,2
79689,0
79690,0
79691,6
79692,2
79693,0
79694,0
79695,0
79696,2
79697,2
79698,0
79699,0
79700,0
79701,0
79702,2
79703,2
79704,2
79705,2
79706,2
79707,4
79708,2
79709,0
79710,2
79711,2
79712,2
79713,2
79714,2
79715,2
79716,2
79717,2
79718,3
79719,0
79720,0
79721,0
79722,0
79723,1
79724,0
79725,0
79726,4
79727,0
79728,5
79729,2
79730,3
79731,1
79732,0
79733,2
79734,0
79735,2
79736,2
79737,0
79738,5
79739,0
79740,5
79741,2
79742,0
79743,0
79744,2
79745,2
79746,2
79747,5
79748,2
79749,2
79750,2
79751,1
79752,4
79753,2
79754,2
79755,2
79756,5
79757,2
79758,0
79759,0
79760,3
79761,0
79762,2
79763,4
79764,0
79765,2
79766,2
79767,2
79768,2
79769,2
79770,2
79771,2
79772,0
79773,2
79774,2
79775,2
79776,6
79777,5
79778,0
79779,0
79780,2
79781,2
79782,0
79783,4
79784,2
79785,0
79786,2
79787,3
79788,0
79789,2
79790,6
79791,2
79792,2
79793,1
79794,2
79795,6
79796,6
79797,4
79798,0
79799,0
79800,4
79801,0
79802,0
79803,2
79804,2
79805,0
79806,6
79807,2
79808,6
79809,1
79810,0
79811,0
79812,0
79813,2
79814,4
79815,6
79816,6
79817,2
79818,2
79819,2
79820,2
79821,2
79822,2
79823,6
79824,0
79825,0
79826,5
79827,1
79828,2
79829,2
79830,0
79831,2
79832,2
79833,0
79834,4
79835,2
79836,2
79837,2
79838,6
79839,0
79840,5
79841,5
79842,6
79843,4
79844,2
79845,6
79846,6
79847,3
79848,4
79849,6
79850,4
79851,0
79852,4
79853,2
79854,4
79855,0
79856,2
79857,0
79858,2
79859,2
79860,6
79861,0
79862,6
79863,5
79864,2
79865,0
79866,0
79867,2
79868,0
79869,1
79870,0
79871,1
79872,4
79873,1
79874,0
79875,1
79876,2
79877,3
79878,6
79879,2
79880,2
79881,1
79882,4
79883,2
79884,4
79885,6
79886,6
79887,0
79888,0
79889,0
79890,2
79891,4
79892,0
79893,4
79894,2
79895,6
79896,2
79897,2
79898,2
79899,2
79900,2
79901,2
79902,5
79903,3
79904,2
79905,0
79906,6
79907,0
79908,6
79909,2
79910,2
79911,0
79912,6
79913,4
79914,6
79915,0
79916,0
79917,3
79918,2
79919,2
79920,2
79921,5
79922,2
79923,5
79924,5
79925,2
79926,2
79927,3
79928,3
79929,0
79930,0
79931,0
79932,2
79933,6
79934,2
79935,4
79936,4
79937,2
79938,0
79939,0
79940,2
79941,0
79942,0
79943,5
79944,6
79945,0
79946,2
79947,0
79948,2
79949,4
79950,2
79951,2
79952,3
79953,5
79954,6
79955,2
79956,2
79957,2
79958,4
79959,0
79960,6
79961,1
79962,0
79963,2
79964,6
79965,2
79966,6
79967,2
79968,2
79969,2
79970,0
79971,2
79972,2
79973,2
79974,2
79975,2
79976,4
79977,6
79978,0
79979,0
79980,1
79981,6
79982,5
79983,0
79984,2
79985,0
79986,6
79987,1
79988,2
79989,2
79990,6
79991,0
79992,0
79993,0
79994,2
79995,1
79996,0
79997,0
79998,0
79999,2
80000,2
80001,4
80002,2
80003,0
80004,2
80005,2
80006,2
80007,6
80008,0
80009,0
80010,2
80011,0
80012,2
80013,6
80014,0
80015,0
80016,6
80017,4
80018,3
80019,4
80020,2
80021,0
80022,0
80023,3
80024,0
80025,5
80026,4
80027,6
80028,0
80029,6
80030,2
80031,2
80032,6
80033,2
80034,6
80035,2
80036,6
80037,0
80038,2
80039,0
80040,2
80041,2
80042,3
80043,3
80044,2
80045,1
80046,2
80047,2
80048,2
80049,2
80050,4
80051,1
80052,0
80053,2
80054,2
80055,4
80056,1
80057,3
80058,2
80059,5
80060,2
80061,2
80062,2
80063,0
80064,3
80065,6
80066,6
80067,4
80068,0
80069,6
80070,0
80071,6
80072,4
80073,0
80074,0
80075,0
80076,6
80077,2
80078,0
80079,2
80080,3
80081,2
80082,2
80083,2
80084,0
80085,3
80086,2
80087,2
80088,1
80089,2
80090,0
80091,4
80092,2
80093,4
80094,0
80095,0
80096,6
80097,0
80098,4
80099,2
80100,3
80101,2
80102,2
80103,0
80104,2
80105,2
80106,5
80107,2
80108,4
80109,1
80110,2
80111,2
80112,2
80113,1
80114,0
80115,0
80116,2
80117,0
80118,0
80119,0
80120,0
80121,4
80122,0
80123,0
80124,2
80125,0
80126,2
80127,0
80128,2
80129,5
80130,0
80131,2
80132,2
80133,6
80134,0
80135,2
80136,2
80137,2
80138,4
80139,0
80140,2
80141,2
80142,2
80143,4
80144,2
80145,3
80146,0
80147,2
80148,2
80149,3
80150,6
80151,4
80152,2
80153,0
80154,2
80155,6
80156,2
80157,4
80158,2
80159,2
80160,2
80161,0
80162,2
80163,0
80164,0
80165,6
80166,0
80167,4
80168,2
80169,2
80170,0
80171,4
80172,2
80173,2
80174,2
80175,4
80176,4
80177,4
80178,2
80179,0
80180,0
80181,2
80182,6
80183,2
80184,6
80185,2
80186,3
80187,6
80188,0
80189,2
80190,2
80191,0
80192,2
80193,2
80194,4
80195,0
80196,6
80197,6
80198,0
80199,2
80200,2
80201,5
80202,2
80203,0
80204,6
80205,2
80206,2
80207,0
80208,4
80209,2
80210,6
80211,3
80212,2
80213,2
80214,0
80215,0
80216,0
80217,2
80218,0
80219,2
80220,0
80221,0
80222,0
80223,2
80224,2
80225,2
80226,2
80227,2
80228,5
80229,0
80230,6
80231,2
80232,3
80233,6
80234,5
80235,6
80236,0
80237,5
80238,6
80239,2
80240,2
80241,4
80242,0
80243,2
80244,3
80245,2
80246,2
80247,1
80248,2
80249,1
80250,3
80251,5
80252,4
80253,0
80254,2
80255,4
80256,0
80257,2
80258,2
80259,6
80260,1
80261,2
80262,2
80263,0
80264,4
80265,4
80266,0
80267,2
80268,5
80269,2
80270,6
80271,2
80272,1
80273,3
80274,6
80275,2
80276,1
80277,2
80278,2
80279,6
80280,3
80281,0
80282,0
80283,2
80284,1
80285,1
80286,2
80287,5
80288,0
80289,0
80290,2
80291,4
80292,2
80293,0
80294,3
80295,2
80296,0
80297,0
80298,6
80299,0
80300,2
80301,0
80302,0
80303,2
80304,2
80305,2
80306,2
80307,0
80308,0
80309,2
80310,2
80311,1
80312,2
80313,0
80314,1
80315,2
80316,2
80317,0
80318,2
80319,2
80320,3
80321,3
80322,0
80323,0
80324,2
80325,2
80326,2
80327,4
80328,2
80329,2
80330,0
80331,2
80332,4
80333,6
80334,4
80335,0
80336,0
80337,2
80338,2
80339,1
80340,0
80341,2
80342,1
80343,2
80344,2
80345,6
80346,5
80347,1
80348,4
80349,5
80350,6
80351,2
80352,2
80353,0
80354,1
80355,1
80356,3
80357,0
80358,2
80359,0
80360,2
80361,6
80362,6
80363,2
80364,1
80365,5
80366,2
80367,0
80368,2
80369,5
80370,1
80371,0
80372,6
80373,4
80374,0
80375,2
80376,6
80377,2
80378,2
80379,0
80380,0
80381,0
80382,2
80383,0
80384,2
80385,2
80386,3
80387,0
80388,5
80389,0
80390,2
80391,2
80392,0
80393,0
80394,2
80395,2
80396,3
80397,6
80398,0
80399,6
80400,2
80401,6
80402,2
80403,2
80404,6
80405,6
80406,6
80407,5
80408,2
80409,3
80410,0
80411,2
80412,2
80413,4
80414,4
80415,4
80416,2
80417,6
80418,0
80419,0
80420,0
80421,6
80422,0
80423,2
80424,0
80425,1
80426,0
80427,2
80428,2
80429,0
80430,1
80431,6
80432,2
80433,2
80434,6
80435,1
80436,2
80437,0
80438,2
80439,2
80440,2
80441,2
80442,4
80443,0
80444,2
80445,2
80446,2
80447,0
80448,0
80449,2
80450,2
80451,5
80452,2
80453,3
80454,2
80455,0
80456,0
80457,0
80458,0
80459,0
80460,3
80461,1
80462,5
80463,2
80464,2
80465,4
80466,3
80467,2
80468,6
80469,4
80470,0
80471,0
80472,5
80473,6
80474,6
80475,2
80476,2
80477,1
80478,2
80479,1
80480,3
80481,2
80482,2
80483,0
80484,0
80485,2
80486,1
80487,0
80488,5
80489,2
80490,2
80491,6
80492,0
80493,0
80494,5
80495,2
80496,6
80497,4
80498,2
80499,0
80500,0
80501,0
80502,4
80503,0
80504,4
80505,0
80506,0
80507,4
80508,2
80509,1
80510,0
80511,2
80512,4
80513,0
80514,0
80515,6
80516,0
80517,3
80518,3
80519,0
80520,2
80521,2
80522,4
80523,0
80524,1
80525,0
80526,2
80527,6
80528,0
80529,0
80530,2
80531,2
80532,2
80533,4
80534,2
80535,2
80536,5
80537,6
80538,3
80539,2
80540,2
80541,1
80542,4
80543,2
80544,1
80545,6
80546,6
80547,5
80548,6
80549,2
80550,6
80551,6
80552,0
80553,0
80554,1
80555,4
80556,2
80557,1
80558,6
80559,3
80560,0
80561,6
80562,1
80563,2
80564,2
80565,3
80566,0
80567,6
80568,2
80569,2
80570,2
80571,0
80572,2
80573,6
80574,2
80575,4
80576,0
80577,0
80578,6
80579,4
80580,0
80581,5
80582,0
80583,4
80584,5
80585,6
80586,6
80587,6
80588,2
80589,1
80590,2
80591,0
80592,0
80593,1
80594,2
80595,2
80596,6
80597,2
80598,0
80599,5
80600,2
80601,0
80602,2
80603,1
80604,0
80605,4
80606,2
80607,2
80608,0
80609,0
80610,0
80611,3
80612,0
80613,2
80614,5
80615,2
80616,0
80617,6
80618,3
80619,2
80620,6
80621,1
80622,2
80623,2
80624,6
80625,0
80626,0
80627,0
80628,2
80629,0
80630,2
80631,2
80632,1
80633,4
80634,0
80635,0
80636,2
80637,2
80638,0
80639,2
80640,0
80641,2
80642,2
80643,6
80644,0
80645,2
80646,2
80647,5
80648,5
80649,4
80650,2
80651,0
80652,2
80653,4
80654,2
80655,6
80656,0
80657,0
80658,5
80659,0
80660,0
80661,6
80662,0
80663,0
80664,2
80665,3
80666,2
80667,6
80668,0
80669,2
80670,2
80671,0
80672,2
80673,2
80674,2
80675,0
80676,4
80677,6
80678,2
80679,2
80680,2
80681,3
80682,6
80683,2
80684,6
80685,0
80686,0
80687,6
80688,0
80689,2
80690,0
80691,2
80692,0
80693,0
80694,2
80695,2
80696,2
80697,6
80698,6
80699,0
80700,0
80701,2
80702,0
80703,3
80704,6
80705,2
80706,0
80707,6
80708,4
80709,2
80710,2
80711,1
80712,1
80713,2
80714,0
80715,6
80716,2
80717,2
80718,2
80719,2
80720,2
80721,2
80722,4
80723,3
80724,2
80725,1
80726,0
80727,0
80728,2
80729,6
80730,2
80731,6
80732,0
80733,2
80734,6
80735,0
80736,3
80737,0
80738,3
80739,2
80740,0
80741,0
80742,0
80743,2
80744,1
80745,2
80746,2
80747,3
80748,6
80749,6
80750,6
80751,4
80752,2
80753,2
80754,0
80755,1
80756,5
80757,2
80758,2
80759,1
80760,2
80761,5
80762,6
80763,0
80764,2
80765,2
80766,6
80767,0
80768,0
80769,5
80770,6
80771,0
80772,3
80773,2
80774,2
80775,6
80776,6
80777,3
80778,2
80779,2
80780,2
80781,0
80782,0
80783,2
80784,0
80785,2
80786,0
80787,2
80788,2
80789,2
80790,2
80791,6
80792,2
80793,2
80794,1
80795,0
80796,6
80797,2
80798,6
80799,0
80800,2
80801,0
80802,1
80803,0
80804,2
80805,2
80806,0
80807,2
80808,6
80809,5
80810,1
80811,2
80812,2
80813,2
80814,6
80815,1
80816,6
80817,0
80818,6
80819,4
80820,2
80821,2
80822,6
80823,0
80824,5
80825,6
80826,2
80827,4
80828,2
80829,6
80830,2
80831,0
80832,3
80833,1
80834,1
80835,0
80836,4
80837,2
80838,6
80839,2
80840,3
80841,0
80842,2
80843,0
80844,5
80845,2
80846,6
80847,4
80848,0
80849,2
80850,0
80851,0
80852,0
80853,0
80854,2
80855,2
80856,0
80857,2
80858,6
80859,0
80860,2
80861,0
80862,6
80863,2
80864,2
80865,3
80866,0
80867,0
80868,0
80869,0
80870,2
80871,6
80872,2
80873,2
80874,6
80875,3
80876,0
80877,6
80878,3
80879,3
80880,2
80881,6
80882,6
80883,2
80884,0
80885,2
80886,2
80887,5
80888,1
80889,4
80890,4
80891,4
80892,0
80893,3
80894,2
80895,1
80896,4
80897,3
80898,2
80899,5
80900,1
80901,2
80902,2
80903,4
80904,0
80905,0
80906,2
80907,2
80908,2
80909,2
80910,6
80911,2
80912,0
80913,0
80914,2
80915,2
80916,2
80917,2
80918,0
80919,2
80920,5
80921,5
80922,2
80923,2
80924,2
80925,6
80926,2
80927,2
80928,3
80929,6
80930,2
80931,2
80932,2
80933,0
80934,6
80935,3
80936,4
80937,4
80938,0
80939,2
80940,0
80941,0
80942,2
80943,2
80944,0
80945,0
80946,2
80947,2
80948,0
80949,4
80950,0
80951,2
80952,3
80953,2
80954,2
80955,1
80956,6
80957,3
80958,5
80959,6
80960,0
80961,0
80962,2
80963,4
80964,6
80965,2
80966,6
80967,2
80968,2
80969,4
80970,6
80971,1
80972,4
80973,1
80974,3
80975,6
80976,0
80977,2
80978,6
80979,2
80980,2
80981,5
80982,2
80983,4
80984,1
80985,2
80986,0
80987,4
80988,2
80989,2
80990,4
80991,2
80992,6
80993,2
80994,2
80995,5
80996,5
80997,6
80998,2
80999,5
81000,6
81001,1
81002,6
81003,0
81004,0
81005,3
81006,0
81007,2
81008,6
81009,0
81010,2
81011,0
81012,0
81013,0
81014,2
81015,2
81016,2
81017,0
81018,6
81019,2
81020,0
81021,2
81022,2
81023,1
81024,0
81025,1
81026,2
81027,0
81028,4
81029,6
81030,6
81031,5
81032,0
81033,2
81034,2
81035,0
81036,5
81037,0
81038,5
81039,0
81040,2
81041,2
81042,0
81043,3
81044,0
81045,5
81046,2
81047,4
81048,1
81049,2
81050,0
81051,3
81052,0
81053,2
81054,0
81055,0
81056,6
81057,0
81058,0
81059,2
81060,1
81061,6
81062,0
81063,5
81064,5
81065,0
81066,3
81067,0
81068,0
81069,6
81070,2
81071,2
81072,5
81073,2
81074,1
81075,2
81076,6
81077,1
81078,0
81079,0
81080,6
81081,2
81082,6
81083,0
81084,2
81085,2
81086,0
81087,5
81088,4
81089,3
81090,2
81091,2
81092,6
81093,0
81094,2
81095,2
81096,0
81097,2
81098,4
81099,0
81100,6
81101,3
81102,2
81103,6
81104,2
81105,4
81106,0
81107,0
81108,2
81109,2
81110,2
81111,2
81112,2
81113,2
81114,2
81115,2
81116,0
81117,2
81118,6
81119,2
81120,5
81121,1
81122,1
81123,6
81124,1
81125,5
81126,1
81127,2
81128,4
81129,2
81130,4
81131,0
81132,2
81133,5
81134,6
81135,2
81136,3
81137,1
81138,2
81139,2
81140,2
81141,0
81142,2
81143,6
81144,0
81145,6
81146,2
81147,6
81148,2
81149,4
81150,2
81151,2
81152,2
81153,0
81154,3
81155,2
81156,2
81157,0
81158,2
81159,1
81160,0
81161,6
81162,0
81163,2
81164,0
81165,0
81166,2
81167,0
81168,2
81169,0
81170,0
81171,5
81172,0
81173,2
81174,0
81175,0
81176,6
81177,2
81178,2
81179,4
81180,0
81181,2
81182,0
81183,0
81184,0
81185,5
81186,0
81187,0
81188,0
81189,5
81190,2
81191,1
81192,6
81193,2
81194,0
81195,2
81196,1
81197,0
81198,4
81199,5
81200,4
81201,2
81202,2
81203,1
81204,5
81205,4
81206,4
81207,6
81208,2
81209,0
81210,1
81211,2
81212,4
81213,0
81214,1
81215,2
81216,6
81217,0
81218,1
81219,6
81220,0
81221,0
81222,3
81223,4
81224,2
81225,2
81226,6
81227,5
81228,2
81229,0
81230,0
81231,5
81232,1
81233,5
81234,2
81235,0
81236,1
81237,0
81238,5
81239,2
81240,6
81241,2
81242,2
81243,2
81244,4
81245,4
81246,0
81247,0
81248,0
81249,2
81250,0
81251,3
81252,1
81253,6
81254,0
81255,2
81256,0
81257,0
81258,0
81259,2
81260,0
81261,2
81262,4
81263,4
81264,2
81265,0
81266,6
81267,0
81268,6
81269,1
81270,2
81271,6
81272,2
81273,0
81274,2
81275,0
81276,1
81277,2
81278,2
81279,0
81280,4
81281,2
81282,0
81283,4
81284,2
81285,4
81286,1
81287,3
81288,2
81289,6
81290,0
81291,4
81292,2
81293,0
81294,6
81295,0
81296,2
81297,6
81298,2
81299,0
81300,1
81301,2
81302,3
81303,3
81304,6
81305,2
81306,2
81307,0
81308,0
81309,3
81310,5
81311,6
81312,3
81313,2
81314,0
81315,3
81316,1
81317,2
81318,2
81319,2
81320,3
81321,2
81322,0
81323,6
81324,0
81325,0
81326,2
81327,2
81328,2
81329,0
81330,1
81331,0
81332,2
81333,5
81334,1
81335,2
81336,6
81337,0
81338,0
81339,4
81340,3
81341,2
81342,0
81343,3
81344,3
81345,6
81346,2
81347,2
81348,2
81349,1
81350,6
81351,6
81352,2
81353,2
81354,2
81355,2
81356,2
81357,0
81358,2
81359,0
81360,1
81361,3
81362,1
81363,4
81364,6
81365,2
81366,0
81367,2
81368,0
81369,4
81370,0
81371,0
81372,0
81373,2
81374,0
81375,4
81376,0
81377,6
81378,0
81379,0
81380,1
81381,2
81382,4
81383,2
81384,3
81385,6
81386,5
81387,1
81388,0
81389,2
81390,1
81391,6
81392,6
81393,0
81394,2
81395,0
81396,2
81397,6
81398,2
81399,2
81400,0
81401,0
81402,0
81403,5
81404,2
81405,0
81406,0
81407,2
81408,6
81409,1
81410,0
81411,2
81412,0
81413,2
81414,0
81415,0
81416,4
81417,3
81418,2
81419,2
81420,2
81421,2
81422,2
81423,2
81424,4
81425,0
81426,0
81427,2
81428,2
81429,6
81430,0
81431,2
81432,1
81433,2
81434,5
81435,1
81436,1
81437,0
81438,0
81439,2
81440,6
81441,0
81442,2
81443,0
81444,0
81445,2
81446,0
81447,1
81448,2
81449,0
81450,2
81451,1
81452,1
81453,2
81454,1
81455,2
81456,4
81457,6
81458,2
81459,4
81460,5
81461,2
81462,2
81463,2
81464,6
81465,0
81466,6
81467,2
81468,2
81469,2
81470,4
81471,5
81472,2
81473,4
81474,1
81475,0
81476,4
81477,2
81478,2
81479,6
81480,0
81481,2
81482,2
81483,2
81484,1
81485,2
81486,0
81487,6
81488,0
81489,6
81490,4
81491,2
81492,1
81493,0
81494,2
81495,3
81496,2
81497,2
81498,6
81499,5
81500,2
81501,0
81502,2
81503,2
81504,4
81505,0
81506,2
81507,2
81508,0
81509,4
81510,2
81511,1
81512,0
81513,2
81514,2
81515,0
81516,6
81517,2
81518,5
81519,0
81520,3
81521,2
81522,5
81523,2
81524,2
81525,0
81526,0
81527,1
81528,0
81529,5
81530,2
81531,2
81532,4
81533,6
81534,2
81535,0
81536,2
81537,2
81538,2
81539,2
81540,3
81541,2
81542,1
81543,2
81544,2
81545,2
81546,4
81547,2
81548,0
81549,2
81550,0
81551,3
81552,6
81553,3
81554,1
81555,2
81556,4
81557,2
81558,0
81559,6
81560,6
81561,3
81562,0
81563,0
81564,0
81565,2
81566,2
81567,0
81568,6
81569,2
81570,0
81571,2
81572,0
81573,6
81574,4
81575,1
81576,2
81577,2
81578,2
81579,0
81580,2
81581,2
81582,4
81583,6
81584,6
81585,2
81586,3
81587,0
81588,0
81589,6
81590,2
81591,1
81592,2
81593,0
81594,6
81595,2
81596,0
81597,6
81598,1
81599,0
81600,4
81601,2
81602,0
81603,6
81604,6
81605,4
81606,2
81607,0
81608,4
81609,2
81610,2
81611,0
81612,0
81613,1
81614,2
81615,2
81616,0
81617,2
81618,2
81619,4
81620,2
81621,0
81622,0
81623,0
81624,4
81625,0
81626,2
81627,2
81628,2
81629,2
81630,0
81631,0
81632,6
81633,0
81634,2
81635,2
81636,0
81637,2
81638,2
81639,2
81640,6
81641,2
81642,2
81643,6
81644,1
81645,2
81646,2
81647,6
81648,6
81649,6
81650,2
81651,0
81652,5
81653,2
81654,6
81655,2
81656,6
81657,0
81658,0
81659,4
81660,0
81661,0
81662,5
81663,5
81664,0
81665,4
81666,2
81667,5
81668,5
81669,2
81670,3
81671,2
81672,6
81673,6
81674,0
81675,6
81676,2
81677,0
81678,2
81679,0
81680,1
81681,6
81682,0
81683,6
81684,0
81685,0
81686,4
81687,4
81688,0
81689,3
81690,2
81691,0
81692,4
81693,0
81694,6
81695,5
81696,6
81697,0
81698,2
81699,6
81700,0
81701,0
81702,5
81703,0
81704,2
81705,6
81706,1
81707,2
81708,6
81709,2
81710,1
81711,1
81712,0
81713,1
81714,2
81715,0
81716,2
81717,0
81718,2
81719,2
81720,2
81721,3
81722,6
81723,2
81724,0
81725,0
81726,1
81727,4
81728,2
81729,0
81730,3
81731,6
81732,0
81733,6
81734,5
81735,0
81736,0
81737,2
81738,2
81739,6
81740,3
81741,2
81742,5
81743,0
81744,0
81745,1
81746,2
81747,2
81748,0
81749,6
81750,6
81751,5
81752,3
81753,2
81754,1
81755,5
81756,0
81757,1
81758,4
81759,0
81760,2
81761,1
81762,6
81763,6
81764,1
81765,2
81766,6
81767,4
81768,4
81769,2
81770,5
81771,2
81772,6
81773,6
81774,5
81775,2
81776,3
81777,0
81778,1
81779,3
81780,2
81781,2
81782,6
81783,0
81784,0
81785,2
81786,2
81787,1
81788,0
81789,2
81790,2
81791,2
81792,6
81793,2
81794,6
81795,2
81796,2
81797,2
81798,2
81799,0
81800,6
81801,2
81802,2
81803,2
81804,2
81805,2
81806,2
81807,0
81808,0
81809,6
81810,2
81811,2
81812,2
81813,4
81814,0
81815,4
81816,6
81817,6
81818,0
81819,6
81820,6
81821,0
81822,2
81823,6
81824,0
81825,2
81826,0
81827,2
81828,5
81829,2
81830,2
81831,6
81832,0
81833,4
81834,5
81835,2
81836,2
81837,2
81838,1
81839,0
81840,0
81841,2
81842,0
81843,5
81844,2
81845,6
81846,6
81847,2
81848,6
81849,0
81850,0
81851,5
81852,4
81853,2
81854,2
81855,0
81856,0
81857,2
81858,0
81859,0
81860,2
81861,1
81862,1
81863,2
81864,5
81865,6
81866,2
81867,2
81868,1
81869,3
81870,2
81871,0
81872,4
81873,5
81874,0
81875,0
81876,0
81877,2
81878,2
81879,5
81880,0
81881,1
81882,0
81883,2
81884,2
81885,2
81886,2
81887,2
81888,4
81889,2
81890,4
81891,2
81892,2
81893,5
81894,2
81895,4
81896,4
81897,2
81898,6
81899,0
81900,0
81901,2
81902,4
81903,4
81904,2
81905,6
81906,6
81907,2
81908,1
81909,4
81910,2
81911,2
81912,3
81913,0
81914,1
81915,2
81916,4
81917,5
81918,4
81919,2
81920,4
81921,2
81922,2
81923,2
81924,1
81925,5
81926,6
81927,0
81928,2
81929,2
81930,0
81931,6
81932,5
81933,6
81934,2
81935,0
81936,6
81937,3
81938,6
81939,2
81940,0
81941,0
81942,2
81943,0
81944,1
81945,2
81946,6
81947,2
81948,2
81949,3
81950,2
81951,6
81952,4
81953,2
81954,2
81955,0
81956,5
81957,2
81958,6
81959,0
81960,1
81961,5
81962,0
81963,6
81964,5
81965,2
81966,2
81967,2
81968,0
81969,6
81970,2
81971,2
81972,2
81973,3
81974,3
81975,4
81976,0
81977,0
81978,2
81979,4
81980,0
81981,2
81982,2
81983,2
81984,0
81985,2
81986,2
81987,6
81988,2
81989,2
81990,6
81991,0
81992,0
81993,2
81994,2
81995,2
81996,0
81997,0
81998,0
81999,2
82000,0
82001,6
82002,0
82003,2
82004,6
82005,3
82006,2
82007,2
82008,2
82009,2
82010,4
82011,6
82012,2
82013,0
82014,1
82015,0
82016,6
82017,2
82018,2
82019,2
82020,2
82021,1
82022,6
82023,5
82024,1
82025,0
82026,2
82027,0
82028,0
82029,2
82030,2
82031,3
82032,2
82033,2
82034,2
82035,2
82036,2
82037,0
82038,2
82039,4
82040,2
82041,0
82042,5
82043,1
82044,0
82045,2
82046,6
82047,0
82048,6
82049,2
82050,2
82051,6
82052,0
82053,2
82054,0
82055,0
82056,0
82057,2
82058,0
82059,4
82060,0
82061,0
82062,6
82063,2
82064,0
82065,4
82066,2
82067,2
82068,6
82069,0
82070,4
82071,0
82072,6
82073,2
82074,6
82075,4
82076,4
82077,2
82078,2
82079,6
82080,0
82081,0
82082,2
82083,2
82084,2
82085,2
82086,6
82087,0
82088,1
82089,6
82090,2
82091,3
82092,0
82093,2
82094,6
82095,6
82096,0
82097,0
82098,0
82099,2
82100,6
82101,2
82102,0
82103,0
82104,6
82105,0
82106,2
82107,0
82108,2
82109,3
82110,6
82111,0
82112,3
82113,0
82114,0
82115,2
82116,2
82117,0
82118,2
82119,6
82120,0
82121,5
82122,2
82123,2
82124,6
82125,4
82126,2
82127,2
82128,3
82129,5
82130,0
82131,0
82132,2
82133,2
82134,1
82135,0
82136,0
82137,2
82138,4
82139,2
82140,2
82141,0
82142,5
82143,5
82144,2
82145,0
82146,0
82147,2
82148,2
82149,0
82150,4
82151,2
82152,6
82153,6
82154,4
82155,2
82156,0
82157,5
82158,2
82159,2
82160,6
82161,6
82162,6
82163,2
82164,4
82165,2
82166,3
82167,0
82168,5
82169,6
82170,0
82171,6
82172,2
82173,0
82174,0
82175,2
82176,6
82177,4
82178,2
82179,2
82180,1
82181,0
82182,2
82183,5
82184,2
82185,0
82186,2
82187,2
82188,4
82189,0
82190,0
82191,6
82192,3
82193,1
82194,2
82195,0
82196,4
82197,2
82198,2
82199,2
82200,1
82201,2
82202,2
82203,5
82204,4
82205,2
82206,1
82207,0
82208,2
82209,6
82210,1
82211,4
82212,2
82213,1
82214,0
82215,6
82216,4
82217,6
82218,5
82219,2
82220,0
82221,3
82222,6
82223,2
82224,5
82225,0
82226,6
82227,3
82228,6
82229,5
82230,0
82231,3
82232,1
82233,0
82234,0
82235,0
82236,0
82237,0
82238,1
82239,3
82240,2
82241,2
82242,0
82243,5
82244,0
82245,4
82246,0
82247,2
82248,2
82249,1
82250,0
82251,0
82252,0
82253,2
82254,4
82255,4
82256,2
82257,6
82258,2
82259,2
82260,0
82261,2
82262,2
82263,0
82264,0
82265,2
82266,0
82267,4
82268,0
82269,6
82270,2
82271,0
82272,0
82273,6
82274,2
82275,2
82276,0
82277,0
82278,0
82279,0
82280,6
82281,2
82282,6
82283,1
82284,6
82285,2
82286,0
82287,2
82288,2
82289,1
82290,1
82291,2
82292,0
82293,4
82294,6
82295,0
82296,1
82297,2
82298,6
82299,2
82300,3
82301,2
82302,2
82303,2
82304,2
82305,5
82306,6
82307,0
82308,2
82309,6
82310,2
82311,3
82312,2
82313,6
82314,2
82315,2
82316,1
82317,4
82318,2
82319,6
82320,2
82321,6
82322,1
82323,2
82324,5
82325,5
82326,2
82327,4
82328,0
82329,2
82330,0
82331,1
82332,2
82333,4
82334,5
82335,1
82336,0
82337,2
82338,4
82339,3
82340,6
82341,6
82342,4
82343,2
82344,4
82345,2
82346,2
82347,1
82348,2
82349,2
82350,2
82351,6
82352,0
82353,2
82354,2
82355,0
82356,0
82357,0
82358,6
82359,0
82360,3
82361,4
82362,4
82363,0
82364,3
82365,2
82366,6
82367,6
82368,5
82369,2
82370,0
82371,0
82372,4
82373,6
82374,0
82375,4
82376,0
82377,0
82378,6
82379,3
82380,2
82381,2
82382,6
82383,2
82384,2
82385,3
82386,0
82387,2
82388,2
82389,0
82390,0
82391,1
82392,0
82393,0
82394,2
82395,6
82396,6
82397,0
82398,0
82399,2
82400,3
82401,2
82402,1
82403,2
82404,0
82405,5
82406,2
82407,2
82408,6
82409,5
82410,2
82411,0
82412,1
82413,2
82414,0
82415,6
82416,2
82417,0
82418,6
82419,4
82420,0
82421,0
82422,0
82423,1
82424,6
82425,0
82426,5
82427,3
82428,2
82429,2
82430,6
82431,4
82432,6
82433,6
82434,2
82435,2
82436,0
82437,0
82438,6
82439,2
82440,0
82441,0
82442,1
82443,0
82444,2
82445,0
82446,0
82447,4
82448,2
82449,1
82450,2
82451,2
82452,0
82453,2
82454,6
82455,6
82456,2
82457,1
82458,0
82459,2
82460,5
82461,2
82462,6
82463,0
82464,0
82465,2
82466,2
82467,1
82468,4
82469,0
82470,2
82471,6
82472,2
82473,5
82474,2
82475,0
82476,0
82477,6
82478,6
82479,2
82480,6
82481,2
82482,4
82483,2
82484,5
82485,6
82486,2
82487,3
82488,2
82489,1
82490,0
82491,0
82492,4
82493,6
82494,1
82495,0
82496,2
82497,2
82498,4
82499,3
82500,2
82501,2
82502,0
82503,3
82504,4
82505,5
82506,3
82507,0
82508,0
82509,2
82510,2
82511,0
82512,2
82513,2
82514,4
82515,0
82516,6
82517,0
82518,0
82519,2
82520,4
82521,3
82522,0
82523,2
82524,4
82525,0
82526,2
82527,5
82528,2
82529,3
82530,2
82531,0
82532,3
82533,0
82534,0
82535,2
82536,2
82537,3
82538,0
82539,5
82540,2
82541,6
82542,0
82543,0
82544,0
82545,4
82546,2
82547,2
82548,2
82549,4
82550,2
82551,5
82552,3
82553,0
82554,4
82555,2
82556,0
82557,0
82558,5
82559,0
82560,1
82561,0
82562,3
82563,6
82564,2
82565,3
82566,0
82567,5
82568,1
82569,0
82570,1
82571,4
82572,0
82573,5
82574,0
82575,0
82576,2
82577,2
82578,4
82579,0
82580,4
82581,5
82582,0
82583,2
82584,4
82585,0
82586,6
82587,6
82588,2
82589,2
82590,6
82591,4
82592,3
82593,5
82594,0
82595,0
82596,2
82597,0
82598,2
82599,2
82600,3
82601,2
82602,3
82603,4
82604,0
82605,5
82606,1
82607,0
82608,4
82609,4
82610,0
82611,3
82612,4
82613,2
82614,0
82615,6
82616,2
82617,2
82618,6
82619,2
82620,0
82621,4
82622,0
82623,2
82624,0
82625,2
82626,3
82627,1
82628,0
82629,0
82630,0
82631,2
82632,0
82633,0
82634,2
82635,4
82636,2
82637,5
82638,2
82639,1
82640,2
82641,2
82642,2
82643,2
82644,0
82645,0
82646,4
82647,2
82648,0
82649,2
82650,0
82651,2
82652,4
82653,2
82654,0
82655,5
82656,0
82657,6
82658,2
82659,2
82660,4
82661,2
82662,4
82663,0
82664,5
82665,2
82666,2
82667,2
82668,4
82669,2
82670,6
82671,0
82672,2
82673,2
82674,1
82675,2
82676,2
82677,0
82678,2
82679,4
82680,2
82681,0
82682,2
82683,0
82684,0
82685,4
82686,6
82687,4
82688,2
82689,6
82690,0
82691,0
82692,2
82693,1
82694,4
82695,6
82696,1
82697,0
82698,2
82699,2
82700,2
82701,0
82702,2
82703,2
82704,6
82705,4
82706,6
82707,2
82708,0
82709,2
82710,4
82711,6
82712,0
82713,2
82714,5
82715,2
82716,2
82717,4
82718,2
82719,0
82720,0
82721,0
82722,2
82723,0
82724,2
82725,2
82726,0
82727,1
82728,1
82729,0
82730,0
82731,2
82732,2
82733,0
82734,2
82735,2
82736,2
82737,1
82738,2
82739,0
82740,0
82741,2
82742,2
82743,6
82744,2
82745,0
82746,0
82747,6
82748,0
82749,2
82750,0
82751,4
82752,4
82753,4
82754,4
82755,0
82756,0
82757,2
82758,5
82759,5
82760,0
82761,0
82762,0
82763,0
82764,0
82765,2
82766,2
82767,2
82768,0
82769,0
82770,0
82771,0
82772,0
82773,6
82774,2
82775,5
82776,2
82777,0
82778,3
82779,0
82780,2
82781,2
82782,0
82783,0
82784,6
82785,0
82786,2
82787,5
82788,1
82789,0
82790,2
82791,2
82792,2
82793,0
82794,2
82795,2
82796,0
82797,6
82798,0
82799,0
82800,4
82801,0
82802,2
82803,6
82804,6
82805,0
82806,3
82807,6
82808,6
82809,5
82810,0
82811,4
82812,4
82813,3
82814,4
82815,0
82816,2
82817,0
82818,4
82819,5
82820,2
82821,6
82822,6
82823,4
82824,0
82825,0
82826,2
82827,2
82828,4
82829,4
82830,0
82831,2
82832,2
82833,2
82834,2
82835,0
82836,2
82837,0
82838,2
82839,2
82840,2
82841,0
82842,6
82843,4
82844,2
82845,2
82846,0
82847,1
82848,0
82849,4
82850,1
82851,0
82852,2
82853,0
82854,2
82855,1
82856,1
82857,2
82858,6
82859,0
82860,2
82861,2
82862,6
82863,4
82864,2
82865,4
82866,4
82867,2
82868,0
82869,0
82870,1
82871,6
82872,2
82873,3
82874,0
82875,0
82876,6
82877,2
82878,1
82879,1
82880,0
82881,2
82882,2
82883,1
82884,6
82885,4
82886,4
82887,4
82888,2
82889,2
82890,0
82891,6
82892,6
82893,6
82894,6
82895,4
82896,6
82897,2
82898,6
82899,6
82900,2
82901,6
82902,2
82903,0
82904,5
82905,4
82906,6
82907,2
82908,0
82909,0
82910,0
82911,0
82912,2
82913,2
82914,2
82915,2
82916,2
82917,2
82918,2
82919,4
82920,2
82921,0
82922,2
82923,0
82924,2
82925,0
82926,0
82927,0
82928,6
82929,2
82930,2
82931,4
82932,6
82933,0
82934,0
82935,6
82936,2
82937,2
82938,5
82939,0
82940,6
82941,2
82942,3
82943,6
82944,0
82945,6
82946,2
82947,2
82948,3
82949,4
82950,2
82951,1
82952,2
82953,3
82954,2
82955,2
82956,0
82957,6
82958,2
82959,0
82960,2
82961,2
82962,6
82963,2
82964,6
82965,6
82966,2
82967,2
82968,6
82969,3
82970,0
82971,2
82972,2
82973,2
82974,2
82975,0
82976,2
82977,0
82978,5
82979,2
82980,2
82981,0
82982,6
82983,0
82984,2
82985,0
82986,2
82987,0
82988,6
82989,0
82990,1
82991,0
82992,1
82993,2
82994,6
82995,6
82996,6
82997,2
82998,0
82999,2
83000,6
83001,2
83002,1
83003,2
83004,6
83005,2
83006,4
83007,2
83008,0
83009,2
83010,0
83011,2
83012,2
83013,4
83014,6
83015,0
83016,2
83017,6
83018,0
83019,5
83020,6
83021,2
83022,0
83023,0
83024,2
83025,5
83026,2
83027,2
83028,4
83029,0
83030,0
83031,1
83032,1
83033,5
83034,0
83035,0
83036,6
83037,0
83038,2
83039,4
83040,6
83041,2
83042,6
83043,2
83044,2
83045,0
83046,2
83047,0
83048,2
83049,4
83050,2
83051,0
83052,2
83053,3
83054,2
83055,4
83056,6
83057,2
83058,2
83059,1
83060,0
83061,0
83062,1
83063,0
83064,0
83065,6
83066,2
83067,2
83068,0
83069,5
83070,1
83071,2
83072,3
83073,5
83074,6
83075,2
83076,2
83077,6
83078,0
83079,2
83080,4
83081,6
83082,2
83083,6
83084,2
83085,2
83086,3
83087,0
83088,2
83089,4
83090,6
83091,2
83092,1
83093,4
83094,0
83095,0
83096,0
83097,2
83098,2
83099,2
83100,2
83101,0
83102,1
83103,2
83104,5
83105,0
83106,6
83107,2
83108,0
83109,2
83110,6
83111,6
83112,2
83113,1
83114,6
83115,0
83116,2
83117,6
83118,2
83119,4
83120,1
83121,4
83122,0
83123,2
83124,1
83125,4
83126,3
83127,2
83128,2
83129,0
83130,0
83131,2
83132,2
83133,4
83134,2
83135,0
83136,6
83137,6
83138,2
83139,0
83140,2
83141,2
83142,2
83143,4
83144,0
83145,2
83146,2
83147,0
83148,5
83149,5
83150,4
83151,2
83152,0
83153,0
83154,2
83155,0
83156,0
83157,2
83158,6
83159,0
83160,2
83161,2
83162,2
83163,0
83164,4
83165,2
83166,6
83167,6
83168,6
83169,2
83170,6
83171,0
83172,0
83173,0
83174,1
83175,2
83176,2
83177,0
83178,6
83179,0
83180,5
83181,2
83182,0
83183,6
83184,6
83185,0
83186,0
83187,0
83188,6
83189,1
83190,6
83191,5
83192,2
83193,1
83194,2
83195,2
83196,2
83197,3
83198,0
83199,2
83200,2
83201,2
83202,2
83203,0
83204,2
83205,2
83206,2
83207,5
83208,0
83209,0
83210,4
83211,6
83212,6
83213,1
83214,2
83215,2
83216,0
83217,2
83218,2
83219,6
83220,2
83221,0
83222,6
83223,6
83224,0
83225,2
83226,3
83227,0
83228,1
83229,6
83230,5
83231,5
83232,0
83233,2
83234,6
83235,6
83236,2
83237,2
83238,0
83239,0
83240,0
83241,2
83242,0
83243,5
83244,2
83245,4
83246,0
83247,0
83248,6
83249,0
83250,6
83251,2
83252,0
83253,0
83254,0
83255,1
83256,6
83257,0
83258,1
83259,2
83260,6
83261,2
83262,0
83263,5
83264,0
83265,2
83266,0
83267,0
83268,2
83269,2
83270,1
83271,2
83272,1
83273,2
83274,4
83275,6
83276,2
83277,2
83278,0
83279,2
83280,0
83281,0
83282,2
83283,2
83284,2
83285,2
83286,0
83287,0
83288,0
83289,2
83290,1
83291,2
83292,0
83293,2
83294,2
83295,2
83296,0
83297,0
83298,0
83299,4
83300,0
83301,0
83302,6
83303,4
83304,4
83305,6
83306,5
83307,6
83308,0
83309,0
83310,0
83311,2
83312,1
83313,0
83314,2
83315,1
83316,2
83317,3
83318,4
83319,5
83320,0
83321,2
83322,0
83323,0
83324,2
83325,0
83326,0
83327,0
83328,2
83329,6
83330,0
83331,2
83332,2
83333,5
83334,1
83335,2
83336,2
83337,0
83338,2
83339,6
83340,2
83341,0
83342,0
83343,2
83344,6
83345,2
83346,4
83347,0
83348,0
83349,6
83350,0
83351,6
83352,5
83353,2
83354,2
83355,2
83356,6
83357,4
83358,5
83359,0
83360,0
83361,1
83362,2
83363,4
83364,2
83365,4
83366,2
83367,1
83368,5
83369,0
83370,6
83371,0
83372,2
83373,0
83374,6
83375,2
83376,1
83377,2
83378,2
83379,5
83380,2
83381,2
83382,5
83383,4
83384,4
83385,0
83386,6
83387,0
83388,1
83389,6
83390,2
83391,0
83392,0
83393,2
83394,6
83395,2
83396,4
83397,0
83398,0
83399,6
83400,5
83401,2
83402,0
83403,6
83404,6
83405,2
83406,6
83407,6
83408,0
83409,3
83410,0
83411,6
83412,0
83413,0
83414,0
83415,2
83416,5
83417,5
83418,5
83419,6
83420,2
83421,2
83422,1
83423,3
83424,4
83425,1
83426,3
83427,0
83428,6
83429,0
83430,2
83431,4
83432,2
83433,3
83434,0
83435,6
83436,2
83437,2
83438,4
83439,6
83440,2
83441,1
83442,6
83443,2
83444,2
83445,0
83446,1
83447,5
83448,1
83449,2
83450,0
83451,5
83452,0
83453,3
83454,6
83455,2
83456,0
83457,0
83458,2
83459,0
83460,6
83461,0
83462,2
83463,2
83464,0
83465,2
83466,6
83467,4
83468,4
83469,0
83470,0
83471,0
83472,2
83473,4
83474,2
83475,2
83476,2
83477,0
83478,0
83479,3
83480,0
83481,0
83482,2
83483,2
83484,2
83485,1
83486,5
83487,5
83488,0
83489,2
83490,0
83491,5
83492,0
83493,2
83494,1
83495,5
83496,0
83497,2
83498,2
83499,5
83500,6
83501,0
83502,0
83503,1
83504,2
83505,6
83506,1
83507,1
83508,6
83509,0
83510,6
83511,0
83512,5
83513,2
83514,2
83515,2
83516,3
83517,6
83518,2
83519,3
83520,6
83521,0
83522,3
83523,0
83524,4
83525,0
83526,2
83527,2
83528,4
83529,2
83530,0
83531,0
83532,2
83533,4
83534,6
83535,4
83536,4
83537,0
83538,1
83539,2
83540,6
83541,4
83542,0
83543,0
83544,0
83545,0
83546,0
83547,0
83548,0
83549,4
83550,2
83551,2
83552,0
83553,0
83554,2
83555,2
83556,6
83557,4
83558,2
83559,0
83560,2
83561,6
83562,4
83563,2
83564,1
83565,1
83566,3
83567,4
83568,2
83569,2
83570,0
83571,2
83572,0
83573,1
83574,2
83575,6
83576,3
83577,2
83578,2
83579,2
83580,2
83581,6
83582,0
83583,5
83584,2
83585,3
83586,2
83587,0
83588,2
83589,2
83590,2
83591,3
83592,0
83593,5
83594,2
83595,2
83596,0
83597,2
83598,1
83599,5
83600,2
83601,2
83602,2
83603,6
83604,0
83605,0
83606,4
83607,0
83608,2
83609,1
83610,6
83611,0
83612,1
83613,4
83614,1
83615,2
83616,4
83617,0
83618,0
83619,0
83620,4
83621,2
83622,5
83623,4
83624,0
83625,6
83626,4
83627,4
83628,4
83629,0
83630,0
83631,2
83632,2
83633,0
83634,0
83635,2
83636,2
83637,1
83638,2
83639,1
83640,2
83641,3
83642,0
83643,2
83644,2
83645,2
83646,2
83647,6
83648,2
83649,0
83650,2
83651,3
83652,5
83653,2
83654,0
83655,0
83656,2
83657,6
83658,3
83659,3
83660,0
83661,1
83662,0
83663,2
83664,2
83665,3
83666,2
83667,6
83668,3
83669,2
83670,2
83671,2
83672,2
83673,2
83674,6
83675,0
83676,6
83677,3
83678,0
83679,6
83680,2
83681,0
83682,4
83683,0
83684,0
83685,2
83686,6
83687,6
83688,6
83689,2
83690,2
83691,2
83692,0
83693,4
83694,2
83695,0
83696,5
83697,5
83698,0
83699,5
83700,0
83701,3
83702,6
83703,6
83704,2
83705,2
83706,0
83707,2
83708,0
83709,6
83710,3
83711,2
83712,0
83713,4
83714,0
83715,6
83716,0
83717,0
83718,2
83719,4
83720,4
83721,4
83722,0
83723,4
83724,2
83725,2
83726,0
83727,2
83728,2
83729,1
83730,6
83731,0
83732,0
83733,4
83734,2
83735,6
83736,2
83737,4
83738,6
83739,2
83740,2
83741,2
83742,6
83743,2
83744,0
83745,2
83746,2
83747,2
83748,0
83749,0
83750,6
83751,1
83752,0
83753,2
83754,0
83755,1
83756,0
83757,0
83758,6
83759,5
83760,2
83761,6
83762,6
83763,2
83764,2
83765,2
83766,2
83767,2
83768,2
83769,6
83770,0
83771,2
83772,0
83773,2
83774,0
83775,0
83776,2
83777,2
83778,6
83779,0
83780,0
83781,2
83782,2
83783,5
83784,5
83785,0
83786,6
83787,2
83788,2
83789,3
83790,6
83791,6
83792,0
83793,2
83794,2
83795,0
83796,6
83797,2
83798,0
83799,2
83800,1
83801,0
83802,4
83803,1
83804,0
83805,2
83806,2
83807,2
83808,4
83809,0
83810,0
83811,2
83812,6
83813,2
83814,5
83815,0
83816,6
83817,2
83818,0
83819,2
83820,4
83821,4
83822,2
83823,6
83824,2
83825,1
83826,2
83827,2
83828,0
83829,2
83830,2
83831,6
83832,2
83833,6
83834,1
83835,0
83836,0
83837,5
83838,2
83839,5
83840,4
83841,2
83842,2
83843,0
83844,0
83845,6
83846,6
83847,0
83848,2
83849,2
83850,6
83851,6
83852,0
83853,1
83854,5
83855,6
83856,0
83857,1
83858,6
83859,0
83860,2
83861,0
83862,2
83863,1
83864,2
83865,6
83866,0
83867,6
83868,2
83869,6
83870,2
83871,0
83872,2
83873,1
83874,0
83875,0
83876,2
83877,4
83878,4
83879,0
83880,2
83881,0
83882,6
83883,2
83884,4
83885,6
83886,0
83887,2
83888,6
83889,0
83890,4
83891,3
83892,0
83893,2
83894,2
83895,2
83896,3
83897,0
83898,0
83899,0
83900,6
83901,6
83902,2
83903,0
83904,2
83905,3
83906,0
83907,0
83908,5
83909,2
83910,4
83911,1
83912,0
83913,2
83914,0
83915,0
83916,4
83917,1
83918,2
83919,2
83920,2
83921,2
83922,0
83923,6
83924,2
83925,1
83926,6
83927,2
83928,0
83929,3
83930,0
83931,0
83932,0
83933,2
83934,2
83935,0
83936,6
83937,2
83938,0
83939,4
83940,0
83941,2
83942,6
83943,0
83944,0
83945,2
83946,5
83947,2
83948,4
83949,0
83950,1
83951,4
83952,2
83953,5
83954,0
83955,2
83956,2
83957,2
83958,2
83959,0
83960,2
83961,0
83962,6
83963,0
83964,3
83965,2
83966,2
83967,3
83968,6
83969,1
83970,6
83971,0
83972,2
83973,2
83974,2
83975,2
83976,3
83977,0
83978,5
83979,4
83980,2
83981,0
83982,5
83983,2
83984,2
83985,2
83986,6
83987,6
83988,0
83989,2
83990,4
83991,3
83992,1
83993,1
83994,2
83995,4
83996,4
83997,1
83998,4
83999,0
84000,4
84001,2
84002,2
84003,2
84004,4
84005,0
84006,6
84007,0
84008,2
84009,1
84010,0
84011,6
84012,0
84013,2
84014,0
84015,0
84016,3
84017,5
84018,1
84019,0
84020,0
84021,2
84022,0
84023,6
84024,2
84025,2
84026,2
84027,2
84028,0
84029,2
84030,6
84031,1
84032,0
84033,0
84034,4
84035,0
84036,0
84037,6
84038,0
84039,2
84040,2
84041,5
84042,0
84043,2
84044,2
84045,1
84046,2
84047,4
84048,1
84049,0
84050,3
84051,0
84052,6
84053,5
84054,0
84055,6
84056,1
84057,5
84058,6
84059,4
84060,0
84061,2
84062,0
84063,3
84064,0
84065,0
84066,6
84067,0
84068,0
84069,6
84070,2
84071,2
84072,0
84073,1
84074,5
84075,1
84076,0
84077,4
84078,2
84079,2
84080,2
84081,0
84082,6
84083,2
84084,2
84085,4
84086,2
84087,2
84088,6
84089,2
84090,6
84091,2
84092,1
84093,2
84094,6
84095,2
84096,2
84097,2
84098,5
84099,0
84100,6
84101,0
84102,3
84103,4
84104,2
84105,2
84106,6
84107,4
84108,0
84109,6
84110,6
84111,2
84112,2
84113,6
84114,0
84115,0
84116,5
84117,2
84118,2
84119,2
84120,6
84121,5
84122,2
84123,2
84124,6
84125,2
84126,2
84127,6
84128,2
84129,6
84130,2
84131,2
84132,2
84133,6
84134,2
84135,0
84136,2
84137,0
84138,2
84139,2
84140,0
84141,0
84142,0
84143,3
84144,0
84145,4
84146,2
84147,2
84148,0
84149,0
84150,2
84151,2
84152,1
84153,2
84154,0
84155,6
84156,1
84157,5
84158,4
84159,0
84160,3
84161,2
84162,1
84163,2
84164,0
84165,0
84166,2
84167,5
84168,0
84169,0
84170,4
84171,0
84172,2
84173,3
84174,3
84175,0
84176,0
84177,2
84178,1
84179,2
84180,0
84181,0
84182,4
84183,2
84184,1
84185,4
84186,2
84187,2
84188,1
84189,4
84190,1
84191,0
84192,5
84193,2
84194,6
84195,2
84196,2
84197,0
84198,2
84199,2
84200,0
84201,2
84202,2
84203,0
84204,0
84205,2
84206,0
84207,2
84208,2
84209,1
84210,1
84211,2
84212,2
84213,4
84214,2
84215,6
84216,0
84217,1
84218,5
84219,2
84220,2
84221,1
84222,2
84223,2
84224,3
84225,2
84226,0
84227,3
84228,4
84229,0
84230,4
84231,3
84232,0
84233,0
84234,2
84235,2
84236,0
84237,0
84238,1
84239,0
84240,0
84241,2
84242,6
84243,5
84244,2
84245,2
84246,2
84247,1
84248,4
84249,4
84250,2
84251,6
84252,4
84253,2
84254,1
84255,2
84256,0
84257,0
84258,1
84259,2
84260,0
84261,0
84262,2
84263,2
84264,4
84265,2
84266,6
84267,6
84268,3
84269,2
84270,1
84271,6
84272,6
84273,2
84274,2
84275,0
84276,1
84277,0
84278,2
84279,2
84280,6
84281,0
84282,4
84283,2
84284,3
84285,0
84286,0
84287,6
84288,0
84289,2
84290,4
84291,2
84292,2
84293,3
84294,2
84295,4
84296,4
84297,0
84298,4
84299,1
84300,2
84301,2
84302,0
84303,2
84304,0
84305,2
84306,4
84307,2
84308,0
84309,0
84310,2
84311,2
84312,0
84313,0
84314,0
84315,6
84316,3
84317,2
84318,2
84319,0
84320,2
84321,3
84322,6
84323,2
84324,6
84325,2
84326,2
84327,4
84328,5
84329,0
84330,2
84331,2
84332,2
84333,1
84334,0
84335,0
84336,2
84337,0
84338,0
84339,2
84340,0
84341,2
84342,5
84343,6
84344,2
84345,0
84346,2
84347,0
84348,2
84349,0
84350,2
84351,2
84352,1
84353,2
84354,2
84355,2
84356,2
84357,6
84358,2
84359,2
84360,2
84361,0
84362,4
84363,2
84364,1
84365,5
84366,1
84367,6
84368,0
84369,4
84370,6
84371,2
84372,2
84373,2
84374,2
84375,5
84376,0
84377,1
84378,1
84379,2
84380,2
84381,2
84382,5
84383,0
84384,4
84385,0
84386,2
84387,2
84388,2
84389,2
84390,0
84391,2
84392,4
84393,1
84394,5
84395,2
84396,2
84397,6
84398,2
84399,0
84400,2
84401,6
84402,2
84403,0
84404,6
84405,0
84406,2
84407,2
84408,6
84409,1
84410,0
84411,2
84412,0
84413,3
84414,0
84415,2
84416,6
84417,0
84418,1
84419,0
84420,5
84421,2
84422,1
84423,2
84424,6
84425,2
84426,0
84427,4
84428,0
84429,2
84430,2
84431,2
84432,2
84433,0
84434,0
84435,0
84436,0
84437,0
84438,5
84439,4
84440,0
84441,2
84442,0
84443,2
84444,0
84445,2
84446,2
84447,0
84448,2
84449,2
84450,2
84451,2
84452,2
84453,6
84454,2
84455,2
84456,0
84457,2
84458,3
84459,5
84460,2
84461,5
84462,2
84463,0
84464,0
84465,0
84466,3
84467,6
84468,2
84469,0
84470,0
84471,2
84472,6
84473,2
84474,2
84475,0
84476,4
84477,2
84478,2
84479,0
84480,0
84481,4
84482,3
84483,0
84484,6
84485,0
84486,1
84487,2
84488,2
84489,6
84490,0
84491,2
84492,1
84493,2
84494,2
84495,2
84496,6
84497,0
84498,5
84499,6
84500,0
84501,4
84502,5
84503,4
84504,2
84505,0
84506,0
84507,2
84508,2
84509,6
84510,2
84511,2
84512,5
84513,2
84514,0
84515,4
84516,2
84517,2
84518,6
84519,0
84520,0
84521,2
84522,6
84523,2
84524,3
84525,2
84526,1
84527,4
84528,6
84529,3
84530,6
84531,0
84532,2
84533,2
84534,2
84535,2
84536,6
84537,2
84538,2
84539,4
84540,0
84541,2
84542,0
84543,6
84544,0
84545,4
84546,6
84547,2
84548,4
84549,2
84550,4
84551,0
84552,0
84553,2
84554,6
84555,2
84556,4
84557,0
84558,6
84559,2
84560,2
84561,0
84562,6
84563,6
84564,0
84565,2
84566,0
84567,2
84568,2
84569,2
84570,0
84571,2
84572,2
84573,2
84574,1
84575,6
84576,4
84577,6
84578,1
84579,2
84580,2
84581,4
84582,6
84583,0
84584,3
84585,0
84586,6
84587,0
84588,1
84589,0
84590,4
84591,2
84592,6
84593,0
84594,0
84595,6
84596,2
84597,2
84598,0
84599,2
84600,2
84601,0
84602,2
84603,1
84604,3
84605,2
84606,5
84607,0
84608,1
84609,0
84610,2
84611,6
84612,0
84613,2
84614,0
84615,3
84616,6
84617,0
84618,2
84619,2
84620,2
84621,1
84622,0
84623,5
84624,6
84625,2
84626,1
84627,6
84628,2
84629,2
84630,0
84631,2
84632,0
84633,0
84634,2
84635,1
84636,4
84637,2
84638,1
84639,2
84640,0
84641,2
84642,0
84643,4
84644,0
84645,2
84646,2
84647,2
84648,0
84649,4
84650,6
84651,3
84652,6
84653,6
84654,2
84655,4
84656,0
84657,2
84658,6
84659,1
84660,0
84661,3
84662,5
84663,2
84664,6
84665,2
84666,4
84667,0
84668,2
84669,1
84670,0
84671,2
84672,2
84673,0
84674,1
84675,0
84676,2
84677,0
84678,6
84679,0
84680,2
84681,4
84682,3
84683,0
84684,0
84685,2
84686,2
84687,0
84688,4
84689,2
84690,4
84691,2
84692,6
84693,6
84694,3
84695,6
84696,2
84697,5
84698,0
84699,0
84700,2
84701,2
84702,2
84703,2
84704,0
84705,1
84706,6
84707,0
84708,4
84709,4
84710,0
84711,1
84712,0
84713,5
84714,5
84715,0
84716,2
84717,0
84718,0
84719,4
84720,4
84721,0
84722,2
84723,5
84724,2
84725,1
84726,0
84727,6
84728,0
84729,2
84730,1
84731,2
84732,1
84733,0
84734,2
84735,2
84736,2
84737,2
84738,4
84739,1
84740,2
84741,0
84742,4
84743,2
84744,2
84745,1
84746,2
84747,0
84748,0
84749,0
84750,6
84751,1
84752,0
84753,6
84754,2
84755,2
84756,2
84757,2
84758,2
84759,0
84760,0
84761,1
84762,0
84763,6
84764,0
84765,6
84766,2
84767,0
84768,6
84769,0
84770,5
84771,3
84772,4
84773,0
84774,1
84775,4
84776,2
84777,0
84778,4
84779,2
84780,2
84781,0
84782,6
84783,3
84784,0
84785,0
84786,2
84787,0
84788,4
84789,4
84790,4
84791,2
84792,5
84793,2
84794,1
84795,6
84796,2
84797,6
84798,0
84799,0
84800,2
84801,0
84802,2
84803,0
84804,0
84805,2
84806,2
84807,6
84808,6
84809,4
84810,0
84811,2
84812,0
84813,0
84814,0
84815,0
84816,2
84817,5
84818,6
84819,0
84820,6
84821,2
84822,2
84823,2
84824,2
84825,0
84826,4
84827,4
84828,0
84829,0
84830,4
84831,2
84832,0
84833,2
84834,0
84835,2
84836,0
84837,1
84838,2
84839,0
84840,6
84841,2
84842,2
84843,0
84844,0
84845,6
84846,0
84847,2
84848,6
84849,0
84850,5
84851,0
84852,6
84853,4
84854,0
84855,2
84856,0
84857,0
84858,3
84859,2
84860,4
84861,6
84862,3
84863,4
84864,0
84865,3
84866,2
84867,6
84868,2
84869,3
84870,6
84871,5
84872,2
84873,1
84874,0
84875,2
84876,5
84877,2
84878,1
84879,0
84880,0
84881,0
84882,2
84883,6
84884,3
84885,2
84886,2
84887,2
84888,4
84889,2
84890,2
84891,2
84892,2
84893,0
84894,6
84895,2
84896,2
84897,6
84898,0
84899,0
84900,0
84901,2
84902,2
84903,2
84904,6
84905,0
84906,2
84907,0
84908,1
84909,6
84910,4
84911,2
84912,5
84913,2
84914,6
84915,2
84916,0
84917,0
84918,6
84919,0
84920,2
84921,4
84922,3
84923,2
84924,2
84925,6
84926,2
84927,6
84928,2
84929,2
84930,4
84931,6
84932,2
84933,3
84934,5
84935,5
84936,0
84937,1
84938,2
84939,1
84940,2
84941,0
84942,0
84943,2
84944,2
84945,2
84946,2
84947,0
84948,4
84949,0
84950,2
84951,3
84952,2
84953,1
84954,2
84955,4
84956,5
84957,6
84958,2
84959,0
84960,0
84961,0
84962,6
84963,0
84964,2
84965,2
84966,1
84967,0
84968,2
84969,0
84970,5
84971,5
84972,6
84973,2
84974,5
84975,4
84976,5
84977,2
84978,0
84979,2
84980,0
84981,2
84982,6
84983,4
84984,2
84985,3
84986,6
84987,6
84988,0
84989,2
84990,0
84991,2
84992,2
84993,0
84994,4
84995,6
84996,2
84997,6
84998,2
84999,2
85000,3
85001,4
85002,0
85003,0
85004,0
85005,0
85006,1
85007,0
85008,6
85009,2
85010,0
85011,4
85012,0
85013,2
85014,2
85015,0
85016,0
85017,2
85018,2
85019,2
85020,4
85021,4
85022,2
85023,2
85024,0
85025,6
85026,2
85027,0
85028,3
85029,0
85030,2
85031,2
85032,2
85033,0
85034,2
85035,2
85036,0
85037,4
85038,0
85039,6
85040,0
85041,6
85042,2
85043,3
85044,0
85045,4
85046,6
85047,0
85048,4
85049,2
85050,2
85051,2
85052,2
85053,1
85054,0
85055,1
85056,6
85057,2
85058,5
85059,0
85060,5
85061,0
85062,1
85063,2
85064,5
85065,4
85066,2
85067,2
85068,2
85069,0
85070,4
85071,2
85072,2
85073,1
85074,2
85075,6
85076,0
85077,6
85078,0
85079,2
85080,0
85081,2
85082,2
85083,4
85084,6
85085,0
85086,4
85087,0
85088,5
85089,6
85090,1
85091,2
85092,2
85093,2
85094,3
85095,2
85096,6
85097,6
85098,6
85099,0
85100,2
85101,0
85102,1
85103,1
85104,2
85105,0
85106,2
85107,6
85108,6
85109,2
85110,4
85111,2
85112,0
85113,6
85114,5
85115,2
85116,2
85117,2
85118,2
85119,2
85120,2
85121,2
85122,0
85123,2
85124,2
85125,0
85126,2
85127,0
85128,2
85129,0
85130,0
85131,0
85132,0
85133,2
85134,2
85135,0
85136,1
85137,2
85138,2
85139,2
85140,2
85141,2
85142,3
85143,2
85144,2
85145,0
85146,2
85147,2
85148,1
85149,0
85150,0
85151,2
85152,2
85153,6
85154,0
85155,3
85156,2
85157,2
85158,2
85159,6
85160,2
85161,2
85162,0
85163,1
85164,4
85165,0
85166,0
85167,2
85168,6
85169,0
85170,4
85171,2
85172,5
85173,2
85174,4
85175,2
85176,0
85177,2
85178,0
85179,5
85180,0
85181,2
85182,0
85183,2
85184,4
85185,2
85186,2
85187,0
85188,6
85189,0
85190,1
85191,2
85192,2
85193,2
85194,0
85195,6
85196,0
85197,2
85198,1
85199,0
85200,1
85201,6
85202,0
85203,2
85204,2
85205,2
85206,0
85207,0
85208,2
85209,2
85210,6
85211,6
85212,2
85213,6
85214,1
85215,2
85216,2
85217,6
85218,3
85219,2
85220,2
85221,0
85222,2
85223,6
85224,4
85225,6
85226,2
85227,6
85228,5
85229,0
85230,1
85231,5
85232,2
85233,6
85234,3
85235,2
85236,1
85237,0
85238,2
85239,2
85240,4
85241,0
85242,5
85243,2
85244,6
85245,1
85246,2
85247,6
85248,2
85249,2
85250,0
85251,6
85252,2
85253,5
85254,2
85255,6
85256,2
85257,2
85258,0
85259,4
85260,0
85261,2
85262,6
85263,1
85264,6
85265,2
85266,4
85267,6
85268,0
85269,2
85270,0
85271,2
85272,0
85273,4
85274,0
85275,2
85276,4
85277,2
85278,2
85279,6
85280,2
85281,2
85282,2
85283,0
85284,6
85285,2
85286,0
85287,2
85288,3
85289,0
85290,6
85291,2
85292,2
85293,2
85294,0
85295,2
85296,6
85297,4
85298,0
85299,2
85300,2
85301,2
85302,2
85303,0
85304,6
85305,2
85306,5
85307,0
85308,2
85309,0
85310,2
85311,0
85312,2
85313,1
85314,2
85315,2
85316,2
85317,0
85318,3
85319,0
85320,2
85321,0
85322,0
85323,2
85324,2
85325,0
85326,2
85327,1
85328,6
85329,6
85330,6
85331,2
85332,3
85333,2
85334,2
85335,6
85336,2
85337,0
85338,2
85339,2
85340,2
85341,4
85342,2
85343,0
85344,3
85345,3
85346,6
85347,2
85348,6
85349,1
85350,3
85351,6
85352,2
85353,2
85354,0
85355,6
85356,0
85357,2
85358,2
85359,2
85360,2
85361,4
85362,2
85363,2
85364,6
85365,6
85366,2
85367,6
85368,5
85369,2
85370,2
85371,2
85372,2
85373,2
85374,0
85375,6
85376,2
85377,2
85378,2
85379,0
85380,0
85381,2
85382,1
85383,4
85384,5
85385,2
85386,6
85387,2
85388,2
85389,2
85390,2
85391,0
85392,2
85393,2
85394,2
85395,2
85396,0
85397,0
85398,0
85399,2
85400,2
85401,1
85402,2
85403,2
85404,2
85405,2
85406,0
85407,0
85408,2
85409,2
85410,0
85411,2
85412,2
85413,2
85414,5
85415,2
85416,0
85417,0
85418,2
85419,1
85420,4
85421,4
85422,0
85423,3
85424,6
85425,0
85426,0
85427,6
85428,2
85429,2
85430,2
85431,0
85432,3
85433,1
85434,5
85435,2
85436,0
85437,4
85438,0
85439,0
85440,0
85441,2
85442,0
85443,4
85444,4
85445,0
85446,4
85447,2
85448,0
85449,0
85450,2
85451,0
85452,6
85453,6
85454,0
85455,2
85456,3
85457,2
85458,2
85459,1
85460,6
85461,6
85462,2
85463,0
85464,2
85465,0
85466,6
85467,0
85468,2
85469,0
85470,2
85471,0
85472,1
85473,6
85474,2
85475,5
85476,5
85477,0
85478,0
85479,4
85480,4
85481,2
85482,2
85483,2
85484,2
85485,2
85486,0
85487,0
85488,0
85489,2
85490,0
85491,0
85492,5
85493,2
85494,0
85495,5
85496,0
85497,6
85498,6
85499,0
85500,0
85501,1
85502,3
85503,2
85504,6
85505,2
85506,2
85507,0
85508,6
85509,2
85510,2
85511,2
85512,4
85513,2
85514,0
85515,6
85516,0
85517,2
85518,2
85519,2
85520,0
85521,2
85522,4
85523,2
85524,2
85525,2
85526,2
85527,0
85528,2
85529,0
85530,2
85531,0
85532,6
85533,0
85534,4
85535,2
85536,0
85537,2
85538,0
85539,2
85540,4
85541,2
85542,6
85543,2
85544,4
85545,5
85546,0
85547,5
85548,2
85549,0
85550,4
85551,0
85552,2
85553,6
85554,0
85555,0
85556,2
85557,2
85558,2
85559,2
85560,4
85561,6
85562,1
85563,2
85564,2
85565,3
85566,2
85567,6
85568,3
85569,5
85570,2
85571,2
85572,2
85573,2
85574,2
85575,6
85576,4
85577,2
85578,2
85579,4
85580,2
85581,4
85582,1
85583,6
85584,3
85585,2
85586,4
85587,0
85588,1
85589,6
85590,2
85591,4
85592,2
85593,2
85594,0
85595,0
85596,4
85597,2
85598,2
85599,2
85600,0
85601,4
85602,5
85603,0
85604,3
85605,6
85606,2
85607,0
85608,1
85609,0
85610,2
85611,6
85612,0
85613,2
85614,2
85615,4
85616,4
85617,2
85618,3
85619,4
85620,5
85621,0
85622,0
85623,0
85624,4
85625,4
85626,1
85627,5
85628,0
85629,0
85630,3
85631,2
85632,2
85633,2
85634,3
85635,2
85636,1
85637,0
85638,2
85639,0
85640,2
85641,0
85642,2
85643,2
85644,0
85645,2
85646,6
85647,0
85648,1
85649,2
85650,6
85651,1
85652,0
85653,4
85654,2
85655,2
85656,5
85657,2
85658,2
85659,2
85660,4
85661,0
85662,1
85663,6
85664,1
85665,6
85666,6
85667,2
85668,0
85669,2
85670,2
85671,0
85672,0
85673,2
85674,0
85675,5
85676,6
85677,0
85678,6
85679,2
85680,0
85681,2
85682,5
85683,4
85684,0
85685,6
85686,2
85687,2
85688,2
85689,2
85690,0
85691,6
85692,0
85693,6
85694,4
85695,2
85696,5
85697,0
85698,2
85699,4
85700,2
85701,6
85702,6
85703,1
85704,0
85705,2
85706,4
85707,6
85708,3
85709,0
85710,0
85711,2
85712,3
85713,0
85714,1
85715,2
85716,0
85717,2
85718,0
85719,1
85720,0
85721,0
85722,6
85723,0
85724,2
85725,1
85726,0
85727,0
85728,2
85729,0
85730,3
85731,0
85732,2
85733,2
85734,6
85735,2
85736,0
85737,4
85738,2
85739,2
85740,2
85741,6
85742,2
85743,0
85744,2
85745,2
85746,2
85747,2
85748,0
85749,4
85750,2
85751,5
85752,2
85753,0
85754,0
85755,4
85756,6
85757,0
85758,1
85759,4
85760,0
85761,6
85762,0
85763,2
85764,4
85765,5
85766,0
85767,0
85768,0
85769,4
85770,6
85771,2
85772,0
85773,2
85774,4
85775,2
85776,2
85777,2
85778,5
85779,0
85780,2
85781,2
85782,0
85783,2
85784,0
85785,2
85786,4
85787,0
85788,4
85789,6
85790,0
85791,2
85792,2
85793,0
85794,4
85795,5
85796,2
85797,2
85798,0
85799,2
85800,1
85801,3
85802,0
85803,0
85804,2
85805,2
85806,2
85807,0
85808,3
85809,3
85810,2
85811,0
85812,2
85813,6
85814,6
85815,4
85816,0
85817,6
85818,0
85819,6
85820,2
85821,0
85822,3
85823,4
85824,2
85825,0
85826,0
85827,2
85828,1
85829,0
85830,6
85831,6
85832,1
85833,0
85834,6
85835,2
85836,2
85837,4
85838,0
85839,1
85840,2
85841,2
85842,2
85843,2
85844,2
85845,0
85846,2
85847,6
85848,2
85849,2
85850,0
85851,0
85852,4
85853,1
85854,2
85855,0
85856,1
85857,2
85858,0
85859,0
85860,0
85861,2
85862,1
85863,4
85864,4
85865,0
85866,2
85867,1
85868,2
85869,4
85870,6
85871,0
85872,0
85873,2
85874,2
85875,5
85876,3
85877,2
85878,2
85879,0
85880,5
85881,4
85882,4
85883,2
85884,2
85885,2
85886,2
85887,0
85888,0
85889,6
85890,2
85891,2
85892,4
85893,2
85894,0
85895,0
85896,0
85897,2
85898,6
85899,2
85900,0
85901,2
85902,2
85903,2
85904,2
85905,2
85906,6
85907,0
85908,1
85909,4
85910,1
85911,4
85912,4
85913,2
85914,4
85915,2
85916,0
85917,0
85918,0
85919,2
85920,2
85921,0
85922,2
85923,2
85924,0
85925,0
85926,4
85927,0
85928,2
85929,4
85930,6
85931,2
85932,1
85933,6
85934,1
85935,0
85936,0
85937,2
85938,0
85939,0
85940,4
85941,6
85942,6
85943,3
85944,1
85945,2
85946,0
85947,3
85948,4
85949,2
85950,6
85951,0
85952,3
85953,1
85954,0
85955,0
85956,5
85957,3
85958,6
85959,2
85960,2
85961,0
85962,2
85963,6
85964,2
85965,0
85966,2
85967,5
85968,1
85969,2
85970,0
85971,5
85972,2
85973,2
85974,4
85975,1
85976,6
85977,6
85978,3
85979,2
85980,2
85981,3
85982,4
85983,1
85984,2
85985,0
85986,6
85987,0
85988,4
85989,2
85990,2
85991,0
85992,2
85993,2
85994,3
85995,2
85996,2
85997,2
85998,0
85999,5
86000,0
86001,0
86002,6
86003,3
86004,0
86005,0
86006,5
86007,2
86008,1
86009,0
86010,2
86011,0
86012,2
86013,6
86014,2
86015,6
86016,0
86017,2
86018,0
86019,5
86020,4
86021,6
86022,2
86023,2
86024,2
86025,0
86026,1
86027,6
86028,0
86029,0
86030,2
86031,2
86032,2
86033,0
86034,2
86035,2
86036,0
86037,2
86038,0
86039,0
86040,4
86041,0
86042,6
86043,0
86044,0
86045,0
86046,6
86047,0
86048,0
86049,6
86050,6
86051,2
86052,2
86053,2
86054,5
86055,2
86056,0
86057,0
86058,5
86059,2
86060,2
86061,2
86062,6
86063,0
86064,2
86065,6
86066,4
86067,0
86068,1
86069,6
86070,6
86071,0
86072,3
86073,0
86074,2
86075,6
86076,0
86077,2
86078,4
86079,0
86080,0
86081,0
86082,2
86083,2
86084,0
86085,2
86086,6
86087,4
86088,5
86089,0
86090,0
86091,0
86092,2
86093,0
86094,6
86095,4
86096,0
86097,2
86098,0
86099,2
86100,0
86101,0
86102,0
86103,0
86104,3
86105,1
86106,1
86107,2
86108,4
86109,6
86110,4
86111,2
86112,0
86113,2
86114,3
86115,3
86116,6
86117,4
86118,2
86119,3
86120,5
86121,2
86122,0
86123,3
86124,2
86125,5
86126,6
86127,2
86128,1
86129,5
86130,2
86131,6
86132,0
86133,6
86134,1
86135,0
86136,0
86137,0
86138,0
86139,0
86140,2
86141,0
86142,2
86143,4
86144,5
86145,2
86146,0
86147,2
86148,0
86149,2
86150,2
86151,0
86152,4
86153,6
86154,1
86155,2
86156,2
86157,2
86158,2
86159,2
86160,2
86161,2
86162,0
86163,6
86164,5
86165,5
86166,2
86167,2
86168,1
86169,1
86170,2
86171,0
86172,1
86173,1
86174,2
86175,2
86176,2
86177,4
86178,0
86179,2
86180,2
86181,2
86182,1
86183,6
86184,0
86185,2
86186,2
86187,4
86188,3
86189,2
86190,6
86191,0
86192,2
86193,0
86194,4
86195,2
86196,0
86197,6
86198,0
86199,2
86200,2
86201,3
86202,0
86203,0
86204,0
86205,0
86206,4
86207,2
86208,2
86209,4
86210,0
86211,3
86212,0
86213,5
86214,0
86215,0
86216,5
86217,2
86218,6
86219,2
86220,3
86221,1
86222,0
86223,0
86224,2
86225,0
86226,1
86227,2
86228,0
86229,2
86230,2
86231,2
86232,4
86233,2
86234,2
86235,3
86236,4
86237,6
86238,1
86239,6
86240,3
86241,4
86242,2
86243,5
86244,2
86245,2
86246,2
86247,2
86248,2
86249,1
86250,2
86251,0
86252,2
86253,1
86254,0
86255,4
86256,6
86257,6
86258,2
86259,1
86260,0
86261,0
86262,3
86263,5
86264,2
86265,2
86266,0
86267,2
86268,2
86269,2
86270,3
86271,6
86272,2
86273,4
86274,6
86275,6
86276,2
86277,0
86278,2
86279,0
86280,2
86281,6
86282,6
86283,2
86284,0
86285,4
86286,3
86287,2
86288,2
86289,0
86290,3
86291,0
86292,2
86293,6
86294,0
86295,5
86296,4
86297,2
86298,2
86299,2
86300,0
86301,6
86302,0
86303,2
86304,2
86305,2
86306,4
86307,0
86308,2
86309,3
86310,2
86311,2
86312,0
86313,2
86314,0
86315,4
86316,1
86317,0
86318,2
86319,2
86320,5
86321,2
86322,0
86323,0
86324,1
86325,2
86326,6
86327,2
86328,1
86329,5
86330,1
86331,6
86332,1
86333,2
86334,0
86335,6
86336,5
86337,3
86338,2
86339,2
86340,4
86341,3
86342,2
86343,2
86344,2
86345,1
86346,2
86347,2
86348,6
86349,6
86350,0
86351,2
86352,0
86353,2
86354,1
86355,0
86356,5
86357,2
86358,3
86359,2
86360,0
86361,4
86362,4
86363,0
86364,2
86365,0
86366,1
86367,4
86368,6
86369,2
86370,4
86371,0
86372,2
86373,0
86374,0
86375,2
86376,3
86377,4
86378,2
86379,3
86380,2
86381,2
86382,5
86383,5
86384,0
86385,2
86386,0
86387,2
86388,2
86389,2
86390,0
86391,6
86392,3
86393,1
86394,2
86395,2
86396,2
86397,6
86398,2
86399,0
86400,1
86401,4
86402,2
86403,6
86404,5
86405,6
86406,0
86407,2
86408,2
86409,2
86410,1
86411,0
86412,0
86413,2
86414,0
86415,0
86416,0
86417,1
86418,1
86419,2
86420,3
86421,2
86422,2
86423,0
86424,2
86425,2
86426,2
86427,5
86428,2
86429,0
86430,6
86431,2
86432,1
86433,2
86434,4
86435,6
86436,2
86437,0
86438,0
86439,3
86440,2
86441,2
86442,5
86443,6
86444,2
86445,2
86446,2
86447,2
86448,0
86449,2
86450,0
86451,0
86452,0
86453,2
86454,2
86455,2
86456,2
86457,6
86458,6
86459,2
86460,4
86461,2
86462,0
86463,2
86464,2
86465,2
86466,2
86467,5
86468,2
86469,6
86470,2
86471,2
86472,5
86473,1
86474,2
86475,0
86476,3
86477,0
86478,6
86479,2
86480,6
86481,6
86482,4
86483,2
86484,0
86485,6
86486,0
86487,0
86488,5
86489,0
86490,2
86491,6
86492,6
86493,0
86494,6
86495,1
86496,2
86497,1
86498,0
86499,3
86500,0
86501,0
86502,0
86503,3
86504,2
86505,4
86506,6
86507,4
86508,5
86509,4
86510,6
86511,2
86512,6
86513,0
86514,6
86515,2
86516,6
86517,6
86518,0
86519,6
86520,2
86521,1
86522,1
86523,3
86524,2
86525,2
86526,2
86527,3
86528,4
86529,2
86530,6
86531,0
86532,4
86533,0
86534,6
86535,2
86536,2
86537,0
86538,2
86539,0
86540,5
86541,2
86542,1
86543,0
86544,2
86545,2
86546,2
86547,0
86548,2
86549,1
86550,0
86551,5
86552,2
86553,1
86554,0
86555,0
86556,2
86557,0
86558,1
86559,2
86560,2
86561,0
86562,6
86563,3
86564,6
86565,2
86566,2
86567,0
86568,6
86569,4
86570,2
86571,6
86572,2
86573,0
86574,2
86575,1
86576,0
86577,0
86578,0
86579,0
86580,6
86581,6
86582,2
86583,0
86584,0
86585,4
86586,6
86587,2
86588,0
86589,4
86590,0
86591,2
86592,6
86593,2
86594,6
86595,2
86596,2
86597,2
86598,1
86599,2
86600,2
86601,0
86602,0
86603,6
86604,3
86605,0
86606,0
86607,4
86608,0
86609,2
86610,1
86611,6
86612,4
86613,6
86614,1
86615,2
86616,6
86617,6
86618,4
86619,2
86620,2
86621,2
86622,4
86623,2
86624,6
86625,6
86626,2
86627,3
86628,0
86629,4
86630,4
86631,6
86632,4
86633,1
86634,0
86635,2
86636,2
86637,0
86638,1
86639,5
86640,2
86641,2
86642,6
86643,2
86644,2
86645,2
86646,4
86647,1
86648,3
86649,3
86650,0
86651,2
86652,2
86653,0
86654,2
86655,0
86656,2
86657,6
86658,2
86659,0
86660,0
86661,0
86662,4
86663,0
86664,2
86665,0
86666,4
86667,2
86668,1
86669,1
86670,2
86671,0
86672,6
86673,4
86674,1
86675,4
86676,2
86677,3
86678,2
86679,0
86680,1
86681,4
86682,2
86683,6
86684,5
86685,0
86686,6
86687,2
86688,0
86689,2
86690,6
86691,5
86692,0
86693,0
86694,2
86695,6
86696,6
86697,1
86698,0
86699,6
86700,6
86701,2
86702,4
86703,2
86704,2
86705,0
86706,0
86707,2
86708,2
86709,1
86710,2
86711,6
86712,6
86713,2
86714,5
86715,4
86716,6
86717,1
86718,5
86719,2
86720,5
86721,4
86722,2
86723,6
86724,3
86725,0
86726,6
86727,2
86728,0
86729,2
86730,2
86731,6
86732,2
86733,4
86734,6
86735,2
86736,2
86737,4
86738,2
86739,6
86740,2
86741,0
86742,0
86743,6
86744,2
86745,5
86746,2
86747,0
86748,2
86749,6
86750,2
86751,0
86752,5
86753,3
86754,2
86755,2
86756,4
86757,2
86758,5
86759,5
86760,6
86761,2
86762,2
86763,2
86764,2
86765,0
86766,6
86767,0
86768,2
86769,0
86770,1
86771,2
86772,1
86773,0
86774,2
86775,2
86776,2
86777,0
86778,6
86779,2
86780,0
86781,0
86782,6
86783,0
86784,2
86785,4
86786,2
86787,2
86788,4
86789,0
86790,2
86791,0
86792,0
86793,0
86794,0
86795,6
86796,2
86797,0
86798,0
86799,1
86800,0
86801,5
86802,0
86803,2
86804,0
86805,6
86806,0
86807,2
86808,2
86809,2
86810,4
86811,2
86812,2
86813,1
86814,2
86815,0
86816,2
86817,6
86818,2
86819,2
86820,2
86821,5
86822,2
86823,2
86824,2
86825,2
86826,0
86827,6
86828,0
86829,2
86830,5
86831,6
86832,2
86833,0
86834,2
86835,5
86836,0
86837,2
86838,0
86839,0
86840,2
86841,6
86842,5
86843,5
86844,6
86845,0
86846,0
86847,2
86848,0
86849,6
86850,0
86851,0
86852,0
86853,5
86854,4
86855,3
86856,0
86857,6
86858,0
86859,2
86860,6
86861,0
86862,0
86863,1
86864,0
86865,0
86866,3
86867,0
86868,4
86869,2
86870,2
86871,2
86872,4
86873,2
86874,2
86875,2
86876,2
86877,0
86878,2
86879,6
86880,2
86881,6
86882,2
86883,5
86884,6
86885,5
86886,2
86887,6
86888,3
86889,2
86890,2
86891,1
86892,4
86893,2
86894,2
86895,5
86896,1
86897,2
86898,2
86899,2
86900,2
86901,4
86902,2
86903,2
86904,0
86905,2
86906,2
86907,0
86908,0
86909,2
86910,6
86911,2
86912,2
86913,3
86914,5
86915,0
86916,0
86917,2
86918,2
86919,2
86920,4
86921,0
86922,1
86923,2
86924,2
86925,2
86926,5
86927,1
86928,4
86929,6
86930,6
86931,3
86932,2
86933,2
86934,0
86935,2
86936,0
86937,2
86938,4
86939,3
86940,4
86941,2
86942,2
86943,0
86944,2
86945,2
86946,2
86947,2
86948,4
86949,0
86950,2
86951,6
86952,6
86953,5
86954,6
86955,0
86956,6
86957,5
86958,0
86959,2
86960,2
86961,3
86962,2
86963,5
86964,0
86965,4
86966,6
86967,1
86968,2
86969,1
86970,6
86971,2
86972,6
86973,0
86974,1
86975,5
86976,3
86977,2
86978,0
86979,0
86980,4
86981,5
86982,0
86983,1
86984,6
86985,6
86986,0
86987,4
86988,2
86989,2
86990,1
86991,2
86992,0
86993,6
86994,6
86995,0
86996,0
86997,2
86998,1
86999,1
87000,0
87001,2
87002,2
87003,5
87004,0
87005,0
87006,0
87007,2
87008,2
87009,1
87010,0
87011,2
87012,2
87013,0
87014,0
87015,5
87016,0
87017,1
87018,0
87019,3
87020,1
87021,1
87022,2
87023,2
87024,4
87025,2
87026,6
87027,0
87028,1
87029,6
87030,2
87031,5
87032,2
87033,0
87034,2
87035,2
87036,1
87037,2
87038,6
87039,4
87040,4
87041,2
87042,6
87043,1
87044,0
87045,2
87046,5
87047,6
87048,2
87049,2
87050,4
87051,2
87052,2
87053,2
87054,2
87055,2
87056,5
87057,2
87058,0
87059,2
87060,0
87061,2
87062,5
87063,0
87064,1
87065,0
87066,5
87067,0
87068,0
87069,2
87070,2
87071,2
87072,0
87073,1
87074,5
87075,6
87076,5
87077,6
87078,5
87079,2
87080,0
87081,5
87082,0
87083,0
87084,4
87085,0
87086,0
87087,0
87088,0
87089,6
87090,6
87091,6
87092,2
87093,4
87094,2
87095,2
87096,0
87097,0
87098,1
87099,0
87100,0
87101,1
87102,0
87103,2
87104,2
87105,0
87106,2
87107,6
87108,6
87109,2
87110,2
87111,2
87112,1
87113,0
87114,0
87115,0
87116,6
87117,4
87118,0
87119,2
87120,0
87121,4
87122,2
87123,0
87124,4
87125,6
87126,2
87127,2
87128,6
87129,6
87130,1
87131,1
87132,6
87133,4
87134,0
87135,2
87136,0
87137,0
87138,5
87139,2
87140,5
87141,2
87142,2
87143,0
87144,0
87145,1
87146,2
87147,4
87148,2
87149,2
87150,4
87151,6
87152,4
87153,0
87154,3
87155,6
87156,1
87157,6
87158,3
87159,2
87160,2
87161,5
87162,2
87163,2
87164,2
87165,2
87166,0
87167,1
87168,2
87169,2
87170,4
87171,2
87172,0
87173,2
87174,2
87175,0
87176,2
87177,2
87178,2
87179,0
87180,2
87181,2
87182,0
87183,4
87184,0
87185,1
87186,2
87187,2
87188,0
87189,0
87190,1
87191,2
87192,2
87193,2
87194,6
87195,4
87196,1
87197,2
87198,0
87199,2
87200,2
87201,6
87202,0
87203,2
87204,2
87205,4
87206,1
87207,2
87208,6
87209,6
87210,5
87211,2
87212,4
87213,0
87214,1
87215,2
87216,0
87217,0
87218,1
87219,6
87220,2
87221,0
87222,4
87223,2
87224,3
87225,4
87226,2
87227,0
87228,2
87229,2
87230,6
87231,1
87232,2
87233,1
87234,2
87235,0
87236,4
87237,2
87238,2
87239,2
87240,0
87241,0
87242,4
87243,2
87244,2
87245,2
87246,4
87247,0
87248,6
87249,2
87250,0
87251,0
87252,6
87253,1
87254,0
87255,4
87256,5
87257,6
87258,2
87259,2
87260,2
87261,6
87262,2
87263,2
87264,2
87265,0
87266,2
87267,2
87268,2
87269,2
87270,3
87271,2
87272,0
87273,1
87274,1
87275,0
87276,0
87277,2
87278,0
87279,2
87280,0
87281,2
87282,2
87283,2
87284,3
87285,5
87286,1
87287,2
87288,2
87289,2
87290,4
87291,2
87292,5
87293,0
87294,2
87295,3
87296,6
87297,1
87298,2
87299,2
87300,2
87301,6
87302,4
87303,2
87304,4
87305,2
87306,2
87307,6
87308,2
87309,1
87310,6
87311,5
87312,2
87313,6
87314,0
87315,6
87316,0
87317,0
87318,0
87319,2
87320,0
87321,2
87322,2
87323,1
87324,2
87325,2
87326,4
87327,3
87328,5
87329,0
87330,4
87331,2
87332,2
87333,2
87334,2
87335,2
87336,6
87337,2
87338,2
87339,1
87340,4
87341,2
87342,1
87343,1
87344,0
87345,2
87346,5
87347,2
87348,3
87349,2
87350,2
87351,3
87352,6
87353,2
87354,1
87355,0
87356,0
87357,2
87358,2
87359,0
87360,6
87361,2
87362,5
87363,0
87364,0
87365,6
87366,2
87367,2
87368,3
87369,2
87370,0
87371,4
87372,4
87373,3
87374,6
87375,2
87376,0
87377,2
87378,2
87379,5
87380,2
87381,1
87382,2
87383,1
87384,2
87385,0
87386,4
87387,0
87388,2
87389,0
87390,6
87391,0
87392,3
87393,0
87394,6
87395,2
87396,0
87397,4
87398,0
87399,0
87400,2
87401,2
87402,3
87403,0
87404,2
87405,5
87406,3
87407,0
87408,6
87409,1
87410,6
87411,2
87412,0
87413,1
87414,2
87415,2
87416,2
87417,1
87418,2
87419,2
87420,0
87421,2
87422,3
87423,1
87424,2
87425,6
87426,2
87427,4
87428,6
87429,2
87430,2
87431,3
87432,2
87433,0
87434,0
87435,2
87436,0
87437,4
87438,0
87439,0
87440,6
87441,4
87442,4
87443,2
87444,4
87445,1
87446,3
87447,0
87448,0
87449,2
87450,6
87451,1
87452,6
87453,2
87454,6
87455,0
87456,0
87457,2
87458,0
87459,4
87460,2
87461,6
87462,2
87463,1
87464,2
87465,4
87466,0
87467,4
87468,6
87469,0
87470,2
87471,0
87472,0
87473,2
87474,2
87475,0
87476,1
87477,2
87478,5
87479,3
87480,2
87481,4
87482,0
87483,0
87484,6
87485,0
87486,1
87487,0
87488,2
87489,6
87490,4
87491,2
87492,0
87493,0
87494,5
87495,0
87496,4
87497,2
87498,2
87499,3
87500,0
87501,2
87502,6
87503,2
87504,2
87505,1
87506,1
87507,6
87508,1
87509,2
87510,2
87511,2
87512,2
87513,6
87514,0
87515,0
87516,2
87517,5
87518,2
87519,0
87520,4
87521,2
87522,1
87523,2
87524,0
87525,2
87526,4
87527,0
87528,4
87529,0
87530,6
87531,0
87532,2
87533,0
87534,2
87535,4
87536,2
87537,0
87538,2
87539,2
87540,4
87541,6
87542,4
87543,2
87544,1
87545,2
87546,1
87547,6
87548,1
87549,2
87550,5
87551,2
87552,2
87553,2
87554,2
87555,1
87556,1
87557,5
87558,4
87559,1
87560,2
87561,6
87562,0
87563,2
87564,0
87565,2
87566,2
87567,2
87568,1
87569,6
87570,6
87571,1
87572,0
87573,2
87574,6
87575,2
87576,2
87577,2
87578,2
87579,6
87580,6
87581,2
87582,2
87583,4
87584,0
87585,2
87586,6
87587,6
87588,1
87589,6
87590,0
87591,0
87592,0
87593,0
87594,2
87595,6
87596,2
87597,2
87598,2
87599,6
87600,6
87601,0
87602,0
87603,0
87604,2
87605,0
87606,5
87607,0
87608,5
87609,4
87610,2
87611,4
87612,2
87613,1
87614,0
87615,4
87616,6
87617,2
87618,2
87619,6
87620,2
87621,4
87622,5
87623,6
87624,2
87625,1
87626,0
87627,2
87628,0
87629,2
87630,0
87631,2
87632,6
87633,2
87634,2
87635,2
87636,0
87637,2
87638,6
87639,0
87640,6
87641,2
87642,4
87643,6
87644,1
87645,1
87646,2
87647,6
87648,1
87649,1
87650,2
87651,0
87652,0
87653,6
87654,0
87655,0
87656,2
87657,2
87658,0
87659,2
87660,0
87661,0
87662,4
87663,4
87664,0
87665,2
87666,2
87667,2
87668,0
87669,2
87670,1
87671,0
87672,2
87673,0
87674,2
87675,6
87676,0
87677,0
87678,6
87679,2
87680,0
87681,0
87682,2
87683,6
87684,6
87685,2
87686,6
87687,0
87688,0
87689,2
87690,2
87691,2
87692,2
87693,0
87694,0
87695,4
87696,1
87697,4
87698,2
87699,2
87700,0
87701,6
87702,2
87703,5
87704,0
87705,0
87706,2
87707,0
87708,2
87709,2
87710,0
87711,4
87712,0
87713,2
87714,0
87715,6
87716,4
87717,4
87718,6
87719,0
87720,0
87721,2
87722,2
87723,0
87724,5
87725,2
87726,6
87727,1
87728,3
87729,6
87730,5
87731,5
87732,6
87733,0
87734,6
87735,2
87736,2
87737,2
87738,0
87739,2
87740,0
87741,6
87742,0
87743,3
87744,2
87745,0
87746,0
87747,2
87748,0
87749,0
87750,2
87751,2
87752,2
87753,0
87754,2
87755,0
87756,0
87757,0
87758,2
87759,0
87760,6
87761,2
87762,2
87763,6
87764,2
87765,1
87766,6
87767,2
87768,0
87769,2
87770,2
87771,6
87772,2
87773,6
87774,2
87775,2
87776,6
87777,4
87778,2
87779,2
87780,0
87781,4
87782,0
87783,1
87784,0
87785,3
87786,3
87787,4
87788,4
87789,6
87790,2
87791,6
87792,2
87793,6
87794,0
87795,2
87796,2
87797,1
87798,5
87799,4
87800,0
87801,0
87802,3
87803,4
87804,2
87805,4
87806,1
87807,0
87808,4
87809,2
87810,6
87811,1
87812,2
87813,2
87814,6
87815,2
87816,1
87817,6
87818,0
87819,5
87820,0
87821,2
87822,2
87823,2
87824,2
87825,6
87826,0
87827,1
87828,6
87829,0
87830,6
87831,2
87832,0
87833,2
87834,2
87835,0
87836,2
87837,2
87838,0
87839,2
87840,1
87841,2
87842,0
87843,0
87844,2
87845,2
87846,2
87847,6
87848,0
87849,5
87850,2
87851,6
87852,2
87853,0
87854,4
87855,3
87856,0
87857,2
87858,2
87859,4
87860,5
87861,0
87862,0
87863,2
87864,2
87865,3
87866,2
87867,6
87868,6
87869,2
87870,0
87871,2
87872,0
87873,4
87874,6
87875,2
87876,0
87877,2
87878,6
87879,6
87880,2
87881,2
87882,5
87883,4
87884,2
87885,2
87886,6
87887,2
87888,2
87889,2
87890,3
87891,2
87892,2
87893,3
87894,1
87895,0
87896,3
87897,4
87898,0
87899,2
87900,4
87901,0
87902,2
87903,0
87904,2
87905,2
87906,0
87907,3
87908,2
87909,0
87910,5
87911,0
87912,2
87913,2
87914,0
87915,0
87916,0
87917,6
87918,2
87919,0
87920,1
87921,2
87922,2
87923,2
87924,2
87925,5
87926,2
87927,2
87928,2
87929,2
87930,2
87931,0
87932,4
87933,2
87934,4
87935,2
87936,5
87937,2
87938,2
87939,3
87940,0
87941,1
87942,1
87943,0
87944,2
87945,2
87946,0
87947,2
87948,0
87949,2
87950,3
87951,2
87952,6
87953,0
87954,0
87955,6
87956,1
87957,5
87958,1
87959,2
87960,2
87961,0
87962,4
87963,0
87964,4
87965,3
87966,6
87967,2
87968,0
87969,4
87970,2
87971,2
87972,0
87973,4
87974,2
87975,2
87976,2
87977,2
87978,6
87979,5
87980,1
87981,2
87982,2
87983,0
87984,0
87985,2
87986,4
87987,6
87988,5
87989,2
87990,0
87991,3
87992,2
87993,5
87994,1
87995,2
87996,3
87997,2
87998,6
87999,2
88000,0
88001,2
88002,0
88003,6
88004,0
88005,5
88006,1
88007,2
88008,2
88009,0
88010,0
88011,2
88012,6
88013,2
88014,6
88015,0
88016,4
88017,2
88018,0
88019,2
88020,4
88021,0
88022,2
88023,6
88024,1
88025,6
88026,0
88027,2
88028,0
88029,5
88030,2
88031,6
88032,1
88033,2
88034,2
88035,4
88036,1
88037,1
88038,2
88039,6
88040,1
88041,6
88042,2
88043,4
88044,2
88045,6
88046,0
88047,6
88048,0
88049,2
88050,1
88051,2
88052,2
88053,4
88054,2
88055,2
88056,1
88057,2
88058,2
88059,6
88060,1
88061,4
88062,0
88063,1
88064,0
88065,2
88066,2
88067,3
88068,6
88069,6
88070,4
88071,6
88072,6
88073,6
88074,4
88075,2
88076,5
88077,2
88078,1
88079,2
88080,0
88081,3
88082,2
88083,4
88084,2
88085,0
88086,4
88087,2
88088,0
88089,4
88090,2
88091,1
88092,2
88093,5
88094,1
88095,0
88096,0
88097,2
88098,3
88099,0
88100,0
88101,3
88102,6
88103,2
88104,0
88105,0
88106,0
88107,6
88108,6
88109,1
88110,0
88111,0
88112,2
88113,5
88114,0
88115,2
88116,2
88117,4
88118,2
88119,2
88120,2
88121,0
88122,0
88123,2
88124,3
88125,6
88126,2
88127,5
88128,2
88129,0
88130,2
88131,0
88132,3
88133,2
88134,0
88135,2
88136,2
88137,0
88138,2
88139,2
88140,6
88141,2
88142,0
88143,4
88144,2
88145,6
88146,6
88147,6
88148,2
88149,2
88150,4
88151,2
88152,1
88153,0
88154,0
88155,0
88156,2
88157,6
88158,0
88159,3
88160,2
88161,1
88162,4
88163,2
88164,2
88165,0
88166,2
88167,2
88168,0
88169,4
88170,5
88171,2
88172,0
88173,0
88174,2
88175,0
88176,2
88177,4
88178,0
88179,0
88180,2
88181,2
88182,0
88183,2
88184,0
88185,3
88186,0
88187,0
88188,0
88189,0
88190,2
88191,2
88192,1
88193,2
88194,0
88195,0
88196,0
88197,2
88198,0
88199,0
88200,2
88201,2
88202,6
88203,3
88204,1
88205,2
88206,2
88207,2
88208,2
88209,2
88210,0
88211,0
88212,6
88213,2
88214,2
88215,0
88216,0
88217,0
88218,2
88219,1
88220,2
88221,3
88222,0
88223,6
88224,2
88225,0
88226,3
88227,2
88228,2
88229,1
88230,4
88231,6
88232,3
88233,1
88234,0
88235,3
88236,2
88237,4
88238,6
88239,0
88240,2
88241,6
88242,0
88243,2
88244,2
88245,2
88246,3
88247,4
88248,0
88249,6
88250,0
88251,4
88252,2
88253,2
88254,1
88255,0
88256,2
88257,2
88258,0
88259,0
88260,6
88261,0
88262,4
88263,0
88264,1
88265,5
88266,6
88267,6
88268,0
88269,0
88270,3
88271,1
88272,1
88273,3
88274,2
88275,0
88276,3
88277,4
88278,2
88279,3
88280,2
88281,6
88282,6
88283,1
88284,0
88285,0
88286,4
88287,2
88288,1
88289,1
88290,6
88291,4
88292,2
88293,4
88294,0
88295,0
88296,6
88297,2
88298,4
88299,1
88300,5
88301,1
88302,1
88303,2
88304,2
88305,2
88306,2
88307,6
88308,0
88309,2
88310,0
88311,2
88312,2
88313,2
88314,0
88315,6
88316,0
88317,2
88318,1
88319,0
88320,3
88321,2
88322,1
88323,6
88324,0
88325,4
88326,0
88327,6
88328,2
88329,0
88330,1
88331,2
88332,0
88333,1
88334,2
88335,1
88336,3
88337,4
88338,4
88339,0
88340,2
88341,2
88342,0
88343,0
88344,2
88345,5
88346,2
88347,2
88348,0
88349,0
88350,3
88351,0
88352,6
88353,5
88354,2
88355,5
88356,2
88357,0
88358,2
88359,2
88360,2
88361,0
88362,3
88363,5
88364,1
88365,6
88366,6
88367,0
88368,2
88369,0
88370,1
88371,4
88372,2
88373,4
88374,2
88375,0
88376,4
88377,4
88378,0
88379,4
88380,2
88381,2
88382,6
88383,2
88384,5
88385,0
88386,0
88387,0
88388,0
88389,0
88390,4
88391,0
88392,0
88393,0
88394,2
88395,1
88396,0
88397,5
88398,4
88399,2
88400,2
88401,2
88402,0
88403,0
88404,0
88405,1
88406,2
88407,4
88408,6
88409,0
88410,4
88411,3
88412,2
88413,3
88414,3
88415,5
88416,0
88417,2
88418,5
88419,1
88420,2
88421,2
88422,0
88423,6
88424,2
88425,0
88426,0
88427,1
88428,4
88429,0
88430,2
88431,4
88432,2
88433,4
88434,0
88435,0
88436,0
88437,0
88438,2
88439,6
88440,0
88441,0
88442,0
88443,2
88444,2
88445,3
88446,0
88447,0
88448,0
88449,2
88450,2
88451,1
88452,0
88453,0
88454,0
88455,0
88456,2
88457,0
88458,0
88459,0
88460,2
88461,0
88462,4
88463,0
88464,0
88465,3
88466,4
88467,2
88468,2
88469,2
88470,2
88471,2
88472,4
88473,0
88474,1
88475,0
88476,2
88477,0
88478,6
88479,2
88480,0
88481,1
88482,3
88483,4
88484,0
88485,0
88486,2
88487,0
88488,0
88489,5
88490,2
88491,6
88492,1
88493,2
88494,0
88495,0
88496,2
88497,6
88498,2
88499,2
88500,6
88501,6
88502,2
88503,2
88504,6
88505,2
88506,0
88507,2
88508,0
88509,5
88510,2
88511,2
88512,6
88513,0
88514,4
88515,0
88516,0
88517,0
88518,4
88519,6
88520,2
88521,3
88522,1
88523,0
88524,2
88525,2
88526,3
88527,1
88528,2
88529,2
88530,0
88531,2
88532,1
88533,0
88534,0
88535,2
88536,2
88537,2
88538,0
88539,2
88540,0
88541,2
88542,6
88543,2
88544,2
88545,1
88546,2
88547,6
88548,2
88549,0
88550,0
88551,2
88552,0
88553,5
88554,5
88555,4
88556,4
88557,6
88558,2
88559,5
88560,6
88561,2
88562,0
88563,0
88564,6
88565,2
88566,0
88567,6
88568,2
88569,0
88570,1
88571,3
88572,2
88573,1
88574,4
88575,4
88576,1
88577,2
88578,4
88579,6
88580,2
88581,4
88582,1
88583,2
88584,4
88585,4
88586,0
88587,0
88588,0
88589,6
88590,0
88591,6
88592,2
88593,0
88594,2
88595,5
88596,2
88597,1
88598,2
88599,1
88600,2
88601,2
88602,0
88603,2
88604,1
88605,0
88606,6
88607,2
88608,2
88609,2
88610,4
88611,0
88612,3
88613,2
88614,0
88615,1
88616,6
88617,6
88618,6
88619,0
88620,0
88621,0
88622,2
88623,6
88624,2
88625,2
88626,6
88627,0
88628,2
88629,0
88630,2
88631,0
88632,3
88633,4
88634,2
88635,5
88636,2
88637,3
88638,6
88639,2
88640,2
88641,1
88642,2
88643,2
88644,0
88645,0
88646,2
88647,2
88648,2
88649,0
88650,4
88651,0
88652,5
88653,2
88654,2
88655,4
88656,2
88657,6
88658,0
88659,3
88660,2
88661,2
88662,1
88663,1
88664,4
88665,0
88666,0
88667,1
88668,2
88669,3
88670,2
88671,5
88672,6
88673,4
88674,0
88675,1
88676,2
88677,0
88678,2
88679,1
88680,5
88681,0
88682,6
88683,0
88684,0
88685,2
88686,2
88687,6
88688,2
88689,2
88690,3
88691,2
88692,2
88693,6
88694,1
88695,2
88696,5
88697,0
88698,1
88699,0
88700,4
88701,2
88702,2
88703,4
88704,1
88705,4
88706,2
88707,2
88708,2
88709,5
88710,0
88711,2
88712,3
88713,1
88714,2
88715,3
88716,1
88717,4
88718,4
88719,0
88720,2
88721,1
88722,4
88723,0
88724,2
88725,2
88726,0
88727,2
88728,0
88729,2
88730,2
88731,2
88732,2
88733,0
88734,6
88735,0
88736,2
88737,6
88738,2
88739,2
88740,0
88741,2
88742,2
88743,2
88744,0
88745,2
88746,0
88747,2
88748,0
88749,6
88750,2
88751,4
88752,2
88753,2
88754,2
88755,0
88756,2
88757,0
88758,2
88759,6
88760,5
88761,0
88762,2
88763,5
88764,6
88765,2
88766,2
88767,0
88768,6
88769,0
88770,2
88771,2
88772,0
88773,0
88774,2
88775,2
88776,2
88777,0
88778,6
88779,2
88780,2
88781,5
88782,4
88783,4
88784,4
88785,0
88786,1
88787,2
88788,0
88789,2
88790,0
88791,0
88792,0
88793,4
88794,2
88795,2
88796,0
88797,6
88798,2
88799,2
88800,0
88801,2
88802,1
88803,6
88804,0
88805,0
88806,6
88807,3
88808,4
88809,4
88810,0
88811,2
88812,2
88813,1
88814,2
88815,0
88816,0
88817,2
88818,2
88819,2
88820,2
88821,2
88822,2
88823,4
88824,0
88825,2
88826,2
88827,2
88828,0
88829,1
88830,0
88831,2
88832,0
88833,0
88834,2
88835,6
88836,0
88837,0
88838,2
88839,2
88840,1
88841,3
88842,2
88843,0
88844,4
88845,2
88846,4
88847,2
88848,3
88849,2
88850,3
88851,1
88852,2
88853,2
88854,0
88855,5
88856,0
88857,2
88858,2
88859,0
88860,2
88861,2
88862,1
88863,2
88864,6
88865,0
88866,5
88867,6
88868,2
88869,6
88870,2
88871,0
88872,0
88873,2
88874,5
88875,0
88876,0
88877,2
88878,5
88879,3
88880,2
88881,5
88882,6
88883,2
88884,0
88885,0
88886,0
88887,2
88888,2
88889,0
88890,2
88891,2
88892,4
88893,2
88894,2
88895,0
88896,2
88897,5
88898,2
88899,0
88900,0
88901,2
88902,2
88903,2
88904,4
88905,0
88906,0
88907,2
88908,0
88909,1
88910,4
88911,2
88912,2
88913,0
88914,1
88915,6
88916,4
88917,6
88918,6
88919,1
88920,0
88921,0
88922,3
88923,1
88924,1
88925,3
88926,3
88927,0
88928,2
88929,0
88930,0
88931,2
88932,3
88933,4
88934,2
88935,2
88936,2
88937,4
88938,0
88939,0
88940,0
88941,0
88942,6
88943,0
88944,2
88945,1
88946,0
88947,2
88948,2
88949,2
88950,2
88951,2
88952,0
88953,2
88954,0
88955,3
88956,4
88957,2
88958,2
88959,2
88960,0
88961,0
88962,2
88963,2
88964,0
88965,0
88966,2
88967,0
88968,6
88969,3
88970,2
88971,5
88972,0
88973,0
88974,4
88975,2
88976,6
88977,2
88978,0
88979,2
88980,2
88981,1
88982,4
88983,2
88984,2
88985,2
88986,6
88987,6
88988,2
88989,1
88990,0
88991,2
88992,0
88993,2
88994,1
88995,6
88996,2
88997,6
88998,3
88999,0
89000,4
89001,3
89002,2
89003,0
89004,2
89005,6
89006,2
89007,0
89008,2
89009,0
89010,6
89011,6
89012,0
89013,2
89014,0
89015,1
89016,2
89017,2
89018,4
89019,0
89020,2
89021,2
89022,3
89023,3
89024,0
89025,6
89026,4
89027,2
89028,2
89029,2
89030,6
89031,0
89032,6
89033,0
89034,0
89035,0
89036,0
89037,2
89038,4
89039,2
89040,6
89041,2
89042,1
89043,0
89044,0
89045,0
89046,0
89047,6
89048,2
89049,0
89050,2
89051,6
89052,0
89053,6
89054,4
89055,3
89056,0
89057,2
89058,6
89059,2
89060,0
89061,0
89062,0
89063,4
89064,2
89065,6
89066,3
89067,2
89068,0
89069,1
89070,2
89071,6
89072,0
89073,2
89074,0
89075,2
89076,0
89077,0
89078,5
89079,2
89080,2
89081,4
89082,1
89083,6
89084,2
89085,2
89086,0
89087,2
89088,6
89089,5
89090,6
89091,4
89092,0
89093,0
89094,2
89095,5
89096,2
89097,0
89098,0
89099,0
89100,5
89101,2
89102,2
89103,2
89104,2
89105,4
89106,2
89107,0
89108,0
89109,2
89110,0
89111,2
89112,3
89113,6
89114,1
89115,3
89116,2
89117,2
89118,4
89119,1
89120,1
89121,0
89122,2
89123,1
89124,2
89125,0
89126,2
89127,2
89128,0
89129,2
89130,2
89131,1
89132,6
89133,6
89134,4
89135,6
89136,0
89137,3
89138,2
89139,2
89140,0
89141,2
89142,2
89143,6
89144,2
89145,0
89146,4
89147,0
89148,2
89149,0
89150,6
89151,1
89152,2
89153,2
89154,4
89155,6
89156,4
89157,2
89158,6
89159,6
89160,2
89161,1
89162,2
89163,2
89164,6
89165,5
89166,2
89167,4
89168,2
89169,0
89170,2
89171,2
89172,0
89173,3
89174,6
89175,4
89176,0
89177,2
89178,2
89179,1
89180,2
89181,2
89182,2
89183,2
89184,0
89185,3
89186,0
89187,2
89188,0
89189,2
89190,6
89191,4
89192,2
89193,3
89194,2
89195,0
89196,0
89197,3
89198,2
89199,2
89200,1
89201,2
89202,0
89203,2
89204,0
89205,0
89206,2
89207,2
89208,5
89209,6
89210,5
89211,0
89212,3
89213,2
89214,6
89215,3
89216,2
89217,2
89218,0
89219,3
89220,0
89221,0
89222,0
89223,2
89224,4
89225,0
89226,2
89227,2
89228,0
89229,0
89230,6
89231,0
89232,6
89233,0
89234,0
89235,3
89236,2
89237,5
89238,0
89239,2
89240,0
89241,2
89242,2
89243,0
89244,0
89245,2
89246,6
89247,2
89248,0
89249,2
89250,2
89251,3
89252,6
89253,2
89254,0
89255,0
89256,4
89257,6
89258,5
89259,6
89260,0
89261,6
89262,2
89263,0
89264,2
89265,0
89266,2
89267,0
89268,1
89269,3
89270,2
89271,6
89272,0
89273,3
89274,0
89275,4
89276,0
89277,0
89278,2
89279,2
89280,6
89281,0
89282,6
89283,0
89284,0
89285,4
89286,0
89287,0
89288,1
89289,2
89290,0
89291,0
89292,2
89293,2
89294,2
89295,0
89296,6
89297,0
89298,0
89299,6
89300,2
89301,1
89302,2
89303,2
89304,2
89305,6
89306,2
89307,2
89308,1
89309,6
89310,2
89311,2
89312,4
89313,2
89314,0
89315,5
89316,3
89317,1
89318,2
89319,6
89320,4
89321,6
89322,6
89323,3
89324,0
89325,2
89326,4
89327,0
89328,2
89329,2
89330,2
89331,0
89332,4
89333,0
89334,2
89335,2
89336,1
89337,1
89338,0
89339,2
89340,2
89341,0
89342,0
89343,1
89344,1
89345,4
89346,1
89347,6
89348,0
89349,2
89350,0
89351,0
89352,2
89353,2
89354,0
89355,0
89356,2
89357,2
89358,2
89359,2
89360,0
89361,5
89362,2
89363,2
89364,2
89365,3
89366,0
89367,0
89368,2
89369,1
89370,4
89371,0
89372,0
89373,2
89374,2
89375,2
89376,6
89377,2
89378,2
89379,2
89380,2
89381,0
89382,0
89383,2
89384,3
89385,4
89386,0
89387,1
89388,2
89389,2
89390,2
89391,2
89392,2
89393,5
89394,6
89395,0
89396,0
89397,0
89398,0
89399,2
89400,2
89401,0
89402,2
89403,3
89404,0
89405,4
89406,1
89407,6
89408,1
89409,0
89410,3
89411,0
89412,2
89413,4
89414,2
89415,2
89416,1
89417,2
89418,2
89419,1
89420,3
89421,4
89422,2
89423,2
89424,0
89425,2
89426,2
89427,6
89428,2
89429,3
89430,2
89431,0
89432,0
89433,1
89434,3
89435,4
89436,4
89437,1
89438,5
89439,2
89440,2
89441,6
89442,1
89443,0
89444,0
89445,2
89446,2
89447,0
89448,2
89449,0
89450,2
89451,2
89452,2
89453,0
89454,2
89455,2
89456,2
89457,6
89458,2
89459,2
89460,0
89461,2
89462,0
89463,4
89464,1
89465,2
89466,2
89467,4
89468,0
89469,0
89470,0
89471,2
89472,2
89473,1
89474,2
89475,2
89476,0
89477,2
89478,1
89479,2
89480,0
89481,0
89482,4
89483,4
89484,4
89485,0
89486,0
89487,6
89488,2
89489,6
89490,4
89491,5
89492,0
89493,6
89494,2
89495,6
89496,2
89497,6
89498,2
89499,2
89500,0
89501,0
89502,0
89503,2
89504,0
89505,0
89506,2
89507,0
89508,3
89509,0
89510,0
89511,2
89512,2
89513,2
89514,6
89515,2
89516,2
89517,2
89518,0
89519,6
89520,2
89521,2
89522,6
89523,2
89524,2
89525,6
89526,6
89527,6
89528,0
89529,2
89530,0
89531,2
89532,2
89533,2
89534,1
89535,6
89536,2
89537,1
89538,2
89539,5
89540,0
89541,1
89542,6
89543,6
89544,4
89545,2
89546,4
89547,0
89548,4
89549,0
89550,0
89551,0
89552,6
89553,6
89554,2
89555,2
89556,0
89557,6
89558,6
89559,4
89560,0
89561,2
89562,2
89563,0
89564,6
89565,3
89566,0
89567,4
89568,2
89569,4
89570,2
89571,2
89572,0
89573,0
89574,2
89575,4
89576,2
89577,2
89578,3
89579,2
89580,0
89581,0
89582,6
89583,0
89584,0
89585,4
89586,2
89587,0
89588,0
89589,2
89590,0
89591,2
89592,0
89593,0
89594,2
89595,5
89596,2
89597,6
89598,0
89599,4
89600,6
89601,1
89602,2
89603,0
89604,0
89605,2
89606,2
89607,2
89608,0
89609,6
89610,1
89611,0
89612,2
89613,6
89614,2
89615,1
89616,6
89617,2
89618,4
89619,2
89620,0
89621,0
89622,2
89623,2
89624,4
89625,6
89626,0
89627,6
89628,0
89629,2
89630,6
89631,2
89632,3
89633,6
89634,4
89635,1
89636,2
89637,2
89638,1
89639,0
89640,2
89641,2
89642,2
89643,2
89644,3
89645,2
89646,4
89647,6
89648,4
89649,2
89650,0
89651,1
89652,4
89653,0
89654,5
89655,5
89656,6
89657,6
89658,2
89659,0
89660,6
89661,6
89662,1
89663,2
89664,0
89665,0
89666,0
89667,0
89668,3
89669,2
89670,6
89671,2
89672,5
89673,2
89674,5
89675,5
89676,4
89677,6
89678,0
89679,2
89680,5
89681,0
89682,2
89683,5
89684,2
89685,2
89686,2
89687,2
89688,0
89689,2
89690,2
89691,2
89692,1
89693,1
89694,2
89695,2
89696,2
89697,2
89698,2
89699,2
89700,0
89701,2
89702,0
89703,6
89704,2
89705,6
89706,2
89707,0
89708,1
89709,4
89710,6
89711,0
89712,3
89713,6
89714,4
89715,5
89716,2
89717,4
89718,0
89719,0
89720,0
89721,0
89722,2
89723,4
89724,2
89725,6
89726,2
89727,4
89728,0
89729,6
89730,2
89731,2
89732,4
89733,2
89734,2
89735,6
89736,3
89737,1
89738,0
89739,0
89740,2
89741,4
89742,2
89743,2
89744,6
89745,3
89746,5
89747,2
89748,0
89749,2
89750,4
89751,0
89752,0
89753,6
89754,0
89755,6
89756,6
89757,2
89758,6
89759,1
89760,5
89761,4
89762,2
89763,3
89764,0
89765,4
89766,2
89767,6
89768,6
89769,3
89770,0
89771,2
89772,2
89773,5
89774,2
89775,6
89776,2
89777,2
89778,3
89779,0
89780,6
89781,2
89782,3
89783,2
89784,1
89785,4
89786,5
89787,2
89788,2
89789,0
89790,4
89791,6
89792,1
89793,0
89794,1
89795,0
89796,4
89797,2
89798,0
89799,2
89800,0
89801,2
89802,2
89803,1
89804,4
89805,5
89806,2
89807,6
89808,0
89809,3
89810,2
89811,0
89812,6
89813,2
89814,4
89815,1
89816,4
89817,0
89818,2
89819,2
89820,2
89821,1
89822,6
89823,1
89824,2
89825,3
89826,2
89827,0
89828,5
89829,2
89830,6
89831,6
89832,2
89833,0
89834,0
89835,2
89836,2
89837,6
89838,6
89839,2
89840,2
89841,2
89842,1
89843,5
89844,6
89845,0
89846,2
89847,2
89848,0
89849,2
89850,2
89851,2
89852,2
89853,2
89854,2
89855,5
89856,6
89857,2
89858,0
89859,4
89860,6
89861,6
89862,6
89863,2
89864,0
89865,3
89866,2
89867,2
89868,2
89869,3
89870,0
89871,2
89872,2
89873,2
89874,0
89875,2
89876,5
89877,1
89878,1
89879,1
89880,0
89881,6
89882,2
89883,6
89884,6
89885,4
89886,0
89887,0
89888,6
89889,2
89890,2
89891,0
89892,0
89893,5
89894,6
89895,2
89896,3
89897,0
89898,2
89899,4
89900,0
89901,3
89902,2
89903,0
89904,2
89905,2
89906,6
89907,2
89908,1
89909,0
89910,0
89911,2
89912,3
89913,0
89914,2
89915,0
89916,4
89917,6
89918,0
89919,0
89920,0
89921,4
89922,2
89923,0
89924,2
89925,4
89926,5
89927,0
89928,2
89929,4
89930,0
89931,1
89932,1
89933,4
89934,2
89935,0
89936,2
89937,6
89938,1
89939,2
89940,2
89941,0
89942,0
89943,2
89944,6
89945,0
89946,2
89947,0
89948,4
89949,2
89950,2
89951,2
89952,0
89953,0
89954,1
89955,6
89956,2
89957,4
89958,0
89959,2
89960,2
89961,2
89962,0
89963,2
89964,6
89965,1
89966,2
89967,2
89968,0
89969,0
89970,2
89971,4
89972,3
89973,2
89974,2
89975,2
89976,6
89977,1
89978,3
89979,1
89980,0
89981,6
89982,0
89983,1
89984,0
89985,4
89986,4
89987,0
89988,6
89989,2
89990,2
89991,2
89992,2
89993,2
89994,0
89995,2
89996,2
89997,5
89998,2
89999,0
90000,6
90001,2
90002,6
90003,2
90004,4
90005,2
90006,2
90007,0
90008,6
90009,2
90010,6
90011,2
90012,0
90013,2
90014,5
90015,6
90016,0
90017,6
90018,2
90019,2
90020,2
90021,2
90022,0
90023,2
90024,3
90025,6
90026,3
90027,2
90028,0
90029,6
90030,4
90031,0
90032,0
90033,5
90034,2
90035,2
90036,0
90037,1
90038,2
90039,4
90040,0
90041,6
90042,2
90043,2
90044,4
90045,6
90046,2
90047,2
90048,4
90049,0
90050,4
90051,0
90052,4
90053,0
90054,2
90055,0
90056,0
90057,2
90058,2
90059,0
90060,1
90061,0
90062,2
90063,2
90064,1
90065,6
90066,3
90067,4
90068,0
90069,0
90070,0
90071,4
90072,2
90073,2
90074,4
90075,0
90076,2
90077,2
90078,1
90079,2
90080,0
90081,0
90082,2
90083,2
90084,6
90085,2
90086,0
90087,0
90088,2
90089,2
90090,2
90091,2
90092,4
90093,6
90094,6
90095,2
90096,5
90097,2
90098,1
90099,0
90100,3
90101,2
90102,3
90103,0
90104,6
90105,2
90106,2
90107,2
90108,3
90109,2
90110,0
90111,6
90112,1
90113,0
90114,6
90115,2
90116,2
90117,0
90118,4
90119,2
90120,1
90121,5
90122,2
90123,0
90124,2
90125,0
90126,2
90127,2
90128,4
90129,0
90130,6
90131,2
90132,1
90133,6
90134,0
90135,0
90136,2
90137,4
90138,6
90139,0
90140,5
90141,0
90142,2
90143,6
90144,0
90145,1
90146,2
90147,5
90148,6
90149,6
90150,3
90151,2
90152,6
90153,0
90154,4
90155,5
90156,0
90157,2
90158,1
90159,2
90160,0
90161,2
90162,0
90163,4
90164,2
90165,6
90166,4
90167,2
90168,2
90169,0
90170,0
90171,2
90172,6
90173,2
90174,4
90175,6
90176,2
90177,6
90178,4
90179,0
90180,1
90181,3
90182,6
90183,2
90184,2
90185,2
90186,2
90187,2
90188,4
90189,2
90190,2
90191,2
90192,2
90193,2
90194,0
90195,0
90196,2
90197,1
90198,2
90199,2
90200,4
90201,0
90202,4
90203,0
90204,5
90205,2
90206,2
90207,6
90208,0
90209,2
90210,2
90211,2
90212,0
90213,0
90214,2
90215,5
90216,6
90217,0
90218,6
90219,3
90220,2
90221,0
90222,4
90223,6
90224,1
90225,4
90226,4
90227,2
90228,6
90229,2
90230,2
90231,6
90232,4
90233,1
90234,2
90235,2
90236,6
90237,1
90238,3
90239,2
90240,1
90241,6
90242,2
90243,2
90244,6
90245,1
90246,2
90247,5
90248,2
90249,0
90250,0
90251,2
90252,2
90253,2
90254,0
90255,2
90256,2
90257,4
90258,5
90259,2
90260,6
90261,3
90262,6
90263,2
90264,2
90265,2
90266,2
90267,0
90268,2
90269,2
90270,2
90271,4
90272,0
90273,2
90274,4
90275,0
90276,2
90277,2
90278,6
90279,2
90280,2
90281,1
90282,4
90283,3
90284,6
90285,2
90286,2
90287,0
90288,2
90289,2
90290,1
90291,2
90292,2
90293,2
90294,3
90295,4
90296,6
90297,2
90298,4
90299,6
90300,6
90301,2
90302,2
90303,4
90304,6
90305,5
90306,4
90307,0
90308,6
90309,2
90310,0
90311,2
90312,1
90313,2
90314,0
90315,0
90316,3
90317,2
90318,4
90319,1
90320,5
90321,2
90322,2
90323,0
90324,0
90325,4
90326,1
90327,2
90328,0
90329,4
90330,0
90331,2
90332,1
90333,0
90334,6
90335,0
90336,6
90337,0
90338,0
90339,2
90340,1
90341,1
90342,0
90343,2
90344,2
90345,0
90346,6
90347,0
90348,5
90349,2
90350,2
90351,2
90352,6
90353,2
90354,4
90355,0
90356,0
90357,2
90358,4
90359,0
90360,2
90361,1
90362,2
90363,3
90364,2
90365,0
90366,0
90367,5
90368,2
90369,1
90370,0
90371,0
90372,1
90373,6
90374,2
90375,5
90376,2
90377,2
90378,2
90379,4
90380,0
90381,3
90382,2
90383,0
90384,0
90385,0
90386,6
90387,2
90388,0
90389,1
90390,1
90391,2
90392,6
90393,0
90394,6
90395,2
90396,2
90397,6
90398,0
90399,5
90400,5
90401,2
90402,6
90403,2
90404,5
90405,6
90406,2
90407,4
90408,2
90409,2
90410,0
90411,0
90412,1
90413,0
90414,2
90415,0
90416,2
90417,0
90418,2
90419,0
90420,0
90421,6
90422,4
90423,2
90424,3
90425,0
90426,0
90427,6
90428,5
90429,0
90430,0
90431,0
90432,4
90433,4
90434,0
90435,0
90436,2
90437,2
90438,2
90439,4
90440,0
90441,2
90442,6
90443,3
90444,2
90445,2
90446,0
90447,2
90448,0
90449,2
90450,6
90451,2
90452,6
90453,0
90454,2
90455,2
90456,2
90457,0
90458,2
90459,2
90460,1
90461,2
90462,2
90463,5
90464,2
90465,2
90466,6
90467,6
90468,1
90469,4
90470,1
90471,2
90472,6
90473,0
90474,6
90475,0
90476,0
90477,2
90478,2
90479,3
90480,0
90481,2
90482,3
90483,2
90484,5
90485,3
90486,1
90487,2
90488,2
90489,2
90490,2
90491,4
90492,0
90493,0
90494,2
90495,2
90496,2
90497,6
90498,2
90499,0
90500,2
90501,2
90502,2
90503,0
90504,2
90505,0
90506,2
90507,1
90508,6
90509,6
90510,2
90511,2
90512,0
90513,0
90514,6
90515,4
90516,4
90517,2
90518,0
90519,0
90520,2
90521,6
90522,6
90523,0
90524,4
90525,0
90526,2
90527,6
90528,3
90529,4
90530,2
90531,6
90532,2
90533,2
90534,5
90535,2
90536,1
90537,2
90538,3
90539,4
90540,3
90541,2
90542,1
90543,0
90544,2
90545,2
90546,2
90547,2
90548,4
90549,2
90550,2
90551,2
90552,6
90553,5
90554,2
90555,5
90556,2
90557,2
90558,0
90559,3
90560,2
90561,5
90562,3
90563,0
90564,0
90565,2
90566,4
90567,4
90568,2
90569,2
90570,2
90571,2
90572,0
90573,0
90574,1
90575,0
90576,2
90577,1
90578,0
90579,2
90580,0
90581,0
90582,2
90583,4
90584,2
90585,1
90586,0
90587,2
90588,1
90589,2
90590,2
90591,0
90592,2
90593,4
90594,6
90595,2
90596,2
90597,1
90598,4
90599,2
90600,1
90601,1
90602,4
90603,4
90604,0
90605,0
90606,6
90607,3
90608,1
90609,4
90610,3
90611,6
90612,4
90613,0
90614,2
90615,0
90616,0
90617,6
90618,0
90619,2
90620,0
90621,2
90622,2
90623,2
90624,2
90625,6
90626,4
90627,6
90628,6
90629,0
90630,2
90631,6
90632,2
90633,2
90634,5
90635,0
90636,0
90637,2
90638,0
90639,0
90640,2
90641,0
90642,1
90643,6
90644,0
90645,0
90646,4
90647,4
90648,0
90649,4
90650,5
90651,2
90652,0
90653,0
90654,6
90655,0
90656,2
90657,2
90658,0
90659,2
90660,3
90661,2
90662,2
90663,0
90664,5
90665,2
90666,0
90667,6
90668,2
90669,2
90670,6
90671,0
90672,0
90673,1
90674,1
90675,2
90676,0
90677,0
90678,2
90679,6
90680,2
90681,6
90682,0
90683,0
90684,2
90685,2
90686,1
90687,2
90688,2
90689,3
90690,1
90691,2
90692,0
90693,6
90694,2
90695,0
90696,0
90697,6
90698,2
90699,5
90700,5
90701,0
90702,2
90703,2
90704,3
90705,3
90706,0
90707,6
90708,2
90709,2
90710,4
90711,0
90712,2
90713,2
90714,2
90715,2
90716,4
90717,2
90718,2
90719,2
90720,6
90721,6
90722,2
90723,5
90724,6
90725,4
90726,2
90727,0
90728,6
90729,2
90730,2
90731,0
90732,2
90733,2
90734,2
90735,0
90736,2
90737,0
90738,4
90739,0
90740,2
90741,2
90742,4
90743,4
90744,3
90745,2
90746,2
90747,6
90748,0
90749,2
90750,5
90751,2
90752,2
90753,0
90754,2
90755,0
90756,2
90757,6
90758,2
90759,2
90760,1
90761,0
90762,2
90763,2
90764,1
90765,2
90766,2
90767,2
90768,0
90769,2
90770,2
90771,6
90772,0
90773,1
90774,5
90775,2
90776,2
90777,3
90778,0
90779,0
90780,2
90781,2
90782,6
90783,0
90784,2
90785,0
90786,0
90787,0
90788,6
90789,6
90790,0
90791,0
90792,2
90793,2
90794,4
90795,2
90796,0
90797,3
90798,4
90799,2
90800,2
90801,0
90802,0
90803,4
90804,1
90805,2
90806,4
90807,6
90808,2
90809,0
90810,2
90811,0
90812,6
90813,1
90814,2
90815,6
90816,2
90817,6
90818,0
90819,0
90820,0
90821,6
90822,0
90823,1
90824,2
90825,6
90826,0
90827,0
90828,2
90829,6
90830,4
90831,2
90832,6
90833,6
90834,6
90835,1
90836,6
90837,0
90838,0
90839,2
90840,6
90841,3
90842,1
90843,6
90844,2
90845,6
90846,1
90847,6
90848,0
90849,3
90850,4
90851,1
90852,2
90853,6
90854,2
90855,0
90856,6
90857,2
90858,2
90859,1
90860,4
90861,4
90862,4
90863,2
90864,0
90865,0
90866,6
90867,2
90868,4
90869,0
90870,0
90871,1
90872,0
90873,2
90874,2
90875,2
90876,3
90877,2
90878,5
90879,2
90880,2
90881,2
90882,3
90883,4
90884,2
90885,2
90886,2
90887,4
90888,0
90889,4
90890,2
90891,2
90892,2
90893,2
90894,5
90895,3
90896,4
90897,2
90898,4
90899,2
90900,0
90901,0
90902,2
90903,1
90904,6
90905,4
90906,5
90907,6
90908,3
90909,6
90910,0
90911,2
90912,2
90913,0
90914,6
90915,4
90916,0
90917,6
90918,2
90919,6
90920,1
90921,2
90922,1
90923,2
90924,4
90925,5
90926,2
90927,2
90928,4
90929,6
90930,4
90931,2
90932,0
90933,4
90934,2
90935,2
90936,6
90937,6
90938,2
90939,6
90940,2
90941,0
90942,0
90943,4
90944,2
90945,0
90946,4
90947,1
90948,1
90949,2
90950,2
90951,2
90952,6
90953,0
90954,6
90955,6
90956,1
90957,0
90958,0
90959,0
90960,2
90961,1
90962,6
90963,0
90964,4
90965,2
90966,0
90967,6
90968,2
90969,2
90970,2
90971,2
90972,0
90973,4
90974,0
90975,1
90976,2
90977,2
90978,2
90979,2
90980,2
90981,0
90982,2
90983,2
90984,2
90985,0
90986,0
90987,2
90988,0
90989,1
90990,2
90991,0
90992,2
90993,5
90994,3
90995,2
90996,2
90997,1
90998,6
90999,0
91000,1
91001,1
91002,0
91003,0
91004,2
91005,2
91006,6
91007,6
91008,2
91009,0
91010,0
91011,6
91012,2
91013,3
91014,4
91015,0
91016,6
91017,2
91018,2
91019,2
91020,2
91021,6
91022,2
91023,0
91024,2
91025,6
91026,6
91027,2
91028,0
91029,0
91030,6
91031,6
91032,2
91033,1
91034,0
91035,2
91036,0
91037,0
91038,0
91039,2
91040,0
91041,6
91042,0
91043,0
91044,2
91045,6
91046,1
91047,4
91048,0
91049,2
91050,2
91051,2
91052,2
91053,0
91054,2
91055,5
91056,2
91057,1
91058,2
91059,0
91060,0
91061,2
91062,2
91063,4
91064,2
91065,4
91066,2
91067,6
91068,6
91069,2
91070,2
91071,0
91072,2
91073,2
91074,6
91075,2
91076,2
91077,6
91078,0
91079,4
91080,2
91081,2
91082,2
91083,6
91084,2
91085,3
91086,2
91087,2
91088,2
91089,0
91090,0
91091,6
91092,6
91093,2
91094,6
91095,0
91096,2
91097,6
91098,4
91099,2
91100,2
91101,0
91102,6
91103,0
91104,2
91105,2
91106,2
91107,2
91108,2
91109,6
91110,0
91111,4
91112,0
91113,6
91114,1
91115,2
91116,0
91117,2
91118,6
91119,4
91120,0
91121,0
91122,2
91123,0
91124,2
91125,6
91126,2
91127,2
91128,5
91129,2
91130,5
91131,3
91132,2
91133,0
91134,0
91135,0
91136,2
91137,4
91138,2
91139,0
91140,2
91141,2
91142,2
91143,4
91144,4
91145,2
91146,0
91147,2
91148,2
91149,4
91150,0
91151,6
91152,0
91153,2
91154,2
91155,0
91156,2
91157,0
91158,0
91159,0
91160,2
91161,3
91162,3
91163,2
91164,4
91165,2
91166,0
91167,2
91168,2
91169,2
91170,2
91171,5
91172,0
91173,0
91174,0
91175,2
91176,2
91177,2
91178,5
91179,2
91180,2
91181,0
91182,2
91183,4
91184,2
91185,2
91186,0
91187,2
91188,0
91189,1
91190,2
91191,6
91192,0
91193,6
91194,5
91195,6
91196,0
91197,0
91198,5
91199,2
91200,2
91201,0
91202,0
91203,2
91204,2
91205,2
91206,4
91207,2
91208,2
91209,5
91210,0
91211,4
91212,2
91213,4
91214,2
91215,0
91216,0
91217,3
91218,6
91219,2
91220,0
91221,2
91222,2
91223,0
91224,6
91225,2
91226,0
91227,4
91228,4
91229,3
91230,1
91231,2
91232,2
91233,1
91234,2
91235,0
91236,2
91237,3
91238,6
91239,6
91240,2
91241,1
91242,2
91243,2
91244,0
91245,1
91246,6
91247,6
91248,4
91249,2
91250,2
91251,0
91252,0
91253,0
91254,3
91255,0
91256,0
91257,2
91258,6
91259,6
91260,0
91261,4
91262,6
91263,6
91264,1
91265,0
91266,3
91267,3
91268,2
91269,5
91270,0
91271,2
91272,2
91273,2
91274,4
91275,6
91276,0
91277,2
91278,5
91279,1
91280,2
91281,2
91282,2
91283,6
91284,1
91285,2
91286,4
91287,2
91288,0
91289,2
91290,0
91291,2
91292,2
91293,0
91294,0
91295,4
91296,1
91297,6
91298,6
91299,2
91300,3
91301,4
91302,0
91303,0
91304,2
91305,0
91306,4
91307,2
91308,2
91309,4
91310,6
91311,4
91312,2
91313,2
91314,2
91315,0
91316,2
91317,0
91318,2
91319,2
91320,0
91321,2
91322,2
91323,0
91324,2
91325,3
91326,2
91327,2
91328,1
91329,4
91330,0
91331,4
91332,6
91333,0
91334,1
91335,5
91336,4
91337,0
91338,2
91339,5
91340,4
91341,2
91342,2
91343,1
91344,2
91345,4
91346,0
91347,5
91348,2
91349,2
91350,2
91351,6
91352,1
91353,3
91354,6
91355,4
91356,3
91357,0
91358,0
91359,6
91360,1
91361,0
91362,2
91363,2
91364,2
91365,0
91366,2
91367,0
91368,6
91369,4
91370,2
91371,2
91372,0
91373,1
91374,2
91375,0
91376,5
91377,0
91378,2
91379,1
91380,2
91381,4
91382,0
91383,6
91384,2
91385,0
91386,2
91387,6
91388,3
91389,0
91390,3
91391,2
91392,2
91393,0
91394,2
91395,6
91396,2
91397,2
91398,6
91399,6
91400,2
91401,0
91402,0
91403,0
91404,2
91405,1
91406,2
91407,6
91408,5
91409,0
91410,2
91411,0
91412,3
91413,2
91414,2
91415,4
91416,2
91417,3
91418,2
91419,6
91420,2
91421,2
91422,6
91423,0
91424,2
91425,5
91426,2
91427,2
91428,2
91429,4
91430,2
91431,4
91432,6
91433,3
91434,1
91435,2
91436,6
91437,0
91438,6
91439,2
91440,2
91441,4
91442,2
91443,2
91444,2
91445,2
91446,0
91447,1
91448,0
91449,2
91450,0
91451,2
91452,6
91453,4
91454,5
91455,5
91456,2
91457,3
91458,0
91459,0
91460,4
91461,0
91462,2
91463,3
91464,6
91465,4
91466,0
91467,0
91468,2
91469,1
91470,2
91471,0
91472,4
91473,2
91474,2
91475,6
91476,4
91477,0
91478,2
91479,0
91480,6
91481,2
91482,0
91483,0
91484,0
91485,2
91486,4
91487,6
91488,1
91489,2
91490,1
91491,0
91492,5
91493,2
91494,1
91495,4
91496,2
91497,2
91498,6
91499,1
91500,3
91501,0
91502,6
91503,0
91504,6
91505,6
91506,2
91507,6
91508,4
91509,0
91510,0
91511,4
91512,4
91513,6
91514,4
91515,2
91516,0
91517,3
91518,2
91519,2
91520,0
91521,0
91522,0
91523,6
91524,4
91525,0
91526,1
91527,0
91528,2
91529,2
91530,0
91531,1
91532,6
91533,2
91534,0
91535,2
91536,2
91537,0
91538,6
91539,0
91540,6
91541,2
91542,0
91543,6
91544,2
91545,1
91546,2
91547,5
91548,0
91549,0
91550,0
91551,6
91552,4
91553,4
91554,5
91555,4
91556,0
91557,0
91558,0
91559,0
91560,6
91561,2
91562,1
91563,6
91564,0
91565,0
91566,6
91567,0
91568,3
91569,2
91570,1
91571,0
91572,6
91573,6
91574,0
91575,0
91576,6
91577,1
91578,0
91579,0
91580,2
91581,3
91582,6
91583,3
91584,2
91585,0
91586,0
91587,2
91588,2
91589,2
91590,3
91591,4
91592,0
91593,2
91594,3
91595,2
91596,0
91597,0
91598,0
91599,4
91600,6
91601,2
91602,2
91603,6
91604,2
91605,0
91606,0
91607,0
91608,2
91609,6
91610,0
91611,4
91612,1
91613,1
91614,0
91615,2
91616,0
91617,0
91618,2
91619,2
91620,1
91621,2
91622,2
91623,0
91624,0
91625,0
91626,0
91627,0
91628,6
91629,0
91630,4
91631,6
91632,0
91633,0
91634,0
91635,0
91636,2
91637,2
91638,2
91639,2
91640,1
91641,0
91642,2
91643,2
91644,0
91645,2
91646,6
91647,6
91648,0
91649,2
91650,0
91651,2
91652,1
91653,4
91654,1
91655,2
91656,0
91657,4
91658,5
91659,6
91660,2
91661,2
91662,0
91663,2
91664,6
91665,2
91666,1
91667,1
91668,2
91669,6
91670,5
91671,2
91672,0
91673,3
91674,2
91675,3
91676,2
91677,0
91678,2
91679,6
91680,2
91681,2
91682,1
91683,0
91684,5
91685,2
91686,0
91687,2
91688,3
91689,6
91690,2
91691,2
91692,0
91693,1
91694,0
91695,2
91696,5
91697,5
91698,1
91699,0
91700,2
91701,6
91702,0
91703,0
91704,2
91705,3
91706,0
91707,4
91708,2
91709,2
91710,0
91711,2
91712,4
91713,2
91714,3
91715,0
91716,2
91717,2
91718,0
91719,2
91720,0
91721,0
91722,4
91723,6
91724,0
91725,0
91726,0
91727,0
91728,4
91729,1
91730,2
91731,0
91732,2
91733,2
91734,2
91735,2
91736,2
91737,2
91738,1
91739,2
91740,3
91741,4
91742,2
91743,5
91744,4
91745,4
91746,0
91747,2
91748,2
91749,4
91750,0
91751,6
91752,0
91753,2
91754,4
91755,6
91756,5
91757,6
91758,2
91759,2
91760,0
91761,2
91762,2
91763,1
91764,0
91765,4
91766,6
91767,4
91768,0
91769,0
91770,0
91771,1
91772,0
91773,3
91774,1
91775,2
91776,2
91777,0
91778,0
91779,2
91780,6
91781,2
91782,5
91783,2
91784,2
91785,2
91786,0
91787,2
91788,2
91789,0
91790,1
91791,2
91792,2
91793,2
91794,6
91795,4
91796,3
91797,6
91798,1
91799,2
91800,2
91801,4
91802,2
91803,4
91804,2
91805,6
91806,6
91807,6
91808,0
91809,1
91810,2
91811,2
91812,3
91813,4
91814,4
91815,2
91816,6
91817,6
91818,6
91819,0
91820,2
91821,0
91822,2
91823,1
91824,4
91825,6
91826,4
91827,2
91828,6
91829,4
91830,1
91831,0
91832,3
91833,0
91834,2
91835,2
91836,1
91837,2
91838,4
91839,2
91840,2
91841,6
91842,6
91843,0
91844,2
91845,2
91846,2
91847,2
91848,0
91849,0
91850,0
91851,0
91852,6
91853,4
91854,2
91855,1
91856,1
91857,2
91858,2
91859,6
91860,2
91861,4
91862,2
91863,2
91864,3
91865,5
91866,2
91867,1
91868,2
91869,2
91870,1
91871,2
91872,6
91873,2
91874,1
91875,0
91876,5
91877,0
91878,4
91879,2
91880,2
91881,4
91882,2
91883,3
91884,2
91885,0
91886,0
91887,2
91888,6
91889,1
91890,0
91891,6
91892,2
91893,0
91894,0
91895,0
91896,0
91897,2
91898,0
91899,5
91900,6
91901,2
91902,2
91903,4
91904,4
91905,4
91906,2
91907,4
91908,6
91909,6
91910,4
91911,6
91912,0
91913,2
91914,6
91915,6
91916,2
91917,2
91918,6
91919,2
91920,2
91921,0
91922,2
91923,2
91924,0
91925,4
91926,2
91927,4
91928,2
91929,0
91930,1
91931,0
91932,5
91933,0
91934,4
91935,2
91936,0
91937,2
91938,4
91939,0
91940,3
91941,0
91942,2
91943,2
91944,1
91945,1
91946,0
91947,6
91948,2
91949,1
91950,2
91951,2
91952,2
91953,2
91954,1
91955,2
91956,2
91957,1
91958,2
91959,0
91960,0
91961,2
91962,1
91963,4
91964,3
91965,6
91966,4
91967,3
91968,2
91969,2
91970,2
91971,2
91972,0
91973,2
91974,6
91975,0
91976,1
91977,3
91978,2
91979,5
91980,2
91981,2
91982,1
91983,2
91984,2
91985,4
91986,5
91987,2
91988,0
91989,0
91990,6
91991,2
91992,6
91993,1
91994,0
91995,1
91996,0
91997,0
91998,2
91999,0
92000,4
92001,6
92002,0
92003,6
92004,5
92005,0
92006,2
92007,0
92008,5
92009,5
92010,4
92011,2
92012,2
92013,5
92014,2
92015,2
92016,0
92017,1
92018,2
92019,0
92020,1
92021,2
92022,0
92023,5
92024,6
92025,0
92026,2
92027,2
92028,0
92029,5
92030,0
92031,0
92032,2
92033,0
92034,5
92035,2
92036,0
92037,2
92038,4
92039,1
92040,0
92041,2
92042,2
92043,1
92044,3
92045,6
92046,4
92047,2
92048,0
92049,0
92050,1
92051,0
92052,4
92053,0
92054,2
92055,2
92056,0
92057,2
92058,6
92059,2
92060,2
92061,2
92062,5
92063,2
92064,0
92065,0
92066,6
92067,3
92068,0
92069,2
92070,2
92071,2
92072,2
92073,2
92074,2
92075,2
92076,2
92077,4
92078,1
92079,2
92080,5
92081,2
92082,2
92083,2
92084,2
92085,3
92086,6
92087,5
92088,2
92089,5
92090,0
92091,2
92092,2
92093,0
92094,2
92095,4
92096,4
92097,5
92098,4
92099,0
92100,2
92101,3
92102,0
92103,1
92104,0
92105,0
92106,2
92107,0
92108,2
92109,2
92110,0
92111,2
92112,2
92113,2
92114,0
92115,2
92116,0
92117,1
92118,6
92119,6
92120,6
92121,0
92122,2
92123,2
92124,0
92125,5
92126,0
92127,4
92128,0
92129,2
92130,4
92131,4
92132,6
92133,6
92134,2
92135,0
92136,2
92137,0
92138,2
92139,0
92140,5
92141,0
92142,3
92143,1
92144,2
92145,6
92146,2
92147,6
92148,2
92149,0
92150,2
92151,2
92152,0
92153,2
92154,3
92155,6
92156,2
92157,0
92158,2
92159,1
92160,0
92161,2
92162,5
92163,2
92164,0
92165,1
92166,6
92167,2
92168,2
92169,6
92170,0
92171,2
92172,0
92173,2
92174,0
92175,0
92176,2
92177,0
92178,4
92179,2
92180,2
92181,0
92182,0
92183,2
92184,0
92185,0
92186,2
92187,5
92188,2
92189,2
92190,2
92191,0
92192,2
92193,6
92194,0
92195,0
92196,0
92197,0
92198,6
92199,2
92200,0
92201,2
92202,2
92203,0
92204,1
92205,2
92206,6
92207,0
92208,1
92209,2
92210,2
92211,6
92212,0
92213,1
92214,0
92215,1
92216,2
92217,0
92218,2
92219,2
92220,0
92221,2
92222,2
92223,6
92224,2
92225,2
92226,0
92227,4
92228,3
92229,2
92230,0
92231,2
92232,2
92233,1
92234,2
92235,2
92236,6
92237,6
92238,0
92239,1
92240,2
92241,2
92242,0
92243,2
92244,2
92245,6
92246,0
92247,0
92248,0
92249,0
92250,0
92251,6
92252,2
92253,6
92254,4
92255,0
92256,4
92257,0
92258,3
92259,4
92260,0
92261,0
92262,4
92263,4
92264,2
92265,2
92266,0
92267,1
92268,0
92269,1
92270,0
92271,2
92272,0
92273,2
92274,2
92275,2
92276,2
92277,2
92278,0
92279,2
92280,2
92281,2
92282,2
92283,0
92284,3
92285,6
92286,1
92287,2
92288,2
92289,6
92290,0
92291,6
92292,0
92293,2
92294,6
92295,2
92296,6
92297,0
92298,6
92299,2
92300,0
92301,2
92302,2
92303,6
92304,4
92305,6
92306,6
92307,0
92308,2
92309,0
92310,0
92311,0
92312,1
92313,5
92314,0
92315,6
92316,2
92317,0
92318,2
92319,6
92320,6
92321,2
92322,0
92323,1
92324,4
92325,6
92326,6
92327,0
92328,1
92329,0
92330,6
92331,6
92332,4
92333,2
92334,4
92335,5
92336,0
92337,2
92338,0
92339,0
92340,0
92341,1
92342,1
92343,0
92344,0
92345,2
92346,2
92347,0
92348,1
92349,2
92350,2
92351,4
92352,6
92353,6
92354,0
92355,2
92356,2
92357,2
92358,6
92359,0
92360,2
92361,4
92362,2
92363,4
92364,5
92365,2
92366,0
92367,3
92368,0
92369,2
92370,0
92371,4
92372,2
92373,2
92374,0
92375,2
92376,2
92377,3
92378,1
92379,1
92380,0
92381,2
92382,6
92383,6
92384,1
92385,2
92386,2
92387,2
92388,2
92389,0
92390,4
92391,3
92392,0
92393,2
92394,6
92395,0
92396,0
92397,0
92398,6
92399,2
92400,2
92401,2
92402,1
92403,0
92404,4
92405,0
92406,0
92407,3
92408,1
92409,6
92410,2
92411,2
92412,2
92413,0
92414,0
92415,6
92416,0
92417,0
92418,6
92419,3
92420,2
92421,2
92422,2
92423,6
92424,2
92425,0
92426,3
92427,2
92428,6
92429,2
92430,6
92431,2
92432,5
92433,2
92434,0
92435,1
92436,4
92437,1
92438,2
92439,1
92440,2
92441,2
92442,3
92443,2
92444,0
92445,0
92446,0
92447,2
92448,1
92449,0
92450,5
92451,1
92452,4
92453,5
92454,2
92455,1
92456,2
92457,0
92458,6
92459,0
92460,2
92461,6
92462,2
92463,0
92464,0
92465,2
92466,3
92467,4
92468,0
92469,2
92470,6
92471,2
92472,2
92473,2
92474,3
92475,0
92476,4
92477,2
92478,6
92479,0
92480,0
92481,0
92482,2
92483,6
92484,3
92485,0
92486,6
92487,0
92488,2
92489,5
92490,4
92491,2
92492,6
92493,6
92494,3
92495,6
92496,0
92497,0
92498,4
92499,3
92500,0
92501,2
92502,0
92503,6
92504,2
92505,2
92506,2
92507,6
92508,0
92509,5
92510,1
92511,2
92512,0
92513,2
92514,2
92515,0
92516,1
92517,2
92518,6
92519,2
92520,2
92521,5
92522,2
92523,3
92524,0
92525,2
92526,0
92527,2
92528,1
92529,6
92530,4
92531,1
92532,6
92533,2
92534,6
92535,4
92536,4
92537,2
92538,0
92539,0
92540,0
92541,2
92542,2
92543,0
92544,3
92545,2
92546,2
92547,2
92548,2
92549,1
92550,0
92551,0
92552,3
92553,6
92554,5
92555,6
92556,6
92557,2
92558,4
92559,0
92560,2
92561,4
92562,2
92563,5
92564,0
92565,0
92566,2
92567,0
92568,1
92569,2
92570,0
92571,0
92572,6
92573,2
92574,2
92575,0
92576,0
92577,4
92578,2
92579,2
92580,0
92581,2
92582,0
92583,2
92584,2
92585,2
92586,2
92587,2
92588,1
92589,2
92590,2
92591,1
92592,2
92593,0
92594,2
92595,2
92596,3
92597,0
92598,3
92599,2
92600,6
92601,2
92602,0
92603,6
92604,0
92605,2
92606,0
92607,2
92608,2
92609,6
92610,5
92611,2
92612,6
92613,1
92614,2
92615,2
92616,1
92617,2
92618,6
92619,2
92620,3
92621,0
92622,2
92623,2
92624,5
92625,0
92626,3
92627,0
92628,0
92629,2
92630,2
92631,0
92632,0
92633,2
92634,3
92635,5
92636,2
92637,0
92638,2
92639,2
92640,0
92641,2
92642,0
92643,1
92644,5
92645,0
92646,6
92647,1
92648,2
92649,2
92650,1
92651,2
92652,1
92653,2
92654,3
92655,6
92656,0
92657,0
92658,2
92659,2
92660,6
92661,0
92662,5
92663,4
92664,4
92665,0
92666,2
92667,2
92668,0
92669,4
92670,4
92671,2
92672,0
92673,0
92674,1
92675,2
92676,2
92677,5
92678,2
92679,2
92680,2
92681,2
92682,0
92683,0
92684,4
92685,2
92686,2
92687,1
92688,6
92689,1
92690,0
92691,5
92692,2
92693,4
92694,4
92695,6
92696,5
92697,2
92698,6
92699,2
92700,2
92701,3
92702,0
92703,6
92704,4
92705,2
92706,0
92707,0
92708,0
92709,1
92710,6
92711,4
92712,2
92713,2
92714,2
92715,2
92716,0
92717,0
92718,0
92719,0
92720,6
92721,5
92722,2
92723,6
92724,6
92725,0
92726,2
92727,0
92728,0
92729,0
92730,0
92731,2
92732,4
92733,4
92734,6
92735,0
92736,6
92737,2
92738,0
92739,0
92740,2
92741,4
92742,6
92743,0
92744,6
92745,2
92746,4
92747,1
92748,2
92749,5
92750,4
92751,5
92752,2
92753,1
92754,6
92755,4
92756,2
92757,1
92758,2
92759,0
92760,1
92761,5
92762,6
92763,0
92764,1
92765,2
92766,5
92767,4
92768,6
92769,2
92770,2
92771,2
92772,2
92773,4
92774,2
92775,2
92776,6
92777,5
92778,5
92779,6
92780,1
92781,2
92782,2
92783,2
92784,4
92785,1
92786,2
92787,2
92788,2
92789,2
92790,3
92791,2
92792,0
92793,0
92794,5
92795,2
92796,6
92797,3
92798,2
92799,0
92800,0
92801,2
92802,1
92803,2
92804,4
92805,2
92806,0
92807,0
92808,2
92809,2
92810,0
92811,0
92812,6
92813,2
92814,0
92815,2
92816,6
92817,5
92818,4
92819,6
92820,4
92821,2
92822,4
92823,0
92824,0
92825,2
92826,2
92827,2
92828,2
92829,0
92830,0
92831,2
92832,2
92833,0
92834,2
92835,1
92836,2
92837,0
92838,6
92839,0
92840,4
92841,6
92842,2
92843,0
92844,2
92845,0
92846,2
92847,2
92848,0
92849,6
92850,5
92851,0
92852,1
92853,1
92854,0
92855,2
92856,5
92857,2
92858,4
92859,4
92860,1
92861,6
92862,6
92863,0
92864,5
92865,2
92866,2
92867,0
92868,0
92869,6
92870,0
92871,0
92872,5
92873,0
92874,6
92875,6
92876,0
92877,2
92878,2
92879,4
92880,2
92881,6
92882,3
92883,2
92884,1
92885,4
92886,2
92887,6
92888,0
92889,2
92890,4
92891,4
92892,2
92893,0
92894,3
92895,2
92896,2
92897,4
92898,0
92899,2
92900,2
92901,1
92902,0
92903,2
92904,2
92905,2
92906,2
92907,5
92908,1
92909,5
92910,3
92911,2
92912,0
92913,0
92914,6
92915,2
92916,6
92917,6
92918,6
92919,0
92920,2
92921,2
92922,2
92923,2
92924,5
92925,2
92926,3
92927,2
92928,2
92929,4
92930,2
92931,2
92932,6
92933,0
92934,2
92935,2
92936,2
92937,2
92938,2
92939,2
92940,2
92941,2
92942,1
92943,6
92944,4
92945,1
92946,2
92947,0
92948,4
92949,4
92950,6
92951,2
92952,2
92953,2
92954,2
92955,6
92956,3
92957,6
92958,2
92959,5
92960,0
92961,0
92962,0
92963,3
92964,0
92965,2
92966,2
92967,2
92968,0
92969,0
92970,2
92971,0
92972,2
92973,1
92974,2
92975,2
92976,4
92977,4
92978,2
92979,6
92980,3
92981,2
92982,6
92983,4
92984,2
92985,1
92986,0
92987,0
92988,0
92989,0
92990,2
92991,5
92992,0
92993,6
92994,2
92995,6
92996,4
92997,0
92998,2
92999,3
93000,2
93001,0
93002,0
93003,6
93004,5
93005,6
93006,1
93007,5
93008,0
93009,2
93010,0
93011,0
93012,0
93013,0
93014,2
93015,6
93016,6
93017,2
93018,0
93019,5
93020,2
93021,2
93022,0
93023,6
93024,2
93025,2
93026,1
93027,0
93028,2
93029,6
93030,2
93031,4
93032,0
93033,2
93034,2
93035,2
93036,2
93037,0
93038,3
93039,2
93040,6
93041,2
93042,6
93043,6
93044,2
93045,4
93046,2
93047,6
93048,2
93049,2
93050,0
93051,2
93052,5
93053,3
93054,2
93055,4
93056,1
93057,2
93058,2
93059,4
93060,1
93061,1
93062,1
93063,1
93064,2
93065,5
93066,2
93067,6
93068,5
93069,1
93070,0
93071,0
93072,2
93073,0
93074,2
93075,4
93076,0
93077,3
93078,2
93079,0
93080,2
93081,2
93082,6
93083,2
93084,0
93085,0
93086,4
93087,1
93088,2
93089,6
93090,2
93091,1
93092,0
93093,1
93094,6
93095,0
93096,1
93097,2
93098,2
93099,2
93100,2
93101,0
93102,4
93103,3
93104,6
93105,1
93106,2
93107,4
93108,4
93109,0
93110,0
93111,0
93112,5
93113,5
93114,2
93115,2
93116,0
93117,0
93118,0
93119,6
93120,4
93121,0
93122,0
93123,0
93124,2
93125,2
93126,0
93127,0
93128,2
93129,5
93130,6
93131,6
93132,6
93133,4
93134,3
93135,6
93136,0
93137,0
93138,3
93139,5
93140,2
93141,0
93142,6
93143,2
93144,2
93145,5
93146,4
93147,2
93148,3
93149,0
93150,6
93151,2
93152,0
93153,6
93154,6
93155,5
93156,0
93157,3
93158,2
93159,2
93160,3
93161,2
93162,2
93163,4
93164,1
93165,1
93166,0
93167,2
93168,6
93169,2
93170,0
93171,2
93172,2
93173,2
93174,4
93175,2
93176,3
93177,2
93178,2
93179,4
93180,4
93181,6
93182,2
93183,0
93184,5
93185,2
93186,4
93187,2
93188,0
93189,2
93190,2
93191,0
93192,0
93193,0
93194,0
93195,0
93196,2
93197,2
93198,2
93199,1
93200,2
93201,0
93202,3
93203,0
93204,4
93205,6
93206,6
93207,0
93208,2
93209,1
93210,6
93211,0
93212,2
93213,6
93214,0
93215,1
93216,6
93217,4
93218,2
93219,0
93220,0
93221,5
93222,6
93223,1
93224,2
93225,2
93226,0
93227,2
93228,3
93229,2
93230,4
93231,0
93232,2
93233,0
93234,2
93235,3
93236,2
93237,2
93238,4
93239,5
93240,2
93241,2
93242,0
93243,2
93244,0
93245,6
93246,1
93247,0
93248,6
93249,2
93250,3
93251,4
93252,0
93253,0
93254,6
93255,2
93256,0
93257,4
93258,6
93259,4
93260,6
93261,0
93262,3
93263,0
93264,6
93265,0
93266,2
93267,2
93268,2
93269,0
93270,6
93271,3
93272,4
93273,5
93274,2
93275,0
93276,2
93277,2
93278,0
93279,2
93280,1
93281,6
93282,2
93283,3
93284,0
93285,2
93286,6
93287,6
93288,6
93289,0
93290,2
93291,0
93292,4
93293,0
93294,6
93295,1
93296,2
93297,0
93298,6
93299,1
93300,2
93301,0
93302,4
93303,2
93304,3
93305,2
93306,0
93307,4
93308,2
93309,2
93310,0
93311,4
93312,0
93313,1
93314,2
93315,2
93316,2
93317,1
93318,2
93319,2
93320,1
93321,0
93322,3
93323,0
93324,2
93325,0
93326,0
93327,0
93328,0
93329,2
93330,0
93331,2
93332,2
93333,6
93334,2
93335,2
93336,4
93337,3
93338,3
93339,4
93340,2
93341,6
93342,0
93343,6
93344,2
93345,4
93346,0
93347,2
93348,6
93349,6
93350,2
93351,2
93352,2
93353,1
93354,1
93355,2
93356,2
93357,2
93358,2
93359,0
93360,2
93361,6
93362,2
93363,3
93364,6
93365,2
93366,1
93367,2
93368,0
93369,0
93370,1
93371,4
93372,2
93373,0
93374,3
93375,0
93376,2
93377,4
93378,6
93379,1
93380,1
93381,1
93382,2
93383,0
93384,6
93385,1
93386,0
93387,0
93388,4
93389,2
93390,2
93391,2
93392,3
93393,6
93394,0
93395,6
93396,4
93397,2
93398,2
93399,2
93400,2
93401,2
93402,0
93403,4
93404,5
93405,0
93406,0
93407,2
93408,6
93409,5
93410,2
93411,0
93412,2
93413,4
93414,4
93415,2
93416,5
93417,0
93418,0
93419,2
93420,0
93421,2
93422,5
93423,0
93424,2
93425,6
93426,4
93427,2
93428,2
93429,0
93430,0
93431,1
93432,0
93433,6
93434,6
93435,4
93436,0
93437,0
93438,2
93439,2
93440,2
93441,5
93442,1
93443,4
93444,0
93445,2
93446,0
93447,0
93448,3
93449,2
93450,1
93451,2
93452,6
93453,2
93454,2
93455,5
93456,4
93457,6
93458,0
93459,6
93460,2
93461,0
93462,4
93463,3
93464,6
93465,0
93466,2
93467,6
93468,2
93469,0
93470,2
93471,2
93472,4
93473,2
93474,0
93475,2
93476,4
93477,0
93478,2
93479,4
93480,0
93481,2
93482,3
93483,6
93484,1
93485,6
93486,2
93487,2
93488,2
93489,6
93490,6
93491,0
93492,6
93493,2
93494,2
93495,0
93496,2
93497,2
93498,2
93499,4
93500,0
93501,0
93502,2
93503,2
93504,0
93505,6
93506,0
93507,4
93508,3
93509,2
93510,2
93511,0
93512,6
93513,5
93514,2
93515,0
93516,2
93517,6
93518,0
93519,0
93520,2
93521,2
93522,2
93523,6
93524,3
93525,2
93526,0
93527,2
93528,2
93529,0
93530,0
93531,2
93532,6
93533,5
93534,4
93535,3
93536,2
93537,2
93538,2
93539,2
93540,2
93541,6
93542,2
93543,6
93544,6
93545,2
93546,2
93547,0
93548,6
93549,2
93550,4
93551,0
93552,2
93553,1
93554,0
93555,3
93556,4
93557,0
93558,0
93559,5
93560,6
93561,4
93562,5
93563,2
93564,2
93565,4
93566,0
93567,4
93568,1
93569,1
93570,0
93571,0
93572,6
93573,2
93574,2
93575,3
93576,2
93577,2
93578,0
93579,3
93580,2
93581,1
93582,4
93583,2
93584,5
93585,4
93586,4
93587,0
93588,2
93589,6
93590,2
93591,3
93592,2
93593,0
93594,0
93595,2
93596,0
93597,2
93598,0
93599,2
93600,2
93601,5
93602,2
93603,2
93604,3
93605,2
93606,2
93607,1
93608,2
93609,0
93610,1
93611,0
93612,2
93613,1
93614,6
93615,2
93616,0
93617,2
93618,5
93619,2
93620,2
93621,5
93622,5
93623,0
93624,6
93625,0
93626,2
93627,0
93628,2
93629,2
93630,0
93631,0
93632,0
93633,5
93634,1
93635,6
93636,2
93637,2
93638,0
93639,0
93640,0
93641,4
93642,2
93643,2
93644,0
93645,2
93646,2
93647,0
93648,2
93649,5
93650,2
93651,2
93652,6
93653,6
93654,2
93655,1
93656,2
93657,0
93658,0
93659,1
93660,0
93661,2
93662,1
93663,0
93664,2
93665,4
93666,2
93667,2
93668,6
93669,2
93670,0
93671,2
93672,2
93673,5
93674,6
93675,0
93676,2
93677,4
93678,0
93679,5
93680,0
93681,5
93682,6
93683,2
93684,3
93685,6
93686,6
93687,5
93688,0
93689,6
93690,2
93691,2
93692,0
93693,0
93694,6
93695,2
93696,0
93697,2
93698,3
93699,1
93700,3
93701,2
93702,5
93703,2
93704,6
93705,1
93706,2
93707,2
93708,6
93709,2
93710,1
93711,1
93712,1
93713,2
93714,0
93715,5
93716,4
93717,0
93718,0
93719,2
93720,4
93721,0
93722,6
93723,0
93724,2
93725,0
93726,5
93727,0
93728,6
93729,5
93730,5
93731,0
93732,5
93733,0
93734,3
93735,2
93736,0
93737,2
93738,2
93739,1
93740,2
93741,2
93742,2
93743,2
93744,4
93745,2
93746,2
93747,3
93748,0
93749,2
93750,2
93751,0
93752,2
93753,0
93754,0
93755,1
93756,2
93757,4
93758,0
93759,6
93760,2
93761,0
93762,1
93763,6
93764,2
93765,1
93766,2
93767,0
93768,1
93769,2
93770,0
93771,3
93772,0
93773,2
93774,1
93775,2
93776,5
93777,6
93778,2
93779,0
93780,4
93781,0
93782,0
93783,2
93784,2
93785,0
93786,0
93787,2
93788,2
93789,2
93790,3
93791,6
93792,5
93793,1
93794,6
93795,2
93796,2
93797,3
93798,0
93799,2
93800,0
93801,4
93802,4
93803,1
93804,2
93805,3
93806,6
93807,3
93808,1
93809,2
93810,6
93811,2
93812,0
93813,2
93814,2
93815,0
93816,5
93817,1
93818,2
93819,4
93820,2
93821,5
93822,2
93823,0
93824,2
93825,2
93826,6
93827,6
93828,1
93829,4
93830,0
93831,2
93832,2
93833,2
93834,4
93835,5
93836,0
93837,6
93838,3
93839,1
93840,3
93841,2
93842,4
93843,2
93844,0
93845,0
93846,3
93847,2
93848,2
93849,0
93850,2
93851,6
93852,0
93853,0
93854,0
93855,0
93856,0
93857,2
93858,2
93859,0
93860,5
93861,3
93862,0
93863,2
93864,2
93865,4
93866,5
93867,4
93868,5
93869,4
93870,0
93871,2
93872,2
93873,4
93874,2
93875,6
93876,0
93877,2
93878,2
93879,4
93880,6
93881,2
93882,2
93883,0
93884,3
93885,0
93886,3
93887,2
93888,5
93889,2
93890,2
93891,2
93892,6
93893,0
93894,2
93895,4
93896,4
93897,1
93898,2
93899,2
93900,3
93901,3
93902,0
93903,2
93904,4
93905,2
93906,6
93907,2
93908,5
93909,6
93910,0
93911,0
93912,1
93913,2
93914,1
93915,6
93916,2
93917,6
93918,6
93919,2
93920,0
93921,0
93922,2
93923,0
93924,6
93925,2
93926,2
93927,6
93928,0
93929,0
93930,2
93931,4
93932,6
93933,2
93934,4
93935,6
93936,5
93937,2
93938,4
93939,4
93940,2
93941,4
93942,0
93943,2
93944,1
93945,4
93946,0
93947,6
93948,2
93949,2
93950,2
93951,2
93952,2
93953,2
93954,1
93955,0
93956,2
93957,2
93958,2
93959,2
93960,3
93961,1
93962,6
93963,5
93964,3
93965,1
93966,0
93967,2
93968,2
93969,5
93970,1
93971,2
93972,3
93973,6
93974,2
93975,2
93976,0
93977,0
93978,4
93979,0
93980,2
93981,0
93982,0
93983,2
93984,4
93985,0
93986,2
93987,6
93988,5
93989,4
93990,6
93991,0
93992,2
93993,2
93994,3
93995,2
93996,2
93997,6
93998,5
93999,2
94000,2
94001,3
94002,6
94003,2
94004,0
94005,6
94006,2
94007,2
94008,6
94009,2
94010,0
94011,0
94012,0
94013,2
94014,2
94015,6
94016,0
94017,2
94018,2
94019,2
94020,2
94021,2
94022,0
94023,2
94024,2
94025,4
94026,0
94027,4
94028,4
94029,2
94030,6
94031,5
94032,2
94033,0
94034,0
94035,2
94036,0
94037,3
94038,5
94039,0
94040,4
94041,5
94042,2
94043,2
94044,1
94045,3
94046,0
94047,3
94048,2
94049,0
94050,0
94051,3
94052,4
94053,2
94054,2
94055,5
94056,6
94057,4
94058,6
94059,6
94060,2
94061,0
94062,0
94063,0
94064,0
94065,2
94066,0
94067,1
94068,0
94069,2
94070,0
94071,3
94072,6
94073,2
94074,2
94075,2
94076,4
94077,0
94078,2
94079,2
94080,0
94081,2
94082,5
94083,0
94084,4
94085,6
94086,0
94087,3
94088,0
94089,2
94090,0
94091,2
94092,5
94093,2
94094,2
94095,1
94096,4
94097,4
94098,0
94099,0
94100,3
94101,6
94102,2
94103,5
94104,6
94105,1
94106,2
94107,5
94108,0
94109,0
94110,1
94111,0
94112,6
94113,2
94114,2
94115,2
94116,0
94117,0
94118,0
94119,1
94120,2
94121,5
94122,2
94123,2
94124,1
94125,3
94126,0
94127,2
94128,2
94129,4
94130,0
94131,2
94132,2
94133,0
94134,0
94135,2
94136,6
94137,2
94138,4
94139,2
94140,3
94141,2
94142,6
94143,2
94144,4
94145,2
94146,1
94147,2
94148,6
94149,1
94150,0
94151,2
94152,2
94153,4
94154,2
94155,0
94156,2
94157,4
94158,6
94159,2
94160,0
94161,4
94162,2
94163,2
94164,2
94165,0
94166,4
94167,2
94168,5
94169,1
94170,0
94171,0
94172,0
94173,3
94174,2
94175,2
94176,6
94177,0
94178,6
94179,6
94180,0
94181,2
94182,6
94183,0
94184,2
94185,4
94186,3
94187,5
94188,6
94189,2
94190,1
94191,2
94192,0
94193,2
94194,0
94195,3
94196,2
94197,0
94198,2
94199,3
94200,0
94201,0
94202,0
94203,0
94204,4
94205,0
94206,4
94207,1
94208,6
94209,2
94210,0
94211,6
94212,0
94213,0
94214,2
94215,2
94216,6
94217,2
94218,2
94219,2
94220,1
94221,2
94222,1
94223,2
94224,1
94225,0
94226,0
94227,0
94228,2
94229,4
94230,3
94231,2
94232,3
94233,4
94234,6
94235,2
94236,0
94237,2
94238,0
94239,6
94240,4
94241,1
94242,2
94243,3
94244,5
94245,4
94246,4
94247,0
94248,2
94249,1
94250,6
94251,1
94252,2
94253,1
94254,2
94255,2
94256,2
94257,0
94258,2
94259,1
94260,1
94261,6
94262,4
94263,4
94264,0
94265,6
94266,2
94267,1
94268,2
94269,0
94270,1
94271,2
94272,1
94273,2
94274,0
94275,0
94276,6
94277,2
94278,2
94279,2
94280,6
94281,3
94282,2
94283,2
94284,0
94285,2
94286,2
94287,2
94288,2
94289,0
94290,6
94291,2
94292,2
94293,0
94294,2
94295,0
94296,6
94297,5
94298,2
94299,5
94300,2
94301,0
94302,5
94303,3
94304,0
94305,2
94306,3
94307,4
94308,2
94309,0
94310,2
94311,2
94312,2
94313,6
94314,4
94315,2
94316,2
94317,2
94318,6
94319,4
94320,2
94321,2
94322,0
94323,2
94324,0
94325,2
94326,2
94327,3
94328,2
94329,2
94330,4
94331,0
94332,2
94333,2
94334,0
94335,6
94336,5
94337,1
94338,4
94339,4
94340,2
94341,2
94342,2
94343,2
94344,0
94345,4
94346,2
94347,2
94348,2
94349,2
94350,0
94351,0
94352,0
94353,2
94354,0
94355,4
94356,2
94357,0
94358,6
94359,6
94360,0
94361,2
94362,4
94363,6
94364,6
94365,0
94366,2
94367,2
94368,0
94369,3
94370,5
94371,2
94372,0
94373,2
94374,2
94375,4
94376,2
94377,2
94378,1
94379,4
94380,2
94381,3
94382,0
94383,0
94384,2
94385,0
94386,1
94387,2
94388,3
94389,0
94390,5
94391,4
94392,3
94393,0
94394,0
94395,2
94396,0
94397,3
94398,2
94399,2
94400,6
94401,6
94402,2
94403,1
94404,6
94405,2
94406,0
94407,2
94408,2
94409,2
94410,2
94411,4
94412,3
94413,6
94414,2
94415,2
94416,3
94417,0
94418,4
94419,1
94420,2
94421,0
94422,1
94423,2
94424,6
94425,4
94426,6
94427,1
94428,2
94429,2
94430,0
94431,2
94432,4
94433,2
94434,2
94435,3
94436,2
94437,1
94438,0
94439,6
94440,0
94441,3
94442,1
94443,6
94444,0
94445,0
94446,0
94447,2
94448,6
94449,2
94450,0
94451,5
94452,2
94453,4
94454,2
94455,2
94456,2
94457,0
94458,4
94459,2
94460,5
94461,4
94462,4
94463,4
94464,1
94465,6
94466,6
94467,0
94468,2
94469,6
94470,0
94471,0
94472,3
94473,0
94474,2
94475,0
94476,4
94477,6
94478,6
94479,2
94480,0
94481,1
94482,5
94483,1
94484,2
94485,0
94486,2
94487,6
94488,2
94489,6
94490,0
94491,5
94492,6
94493,0
94494,2
94495,0
94496,4
94497,1
94498,2
94499,2
94500,0
94501,1
94502,2
94503,0
94504,2
94505,1
94506,0
94507,0
94508,6
94509,0
94510,1
94511,2
94512,0
94513,2
94514,2
94515,0
94516,5
94517,2
94518,0
94519,3
94520,0
94521,2
94522,0
94523,2
94524,5
94525,0
94526,5
94527,2
94528,0
94529,3
94530,2
94531,0
94532,0
94533,2
94534,6
94535,2
94536,5
94537,2
94538,0
94539,4
94540,6
94541,1
94542,2
94543,0
94544,2
94545,5
94546,6
94547,2
94548,3
94549,0
94550,5
94551,2
94552,0
94553,6
94554,0
94555,0
94556,4
94557,0
94558,3
94559,2
94560,2
94561,0
94562,6
94563,6
94564,3
94565,2
94566,2
94567,6
94568,2
94569,2
94570,2
94571,2
94572,2
94573,2
94574,2
94575,6
94576,0
94577,2
94578,4
94579,6
94580,2
94581,3
94582,0
94583,6
94584,0
94585,0
94586,2
94587,0
94588,3
94589,2
94590,0
94591,5
94592,0
94593,2
94594,6
94595,2
94596,4
94597,2
94598,0
94599,2
94600,2
94601,6
94602,0
94603,2
94604,6
94605,0
94606,2
94607,6
94608,4
94609,2
94610,3
94611,2
94612,1
94613,5
94614,1
94615,0
94616,4
94617,2
94618,2
94619,0
94620,0
94621,6
94622,5
94623,0
94624,2
94625,0
94626,1
94627,6
94628,2
94629,2
94630,2
94631,2
94632,0
94633,2
94634,2
94635,0
94636,1
94637,0
94638,6
94639,6
94640,5
94641,2
94642,2
94643,2
94644,0
94645,6
94646,2
94647,0
94648,0
94649,2
94650,2
94651,4
94652,4
94653,0
94654,6
94655,4
94656,4
94657,2
94658,2
94659,2
94660,2
94661,0
94662,1
94663,2
94664,0
94665,2
94666,3
94667,0
94668,0
94669,2
94670,1
94671,0
94672,5
94673,4
94674,0
94675,2
94676,5
94677,4
94678,2
94679,2
94680,0
94681,1
94682,0
94683,2
94684,2
94685,4
94686,6
94687,0
94688,2
94689,4
94690,6
94691,2
94692,3
94693,0
94694,5
94695,6
94696,2
94697,2
94698,2
94699,6
94700,6
94701,2
94702,6
94703,2
94704,0
94705,2
94706,2
94707,4
94708,2
94709,2
94710,1
94711,0
94712,2
94713,0
94714,6
94715,2
94716,6
94717,6
94718,6
94719,1
94720,1
94721,3
94722,1
94723,2
94724,2
94725,2
94726,5
94727,0
94728,2
94729,2
94730,1
94731,0
94732,3
94733,3
94734,0
94735,2
94736,4
94737,5
94738,0
94739,2
94740,0
94741,0
94742,1
94743,0
94744,2
94745,2
94746,0
94747,2
94748,2
94749,2
94750,0
94751,4
94752,4
94753,6
94754,6
94755,2
94756,6
94757,2
94758,2
94759,2
94760,0
94761,6
94762,0
94763,4
94764,0
94765,0
94766,4
94767,2
94768,0
94769,4
94770,0
94771,2
94772,4
94773,2
94774,2
94775,2
94776,6
94777,6
94778,2
94779,3
94780,1
94781,0
94782,2
94783,0
94784,2
94785,2
94786,6
94787,0
94788,2
94789,2
94790,2
94791,1
94792,5
94793,6
94794,2
94795,6
94796,2
94797,2
94798,0
94799,4
94800,2
94801,2
94802,0
94803,1
94804,2
94805,1
94806,2
94807,2
94808,0
94809,1
94810,2
94811,2
94812,0
94813,0
94814,2
94815,2
94816,4
94817,0
94818,6
94819,4
94820,1
94821,2
94822,2
94823,6
94824,2
94825,0
94826,2
94827,4
94828,0
94829,2
94830,6
94831,0
94832,2
94833,4
94834,2
94835,4
94836,4
94837,4
94838,2
94839,2
94840,1
94841,2
94842,2
94843,2
94844,6
94845,6
94846,2
94847,0
94848,6
94849,2
94850,0
94851,2
94852,0
94853,2
94854,0
94855,0
94856,2
94857,6
94858,2
94859,2
94860,3
94861,2
94862,0
94863,2
94864,6
94865,0
94866,2
94867,6
94868,3
94869,2
94870,2
94871,6
94872,2
94873,2
94874,0
94875,6
94876,0
94877,4
94878,0
94879,0
94880,2
94881,6
94882,2
94883,2
94884,2
94885,0
94886,2
94887,0
94888,2
94889,2
94890,2
94891,0
94892,4
94893,0
94894,1
94895,0
94896,3
94897,0
94898,6
94899,4
94900,2
94901,6
94902,2
94903,4
94904,2
94905,0
94906,2
94907,2
94908,6
94909,2
94910,2
94911,2
94912,0
94913,2
94914,2
94915,6
94916,0
94917,0
94918,0
94919,2
94920,2
94921,2
94922,2
94923,1
94924,6
94925,0
94926,0
94927,6
94928,0
94929,2
94930,2
94931,2
94932,4
94933,0
94934,2
94935,0
94936,6
94937,0
94938,2
94939,2
94940,2
94941,2
94942,6
94943,0
94944,4
94945,2
94946,6
94947,2
94948,1
94949,3
94950,2
94951,2
94952,2
94953,0
94954,5
94955,3
94956,0
94957,6
94958,2
94959,0
94960,3
94961,0
94962,0
94963,4
94964,0
94965,0
94966,0
94967,2
94968,4
94969,2
94970,1
94971,2
94972,4
94973,0
94974,1
94975,2
94976,0
94977,2
94978,2
94979,0
94980,2
94981,2
94982,6
94983,2
94984,0
94985,4
94986,6
94987,0
94988,2
94989,0
94990,0
94991,2
94992,0
94993,6
94994,0
94995,0
94996,1
94997,2
94998,0
94999,1
95000,2
95001,0
95002,4
95003,0
95004,0
95005,0
95006,5
95007,0
95008,0
95009,0
95010,2
95011,3
95012,0
95013,6
95014,6
95015,2
95016,2
95017,2
95018,6
95019,2
95020,4
95021,2
95022,2
95023,2
95024,1
95025,0
95026,1
95027,0
95028,2
95029,0
95030,6
95031,2
95032,6
95033,0
95034,0
95035,6
95036,3
95037,0
95038,0
95039,0
95040,2
95041,2
95042,0
95043,2
95044,2
95045,4
95046,2
95047,2
95048,2
95049,6
95050,2
95051,1
95052,5
95053,2
95054,0
95055,3
95056,0
95057,2
95058,6
95059,2
95060,1
95061,0
95062,6
95063,2
95064,1
95065,0
95066,4
95067,3
95068,0
95069,6
95070,0
95071,2
95072,0
95073,6
95074,1
95075,1
95076,0
95077,3
95078,0
95079,6
95080,4
95081,2
95082,1
95083,3
95084,2
95085,0
95086,2
95087,2
95088,2
95089,2
95090,0
95091,0
95092,2
95093,2
95094,2
95095,0
95096,0
95097,0
95098,2
95099,2
95100,4
95101,2
95102,2
95103,1
95104,2
95105,2
95106,2
95107,1
95108,2
95109,0
95110,0
95111,6
95112,2
95113,2
95114,0
95115,0
95116,5
95117,4
95118,0
95119,0
95120,6
95121,0
95122,0
95123,0
95124,0
95125,0
95126,2
95127,2
95128,2
95129,0
95130,4
95131,3
95132,0
95133,0
95134,6
95135,0
95136,2
95137,4
95138,2
95139,6
95140,6
95141,4
95142,2
95143,0
95144,5
95145,4
95146,0
95147,2
95148,2
95149,1
95150,2
95151,0
95152,6
95153,1
95154,2
95155,2
95156,5
95157,0
95158,0
95159,5
95160,2
95161,2
95162,1
95163,2
95164,0
95165,0
95166,6
95167,2
95168,0
95169,6
95170,2
95171,0
95172,3
95173,2
95174,2
95175,2
95176,3
95177,2
95178,2
95179,0
95180,2
95181,1
95182,2
95183,2
95184,0
95185,6
95186,0
95187,2
95188,2
95189,5
95190,0
95191,2
95192,2
95193,0
95194,2
95195,2
95196,4
95197,2
95198,0
95199,0
95200,2
95201,6
95202,2
95203,0
95204,2
95205,2
95206,2
95207,0
95208,0
95209,2
95210,6
95211,2
95212,3
95213,0
95214,4
95215,5
95216,2
95217,2
95218,2
95219,5
95220,4
95221,4
95222,1
95223,1
95224,4
95225,2
95226,0
95227,6
95228,1
95229,2
95230,3
95231,0
95232,1
95233,0
95234,0
95235,0
95236,1
95237,1
95238,6
95239,6
95240,2
95241,2
95242,2
95243,3
95244,3
95245,2
95246,0
95247,2
95248,0
95249,2
95250,2
95251,1
95252,6
95253,2
95254,0
95255,0
95256,2
95257,2
95258,4
95259,1
95260,2
95261,2
95262,4
95263,2
95264,2
95265,2
95266,2
95267,2
95268,5
95269,0
95270,0
95271,4
95272,0
95273,4
95274,0
95275,4
95276,2
95277,6
95278,6
95279,3
95280,6
95281,2
95282,2
95283,6
95284,6
95285,2
95286,2
95287,0
95288,2
95289,1
95290,2
95291,2
95292,2
95293,0
95294,6
95295,2
95296,2
95297,6
95298,0
95299,2
95300,0
95301,2
95302,2
95303,0
95304,0
95305,0
95306,2
95307,0
95308,6
95309,0
95310,2
95311,4
95312,0
95313,6
95314,4
95315,0
95316,0
95317,0
95318,5
95319,2
95320,2
95321,4
95322,2
95323,5
95324,0
95325,6
95326,2
95327,6
95328,0
95329,0
95330,1
95331,0
95332,0
95333,0
95334,0
95335,5
95336,2
95337,4
95338,2
95339,2
95340,1
95341,2
95342,0
95343,0
95344,5
95345,4
95346,3
95347,1
95348,1
95349,2
95350,3
95351,6
95352,1
95353,2
95354,2
95355,0
95356,0
95357,3
95358,6
95359,2
95360,2
95361,0
95362,2
95363,4
95364,2
95365,0
95366,2
95367,2
95368,2
95369,2
95370,1
95371,2
95372,0
95373,4
95374,2
95375,3
95376,5
95377,2
95378,4
95379,2
95380,2
95381,0
95382,2
95383,0
95384,0
95385,4
95386,2
95387,2
95388,2
95389,6
95390,2
95391,6
95392,5
95393,0
95394,2
95395,4
95396,0
95397,4
95398,2
95399,0
95400,0
95401,1
95402,0
95403,0
95404,6
95405,6
95406,4
95407,3
95408,2
95409,2
95410,1
95411,4
95412,0
95413,2
95414,2
95415,2
95416,4
95417,2
95418,2
95419,4
95420,2
95421,1
95422,2
95423,0
95424,2
95425,2
95426,6
95427,0
95428,2
95429,6
95430,4
95431,5
95432,0
95433,2
95434,6
95435,0
95436,5
95437,1
95438,0
95439,2
95440,4
95441,6
95442,0
95443,1
95444,2
95445,6
95446,2
95447,2
95448,2
95449,3
95450,0
95451,2
95452,0
95453,4
95454,6
95455,2
95456,6
95457,2
95458,4
95459,6
95460,6
95461,6
95462,1
95463,2
95464,2
95465,1
95466,0
95467,6
95468,0
95469,2
95470,2
95471,1
95472,0
95473,6
95474,2
95475,0
95476,6
95477,2
95478,0
95479,6
95480,6
95481,0
95482,0
95483,6
95484,3
95485,3
95486,5
95487,0
95488,0
95489,2
95490,0
95491,0
95492,3
95493,0
95494,4
95495,2
95496,2
95497,6
95498,3
95499,0
95500,0
95501,0
95502,2
95503,4
95504,2
95505,0
95506,4
95507,2
95508,0
95509,0
95510,4
95511,4
95512,0
95513,0
95514,0
95515,2
95516,0
95517,2
95518,4
95519,6
95520,2
95521,1
95522,2
95523,2
95524,2
95525,0
95526,2
95527,0
95528,0
95529,2
95530,0
95531,3
95532,0
95533,2
95534,6
95535,2
95536,6
95537,2
95538,2
95539,2
95540,4
95541,2
95542,5
95543,2
95544,3
95545,6
95546,0
95547,5
95548,5
95549,2
95550,6
95551,5
95552,0
95553,2
95554,2
95555,0
95556,2
95557,3
95558,3
95559,1
95560,0
95561,4
95562,5
95563,4
95564,0
95565,3
95566,0
95567,2
95568,2
95569,0
95570,4
95571,1
95572,2
95573,0
95574,4
95575,6
95576,2
95577,0
95578,3
95579,6
95580,2
95581,2
95582,1
95583,0
95584,0
95585,0
95586,2
95587,5
95588,4
95589,1
95590,0
95591,0
95592,0
95593,6
95594,2
95595,2
95596,0
95597,5
95598,2
95599,2
95600,2
95601,0
95602,0
95603,6
95604,2
95605,4
95606,0
95607,0
95608,2
95609,2
95610,6
95611,0
95612,0
95613,2
95614,0
95615,2
95616,2
95617,4
95618,2
95619,0
95620,0
95621,2
95622,2
95623,2
95624,2
95625,5
95626,2
95627,0
95628,2
95629,2
95630,0
95631,6
95632,2
95633,5
95634,1
95635,2
95636,6
95637,2
95638,2
95639,2
95640,0
95641,2
95642,2
95643,1
95644,6
95645,5
95646,1
95647,2
95648,3
95649,4
95650,6
95651,5
95652,3
95653,0
95654,0
95655,2
95656,2
95657,1
95658,0
95659,0
95660,2
95661,2
95662,0
95663,2
95664,4
95665,2
95666,2
95667,0
95668,2
95669,0
95670,0
95671,1
95672,4
95673,4
95674,6
95675,0
95676,2
95677,2
95678,0
95679,6
95680,0
95681,0
95682,0
95683,6
95684,2
95685,1
95686,0
95687,0
95688,0
95689,1
95690,2
95691,3
95692,5
95693,2
95694,1
95695,0
95696,0
95697,2
95698,2
95699,2
95700,2
95701,6
95702,0
95703,0
95704,2
95705,4
95706,1
95707,6
95708,6
95709,0
95710,2
95711,0
95712,4
95713,6
95714,2
95715,0
95716,2
95717,0
95718,2
95719,2
95720,0
95721,6
95722,6
95723,0
95724,0
95725,2
95726,2
95727,1
95728,0
95729,1
95730,2
95731,0
95732,1
95733,6
95734,0
95735,2
95736,1
95737,2
95738,0
95739,0
95740,1
95741,2
95742,6
95743,2
95744,1
95745,2
95746,4
95747,4
95748,0
95749,2
95750,3
95751,6
95752,6
95753,5
95754,0
95755,0
95756,2
95757,0
95758,4
95759,2
95760,2
95761,6
95762,2
95763,2
95764,2
95765,4
95766,0
95767,1
95768,6
95769,2
95770,2
95771,2
95772,6
95773,6
95774,0
95775,6
95776,2
95777,0
95778,2
95779,1
95780,0
95781,5
95782,4
95783,0
95784,2
95785,3
95786,6
95787,1
95788,5
95789,0
95790,0
95791,1
95792,2
95793,6
95794,2
95795,6
95796,4
95797,6
95798,6
95799,2
95800,0
95801,0
95802,1
95803,1
95804,0
95805,6
95806,2
95807,6
95808,2
95809,2
95810,0
95811,1
95812,1
95813,0
95814,2
95815,0
95816,2
95817,4
95818,2
95819,0
95820,0
95821,0
95822,0
95823,0
95824,4
95825,4
95826,0
95827,4
95828,0
95829,0
95830,6
95831,0
95832,2
95833,2
95834,4
95835,3
95836,2
95837,2
95838,4
95839,2
95840,6
95841,2
95842,2
95843,2
95844,2
95845,3
95846,2
95847,6
95848,2
95849,2
95850,6
95851,0
95852,6
95853,0
95854,2
95855,2
95856,2
95857,6
95858,0
95859,5
95860,2
95861,2
95862,2
95863,4
95864,0
95865,6
95866,2
95867,2
95868,0
95869,6
95870,3
95871,0
95872,2
95873,2
95874,2
95875,5
95876,6
95877,2
95878,2
95879,0
95880,6
95881,6
95882,0
95883,2
95884,0
95885,2
95886,4
95887,3
95888,2
95889,1
95890,0
95891,6
95892,2
95893,6
95894,6
95895,1
95896,1
95897,2
95898,0
95899,2
95900,2
95901,0
95902,6
95903,2
95904,0
95905,0
95906,0
95907,0
95908,3
95909,4
95910,0
95911,6
95912,6
95913,2
95914,2
95915,2
95916,2
95917,2
95918,4
95919,2
95920,2
95921,2
95922,4
95923,4
95924,5
95925,4
95926,0
95927,6
95928,2
95929,3
95930,0
95931,0
95932,4
95933,2
95934,0
95935,4
95936,2
95937,4
95938,0
95939,6
95940,2
95941,2
95942,2
95943,4
95944,4
95945,0
95946,2
95947,6
95948,5
95949,6
95950,2
95951,6
95952,1
95953,2
95954,2
95955,2
95956,2
95957,2
95958,0
95959,2
95960,3
95961,0
95962,2
95963,0
95964,6
95965,4
95966,1
95967,6
95968,2
95969,0
95970,1
95971,2
95972,1
95973,2
95974,0
95975,0
95976,1
95977,6
95978,0
95979,2
95980,0
95981,0
95982,2
95983,0
95984,3
95985,0
95986,6
95987,4
95988,2
95989,2
95990,1
95991,0
95992,2
95993,0
95994,5
95995,4
95996,2
95997,0
95998,0
95999,6
96000,2
96001,2
96002,6
96003,2
96004,0
96005,1
96006,2
96007,6
96008,2
96009,2
96010,2
96011,4
96012,0
96013,6
96014,2
96015,0
96016,2
96017,6
96018,4
96019,2
96020,0
96021,2
96022,3
96023,0
96024,0
96025,6
96026,4
96027,1
96028,2
96029,6
96030,3
96031,2
96032,0
96033,4
96034,0
96035,0
96036,2
96037,0
96038,4
96039,0
96040,2
96041,2
96042,0
96043,2
96044,2
96045,2
96046,4
96047,2
96048,6
96049,6
96050,3
96051,6
96052,6
96053,2
96054,1
96055,2
96056,2
96057,2
96058,2
96059,1
96060,2
96061,1
96062,6
96063,4
96064,5
96065,0
96066,0
96067,1
96068,1
96069,2
96070,2
96071,2
96072,4
96073,6
96074,6
96075,0
96076,4
96077,6
96078,1
96079,2
96080,0
96081,3
96082,0
96083,2
96084,4
96085,6
96086,3
96087,2
96088,0
96089,0
96090,2
96091,6
96092,0
96093,6
96094,2
96095,0
96096,0
96097,2
96098,2
96099,0
96100,2
96101,6
96102,0
96103,1
96104,0
96105,0
96106,3
96107,1
96108,0
96109,0
96110,0
96111,5
96112,5
96113,0
96114,2
96115,6
96116,6
96117,1
96118,2
96119,2
96120,1
96121,0
96122,2
96123,0
96124,0
96125,5
96126,5
96127,4
96128,2
96129,1
96130,2
96131,6
96132,2
96133,2
96134,4
96135,2
96136,0
96137,1
96138,0
96139,0
96140,0
96141,0
96142,2
96143,2
96144,2
96145,6
96146,2
96147,6
96148,0
96149,2
96150,2
96151,2
96152,2
96153,0
96154,2
96155,2
96156,3
96157,5
96158,0
96159,6
96160,0
96161,0
96162,0
96163,6
96164,3
96165,2
96166,2
96167,1
96168,0
96169,2
96170,2
96171,6
96172,0
96173,2
96174,0
96175,1
96176,2
96177,1
96178,2
96179,2
96180,1
96181,0
96182,6
96183,0
96184,0
96185,2
96186,2
96187,0
96188,2
96189,3
96190,0
96191,6
96192,2
96193,2
96194,3
96195,5
96196,2
96197,0
96198,0
96199,0
96200,2
96201,6
96202,6
96203,6
96204,0
96205,0
96206,0
96207,0
96208,0
96209,2
96210,1
96211,0
96212,3
96213,2
96214,0
96215,5
96216,0
96217,2
96218,0
96219,2
96220,1
96221,2
96222,0
96223,2
96224,0
96225,1
96226,2
96227,6
96228,6
96229,2
96230,0
96231,2
96232,2
96233,6
96234,6
96235,6
96236,2
96237,0
96238,4
96239,0
96240,4
96241,2
96242,2
96243,1
96244,2
96245,2
96246,2
96247,2
96248,0
96249,0
96250,2
96251,0
96252,5
96253,2
96254,4
96255,2
96256,4
96257,2
96258,0
96259,2
96260,2
96261,0
96262,0
96263,2
96264,4
96265,5
96266,2
96267,0
96268,2
96269,6
96270,3
96271,6
96272,5
96273,2
96274,2
96275,2
96276,6
96277,2
96278,2
96279,0
96280,5
96281,0
96282,2
96283,0
96284,0
96285,2
96286,1
96287,0
96288,5
96289,4
96290,0
96291,0
96292,6
96293,2
96294,0
96295,0
96296,1
96297,6
96298,0
96299,2
96300,2
96301,0
96302,3
96303,0
96304,2
96305,2
96306,2
96307,2
96308,2
96309,1
96310,4
96311,0
96312,2
96313,2
96314,5
96315,3
96316,4
96317,2
96318,6
96319,3
96320,0
96321,2
96322,6
96323,3
96324,1
96325,0
96326,4
96327,6
96328,0
96329,2
96330,2
96331,4
96332,0
96333,3
96334,0
96335,6
96336,0
96337,2
96338,6
96339,2
96340,0
96341,0
96342,2
96343,3
96344,2
96345,2
96346,0
96347,6
96348,4
96349,6
96350,1
96351,0
96352,0
96353,1
96354,5
96355,2
96356,1
96357,0
96358,0
96359,0
96360,3
96361,2
96362,5
96363,6
96364,5
96365,1
96366,1
96367,0
96368,6
96369,3
96370,2
96371,2
96372,4
96373,2
96374,6
96375,2
96376,2
96377,0
96378,0
96379,5
96380,0
96381,0
96382,1
96383,2
96384,2
96385,6
96386,2
96387,1
96388,2
96389,0
96390,0
96391,6
96392,2
96393,0
96394,0
96395,2
96396,1
96397,2
96398,1
96399,2
96400,6
96401,4
96402,0
96403,2
96404,5
96405,2
96406,2
96407,1
96408,2
96409,0
96410,4
96411,2
96412,0
96413,4
96414,0
96415,0
96416,2
96417,2
96418,0
96419,2
96420,6
96421,0
96422,0
96423,6
96424,2
96425,2
96426,2
96427,4
96428,2
96429,0
96430,6
96431,2
96432,2
96433,6
96434,2
96435,2
96436,5
96437,0
96438,2
96439,6
96440,1
96441,2
96442,2
96443,2
96444,6
96445,3
96446,0
96447,2
96448,0
96449,4
96450,2
96451,0
96452,0
96453,0
96454,2
96455,2
96456,2
96457,1
96458,0
96459,5
96460,0
96461,2
96462,4
96463,2
96464,2
96465,2
96466,1
96467,0
96468,1
96469,2
96470,2
96471,2
96472,4
96473,2
96474,2
96475,0
96476,2
96477,2
96478,0
96479,2
96480,2
96481,2
96482,4
96483,2
96484,5
96485,1
96486,2
96487,1
96488,2
96489,2
96490,5
96491,1
96492,2
96493,2
96494,2
96495,0
96496,2
96497,3
96498,2
96499,5
96500,6
96501,6
96502,0
96503,3
96504,2
96505,2
96506,2
96507,2
96508,2
96509,2
96510,2
96511,0
96512,6
96513,2
96514,0
96515,1
96516,2
96517,0
96518,0
96519,6
96520,2
96521,3
96522,0
96523,1
96524,2
96525,0
96526,0
96527,3
96528,2
96529,0
96530,1
96531,2
96532,2
96533,6
96534,2
96535,0
96536,4
96537,4
96538,2
96539,2
96540,2
96541,0
96542,6
96543,2
96544,0
96545,2
96546,2
96547,2
96548,6
96549,2
96550,0
96551,0
96552,6
96553,0
96554,4
96555,1
96556,1
96557,0
96558,4
96559,0
96560,2
96561,1
96562,2
96563,4
96564,6
96565,1
96566,2
96567,1
96568,0
96569,6
96570,5
96571,2
96572,6
96573,3
96574,5
96575,3
96576,1
96577,6
96578,2
96579,4
96580,6
96581,2
96582,2
96583,2
96584,2
96585,6
96586,2
96587,2
96588,1
96589,2
96590,4
96591,0
96592,2
96593,6
96594,2
96595,3
96596,2
96597,2
96598,0
96599,2
96600,2
96601,2
96602,6
96603,2
96604,2
96605,2
96606,0
96607,3
96608,2
96609,2
96610,6
96611,2
96612,2
96613,0
96614,2
96615,2
96616,2
96617,4
96618,2
96619,2
96620,0
96621,3
96622,2
96623,6
96624,5
96625,2
96626,0
96627,4
96628,3
96629,0
96630,3
96631,4
96632,0
96633,2
96634,6
96635,0
96636,6
96637,1
96638,2
96639,6
96640,2
96641,2
96642,2
96643,0
96644,4
96645,2
96646,0
96647,6
96648,2
96649,0
96650,2
96651,2
96652,0
96653,0
96654,0
96655,2
96656,0
96657,4
96658,2
96659,2
96660,3
96661,0
96662,6
96663,2
96664,0
96665,6
96666,0
96667,6
96668,0
96669,2
96670,6
96671,4
96672,0
96673,3
96674,4
96675,1
96676,6
96677,0
96678,2
96679,6
96680,6
96681,2
96682,2
96683,2
96684,1
96685,2
96686,0
96687,2
96688,2
96689,0
96690,2
96691,2
96692,0
96693,0
96694,2
96695,4
96696,3
96697,2
96698,0
96699,0
96700,2
96701,2
96702,0
96703,2
96704,2
96705,0
96706,6
96707,6
96708,4
96709,0
96710,6
96711,2
96712,0
96713,2
96714,0
96715,4
96716,0
96717,2
96718,2
96719,6
96720,4
96721,2
96722,0
96723,6
96724,5
96725,4
96726,2
96727,6
96728,4
96729,6
96730,1
96731,4
96732,4
96733,2
96734,6
96735,2
96736,6
96737,0
96738,2
96739,1
96740,0
96741,2
96742,2
96743,5
96744,2
96745,4
96746,2
96747,6
96748,2
96749,4
96750,2
96751,0
96752,2
96753,0
96754,2
96755,0
96756,2
96757,2
96758,3
96759,4
96760,2
96761,2
96762,2
96763,2
96764,6
96765,0
96766,1
96767,5
96768,4
96769,2
96770,2
96771,2
96772,0
96773,2
96774,0
96775,3
96776,0
96777,2
96778,5
96779,0
96780,2
96781,4
96782,2
96783,2
96784,6
96785,2
96786,6
96787,0
96788,1
96789,2
96790,1
96791,0
96792,6
96793,2
96794,3
96795,2
96796,0
96797,2
96798,1
96799,2
96800,2
96801,2
96802,2
96803,0
96804,0
96805,2
96806,2
96807,6
96808,0
96809,2
96810,2
96811,2
96812,5
96813,3
96814,0
96815,0
96816,0
96817,6
96818,2
96819,0
96820,2
96821,6
96822,5
96823,2
96824,0
96825,2
96826,2
96827,2
96828,2
96829,2
96830,0
96831,2
96832,2
96833,6
96834,2
96835,0
96836,0
96837,4
96838,0
96839,0
96840,0
96841,1
96842,4
96843,4
96844,0
96845,3
96846,2
96847,6
96848,6
96849,2
96850,1
96851,0
96852,0
96853,6
96854,3
96855,0
96856,6
96857,2
96858,6
96859,2
96860,2
96861,2
96862,2
96863,2
96864,2
96865,0
96866,1
96867,2
96868,2
96869,6
96870,0
96871,6
96872,5
96873,0
96874,0
96875,0
96876,1
96877,2
96878,4
96879,0
96880,2
96881,2
96882,0
96883,2
96884,4
96885,2
96886,0
96887,4
96888,2
96889,2
96890,2
96891,6
96892,2
96893,6
96894,4
96895,0
96896,2
96897,0
96898,0
96899,2
96900,0
96901,5
96902,6
96903,2
96904,4
96905,2
96906,0
96907,4
96908,0
96909,2
96910,2
96911,2
96912,6
96913,2
96914,0
96915,2
96916,1
96917,2
96918,2
96919,0
96920,0
96921,6
96922,2
96923,5
96924,1
96925,6
96926,0
96927,1
96928,1
96929,2
96930,4
96931,2
96932,2
96933,2
96934,2
96935,5
96936,4
96937,0
96938,3
96939,0
96940,2
96941,0
96942,2
96943,0
96944,0
96945,6
96946,0
96947,2
96948,0
96949,6
96950,0
96951,6
96952,0
96953,4
96954,1
96955,2
96956,0
96957,2
96958,5
96959,0
96960,2
96961,3
96962,2
96963,6
96964,0
96965,2
96966,2
96967,0
96968,0
96969,2
96970,3
96971,0
96972,4
96973,2
96974,0
96975,0
96976,5
96977,2
96978,4
96979,0
96980,4
96981,4
96982,2
96983,4
96984,5
96985,0
96986,0
96987,2
96988,6
96989,6
96990,0
96991,0
96992,2
96993,2
96994,6
96995,2
96996,6
96997,4
96998,2
96999,6
97000,0
97001,2
97002,4
97003,0
97004,0
97005,0
97006,0
97007,2
97008,2
97009,0
97010,0
97011,6
97012,2
97013,2
97014,0
97015,4
97016,0
97017,4
97018,5
97019,2
97020,2
97021,0
97022,2
97023,4
97024,3
97025,6
97026,2
97027,5
97028,0
97029,4
97030,5
97031,4
97032,0
97033,4
97034,6
97035,4
97036,0
97037,2
97038,4
97039,0
97040,3
97041,6
97042,5
97043,2
97044,2
97045,4
97046,2
97047,2
97048,0
97049,0
97050,0
97051,2
97052,2
97053,1
97054,2
97055,2
97056,4
97057,5
97058,6
97059,6
97060,2
97061,2
97062,0
97063,0
97064,2
97065,2
97066,0
97067,0
97068,2
97069,1
97070,2
97071,5
97072,3
97073,6
97074,5
97075,2
97076,2
97077,0
97078,2
97079,0
97080,6
97081,4
97082,2
97083,5
97084,3
97085,0
97086,4
97087,2
97088,4
97089,0
97090,1
97091,2
97092,0
97093,4
97094,0
97095,6
97096,6
97097,0
97098,1
97099,2
97100,1
97101,0
97102,2
97103,2
97104,6
97105,0
97106,0
97107,2
97108,2
97109,6
97110,4
97111,6
97112,2
97113,4
97114,3
97115,2
97116,2
97117,2
97118,2
97119,2
97120,0
97121,0
97122,1
97123,2
97124,4
97125,6
97126,0
97127,2
97128,1
97129,0
97130,0
97131,2
97132,1
97133,6
97134,2
97135,6
97136,2
97137,2
97138,2
97139,3
97140,0
97141,6
97142,2
97143,0
97144,2
97145,3
97146,2
97147,2
97148,2
97149,0
97150,1
97151,0
97152,6
97153,6
97154,2
97155,4
97156,4
97157,2
97158,0
97159,0
97160,0
97161,2
97162,4
97163,5
97164,2
97165,2
97166,2
97167,2
97168,2
97169,0
97170,2
97171,1
97172,1
97173,6
97174,2
97175,3
97176,6
97177,2
97178,0
97179,6
97180,2
97181,2
97182,6
97183,0
97184,0
97185,2
97186,4
97187,0
97188,1
97189,0
97190,6
97191,0
97192,2
97193,2
97194,4
97195,2
97196,2
97197,2
97198,3
97199,4
97200,4
97201,6
97202,6
97203,2
97204,1
97205,6
97206,4
97207,2
97208,2
97209,0
97210,2
97211,6
97212,0
97213,6
97214,0
97215,0
97216,0
97217,0
97218,2
97219,3
97220,0
97221,6
97222,6
97223,1
97224,0
97225,0
97226,0
97227,0
97228,2
97229,0
97230,2
97231,2
97232,1
97233,0
97234,5
97235,6
97236,0
97237,0
97238,2
97239,2
97240,2
97241,2
97242,2
97243,2
97244,5
97245,6
97246,5
97247,2
97248,5
97249,0
97250,2
97251,0
97252,6
97253,2
97254,2
97255,2
97256,2
97257,0
97258,1
97259,6
97260,2
97261,2
97262,1
97263,2
97264,4
97265,3
97266,0
97267,2
97268,0
97269,0
97270,2
97271,0
97272,1
97273,1
97274,2
97275,0
97276,2
97277,6
97278,4
97279,6
97280,2
97281,4
97282,4
97283,2
97284,4
97285,2
97286,4
97287,0
97288,2
97289,2
97290,2
97291,0
97292,3
97293,2
97294,2
97295,2
97296,2
97297,6
97298,1
97299,4
97300,0
97301,2
97302,2
97303,0
97304,2
97305,2
97306,3
97307,1
97308,2
97309,1
97310,6
97311,0
97312,6
97313,2
97314,2
97315,3
97316,4
97317,0
97318,2
97319,0
97320,4
97321,2
97322,1
97323,2
97324,0
97325,2
97326,0
97327,5
97328,0
97329,0
97330,2
97331,6
97332,0
97333,1
97334,6
97335,0
97336,0
97337,0
97338,0
97339,2
97340,1
97341,2
97342,4
97343,2
97344,3
97345,5
97346,2
97347,4
97348,1
97349,4
97350,0
97351,2
97352,1
97353,2
97354,6
97355,6
97356,0
97357,4
97358,2
97359,0
97360,6
97361,2
97362,2
97363,0
97364,6
97365,4
97366,6
97367,5
97368,0
97369,2
97370,2
97371,3
97372,5
97373,1
97374,0
97375,6
97376,4
97377,1
97378,0
97379,6
97380,0
97381,6
97382,2
97383,2
97384,4
97385,0
97386,6
97387,6
97388,2
97389,2
97390,2
97391,2
97392,6
97393,2
97394,2
97395,6
97396,2
97397,2
97398,2
97399,2
97400,2
97401,3
97402,0
97403,4
97404,0
97405,1
97406,6
97407,6
97408,2
97409,6
97410,2
97411,6
97412,0
97413,6
97414,0
97415,0
97416,2
97417,2
97418,2
97419,4
97420,0
97421,0
97422,6
97423,2
97424,4
97425,1
97426,5
97427,5
97428,4
97429,2
97430,5
97431,0
97432,0
97433,0
97434,2
97435,2
97436,2
97437,1
97438,4
97439,4
97440,2
97441,0
97442,1
97443,0
97444,2
97445,2
97446,2
97447,2
97448,2
97449,2
97450,2
97451,4
97452,2
97453,2
97454,0
97455,5
97456,6
97457,6
97458,0
97459,0
97460,1
97461,0
97462,0
97463,2
97464,2
97465,2
97466,6
97467,5
97468,6
97469,5
97470,2
97471,6
97472,3
97473,6
97474,1
97475,2
97476,0
97477,4
97478,0
97479,2
97480,2
97481,4
97482,2
97483,0
97484,6
97485,4
97486,6
97487,2
97488,2
97489,4
97490,6
97491,2
97492,0
97493,0
97494,2
97495,0
97496,0
97497,1
97498,6
97499,0
97500,2
97501,1
97502,1
97503,2
97504,0
97505,2
97506,6
97507,0
97508,0
97509,5
97510,1
97511,0
97512,6
97513,2
97514,4
97515,2
97516,0
97517,2
97518,6
97519,3
97520,0
97521,2
97522,6
97523,0
97524,0
97525,3
97526,2
97527,1
97528,2
97529,6
97530,0
97531,5
97532,2
97533,0
97534,2
97535,1
97536,3
97537,2
97538,4
97539,6
97540,0
97541,0
97542,6
97543,0
97544,2
97545,2
97546,4
97547,1
97548,2
97549,2
97550,3
97551,0
97552,2
97553,2
97554,2
97555,2
97556,0
97557,2
97558,5
97559,1
97560,2
97561,4
97562,2
97563,1
97564,0
97565,2
97566,1
97567,2
97568,1
97569,0
97570,1
97571,6
97572,0
97573,2
97574,0
97575,0
97576,4
97577,1
97578,2
97579,2
97580,0
97581,4
97582,4
97583,0
97584,2
97585,2
97586,0
97587,0
97588,0
97589,2
97590,2
97591,2
97592,2
97593,0
97594,2
97595,1
97596,2
97597,5
97598,2
97599,2
97600,1
97601,6
97602,0
97603,2
97604,2
97605,2
97606,2
97607,0
97608,2
97609,2
97610,6
97611,2
97612,6
97613,4
97614,6
97615,2
97616,6
97617,2
97618,0
97619,4
97620,0
97621,4
97622,2
97623,2
97624,2
97625,2
97626,1
97627,2
97628,2
97629,0
97630,0
97631,4
97632,2
97633,0
97634,0
97635,0
97636,2
97637,4
97638,2
97639,2
97640,5
97641,1
97642,3
97643,0
97644,2
97645,2
97646,4
97647,0
97648,0
97649,5
97650,0
97651,2
97652,3
97653,2
97654,0
97655,2
97656,4
97657,2
97658,2
97659,0
97660,1
97661,2
97662,5
97663,0
97664,0
97665,0
97666,0
97667,1
97668,2
97669,2
97670,4
97671,4
97672,6
97673,4
97674,2
97675,6
97676,4
97677,1
97678,2
97679,1
97680,0
97681,0
97682,0
97683,0
97684,0
97685,2
97686,4
97687,2
97688,0
97689,5
97690,2
97691,0
97692,2
97693,2
97694,2
97695,5
97696,2
97697,0
97698,2
97699,0
97700,6
97701,0
97702,0
97703,2
97704,6
97705,2
97706,0
97707,2
97708,0
97709,2
97710,3
97711,0
97712,2
97713,2
97714,2
97715,0
97716,1
97717,2
97718,2
97719,0
97720,5
97721,0
97722,2
97723,1
97724,4
97725,2
97726,0
97727,2
97728,2
97729,2
97730,2
97731,6
97732,6
97733,0
97734,6
97735,0
97736,0
97737,0
97738,1
97739,2
97740,0
97741,4
97742,0
97743,0
97744,4
97745,2
97746,6
97747,0
97748,6
97749,0
97750,0
97751,2
97752,3
97753,0
97754,4
97755,0
97756,2
97757,0
97758,2
97759,1
97760,4
97761,2
97762,2
97763,5
97764,5
97765,2
97766,2
97767,2
97768,0
97769,2
97770,2
97771,4
97772,2
97773,2
97774,2
97775,2
97776,2
97777,6
97778,0
97779,0
97780,1
97781,0
97782,0
97783,0
97784,0
97785,2
97786,1
97787,0
97788,3
97789,2
97790,2
97791,2
97792,3
97793,6
97794,5
97795,0
97796,0
97797,2
97798,4
97799,0
97800,4
97801,2
97802,0
97803,2
97804,0
97805,0
97806,0
97807,2
97808,2
97809,2
97810,1
97811,0
97812,2
97813,4
97814,2
97815,1
97816,5
97817,2
97818,2
97819,6
97820,0
97821,0
97822,4
97823,2
97824,2
97825,6
97826,0
97827,2
97828,2
97829,2
97830,1
97831,2
97832,4
97833,2
97834,6
97835,3
97836,0
97837,0
97838,2
97839,6
97840,6
97841,2
97842,6
97843,0
97844,2
97845,6
97846,6
97847,2
97848,2
97849,0
97850,5
97851,0
97852,0
97853,2
97854,6
97855,2
97856,0
97857,4
97858,0
97859,3
97860,2
97861,3
97862,6
97863,0
97864,1
97865,0
97866,2
97867,6
97868,4
97869,5
97870,6
97871,2
97872,1
97873,2
97874,2
97875,6
97876,1
97877,4
97878,2
97879,2
97880,6
97881,4
97882,0
97883,2
97884,2
97885,2
97886,2
97887,2
97888,2
97889,2
97890,1
97891,2
97892,6
97893,2
97894,0
97895,2
97896,0
97897,6
97898,2
97899,1
97900,2
97901,0
97902,0
97903,0
97904,0
97905,5
97906,6
97907,4
97908,2
97909,2
97910,3
97911,4
97912,2
97913,2
97914,6
97915,6
97916,5
97917,0
97918,2
97919,6
97920,0
97921,3
97922,6
97923,1
97924,0
97925,0
97926,4
97927,2
97928,2
97929,1
97930,0
97931,5
97932,2
97933,0
97934,5
97935,0
97936,4
97937,2
97938,0
97939,2
97940,0
97941,2
97942,3
97943,2
97944,2
97945,0
97946,2
97947,4
97948,0
97949,2
97950,0
97951,0
97952,2
97953,0
97954,2
97955,6
97956,0
97957,2
97958,2
97959,2
97960,6
97961,4
97962,2
97963,2
97964,2
97965,2
97966,0
97967,0
97968,3
97969,5
97970,1
97971,1
97972,0
97973,4
97974,0
97975,6
97976,0
97977,2
97978,2
97979,0
97980,0
97981,0
97982,6
97983,5
97984,6
97985,2
97986,4
97987,0
97988,4
97989,0
97990,0
97991,2
97992,6
97993,1
97994,2
97995,4
97996,1
97997,2
97998,4
97999,2
98000,0
98001,6
98002,2
98003,5
98004,0
98005,0
98006,2
98007,2
98008,0
98009,0
98010,4
98011,4
98012,4
98013,0
98014,2
98015,0
98016,4
98017,0
98018,2
98019,4
98020,4
98021,1
98022,0
98023,0
98024,4
98025,4
98026,4
98027,2
98028,0
98029,2
98030,3
98031,2
98032,2
98033,2
98034,2
98035,2
98036,4
98037,2
98038,1
98039,0
98040,1
98041,2
98042,2
98043,0
98044,0
98045,2
98046,6
98047,2
98048,6
98049,2
98050,0
98051,4
98052,0
98053,1
98054,0
98055,6
98056,2
98057,5
98058,2
98059,3
98060,0
98061,2
98062,0
98063,6
98064,4
98065,4
98066,0
98067,1
98068,2
98069,2
98070,2
98071,3
98072,2
98073,0
98074,0
98075,2
98076,4
98077,2
98078,2
98079,0
98080,6
98081,3
98082,2
98083,4
98084,2
98085,1
98086,1
98087,0
98088,2
98089,6
98090,0
98091,2
98092,0
98093,5
98094,6
98095,0
98096,0
98097,6
98098,4
98099,2
98100,2
98101,0
98102,2
98103,4
98104,2
98105,2
98106,0
98107,1
98108,2
98109,2
98110,2
98111,0
98112,6
98113,0
98114,2
98115,2
98116,5
98117,3
98118,2
98119,2
98120,4
98121,0
98122,1
98123,1
98124,2
98125,2
98126,2
98127,0
98128,6
98129,1
98130,2
98131,2
98132,2
98133,0
98134,0
98135,0
98136,4
98137,1
98138,4
98139,4
98140,0
98141,4
98142,2
98143,0
98144,2
98145,5
98146,3
98147,0
98148,4
98149,3
98150,6
98151,6
98152,2
98153,3
98154,2
98155,2
98156,5
98157,0
98158,2
98159,2
98160,6
98161,2
98162,0
98163,0
98164,0
98165,0
98166,3
98167,2
98168,2
98169,2
98170,2
98171,5
98172,4
98173,6
98174,0
98175,2
98176,2
98177,3
98178,0
98179,2
98180,0
98181,4
98182,2
98183,3
98184,2
98185,6
98186,6
98187,2
98188,0
98189,0
98190,0
98191,3
98192,6
98193,2
98194,2
98195,2
98196,0
98197,3
98198,2
98199,2
98200,2
98201,0
98202,0
98203,2
98204,3
98205,6
98206,0
98207,2
98208,0
98209,3
98210,0
98211,0
98212,0
98213,0
98214,2
98215,1
98216,0
98217,2
98218,0
98219,1
98220,4
98221,0
98222,6
98223,2
98224,6
98225,6
98226,3
98227,2
98228,0
98229,3
98230,5
98231,4
98232,2
98233,2
98234,0
98235,0
98236,3
98237,2
98238,4
98239,2
98240,6
98241,6
98242,2
98243,0
98244,0
98245,0
98246,0
98247,0
98248,4
98249,2
98250,2
98251,0
98252,0
98253,0
98254,2
98255,2
98256,2
98257,0
98258,2
98259,0
98260,2
98261,6
98262,2
98263,2
98264,6
98265,2
98266,0
98267,1
98268,0
98269,0
98270,2
98271,1
98272,0
98273,2
98274,0
98275,4
98276,0
98277,4
98278,6
98279,2
98280,2
98281,2
98282,6
98283,2
98284,6
98285,2
98286,0
98287,1
98288,1
98289,0
98290,1
98291,5
98292,6
98293,2
98294,2
98295,6
98296,2
98297,2
98298,2
98299,1
98300,0
98301,5
98302,2
98303,1
98304,4
98305,0
98306,2
98307,2
98308,2
98309,6
98310,4
98311,0
98312,2
98313,4
98314,2
98315,1
98316,2
98317,6
98318,2
98319,6
98320,0
98321,2
98322,6
98323,4
98324,0
98325,1
98326,2
98327,1
98328,3
98329,0
98330,1
98331,0
98332,6
98333,1
98334,4
98335,2
98336,2
98337,0
98338,0
98339,2
98340,2
98341,5
98342,2
98343,0
98344,5
98345,0
98346,6
98347,3
98348,0
98349,0
98350,0
98351,3
98352,2
98353,6
98354,2
98355,2
98356,2
98357,2
98358,5
98359,0
98360,2
98361,5
98362,4
98363,2
98364,4
98365,2
98366,2
98367,2
98368,0
98369,1
98370,4
98371,0
98372,0
98373,4
98374,5
98375,2
98376,2
98377,0
98378,0
98379,4
98380,4
98381,6
98382,5
98383,2
98384,2
98385,0
98386,1
98387,6
98388,2
98389,2
98390,5
98391,2
98392,0
98393,0
98394,0
98395,2
98396,6
98397,0
98398,6
98399,3
98400,2
98401,6
98402,2
98403,2
98404,2
98405,0
98406,2
98407,4
98408,2
98409,4
98410,2
98411,4
98412,2
98413,2
98414,4
98415,6
98416,4
98417,1
98418,2
98419,0
98420,3
98421,2
98422,2
98423,4
98424,2
98425,2
98426,2
98427,2
98428,6
98429,3
98430,3
98431,2
98432,2
98433,6
98434,2
98435,2
98436,0
98437,2
98438,0
98439,4
98440,1
98441,0
98442,2
98443,6
98444,2
98445,6
98446,0
98447,2
98448,2
98449,1
98450,2
98451,2
98452,6
98453,2
98454,0
98455,2
98456,2
98457,0
98458,2
98459,2
98460,2
98461,0
98462,0
98463,1
98464,6
98465,0
98466,0
98467,0
98468,0
98469,0
98470,0
98471,6
98472,6
98473,0
98474,0
98475,2
98476,2
98477,0
98478,0
98479,6
98480,5
98481,1
98482,0
98483,3
98484,2
98485,2
98486,2
98487,5
98488,0
98489,0
98490,2
98491,4
98492,2
98493,0
98494,4
98495,2
98496,0
98497,2
98498,2
98499,1
98500,2
98501,1
98502,4
98503,0
98504,2
98505,2
98506,6
98507,4
98508,0
98509,0
98510,2
98511,2
98512,5
98513,2
98514,0
98515,2
98516,2
98517,0
98518,5
98519,2
98520,0
98521,2
98522,2
98523,0
98524,2
98525,2
98526,2
98527,2
98528,2
98529,2
98530,6
98531,2
98532,3
98533,2
98534,0
98535,6
98536,6
98537,2
98538,4
98539,0
98540,0
98541,2
98542,6
98543,2
98544,0
98545,0
98546,4
98547,2
98548,1
98549,5
98550,1
98551,6
98552,4
98553,0
98554,2
98555,5
98556,4
98557,2
98558,0
98559,1
98560,0
98561,4
98562,5
98563,0
98564,6
98565,4
98566,0
98567,2
98568,6
98569,2
98570,5
98571,2
98572,3
98573,0
98574,0
98575,3
98576,0
98577,1
98578,6
98579,0
98580,6
98581,2
98582,2
98583,5
98584,2
98585,0
98586,5
98587,2
98588,1
98589,6
98590,6
98591,1
98592,1
98593,4
98594,6
98595,0
98596,5
98597,6
98598,2
98599,2
98600,4
98601,2
98602,0
98603,4
98604,0
98605,0
98606,6
98607,2
98608,2
98609,0
98610,6
98611,2
98612,0
98613,0
98614,6
98615,2
98616,0
98617,2
98618,2
98619,2
98620,6
98621,2
98622,0
98623,4
98624,3
98625,0
98626,1
98627,2
98628,0
98629,1
98630,4
98631,2
98632,2
98633,2
98634,0
98635,1
98636,0
98637,1
98638,1
98639,1
98640,2
98641,2
98642,0
98643,1
98644,6
98645,0
98646,0
98647,2
98648,2
98649,1
98650,0
98651,2
98652,0
98653,0
98654,0
98655,5
98656,3
98657,6
98658,1
98659,0
98660,1
98661,4
98662,2
98663,3
98664,2
98665,2
98666,2
98667,2
98668,0
98669,2
98670,2
98671,5
98672,0
98673,2
98674,2
98675,2
98676,0
98677,2
98678,6
98679,2
98680,4
98681,6
98682,5
98683,2
98684,1
98685,1
98686,6
98687,0
98688,0
98689,0
98690,2
98691,6
98692,2
98693,1
98694,6
98695,2
98696,2
98697,0
98698,0
98699,1
98700,2
98701,0
98702,0
98703,6
98704,0
98705,2
98706,2
98707,2
98708,6
98709,3
98710,6
98711,4
98712,4
98713,0
98714,2
98715,0
98716,4
98717,0
98718,0
98719,6
98720,2
98721,2
98722,2
98723,0
98724,6
98725,4
98726,2
98727,0
98728,2
98729,2
98730,2
98731,0
98732,0
98733,0
98734,1
98735,0
98736,2
98737,2
98738,5
98739,3
98740,2
98741,0
98742,4
98743,2
98744,2
98745,3
98746,5
98747,2
98748,0
98749,5
98750,4
98751,6
98752,0
98753,5
98754,0
98755,0
98756,2
98757,2
98758,4
98759,5
98760,0
98761,2
98762,2
98763,2
98764,6
98765,6
98766,5
98767,0
98768,0
98769,4
98770,0
98771,6
98772,6
98773,0
98774,5
98775,2
98776,6
98777,2
98778,1
98779,2
98780,6
98781,0
98782,2
98783,4
98784,2
98785,2
98786,2
98787,2
98788,2
98789,2
98790,0
98791,6
98792,0
98793,0
98794,2
98795,5
98796,1
98797,0
98798,2
98799,2
98800,0
98801,4
98802,2
98803,2
98804,2
98805,2
98806,2
98807,0
98808,2
98809,2
98810,1
98811,2
98812,6
98813,5
98814,4
98815,2
98816,0
98817,1
98818,0
98819,6
98820,2
98821,3
98822,1
98823,2
98824,0
98825,0
98826,2
98827,0
98828,0
98829,2
98830,3
98831,4
98832,0
98833,5
98834,2
98835,3
98836,4
98837,0
98838,3
98839,0
98840,0
98841,0
98842,6
98843,0
98844,2
98845,6
98846,2
98847,0
98848,2
98849,6
98850,3
98851,1
98852,2
98853,6
98854,2
98855,3
98856,5
98857,4
98858,2
98859,0
98860,5
98861,6
98862,0
98863,0
98864,6
98865,6
98866,0
98867,0
98868,0
98869,0
98870,2
98871,0
98872,0
98873,2
98874,1
98875,4
98876,6
98877,2
98878,0
98879,3
98880,2
98881,6
98882,0
98883,6
98884,2
98885,2
98886,6
98887,3
98888,0
98889,1
98890,3
98891,1
98892,2
98893,2
98894,2
98895,2
98896,0
98897,6
98898,2
98899,1
98900,6
98901,2
98902,0
98903,2
98904,4
98905,0
98906,0
98907,0
98908,0
98909,0
98910,4
98911,2
98912,2
98913,2
98914,2
98915,2
98916,5
98917,2
98918,6
98919,0
98920,0
98921,1
98922,6
98923,5
98924,0
98925,6
98926,0
98927,2
98928,2
98929,0
98930,2
98931,4
98932,2
98933,0
98934,2
98935,2
98936,2
98937,0
98938,0
98939,0
98940,4
98941,6
98942,0
98943,0
98944,0
98945,2
98946,6
98947,0
98948,4
98949,3
98950,2
98951,6
98952,5
98953,3
98954,4
98955,2
98956,0
98957,2
98958,2
98959,4
98960,3
98961,2
98962,2
98963,2
98964,0
98965,2
98966,2
98967,6
98968,1
98969,0
98970,2
98971,2
98972,2
98973,6
98974,2
98975,0
98976,0
98977,2
98978,2
98979,6
98980,1
98981,0
98982,2
98983,3
98984,0
98985,6
98986,6
98987,2
98988,2
98989,2
98990,3
98991,0
98992,4
98993,5
98994,2
98995,2
98996,0
98997,2
98998,2
98999,2
99000,1
99001,0
99002,2
99003,0
99004,6
99005,5
99006,2
99007,0
99008,2
99009,1
99010,0
99011,0
99012,4
99013,6
99014,6
99015,4
99016,3
99017,0
99018,1
99019,6
99020,2
99021,6
99022,1
99023,0
99024,2
99025,2
99026,2
99027,2
99028,6
99029,0
99030,2
99031,0
99032,0
99033,0
99034,2
99035,0
99036,2
99037,6
99038,0
99039,4
99040,3
99041,0
99042,3
99043,6
99044,5
99045,2
99046,6
99047,2
99048,2
99049,1
99050,2
99051,2
99052,5
99053,0
99054,2
99055,2
99056,2
99057,0
99058,0
99059,1
99060,2
99061,1
99062,2
99063,2
99064,2
99065,0
99066,0
99067,2
99068,2
99069,2
99070,0
99071,6
99072,0
99073,0
99074,4
99075,6
99076,0
99077,4
99078,2
99079,3
99080,2
99081,2
99082,0
99083,3
99084,2
99085,2
99086,2
99087,4
99088,0
99089,4
99090,0
99091,4
99092,2
99093,2
99094,2
99095,0
99096,0
99097,0
99098,2
99099,0
99100,2
99101,4
99102,5
99103,2
99104,5
99105,0
99106,6
99107,2
99108,5
99109,0
99110,1
99111,4
99112,2
99113,2
99114,3
99115,5
99116,4
99117,6
99118,2
99119,4
99120,4
99121,2
99122,2
99123,2
99124,0
99125,0
99126,5
99127,4
99128,6
99129,2
99130,1
99131,2
99132,0
99133,1
99134,6
99135,6
99136,5
99137,1
99138,4
99139,0
99140,2
99141,4
99142,1
99143,2
99144,2
99145,6
99146,0
99147,2
99148,6
99149,2
99150,5
99151,1
99152,2
99153,2
99154,4
99155,0
99156,2
99157,2
99158,1
99159,2
99160,6
99161,0
99162,1
99163,0
99164,0
99165,2
99166,3
99167,3
99168,3
99169,0
99170,1
99171,0
99172,2
99173,2
99174,5
99175,2
99176,2
99177,2
99178,2
99179,0
99180,0
99181,3
99182,0
99183,4
99184,2
99185,4
99186,2
99187,2
99188,2
99189,2
99190,0
99191,2
99192,6
99193,2
99194,3
99195,2
99196,6
99197,2
99198,5
99199,2
99200,5
99201,2
99202,2
99203,6
99204,0
99205,2
99206,6
99207,2
99208,0
99209,2
99210,2
99211,2
99212,0
99213,1
99214,2
99215,0
99216,2
99217,2
99218,0
99219,1
99220,1
99221,4
99222,6
99223,2
99224,0
99225,5
99226,0
99227,1
99228,2
99229,5
99230,2
99231,3
99232,2
99233,2
99234,1
99235,0
99236,6
99237,4
99238,4
99239,4
99240,5
99241,0
99242,1
99243,2
99244,6
99245,4
99246,2
99247,0
99248,2
99249,2
99250,0
99251,2
99252,4
99253,0
99254,5
99255,6
99256,2
99257,2
99258,6
99259,5
99260,1
99261,4
99262,2
99263,2
99264,2
99265,2
99266,5
99267,6
99268,2
99269,1
99270,2
99271,2
99272,6
99273,2
99274,2
99275,6
99276,3
99277,6
99278,5
99279,0
99280,6
99281,2
99282,4
99283,2
99284,2
99285,6
99286,0
99287,2
99288,2
99289,2
99290,0
99291,6
99292,1
99293,1
99294,6
99295,5
99296,6
99297,6
99298,0
99299,2
99300,0
99301,2
99302,2
99303,2
99304,4
99305,2
99306,4
99307,3
99308,0
99309,2
99310,2
99311,0
99312,0
99313,0
99314,0
99315,2
99316,0
99317,6
99318,2
99319,2
99320,1
99321,0
99322,2
99323,1
99324,6
99325,6
99326,6
99327,1
99328,6
99329,2
99330,4
99331,6
99332,2
99333,0
99334,2
99335,0
99336,6
99337,0
99338,0
99339,3
99340,4
99341,3
99342,0
99343,3
99344,2
99345,0
99346,2
99347,2
99348,0
99349,0
99350,2
99351,0
99352,3
99353,6
99354,2
99355,2
99356,2
99357,2
99358,2
99359,0
99360,0
99361,2
99362,2
99363,6
99364,2
99365,0
99366,2
99367,5
99368,2
99369,6
99370,0
99371,3
99372,2
99373,2
99374,1
99375,4
99376,5
99377,2
99378,0
99379,0
99380,0
99381,2
99382,2
99383,0
99384,2
99385,2
99386,2
99387,2
99388,2
99389,2
99390,0
99391,1
99392,2
99393,2
99394,2
99395,0
99396,5
99397,4
99398,6
99399,5
99400,0
99401,0
99402,3
99403,2
99404,6
99405,5
99406,6
99407,3
99408,5
99409,4
99410,0
99411,0
99412,3
99413,6
99414,2
99415,0
99416,2
99417,0
99418,6
99419,3
99420,0
99421,6
99422,6
99423,2
99424,0
99425,5
99426,2
99427,0
99428,2
99429,2
99430,4
99431,2
99432,2
99433,2
99434,3
99435,2
99436,6
99437,2
99438,0
99439,2
99440,4
99441,3
99442,2
99443,6
99444,6
99445,2
99446,2
99447,2
99448,0
99449,0
99450,2
99451,0
99452,0
99453,2
99454,3
99455,2
99456,2
99457,6
99458,2
99459,1
99460,3
99461,0
99462,0
99463,0
99464,3
99465,5
99466,2
99467,0
99468,4
99469,6
99470,3
99471,0
99472,2
99473,6
99474,6
99475,0
99476,0
99477,2
99478,1
99479,5
99480,2
99481,6
99482,2
99483,0
99484,2
99485,2
99486,2
99487,5
99488,0
99489,6
99490,1
99491,0
99492,3
99493,5
99494,6
99495,3
99496,2
99497,0
99498,6
99499,1
99500,5
99501,0
99502,2
99503,2
99504,4
99505,0
99506,2
99507,2
99508,3
99509,0
99510,0
99511,6
99512,2
99513,2
99514,6
99515,4
99516,4
99517,0
99518,2
99519,2
99520,0
99521,2
99522,5
99523,6
99524,6
99525,2
99526,2
99527,2
99528,0
99529,2
99530,2
99531,1
99532,4
99533,6
99534,0
99535,0
99536,5
99537,0
99538,1
99539,4
99540,6
99541,0
99542,2
99543,5
99544,4
99545,5
99546,6
99547,4
99548,2
99549,5
99550,0
99551,0
99552,4
99553,4
99554,6
99555,2
99556,2
99557,1
99558,3
99559,2
99560,2
99561,2
99562,4
99563,6
99564,0
99565,4
99566,2
99567,0
99568,2
99569,6
99570,0
99571,6
99572,6
99573,0
99574,3
99575,0
99576,4
99577,2
99578,2
99579,1
99580,2
99581,2
99582,6
99583,2
99584,6
99585,2
99586,2
99587,6
99588,1
99589,2
99590,0
99591,4
99592,0
99593,2
99594,0
99595,2
99596,2
99597,0
99598,6
99599,2
99600,4
99601,0
99602,2
99603,3
99604,6
99605,2
99606,4
99607,4
99608,0
99609,3
99610,2
99611,2
99612,2
99613,0
99614,0
99615,0
99616,4
99617,4
99618,1
99619,2
99620,2
99621,4
99622,6
99623,1
99624,6
99625,0
99626,0
99627,0
99628,2
99629,2
99630,4
99631,2
99632,4
99633,4
99634,2
99635,1
99636,2
99637,0
99638,0
99639,2
99640,4
99641,0
99642,5
99643,0
99644,0
99645,4
99646,0
99647,1
99648,2
99649,0
99650,2
99651,0
99652,1
99653,5
99654,2
99655,4
99656,2
99657,2
99658,2
99659,6
99660,6
99661,0
99662,3
99663,0
99664,2
99665,2
99666,3
99667,0
99668,2
99669,5
99670,3
99671,1
99672,5
99673,6
99674,4
99675,3
99676,1
99677,0
99678,2
99679,4
99680,0
99681,2
99682,0
99683,2
99684,2
99685,2
99686,1
99687,2
99688,2
99689,0
99690,2
99691,0
99692,6
99693,2
99694,2
99695,0
99696,0
99697,5
99698,3
99699,0
99700,6
99701,2
99702,2
99703,6
99704,0
99705,4
99706,2
99707,0
99708,2
99709,2
99710,2
99711,2
99712,0
99713,0
99714,4
99715,0
99716,2
99717,2
99718,6
99719,1
99720,6
99721,2
99722,1
99723,1
99724,1
99725,6
99726,6
99727,2
99728,3
99729,6
99730,4
99731,4
99732,4
99733,1
99734,2
99735,6
99736,2
99737,0
99738,5
99739,5
99740,2
99741,0
99742,2
99743,0
99744,2
99745,0
99746,2
99747,6
99748,2
99749,2
99750,1
99751,1
99752,1
99753,2
99754,2
99755,6
99756,3
99757,4
99758,0
99759,1
99760,2
99761,6
99762,2
99763,2
99764,2
99765,6
99766,2
99767,2
99768,6
99769,3
99770,6
99771,0
99772,2
99773,0
99774,3
99775,2
99776,3
99777,0
99778,0
99779,2
99780,5
99781,2
99782,2
99783,1
99784,0
99785,2
99786,2
99787,2
99788,2
99789,6
99790,6
99791,6
99792,2
99793,6
99794,2
99795,2
99796,6
99797,2
99798,5
99799,0
99800,0
99801,3
99802,2
99803,2
99804,2
99805,0
99806,2
99807,6
99808,6
99809,4
99810,2
99811,6
99812,2
99813,0
99814,6
99815,0
99816,0
99817,2
99818,1
99819,2
99820,4
99821,2
99822,6
99823,2
99824,1
99825,2
99826,2
99827,0
99828,2
99829,0
99830,2
99831,0
99832,0
99833,2
99834,4
99835,2
99836,2
99837,1
99838,0
99839,2
99840,2
99841,2
99842,2
99843,2
99844,2
99845,0
99846,2
99847,2
99848,1
99849,1
99850,6
99851,2
99852,2
99853,0
99854,6
99855,2
99856,2
99857,4
99858,4
99859,4
99860,3
99861,2
99862,2
99863,4
99864,1
99865,5
99866,6
99867,2
99868,6
99869,0
99870,6
99871,1
99872,1
99873,6
99874,0
99875,2
99876,2
99877,2
99878,0
99879,2
99880,0
99881,2
99882,2
99883,2
99884,2
99885,2
99886,0
99887,1
99888,5
99889,2
99890,0
99891,6
99892,5
99893,0
99894,2
99895,2
99896,1
99897,6
99898,2
99899,3
99900,2
99901,5
99902,6
99903,2
99904,2
99905,3
99906,0
99907,3
99908,2
99909,2
99910,2
99911,2
99912,0
99913,0
99914,2
99915,4
99916,0
99917,2
99918,0
99919,4
99920,2
99921,0
99922,2
99923,4
99924,0
99925,0
99926,6
99927,2
99928,0
99929,6
99930,5
99931,2
99932,4
99933,2
99934,0
99935,0
99936,2
99937,2
99938,2
99939,6
99940,0
99941,2
99942,2
99943,2
99944,2
99945,0
99946,2
99947,5
99948,2
99949,2
99950,4
99951,6
99952,0
99953,2
99954,2
99955,2
99956,0
99957,6
99958,0
99959,2
99960,2
99961,4
99962,0
99963,2
99964,6
99965,2
99966,4
99967,6
99968,2
99969,6
99970,0
99971,2
99972,0
99973,2
99974,2
99975,0
99976,0
99977,0
99978,6
99979,2
99980,2
99981,6
99982,6
99983,0
99984,2
99985,0
99986,2
99987,2
99988,2
99989,2
99990,6
99991,2
99992,0
99993,2
99994,2
